frame,landmark,x,y,z,visibility
0,0,0.04259316,1.3785884,-0.12973976,1.0
0,1,0.01658911,1.403672,-0.12463691,1.0
0,2,0.01996323,1.4008312,-0.112769745,1.0
0,3,0.012729444,1.409486,-0.113741726,1.0
0,4,0.012533687,1.3969941,-0.165125,1.0
0,5,0.020006927,1.4077473,-0.1810099,1.0
0,6,0.023828182,1.38638,-0.15529466,1.0
0,7,-0.03622185,1.3762853,-0.05638975,1.0
0,8,-0.05884153,1.287207,-0.1711852,1.0
0,9,0.046183456,1.3720518,-0.09538556,1.0
0,10,0.032903247,1.322227,-0.15341435,1.0
0,11,-0.0024976458,1.2795539,0.062342428,1.0
0,12,-0.065022625,1.2342719,-0.11539056,1.0
0,13,0.08808642,1.4470408,0.08634921,1.0
0,14,-0.08004466,0.9452892,-0.23674528,1.0
0,15,0.19716927,1.6344459,0.0961684,1.0
0,16,-0.15599573,0.76002204,-0.29881603,1.0
0,17,0.21288899,1.6738698,0.09961004,1.0
0,18,-0.16028786,0.7069919,-0.35233137,1.0
0,19,0.18934478,1.7007998,0.07852089,1.0
0,20,-0.14051509,0.7279865,-0.36047715,1.0
0,21,0.20939633,1.6254818,0.07457365,1.0
0,22,-0.1574603,0.74120134,-0.31099248,1.0
0,23,0.015141888,0.73810315,0.09443801,1.0
0,24,-0.015444658,0.75834846,-0.095505536,1.0
0,25,0.07217649,0.3945654,0.060893517,1.0
0,26,-0.004349289,0.44400668,-0.09289363,1.0
0,27,-0.018524077,0.06478971,0.116273955,1.0
0,28,-0.14959699,0.0796181,-0.05161613,1.0
0,29,-0.050656214,0.008912146,0.13185157,1.0
0,30,-0.15701576,0.054519475,-0.09118377,1.0
0,31,-0.013243612,-0.007935464,0.12247289,1.0
0,32,-0.10644223,0.03252095,-0.12929903,1.0
1,0,0.03609918,1.4221066,-0.13195337,1.0
1,1,0.012753135,1.443249,-0.12595098,1.0
1,2,0.014250559,1.4345843,-0.11064854,1.0
1,3,0.0076261144,1.4464626,-0.118120246,1.0
1,4,0.011108828,1.4333398,-0.16735491,1.0
1,5,0.014037949,1.4448385,-0.18299425,1.0
1,6,0.017626733,1.4283259,-0.1506092,1.0
1,7,-0.043572657,1.4093763,-0.055617176,1.0
1,8,-0.06286672,1.3288827,-0.16985749,1.0
1,9,0.04002896,1.4057612,-0.09093382,1.0
1,10,0.03085844,1.3584223,-0.15287858,1.0
1,11,-0.001869025,1.3127049,0.065420076,1.0
1,12,-0.07678378,1.2649341,-0.118006706,1.0
1,13,0.085815035,1.4899774,0.09072476,1.0
1,14,-0.080554,0.96775585,-0.2371496,1.0
1,15,0.19790503,1.6715031,0.106906064,1.0
1,16,-0.15402845,0.77718264,-0.300967,1.0
1,17,0.21104828,1.7117627,0.10905932,1.0
1,18,-0.1578397,0.73233294,-0.35138777,1.0
1,19,0.19079575,1.7336247,0.0918985,1.0
1,20,-0.13917641,0.7562594,-0.35926032,1.0
1,21,0.20607263,1.6629149,0.08601975,1.0
1,22,-0.1502682,0.7656682,-0.31040072,1.0
1,23,0.01666404,0.77798724,0.09260621,1.0
1,24,-0.018821916,0.7982458,-0.09607695,1.0
1,25,0.06870591,0.43202183,0.057473514,1.0
1,26,0.0026918342,0.47748902,-0.10188174,1.0
1,27,-0.024915516,0.09840387,0.114233166,1.0
1,28,-0.14816685,0.1072849,-0.081830025,1.0
1,29,-0.060141925,0.050309777,0.12581728,1.0
1,30,-0.15781944,0.07744205,-0.119279996,1.0
1,31,-0.023747604,0.019981384,0.11772527,1.0
1,32,-0.09892095,0.057708025,-0.17512572,1.0
2,0,0.03344439,1.427036,-0.13563909,1.0
2,1,0.010699994,1.4442596,-0.128607,1.0
2,2,0.010985627,1.4344044,-0.112541005,1.0
2,3,0.0045926077,1.4462973,-0.122585855,1.0
2,4,0.009312313,1.4363683,-0.17095284,1.0
2,5,0.0109763155,1.4443674,-0.18631312,1.0
2,6,0.014587754,1.4329262,-0.15131694,1.0
2,7,-0.04762334,1.4105444,-0.05418006,1.0
2,8,-0.06673152,1.3327323,-0.17038149,1.0
2,9,0.03726477,1.4074262,-0.09024324,1.0
2,10,0.029191392,1.3608868,-0.1553345,1.0
2,11,-0.0007833304,1.312398,0.066682525,1.0
2,12,-0.084234655,1.264563,-0.118536666,1.0
2,13,0.084531724,1.493396,0.091884345,1.0
2,14,-0.08085506,0.96252495,-0.23682281,1.0
2,15,0.19723667,1.6771955,0.10919522,1.0
2,16,-0.15287666,0.76913804,-0.30124706,1.0
2,17,0.21063776,1.7183888,0.110361494,1.0
2,18,-0.1569071,0.7313621,-0.35083166,1.0
2,19,0.19119634,1.7379464,0.0941457,1.0
2,20,-0.13838945,0.75434613,-0.35785133,1.0
2,21,0.20510341,1.66886,0.08959127,1.0
2,22,-0.14786373,0.7619691,-0.3102385,1.0
2,23,0.021404393,0.7819137,0.0925531,1.0
2,24,-0.025112586,0.80092096,-0.09562104,1.0
2,25,0.07128285,0.43303928,0.054503597,1.0
2,26,-0.0022857855,0.4719389,-0.10445234,1.0
2,27,-0.027653206,0.095938265,0.10953773,1.0
2,28,-0.15045759,0.09451425,-0.08914291,1.0
2,29,-0.06435154,0.053182602,0.12014251,1.0
2,30,-0.16073082,0.06043011,-0.12505192,1.0
2,31,-0.027957056,0.01700145,0.109396785,1.0
2,32,-0.099376455,0.049160123,-0.18878178,1.0
3,0,0.03001086,1.4249587,-0.13905571,1.0
3,1,0.0074646515,1.4388707,-0.1312844,1.0
3,2,0.0070553767,1.4296362,-0.1158751,1.0
3,3,0.0006737923,1.4406385,-0.1260422,1.0
3,4,0.004945376,1.4344449,-0.1740739,1.0
3,5,0.007082674,1.4386175,-0.18929672,1.0
3,6,0.010430338,1.4310262,-0.15404339,1.0
3,7,-0.05057709,1.4065086,-0.05302918,1.0
3,8,-0.07122842,1.3297106,-0.17094512,1.0
3,9,0.033676,1.4052544,-0.09134966,1.0
3,10,0.025438432,1.3590856,-0.15790695,1.0
3,11,-0.000555763,1.3071923,0.068653256,1.0
3,12,-0.088161446,1.2603122,-0.11793043,1.0
3,13,0.0843361,1.4889023,0.09526503,1.0
3,14,-0.081439644,0.95626175,-0.23406203,1.0
3,15,0.19513582,1.6752923,0.11204568,1.0
3,16,-0.15240885,0.7602157,-0.29693922,1.0
3,17,0.20946717,1.7173889,0.112903394,1.0
3,18,-0.15658316,0.7269941,-0.34626457,1.0
3,19,0.18959866,1.7361126,0.09640458,1.0
3,20,-0.1378049,0.747914,-0.353962,1.0
3,21,0.20380113,1.6669939,0.0946309,1.0
3,22,-0.14736061,0.7551687,-0.3074205,1.0
3,23,0.024847955,0.7791433,0.09353763,1.0
3,24,-0.029346028,0.79764026,-0.09528372,1.0
3,25,0.0761868,0.42781508,0.054451566,1.0
3,26,-0.008508806,0.46146515,-0.10657082,1.0
3,27,-0.027831318,0.088859975,0.11373679,1.0
3,28,-0.15518165,0.08134812,-0.08943136,1.0
3,29,-0.06458171,0.048966765,0.12569188,1.0
3,30,-0.16517761,0.045179665,-0.12366076,1.0
3,31,-0.029681671,0.010909259,0.11260674,1.0
3,32,-0.10054284,0.03715104,-0.18924083,1.0
4,0,0.027737865,1.4216299,-0.1389582,1.0
4,1,0.005201467,1.4331119,-0.13100575,1.0
4,2,0.0043439213,1.4251833,-0.11670808,1.0
4,3,-0.0021697336,1.435123,-0.1260218,1.0
4,4,0.002057784,1.4321406,-0.17393231,1.0
4,5,0.005355803,1.4332087,-0.18911181,1.0
4,6,0.008203282,1.4281571,-0.15454616,1.0
4,7,-0.052640684,1.4030263,-0.051905017,1.0
4,8,-0.07223647,1.3277912,-0.16973205,1.0
4,9,0.03046332,1.403331,-0.09099311,1.0
4,10,0.0229098,1.3574955,-0.15776107,1.0
4,11,-0.0023667363,1.3038316,0.07373717,1.0
4,12,-0.08689023,1.258598,-0.11515583,1.0
4,13,0.08152887,1.4839375,0.101758875,1.0
4,14,-0.08103844,0.95198804,-0.2272388,1.0
4,15,0.18839142,1.6731617,0.11862477,1.0
4,16,-0.15093336,0.75380313,-0.2864325,1.0
4,17,0.20330235,1.7164423,0.119537435,1.0
4,18,-0.15492634,0.72395915,-0.3353899,1.0
4,19,0.1828193,1.7349658,0.10313953,1.0
4,20,-0.13635863,0.7432046,-0.3432901,1.0
4,21,0.198012,1.6649278,0.10374979,1.0
4,22,-0.14606024,0.749671,-0.29799506,1.0
4,23,0.025062326,0.7780285,0.0948596,1.0
4,24,-0.029718738,0.7966824,-0.09523122,1.0
4,25,0.07792805,0.42562932,0.052404203,1.0
4,26,-0.008540574,0.45537946,-0.1076746,1.0
4,27,-0.028273731,0.084851265,0.11156708,1.0
4,28,-0.15673524,0.079665184,-0.08819734,1.0
4,29,-0.0648112,0.04625094,0.124605395,1.0
4,30,-0.16697626,0.04317659,-0.12133431,1.0
4,31,-0.03181883,0.007776022,0.109620884,1.0
4,32,-0.10133111,0.034181952,-0.18380775,1.0
5,0,0.027416551,1.4146625,-0.13386105,1.0
5,1,0.005326908,1.4256628,-0.12610057,1.0
5,2,0.0041074683,1.419188,-0.11296837,1.0
5,3,-0.002579685,1.4282215,-0.12124787,1.0
5,4,0.0013382738,1.4278271,-0.16848283,1.0
5,5,0.005789824,1.4266267,-0.18358448,1.0
5,6,0.008097701,1.4231944,-0.14997703,1.0
5,7,-0.052772902,1.4006903,-0.047316764,1.0
5,8,-0.07212135,1.3279064,-0.16220716,1.0
5,9,0.0286165,1.3991569,-0.08614508,1.0
5,10,0.021755759,1.3537064,-0.15180545,1.0
5,11,-0.0070843073,1.3023353,0.083758086,1.0
5,12,-0.08577679,1.2602757,-0.10820681,1.0
5,13,0.08085666,1.4799517,0.109495915,1.0
5,14,-0.08114981,0.9507026,-0.22051133,1.0
5,15,0.18448943,1.6735017,0.12430215,1.0
5,16,-0.14931352,0.7486544,-0.2797753,1.0
5,17,0.19931056,1.7175268,0.12532339,1.0
5,18,-0.15282615,0.720905,-0.32866576,1.0
5,19,0.17859803,1.7363007,0.10903277,1.0
5,20,-0.13375294,0.7387702,-0.336348,1.0
5,21,0.19461524,1.665864,0.11187051,1.0
5,22,-0.14437278,0.74461293,-0.29181653,1.0
5,23,0.023920164,0.7793685,0.0963943,1.0
5,24,-0.028445233,0.79928803,-0.095689565,1.0
5,25,0.07101696,0.42452398,0.051984616,1.0
5,26,0.004983918,0.45616332,-0.11038003,1.0
5,27,-0.029569678,0.071774304,0.10901656,1.0
5,28,-0.15000997,0.083307326,-0.09355182,1.0
5,29,-0.065306574,0.032202482,0.12284507,1.0
5,30,-0.16120672,0.047050595,-0.12642276,1.0
5,31,-0.033196095,-0.003917396,0.106384516,1.0
5,32,-0.09243057,0.034660816,-0.1845801,1.0
6,0,0.027879512,1.4146104,-0.13323326,1.0
6,1,0.005859516,1.4247468,-0.12552254,1.0
6,2,0.0042396137,1.4196224,-0.113128945,1.0
6,3,-0.0026109545,1.427916,-0.1206113,1.0
6,4,0.0010469602,1.4292712,-0.16783334,1.0
6,5,0.0062766094,1.4264295,-0.18294093,1.0
6,6,0.008247044,1.423764,-0.1501043,1.0
6,7,-0.052530095,1.4020958,-0.047072314,1.0
6,8,-0.07211596,1.331269,-0.16191308,1.0
6,9,0.027896823,1.4004862,-0.08593946,1.0
6,10,0.021674737,1.355442,-0.15123282,1.0
6,11,-0.011209374,1.3045648,0.08603562,1.0
6,12,-0.08504015,1.2633891,-0.10689461,1.0
6,13,0.07843947,1.4794724,0.110524416,1.0
6,14,-0.08102315,0.9531874,-0.2190105,1.0
6,15,0.17576192,1.6749327,0.12345562,1.0
6,16,-0.14726868,0.7480545,-0.2757767,1.0
6,17,0.18921636,1.7197684,0.12497371,1.0
6,18,-0.15063375,0.72144926,-0.3242128,1.0
6,19,0.16798075,1.7390661,0.108041465,1.0
6,20,-0.1323075,0.73824424,-0.3324419,1.0
6,21,0.18577205,1.6682324,0.112674326,1.0
6,22,-0.14261802,0.74423015,-0.2883071,1.0
6,23,0.023883205,0.7821797,0.09756127,1.0
6,24,-0.028179185,0.80236137,-0.09610048,1.0
6,25,0.071735576,0.4268536,0.05095941,1.0
6,26,0.0051704943,0.4569727,-0.110667504,1.0
6,27,-0.030011294,0.0746457,0.10820725,1.0
6,28,-0.15015677,0.084338546,-0.09208423,1.0
6,29,-0.06584203,0.035774708,0.12304062,1.0
6,30,-0.16155018,0.048083007,-0.124569006,1.0
6,31,-0.035587713,-0.00040340424,0.10540365,1.0
6,32,-0.09250956,0.035270452,-0.18099847,1.0
7,0,0.027938977,1.4130366,-0.13216577,1.0
7,1,0.0062486026,1.4226575,-0.12482352,1.0
7,2,0.004275719,1.4186528,-0.11290601,1.0
7,3,-0.0027613577,1.4264092,-0.11990653,1.0
7,4,0.0009298944,1.4291444,-0.16695224,1.0
7,5,0.0066112257,1.4251614,-0.18213865,1.0
7,6,0.008478222,1.42291,-0.14977106,1.0
7,7,-0.05257589,1.4029088,-0.047185887,1.0
7,8,-0.07180032,1.3344904,-0.16191989,1.0
7,9,0.02665311,1.4004338,-0.085506685,1.0
7,10,0.021441804,1.3558321,-0.15044439,1.0
7,11,-0.017510548,1.3067428,0.086761,1.0
7,12,-0.08481065,1.2675393,-0.10655932,1.0
7,13,0.07284454,1.4786143,0.10986943,1.0
7,14,-0.08111923,0.9570559,-0.21977483,1.0
7,15,0.16541202,1.6759169,0.12312937,1.0
7,16,-0.14468637,0.7495473,-0.2769293,1.0
7,17,0.1774465,1.722131,0.124611996,1.0
7,18,-0.14745785,0.72337514,-0.3254233,1.0
7,19,0.15658912,1.7423382,0.10711275,1.0
7,20,-0.12885244,0.7394147,-0.334203,1.0
7,21,0.1754194,1.6703898,0.1130578,1.0
7,22,-0.1398395,0.74576867,-0.2897614,1.0
7,23,0.02263654,0.7851457,0.09873833,1.0
7,24,-0.026645299,0.8058354,-0.0968089,1.0
7,25,0.07224433,0.4283217,0.051285658,1.0
7,26,0.005418531,0.4591088,-0.110499784,1.0
7,27,-0.031319853,0.077139616,0.108805716,1.0
7,28,-0.14993924,0.08764869,-0.091081426,1.0
7,29,-0.067794874,0.038763642,0.124620155,1.0
7,30,-0.16161102,0.05189246,-0.12340999,1.0
7,31,-0.039752025,0.00069379807,0.107563786,1.0
7,32,-0.092571646,0.035779893,-0.17906113,1.0
8,0,0.028176228,1.4139984,-0.13260567,1.0
8,1,0.0066394624,1.4232568,-0.125494,1.0
8,2,0.0043121097,1.4201405,-0.11378715,1.0
8,3,-0.0028597296,1.4274956,-0.12058174,1.0
8,4,0.00082049775,1.4307272,-0.16769214,1.0
8,5,0.0067373537,1.4258435,-0.1829921,1.0
8,6,0.00872826,1.4238466,-0.15081929,1.0
8,7,-0.053196456,1.404958,-0.04891235,1.0
8,8,-0.071861334,1.3372664,-0.16445425,1.0
8,9,0.026137035,1.4021006,-0.08623211,1.0
8,10,0.021619236,1.3572841,-0.15112843,1.0
8,11,-0.024755266,1.3101176,0.086484045,1.0
8,12,-0.084470674,1.2706003,-0.10776417,1.0
8,13,0.06608451,1.4810154,0.10861723,1.0
8,14,-0.081086695,0.9599163,-0.22142583,1.0
8,15,0.15679654,1.6779461,0.118288316,1.0
8,16,-0.14290974,0.7501724,-0.27776432,1.0
8,17,0.16858584,1.7246537,0.12018557,1.0
8,18,-0.14564028,0.72424453,-0.32612097,1.0
8,19,0.14789012,1.7454879,0.1035062,1.0
8,20,-0.12739095,0.73954344,-0.3353602,1.0
8,21,0.16665155,1.6731553,0.10971467,1.0
8,22,-0.13804422,0.74669266,-0.29065436,1.0
8,23,0.021630913,0.78827584,0.09947592,1.0
8,24,-0.025392445,0.8087635,-0.097305775,1.0
8,25,0.07252914,0.4299314,0.051912136,1.0
8,26,0.0043008155,0.45952997,-0.11082464,1.0
8,27,-0.033552237,0.08242303,0.115364075,1.0
8,28,-0.152843,0.08573818,-0.09065442,1.0
8,29,-0.071077615,0.045106113,0.13273966,1.0
8,30,-0.16550788,0.050086856,-0.12290553,1.0
8,31,-0.046086006,0.0049549937,0.11966296,1.0
8,32,-0.097500086,0.031190813,-0.17738694,1.0
9,0,0.028283687,1.4140785,-0.13170959,1.0
9,1,0.0069753123,1.4232867,-0.1248935,1.0
9,2,0.0043061534,1.4208314,-0.113268755,1.0
9,3,-0.00298201,1.4278798,-0.12006763,1.0
9,4,0.0010058968,1.4313071,-0.16706738,1.0
9,5,0.0070379493,1.4257603,-0.18243614,1.0
9,6,0.00919445,1.4239876,-0.15031923,1.0
9,7,-0.053528097,1.4064822,-0.049033426,1.0
9,8,-0.07139042,1.3389928,-0.16435511,1.0
9,9,0.0258587,1.4028399,-0.08585338,1.0
9,10,0.021834418,1.3575797,-0.15071346,1.0
9,11,-0.028264958,1.3126457,0.0860837,1.0
9,12,-0.083864264,1.2730017,-0.107510895,1.0
9,13,0.060223524,1.4809277,0.106952764,1.0
9,14,-0.08117705,0.9616028,-0.22192414,1.0
9,15,0.14381255,1.6750212,0.11422795,1.0
9,16,-0.14063114,0.75070244,-0.27754986,1.0
9,17,0.15382141,1.7215948,0.11675524,1.0
9,18,-0.14278445,0.7248539,-0.32578278,1.0
9,19,0.13313992,1.7429085,0.10077447,1.0
9,20,-0.12381056,0.740113,-0.334774,1.0
9,21,0.15295726,1.6707406,0.1069072,1.0
9,22,-0.13523465,0.7476722,-0.28998166,1.0
9,23,0.020608682,0.79082435,0.09979589,1.0
9,24,-0.024115082,0.81110716,-0.09751657,1.0
9,25,0.07127007,0.42904118,0.052247636,1.0
9,26,0.0040429845,0.4605308,-0.11155978,1.0
9,27,-0.034079168,0.08506894,0.115372725,1.0
9,28,-0.15325736,0.08490735,-0.09432338,1.0
9,29,-0.071769565,0.048134148,0.13323677,1.0
9,30,-0.16636528,0.049615324,-0.12692244,1.0
9,31,-0.04721097,0.008037984,0.11963398,1.0
9,32,-0.100601524,0.026357293,-0.18007009,1.0
10,0,0.028402148,1.4157073,-0.13235214,1.0
10,1,0.007325039,1.4245423,-0.1259634,1.0
10,2,0.0043578567,1.4225509,-0.11426221,1.0
10,3,-0.0030197036,1.429378,-0.12117007,1.0
10,4,0.0011158744,1.4329698,-0.16813162,1.0
10,5,0.00719935,1.4268734,-0.18365067,1.0
10,6,0.009498248,1.4252656,-0.15137021,1.0
10,7,-0.05453106,1.408005,-0.052954204,1.0
10,8,-0.070930615,1.3403834,-0.16831803,1.0
10,9,0.02550414,1.4045696,-0.08704264,1.0
10,10,0.022027679,1.3589754,-0.15197219,1.0
10,11,-0.03165999,1.3149819,0.08053336,1.0
10,12,-0.08340194,1.2740805,-0.11037187,1.0
10,13,0.053383008,1.481992,0.095497385,1.0
10,14,-0.08123155,0.9615318,-0.22797838,1.0
10,15,0.13577566,1.6735145,0.101303294,1.0
10,16,-0.13714151,0.74890274,-0.28193462,1.0
10,17,0.14622408,1.7194316,0.104929164,1.0
10,18,-0.13831684,0.7223698,-0.33056542,1.0
10,19,0.12602605,1.7408078,0.0884953,1.0
10,20,-0.118272714,0.7378853,-0.33865348,1.0
10,21,0.14503607,1.6694311,0.09465316,1.0
10,22,-0.13089852,0.74639416,-0.2937203,1.0
10,23,0.01965267,0.79307926,0.099841766,1.0
10,24,-0.02293261,0.81284785,-0.09751223,1.0
10,25,0.06864821,0.42966527,0.052842725,1.0
10,26,0.0037380357,0.46064886,-0.111163944,1.0
10,27,-0.03645389,0.087343276,0.115297265,1.0
10,28,-0.1531623,0.08154833,-0.09591867,1.0
10,29,-0.07450064,0.050997138,0.13352382,1.0
10,30,-0.16648644,0.046455204,-0.128777,1.0
10,31,-0.054232042,0.010558307,0.11941752,1.0
10,32,-0.10367685,0.021844089,-0.18138899,1.0
11,0,0.02851461,1.4177065,-0.13633718,1.0
11,1,0.0076134903,1.4262183,-0.13045548,1.0
11,2,0.0043881815,1.4245687,-0.11861119,1.0
11,3,-0.003058091,1.4311657,-0.12566221,1.0
11,4,0.0012058439,1.434953,-0.17264259,1.0
11,5,0.007268177,1.4284085,-0.18833642,1.0
11,6,0.00969724,1.4269361,-0.15577304,1.0
11,7,-0.055018086,1.4097545,-0.058721557,1.0
11,8,-0.070954084,1.3422606,-0.174016,1.0
11,9,0.025210142,1.4065504,-0.09130954,1.0
11,10,0.02218005,1.3607547,-0.15647262,1.0
11,11,-0.032420736,1.3171134,0.074577615,1.0
11,12,-0.08278725,1.2752584,-0.11421705,1.0
11,13,0.052436776,1.484036,0.08967394,1.0
11,14,-0.07948896,0.961404,-0.23084001,1.0
11,15,0.13317053,1.6731887,0.09505011,1.0
11,16,-0.13215277,0.7458999,-0.28225726,1.0
11,17,0.1433637,1.7177457,0.09923615,1.0
11,18,-0.13276978,0.71813726,-0.33044693,1.0
11,19,0.122708246,1.7390331,0.082629435,1.0
11,20,-0.113647096,0.7331008,-0.33877176,1.0
11,21,0.14185895,1.6691282,0.08887481,1.0
11,22,-0.12557656,0.74371004,-0.29379818,1.0
11,23,0.019811366,0.7947023,0.09986519,1.0
11,24,-0.022867084,0.8141123,-0.09753571,1.0
11,25,0.071174085,0.42818525,0.05340574,1.0
11,26,-0.0010257701,0.46063766,-0.11310213,1.0
11,27,-0.03676719,0.09276247,0.118763596,1.0
11,28,-0.15515907,0.07893962,-0.10286905,1.0
11,29,-0.07543582,0.057976782,0.13761804,1.0
11,30,-0.16841705,0.043805778,-0.13607964,1.0
11,31,-0.056181528,0.0128189325,0.12469248,1.0
11,32,-0.10513805,0.019933164,-0.19116162,1.0
12,0,0.027864978,1.4188726,-0.13910116,1.0
12,1,0.0069636246,1.4272804,-0.13382582,1.0
12,2,0.0035242613,1.4257977,-0.12181107,1.0
12,3,-0.0040062964,1.4322953,-0.12902084,1.0
12,4,0.000947593,1.4361593,-0.17560865,1.0
12,5,0.0070437626,1.4292808,-0.19157088,1.0
12,6,0.009481624,1.4279222,-0.1586622,1.0
12,7,-0.056924976,1.4112039,-0.06427781,1.0
12,8,-0.070878044,1.3435354,-0.1779353,1.0
12,9,0.023579633,1.4078,-0.094728425,1.0
12,10,0.02161269,1.3617464,-0.15972412,1.0
12,11,-0.03418666,1.3191044,0.06695955,1.0
12,12,-0.08232807,1.2760217,-0.11739241,1.0
12,13,0.048869547,1.4852538,0.077669635,1.0
12,14,-0.077935696,0.9596134,-0.2360325,1.0
12,15,0.12844767,1.6727102,0.08186095,1.0
12,16,-0.1272697,0.74284816,-0.28769717,1.0
12,17,0.1388551,1.7167745,0.08671596,1.0
12,18,-0.1271464,0.7148222,-0.33636495,1.0
12,19,0.118926466,1.7384984,0.06956046,1.0
12,20,-0.1080109,0.7306028,-0.34444696,1.0
12,21,0.13742614,1.6689298,0.07584278,1.0
12,22,-0.12020113,0.74119,-0.29890728,1.0
12,23,0.01958695,0.7964288,0.09966928,1.0
12,24,-0.022459857,0.8155709,-0.097396135,1.0
12,25,0.068536066,0.42633218,0.05425526,1.0
12,26,-0.0011743811,0.46098524,-0.112562336,1.0
12,27,-0.03664918,0.0925076,0.118611485,1.0
12,28,-0.15505084,0.07682341,-0.101826705,1.0
12,29,-0.07538481,0.05777645,0.13766786,1.0
12,30,-0.16856426,0.041657925,-0.13493703,1.0
12,31,-0.055963136,0.012780666,0.12381412,1.0
12,32,-0.10872897,0.015669584,-0.18943197,1.0
13,0,0.026461922,1.4203799,-0.14139567,1.0
13,1,0.005158272,1.4285405,-0.13628972,1.0
13,2,0.0015302607,1.4271579,-0.12413795,1.0
13,3,-0.006060974,1.4336182,-0.13154916,1.0
13,4,-0.00033379626,1.4375669,-0.17801176,1.0
13,5,0.005883272,1.4304082,-0.19423716,1.0
13,6,0.008256299,1.4291509,-0.16102427,1.0
13,7,-0.06003615,1.4121021,-0.06753753,1.0
13,8,-0.07115484,1.3442718,-0.18121184,1.0
13,9,0.021416662,1.409192,-0.097309895,1.0
13,10,0.02049343,1.3629385,-0.16247465,1.0
13,11,-0.037566077,1.3202248,0.064207196,1.0
13,12,-0.08196404,1.2762523,-0.121003,1.0
13,13,0.04611295,1.4850926,0.07452653,1.0
13,14,-0.0761261,0.9582334,-0.2420635,1.0
13,15,0.1256108,1.6714897,0.07910917,1.0
13,16,-0.12204669,0.7407737,-0.29472125,1.0
13,17,0.13578655,1.7154872,0.084630206,1.0
13,18,-0.12122333,0.7129913,-0.3441922,1.0
13,19,0.11606213,1.7375336,0.06725477,1.0
13,20,-0.1014156,0.7290388,-0.35167354,1.0
13,21,0.13464667,1.668124,0.0732643,1.0
13,22,-0.11434686,0.7395058,-0.30549246,1.0
13,23,0.018527973,0.79775804,0.09961266,1.0
13,24,-0.021311818,0.8167357,-0.09740563,1.0
13,25,0.06686818,0.42364657,0.05598828,1.0
13,26,-0.00095176755,0.4618413,-0.111338094,1.0
13,27,-0.035972826,0.089993834,0.11903117,1.0
13,28,-0.15482368,0.07599789,-0.10148675,1.0
13,29,-0.07441999,0.05506462,0.1379985,1.0
13,30,-0.16853271,0.04072547,-0.1345019,1.0
13,31,-0.05536307,0.010504723,0.1235954,1.0
13,32,-0.10845369,0.015171826,-0.18860257,1.0
14,0,0.025209814,1.4215742,-0.1420623,1.0
14,1,0.003299345,1.4295263,-0.13693611,1.0
14,2,-0.00042339857,1.4282019,-0.12469632,1.0
14,3,-0.0080831265,1.4346542,-0.13234438,1.0
14,4,-0.0016485365,1.4387186,-0.17862464,1.0
14,5,0.0046786075,1.4312973,-0.19506185,1.0
14,6,0.0069658435,1.4301507,-0.1615967,1.0
14,7,-0.06221681,1.4125054,-0.06850726,1.0
14,8,-0.07115216,1.3447996,-0.18218121,1.0
14,9,0.01991508,1.4103456,-0.098085426,1.0
14,10,0.019789351,1.363956,-0.16336095,1.0
14,11,-0.04111874,1.320091,0.06431223,1.0
14,12,-0.0788403,1.2765563,-0.12280923,1.0
14,13,0.043204512,1.4823247,0.07556031,1.0
14,14,-0.073518805,0.9567377,-0.24560468,1.0
14,15,0.12264447,1.6694213,0.080949955,1.0
14,16,-0.1132141,0.73917544,-0.30013934,1.0
14,17,0.1319382,1.7143093,0.08659217,1.0
14,18,-0.11047124,0.7122223,-0.3507289,1.0
14,19,0.11262236,1.7367668,0.06884598,1.0
14,20,-0.09003909,0.72853947,-0.35710153,1.0
14,21,0.13179202,1.6666338,0.0749809,1.0
14,22,-0.104609534,0.7383905,-0.31033453,1.0
14,23,0.017071392,0.7985986,0.100202285,1.0
14,24,-0.019826716,0.81757087,-0.09808414,1.0
14,25,0.06693748,0.42118517,0.058897868,1.0
14,26,-0.00072456244,0.46257132,-0.11143356,1.0
14,27,-0.03649754,0.090896726,0.12872246,1.0
14,28,-0.15454651,0.07674217,-0.10156671,1.0
14,29,-0.075239256,0.056255758,0.1486713,1.0
14,30,-0.16840626,0.041594446,-0.13448271,1.0
14,31,-0.055778854,0.011376083,0.13635758,1.0
14,32,-0.106074564,0.015415311,-0.18827027,1.0
15,0,0.025041554,1.4226034,-0.14203991,1.0
15,1,0.00305234,1.4304338,-0.13678186,1.0
15,2,-0.0007431246,1.4291066,-0.12444582,1.0
15,3,-0.008418603,1.4355714,-0.1322934,1.0
15,4,-0.0017068738,1.4398563,-0.17842793,1.0
15,5,0.00458394,1.4321392,-0.19497868,1.0
15,6,0.006887546,1.431158,-0.1613841,1.0
15,7,-0.06314796,1.4133813,-0.06790888,1.0
15,8,-0.071179174,1.3456516,-0.18176758,1.0
15,9,0.019300986,1.4113028,-0.09795112,1.0
15,10,0.019528331,1.3648179,-0.16329135,1.0
15,11,-0.04490167,1.320806,0.065646835,1.0
15,12,-0.07752601,1.2768748,-0.12262093,1.0
15,13,0.039856367,1.4832693,0.079067655,1.0
15,14,-0.07002852,0.9562815,-0.24516213,1.0
15,15,0.1187682,1.6696881,0.08511918,1.0
15,16,-0.10977334,0.7389841,-0.29957566,1.0
15,17,0.12756191,1.7147012,0.09130892,1.0
15,18,-0.107496254,0.71299905,-0.35036504,1.0
15,19,0.10819843,1.7368375,0.07479617,1.0
15,20,-0.08783119,0.7288808,-0.35635403,1.0
15,21,0.12773104,1.6670033,0.07994881,1.0
15,22,-0.10138926,0.73855764,-0.309358,1.0
15,23,0.01631676,0.79917526,0.10072028,1.0
15,24,-0.019022616,0.8182192,-0.09865962,1.0
15,25,0.06781816,0.41920668,0.059292987,1.0
15,26,-0.0014585068,0.46325874,-0.11124845,1.0
15,27,-0.037511878,0.09156537,0.13119751,1.0
15,28,-0.15444316,0.077525735,-0.10110256,1.0
15,29,-0.07679164,0.057139933,0.15144894,1.0
15,30,-0.16839209,0.042265415,-0.13390057,1.0
15,31,-0.057332907,0.011879027,0.13935605,1.0
15,32,-0.10233795,0.017754316,-0.18782735,1.0
16,0,0.02492896,1.4236867,-0.14132498,1.0
16,1,0.0029554828,1.4314477,-0.13635153,1.0
16,2,-0.00090021454,1.4301189,-0.1239557,1.0
16,3,-0.008587206,1.4366072,-0.1319663,1.0
16,4,-0.0016447647,1.4410646,-0.17769112,1.0
16,5,0.0045993943,1.4330728,-0.19447291,1.0
16,6,0.0069103474,1.4321609,-0.16066694,1.0
16,7,-0.06340601,1.4144042,-0.06759631,1.0
16,8,-0.07050072,1.346656,-0.18146503,1.0
16,9,0.018851034,1.4124212,-0.09763515,1.0
16,10,0.019472633,1.3658433,-0.16271947,1.0
16,11,-0.047375534,1.3217437,0.065843076,1.0
16,12,-0.0741663,1.2775054,-0.12226178,1.0
16,13,0.036464866,1.4834083,0.07974645,1.0
16,14,-0.068888806,0.9555869,-0.24492882,1.0
16,15,0.1156376,1.6676475,0.08579177,1.0
16,16,-0.10499709,0.73988086,-0.29921967,1.0
16,17,0.124228485,1.7124424,0.0919701,1.0
16,18,-0.10126101,0.7147695,-0.34956315,1.0
16,19,0.10552494,1.7332875,0.07535823,1.0
16,20,-0.08003756,0.730754,-0.35602978,1.0
16,21,0.1247896,1.6646116,0.08055006,1.0
16,22,-0.09581517,0.7399698,-0.3090454,1.0
16,23,0.01398439,0.8000893,0.10073484,1.0
16,24,-0.016604075,0.8193353,-0.0986959,1.0
16,25,0.06438331,0.41957003,0.06141877,1.0
16,26,0.00018739325,0.4646156,-0.11010973,1.0
16,27,-0.03749301,0.09063482,0.13315482,1.0
16,28,-0.15285133,0.07929587,-0.095042296,1.0
16,29,-0.076487936,0.056105316,0.15334857,1.0
16,30,-0.16688128,0.044039667,-0.12698714,1.0
16,31,-0.056059077,0.012347579,0.1408915,1.0
16,32,-0.09822523,0.020269394,-0.17847924,1.0
17,0,0.024807895,1.4251976,-0.14249007,1.0
17,1,0.0025552416,1.4329877,-0.13769911,1.0
17,2,-0.0012902177,1.4316967,-0.12522028,1.0
17,3,-0.009030726,1.4381778,-0.1333792,1.0
17,4,-0.0017646578,1.4427645,-0.17915455,1.0
17,5,0.0044555035,1.4344884,-0.1962354,1.0
17,6,0.006752418,1.4335642,-0.16215329,1.0
17,7,-0.064749286,1.4158955,-0.06966006,1.0
17,8,-0.07049533,1.3477943,-0.18400477,1.0
17,9,0.018375976,1.4140058,-0.09879465,1.0
17,10,0.019382082,1.3673626,-0.16420187,1.0
17,11,-0.050549902,1.3232677,0.06583103,1.0
17,12,-0.07272163,1.2775402,-0.12423986,1.0
17,13,0.030625258,1.4850924,0.08015437,1.0
17,14,-0.06607388,0.9554688,-0.24546368,1.0
17,15,0.11184201,1.6689994,0.08584772,1.0
17,16,-0.10001496,0.7405399,-0.29912812,1.0
17,17,0.121020265,1.7138245,0.09207406,1.0
17,18,-0.095387414,0.7159301,-0.34923357,1.0
17,19,0.10331608,1.7343885,0.07554037,1.0
17,20,-0.0753169,0.73199064,-0.35572526,1.0
17,21,0.12151232,1.6660299,0.08066879,1.0
17,22,-0.09078068,0.74121356,-0.30870402,1.0
17,23,0.013383762,0.8014294,0.10102019,1.0
17,24,-0.015902702,0.82076937,-0.09901474,1.0
17,25,0.06445376,0.41857243,0.06149574,1.0
17,26,0.00014402228,0.4651989,-0.10999615,1.0
17,27,-0.03796602,0.09083563,0.1336262,1.0
17,28,-0.15257594,0.07701427,-0.09492418,1.0
17,29,-0.077123284,0.056423843,0.15380423,1.0
17,30,-0.16668735,0.041065454,-0.12699716,1.0
17,31,-0.055794626,0.010776103,0.14179863,1.0
17,32,-0.094212756,0.018327713,-0.17862108,1.0
18,0,0.025807286,1.4271288,-0.14733219,1.0
18,1,0.0033703675,1.4349086,-0.14276661,1.0
18,2,-0.00046650704,1.4335902,-0.1301753,1.0
18,3,-0.00829974,1.4401157,-0.1383733,1.0
18,4,-0.0006605913,1.4448109,-0.184184,1.0
18,5,0.0055875303,1.4361945,-0.20169687,1.0
18,6,0.0077930545,1.4352379,-0.16716118,1.0
18,7,-0.06481424,1.4176285,-0.07476185,1.0
18,8,-0.06955214,1.3486518,-0.18917097,1.0
18,9,0.018692449,1.4159402,-0.10338286,1.0
18,10,0.020109635,1.3690562,-0.16903177,1.0
18,11,-0.052493628,1.3250313,0.06409729,1.0
18,12,-0.06965008,1.277124,-0.12860094,1.0
18,13,0.025635041,1.4870378,0.07787908,1.0
18,14,-0.058901742,0.95579535,-0.2503485,1.0
18,15,0.10868402,1.6711748,0.07976568,1.0
18,16,-0.09551493,0.7409466,-0.30153167,1.0
18,17,0.1182681,1.7160994,0.0862561,1.0
18,18,-0.09188399,0.71666276,-0.35109535,1.0
18,19,0.10148283,1.7367401,0.06985766,1.0
18,20,-0.07298556,0.7320245,-0.3580255,1.0
18,21,0.118678086,1.6683805,0.07465396,1.0
18,22,-0.08682072,0.7417816,-0.3109223,1.0
18,23,0.012274487,0.80330825,0.10117695,1.0
18,24,-0.014718012,0.82281965,-0.09919242,1.0
18,25,0.06472336,0.41973042,0.06171601,1.0
18,26,0.00041869128,0.4671403,-0.10918059,1.0
18,27,-0.037929937,0.092805386,0.135171,1.0
18,28,-0.15168439,0.07948369,-0.09250297,1.0
18,29,-0.07728355,0.058600485,0.15538605,1.0
18,30,-0.16595598,0.043452144,-0.12466588,1.0
18,31,-0.05565075,0.012084246,0.14351933,1.0
18,32,-0.09386171,0.020338237,-0.17615129,1.0
19,0,0.031849567,1.430284,-0.15553634,1.0
19,1,0.009326916,1.4380987,-0.15086499,1.0
19,2,0.005589283,1.4367659,-0.13813944,1.0
19,3,-0.0024458615,1.4433689,-0.14640297,1.0
19,4,0.0056751496,1.4482443,-0.1927477,1.0
19,5,0.011938691,1.4392321,-0.21069793,1.0
19,6,0.014022021,1.4381046,-0.17576538,1.0
19,7,-0.062029734,1.420502,-0.08163858,1.0
19,8,-0.064970024,1.3509743,-0.19876154,1.0
19,9,0.02289863,1.4191644,-0.11094662,1.0
19,10,0.02493823,1.3720331,-0.1775969,1.0
19,11,-0.051833272,1.3282797,0.05962466,1.0
19,12,-0.06734811,1.276161,-0.13504918,1.0
19,13,0.024572989,1.4909105,0.0741143,1.0
19,14,-0.053496357,0.9567475,-0.25472775,1.0
19,15,0.10678919,1.6743963,0.06956562,1.0
19,16,-0.090013824,0.7420388,-0.30248296,1.0
19,17,0.11613446,1.7194034,0.07515213,1.0
19,18,-0.08575445,0.7179167,-0.3513507,1.0
19,19,0.099959135,1.7396955,0.05839215,1.0
19,20,-0.06835381,0.73294127,-0.35890624,1.0
19,21,0.11667402,1.6717615,0.064249314,1.0
19,22,-0.08130747,0.743319,-0.31179467,1.0
19,23,0.012329824,0.80645186,0.10122779,1.0
19,24,-0.014715491,0.825709,-0.09928299,1.0
19,25,0.06976716,0.4192591,0.061692502,1.0
19,26,-0.003550522,0.46866846,-0.10914835,1.0
19,27,-0.03787642,0.09553343,0.14077985,1.0
19,28,-0.1514253,0.07549989,-0.090590455,1.0
19,29,-0.07749432,0.061761737,0.16181916,1.0
19,30,-0.1657165,0.038503528,-0.122874826,1.0
19,31,-0.055458628,0.014682233,0.15013763,1.0
19,32,-0.093210965,0.019812703,-0.17573604,1.0
20,0,0.035880554,1.434273,-0.1602923,1.0
20,1,0.013874881,1.442225,-0.15579787,1.0
20,2,0.010237529,1.4408683,-0.14296363,1.0
20,3,0.0020380132,1.4476125,-0.1512533,1.0
20,4,0.010440249,1.452707,-0.19762988,1.0
20,5,0.01659414,1.443289,-0.21602558,1.0
20,6,0.018547852,1.4418626,-0.1808457,1.0
20,7,-0.060037237,1.4246516,-0.08613199,1.0
20,8,-0.062063,1.355014,-0.2042432,1.0
20,9,0.025290966,1.4233667,-0.11527143,1.0
20,10,0.027538266,1.3759311,-0.18245961,1.0
20,11,-0.05161152,1.3336723,0.056728214,1.0
20,12,-0.06753263,1.2785234,-0.13815752,1.0
20,13,0.022326129,1.4995191,0.07242607,1.0
20,14,-0.052300464,0.9606662,-0.25704268,1.0
20,15,0.10206923,1.6788774,0.06380209,1.0
20,16,-0.08882046,0.7453185,-0.30262637,1.0
20,17,0.110865586,1.723525,0.06892821,1.0
20,18,-0.08403972,0.72164214,-0.35099772,1.0
20,19,0.09510734,1.7434587,0.052048147,1.0
20,20,-0.06752429,0.73629105,-0.35906398,1.0
20,21,0.11181542,1.6759838,0.05853089,1.0
20,22,-0.079988874,0.74694,-0.31180325,1.0
20,23,0.012430591,0.81057465,0.101198964,1.0
20,24,-0.014791244,0.8292626,-0.09935483,1.0
20,25,0.06836756,0.41943184,0.062388487,1.0
20,26,-0.012723098,0.47112575,-0.10631875,1.0
20,27,-0.038103502,0.0927397,0.14442754,1.0
20,28,-0.15384573,0.071391046,-0.07869565,1.0
20,29,-0.07781394,0.058878064,0.16531882,1.0
20,30,-0.16752478,0.033026576,-0.11103964,1.0
20,31,-0.053351264,0.013847113,0.15142803,1.0
20,32,-0.09356916,0.021140695,-0.16888192,1.0
21,0,0.042827636,1.4371197,-0.16416667,1.0
21,1,0.02121992,1.4457119,-0.15991761,1.0
21,2,0.017702421,1.444253,-0.14709315,1.0
21,3,0.009388063,1.4512088,-0.15538725,1.0
21,4,0.018133488,1.4566848,-0.20164156,1.0
21,5,0.024246048,1.4468963,-0.22061954,1.0
21,6,0.025926253,1.4451935,-0.18512918,1.0
21,7,-0.056002613,1.4288757,-0.0902713,1.0
21,8,-0.056688767,1.3595111,-0.20925961,1.0
21,9,0.030030249,1.4268296,-0.11883246,1.0
21,10,0.032504816,1.3790671,-0.18647033,1.0
21,11,-0.05200973,1.3379983,0.055043668,1.0
21,12,-0.06755936,1.2819368,-0.14043763,1.0
21,13,0.017622603,1.5025835,0.070964605,1.0
21,14,-0.051623125,0.9648871,-0.25883907,1.0
21,15,0.09189553,1.6821587,0.059125636,1.0
21,16,-0.0853278,0.74920607,-0.30278257,1.0
21,17,0.09848449,1.7271382,0.06323753,1.0
21,18,-0.07889213,0.72659326,-0.35085353,1.0
21,19,0.08320549,1.7469144,0.04811203,1.0
21,20,-0.06306055,0.7411524,-0.3592397,1.0
21,21,0.101458244,1.6793334,0.054539457,1.0
21,22,-0.0762585,0.75122005,-0.31176078,1.0
21,23,0.012321186,0.8148353,0.10113485,1.0
21,24,-0.014731472,0.83358854,-0.09947774,1.0
21,25,0.061697915,0.41685063,0.063870974,1.0
21,26,-0.022381838,0.47238195,-0.09970477,1.0
21,27,-0.041459396,0.08520079,0.14775461,1.0
21,28,-0.15609096,0.06967276,-0.067194216,1.0
21,29,-0.080450766,0.0511204,0.16832829,1.0
21,30,-0.16888523,0.030512631,-0.10019239,1.0
21,31,-0.050384443,0.013536036,0.15280804,1.0
21,32,-0.091849335,0.025787294,-0.16153301,1.0
22,0,0.04895221,1.4359295,-0.1645626,1.0
22,1,0.027591795,1.4456843,-0.16048683,1.0
22,2,0.024169493,1.4440601,-0.14785506,1.0
22,3,0.015837539,1.4512964,-0.15600032,1.0
22,4,0.02532133,1.4575217,-0.20208171,1.0
22,5,0.031334873,1.4473222,-0.22147167,1.0
22,6,0.03278245,1.4454103,-0.18579873,1.0
22,7,-0.052244127,1.43114,-0.0918836,1.0
22,8,-0.0498433,1.3628681,-0.21066615,1.0
22,9,0.03450276,1.427105,-0.11932578,1.0
22,10,0.03762556,1.3791006,-0.1869449,1.0
22,11,-0.055880927,1.3412242,0.055323172,1.0
22,12,-0.06461349,1.2858735,-0.14096552,1.0
22,13,0.013131062,1.5024934,0.07105084,1.0
22,14,-0.051187735,0.9688711,-0.25948521,1.0
22,15,0.083799526,1.6831611,0.060893998,1.0
22,16,-0.0837911,0.7524444,-0.3027918,1.0
22,17,0.08802755,1.729305,0.065139785,1.0
22,18,-0.077040076,0.7310721,-0.35076398,1.0
22,19,0.07305396,1.7492906,0.05041327,1.0
22,20,-0.061445285,0.74553055,-0.35920036,1.0
22,21,0.09322631,1.6805644,0.056433614,1.0
22,22,-0.07501966,0.7547223,-0.3113729,1.0
22,23,0.008370439,0.81856173,0.1010862,1.0
22,24,-0.010827344,0.8374962,-0.09980075,1.0
22,25,0.025186142,0.4201671,0.06723253,1.0
22,26,-0.021012258,0.47642478,-0.0939758,1.0
22,27,-0.046363913,0.07746971,0.14790824,1.0
22,28,-0.15584944,0.07519525,-0.06374543,1.0
22,29,-0.082377285,0.04237014,0.16786413,1.0
22,30,-0.16869871,0.036064148,-0.097562894,1.0
22,31,-0.040607825,0.013471067,0.15441468,1.0
22,32,-0.0858026,0.03117776,-0.15293361,1.0
23,0,0.05432851,1.4384745,-0.14373133,1.0
23,1,0.032763068,1.4483898,-0.139228,1.0
23,2,0.029363241,1.446638,-0.12688899,1.0
23,3,0.021072604,1.4542131,-0.13508539,1.0
23,4,0.030842096,1.4604506,-0.18110877,1.0
23,5,0.03660568,1.450062,-0.20051573,1.0
23,6,0.037983827,1.4478712,-0.16539958,1.0
23,7,-0.048158176,1.433555,-0.0717502,1.0
23,8,-0.044847924,1.3652649,-0.19100258,1.0
23,9,0.039577026,1.429893,-0.09854158,1.0
23,10,0.042650178,1.3816563,-0.16600867,1.0
23,11,-0.057471108,1.343858,0.07734616,1.0
23,12,-0.059655204,1.2886178,-0.122541174,1.0
23,13,0.009203157,1.5048237,0.098977536,1.0
23,14,-0.04957124,0.972797,-0.23827443,1.0
23,15,0.078504495,1.6843016,0.09056053,1.0
23,16,-0.08272897,0.75834596,-0.28100818,1.0
23,17,0.081899434,1.7299898,0.093631126,1.0
23,18,-0.07617682,0.7400035,-0.32786092,1.0
23,19,0.06698532,1.7485168,0.08092213,1.0
23,20,-0.06048346,0.7534649,-0.3358952,1.0
23,21,0.08748668,1.6809876,0.08700262,1.0
23,22,-0.074097976,0.76090926,-0.28838354,1.0
23,23,0.004432976,0.8203833,0.10095137,1.0
23,24,-0.0069284537,0.840155,-0.100089006,1.0
23,25,0.00024078926,0.42194507,0.066677205,1.0
23,26,-0.018409599,0.47890362,-0.09349053,1.0
23,27,-0.05034485,0.06316525,0.14440426,1.0
23,28,-0.15478863,0.07875508,-0.065283336,1.0
23,29,-0.083513916,0.026443958,0.1637437,1.0
23,30,-0.16755417,0.039372087,-0.09941373,1.0
23,31,-0.028949823,0.007145226,0.15175204,1.0
23,32,-0.07621994,0.035994112,-0.15386854,1.0
24,0,0.05598688,1.4408944,-0.1225533,1.0
24,1,0.033912785,1.4505284,-0.11774863,1.0
24,2,0.030369733,1.4487512,-0.10549533,1.0
24,3,0.022056868,1.4566758,-0.113774374,1.0
24,4,0.032597024,1.4631155,-0.15930709,1.0
24,5,0.03813894,1.4525235,-0.17895055,1.0
24,6,0.039361816,1.4502342,-0.14413291,1.0
24,7,-0.0466729,1.4348375,-0.052930083,1.0
24,8,-0.041047525,1.366535,-0.17077507,1.0
24,9,0.041771304,1.4326227,-0.07844399,1.0
24,10,0.045334097,1.3840731,-0.14513037,1.0
24,11,-0.059675075,1.3452652,0.09420619,1.0
24,12,-0.05283609,1.2910702,-0.10649114,1.0
24,13,-0.00032464333,1.506042,0.120142944,1.0
24,14,-0.048232507,0.97860885,-0.22790971,1.0
24,15,0.06733823,1.6844916,0.119430274,1.0
24,16,-0.083690986,0.7704954,-0.2775131,1.0
24,17,0.069771,1.7303555,0.123194814,1.0
24,18,-0.0775175,0.7568888,-0.3248201,1.0
24,19,0.055943422,1.7476087,0.11060407,1.0
24,20,-0.061628535,0.7697483,-0.33189327,1.0
24,21,0.07653549,1.6803875,0.11606381,1.0
24,22,-0.07483194,0.7737478,-0.2840253,1.0
24,23,-0.00011547224,0.82088643,0.100768924,1.0
24,24,-0.0025339052,0.84163225,-0.10028662,1.0
24,25,-0.019011235,0.4224079,0.06707561,1.0
24,26,-0.017262712,0.480241,-0.08965525,1.0
24,27,-0.05660776,0.058149517,0.14434607,1.0
24,28,-0.1537954,0.08136934,-0.06221958,1.0
24,29,-0.08655451,0.021434486,0.16370185,1.0
24,30,-0.16586737,0.041765213,-0.09707983,1.0
24,31,-0.023454528,0.0071741343,0.1528514,1.0
24,32,-0.06818928,0.04628837,-0.14859794,1.0
25,0,0.055248104,1.4531052,-0.115281396,1.0
25,1,0.032770596,1.459017,-0.1089074,1.0
25,2,0.029118385,1.4575042,-0.09622723,1.0
25,3,0.020640507,1.4656554,-0.10504698,1.0
25,4,0.031535164,1.473065,-0.14894342,1.0
25,5,0.036850512,1.4621303,-0.16877754,1.0
25,6,0.03777646,1.4598329,-0.13405797,1.0
25,7,-0.043150887,1.4370141,-0.041537542,1.0
25,8,-0.03965317,1.3692482,-0.15526196,1.0
25,9,0.04360047,1.444377,-0.07048406,1.0
25,10,0.04651583,1.3953724,-0.13511148,1.0
25,11,-0.05924923,1.3473467,0.10562843,1.0
25,12,-0.043244157,1.2974317,-0.09232178,1.0
25,13,-0.0023472751,1.5142884,0.16233414,1.0
25,14,-0.048063073,0.9915882,-0.22430348,1.0
25,15,0.0673105,1.6854576,0.21563393,1.0
25,16,-0.08356463,0.778906,-0.27883562,1.0
25,17,0.06908794,1.7316291,0.22946067,1.0
25,18,-0.07738665,0.76614493,-0.32586157,1.0
25,19,0.056727827,1.7482858,0.2157842,1.0
25,20,-0.059495684,0.7767483,-0.33376044,1.0
25,21,0.07722335,1.680535,0.213618,1.0
25,22,-0.07375516,0.7816758,-0.28559762,1.0
25,23,-0.0026152697,0.8202831,0.10058896,1.0
25,24,-0.00023030955,0.8424016,-0.10029253,1.0
25,25,-0.021448819,0.42080942,0.06717628,1.0
25,26,-0.015357869,0.4807347,-0.086204454,1.0
25,27,-0.056484748,0.050317824,0.1437298,1.0
25,28,-0.14501157,0.081730306,-0.05083743,1.0
25,29,-0.086132206,0.013296127,0.16323362,1.0
25,30,-0.15526159,0.041612864,-0.085603096,1.0
25,31,-0.014660795,-0.0023647547,0.15263093,1.0
25,32,-0.056903366,0.046848655,-0.13287227,1.0
26,0,0.05490283,1.4588375,-0.11711379,1.0
26,1,0.031965915,1.462601,-0.11009331,1.0
26,2,0.02828862,1.4614832,-0.09721452,1.0
26,3,0.01969767,1.4698448,-0.106273115,1.0
26,4,0.03097044,1.4776766,-0.1491801,1.0
26,5,0.03594005,1.4665318,-0.16964571,1.0
26,6,0.0367148,1.4643612,-0.13469358,1.0
26,7,-0.039074373,1.4380757,-0.041276075,1.0
26,8,-0.037885807,1.3702637,-0.15276946,1.0
26,9,0.045673486,1.4500432,-0.0715867,1.0
26,10,0.048144918,1.4012475,-0.13521232,1.0
26,11,-0.05824747,1.3482713,0.10887834,1.0
26,12,-0.036052022,1.3016455,-0.089580074,1.0
26,13,-0.0045146625,1.5149082,0.17377047,1.0
26,14,-0.047944576,0.99721813,-0.22281757,1.0
26,15,0.065932065,1.6836499,0.23900129,1.0
26,16,-0.08417791,0.7795555,-0.28035587,1.0
26,17,0.06739966,1.7305763,0.2545164,1.0
26,18,-0.07784528,0.7670887,-0.32630637,1.0
26,19,0.05605863,1.7441636,0.24125536,1.0
26,20,-0.059634466,0.7770455,-0.33520678,1.0
26,21,0.07623331,1.6772625,0.23722996,1.0
26,22,-0.0737205,0.782484,-0.28694874,1.0
26,23,-0.0049146283,0.8197912,0.10064513,1.0
26,24,0.0018728767,0.8438395,-0.10032495,1.0
26,25,-0.023195535,0.42127657,0.06643253,1.0
26,26,-0.0138393445,0.48164773,-0.08549031,1.0
26,27,-0.057365436,0.044506073,0.139735,1.0
26,28,-0.14072688,0.08229816,-0.047811955,1.0
26,29,-0.08644837,0.0070307255,0.15927292,1.0
26,30,-0.15000491,0.042070985,-0.082532205,1.0
26,31,-0.012628597,-0.012615919,0.15092687,1.0
26,32,-0.050701052,0.04758966,-0.12712654,1.0
27,0,0.052008577,1.4618577,-0.12583806,1.0
27,1,0.030239359,1.4646643,-0.1138207,1.0
27,2,0.02677318,1.4641927,-0.10042749,1.0
27,3,0.018005598,1.4725425,-0.10951378,1.0
27,4,0.02635253,1.4806433,-0.1507894,1.0
27,5,0.030372676,1.4690948,-0.17264946,1.0
27,6,0.030862816,1.4669449,-0.13713855,1.0
27,7,-0.026325561,1.4400923,-0.041893438,1.0
27,8,-0.040759258,1.3701515,-0.14236802,1.0
27,9,0.046264093,1.4544573,-0.07340348,1.0
27,10,0.047512326,1.4052398,-0.13813691,1.0
27,11,-0.054810613,1.3485322,0.1207396,1.0
27,12,-0.031055555,1.309144,-0.07149541,1.0
27,13,-0.005878434,1.5146018,0.22230022,1.0
27,14,-0.048188347,1.0094062,-0.20398359,1.0
27,15,0.06664612,1.682499,0.3451526,1.0
27,16,-0.08465271,0.7815878,-0.2693576,1.0
27,17,0.067088865,1.7306831,0.36881262,1.0
27,18,-0.077999,0.7714333,-0.31546563,1.0
27,19,0.057074018,1.7442577,0.3573343,1.0
27,20,-0.05971856,0.777747,-0.3197199,1.0
27,21,0.07697967,1.6753702,0.34575465,1.0
27,22,-0.07355264,0.78414613,-0.27402478,1.0
27,23,-0.0054401574,0.8170545,0.10088933,1.0
27,24,0.0024100721,0.84520656,-0.10013963,1.0
27,25,-0.022884918,0.4213803,0.061443772,1.0
27,26,-0.010835265,0.4815479,-0.0853414,1.0
27,27,-0.05782302,0.04480493,0.12817018,1.0
27,28,-0.13202344,0.081813574,-0.04933902,1.0
27,29,-0.086947545,0.007527113,0.14684717,1.0
27,30,-0.13999371,0.04164493,-0.08429657,1.0
27,31,-0.013947707,-0.014134765,0.14109813,1.0
27,32,-0.038908873,0.04827863,-0.1302976,1.0
28,0,0.04416268,1.4606912,-0.14792244,1.0
28,1,0.027073625,1.4635729,-0.1307382,1.0
28,2,0.024042137,1.463868,-0.117335066,1.0
28,3,0.014933707,1.4718764,-0.12563325,1.0
28,4,0.018392516,1.480792,-0.15938257,1.0
28,5,0.021367636,1.468564,-0.18034281,1.0
28,6,0.021359107,1.4667045,-0.14546907,1.0
28,7,-0.010710762,1.4411659,-0.042937912,1.0
28,8,-0.05089766,1.3701577,-0.12936722,1.0
28,9,0.04582824,1.4548726,-0.08736423,1.0
28,10,0.03997319,1.4062011,-0.14026436,1.0
28,11,-0.0536176,1.3453808,0.13540798,1.0
28,12,-0.030808952,1.3132612,-0.051103007,1.0
28,13,-0.006227523,1.4937232,0.25936416,1.0
28,14,-0.05586178,1.0118518,-0.18064684,1.0
28,15,0.06326615,1.658353,0.41337726,1.0
28,16,-0.08510083,0.7832008,-0.24624462,1.0
28,17,0.060157314,1.7178543,0.439296,1.0
28,18,-0.0778877,0.7783036,-0.2921247,1.0
28,19,0.050440796,1.729547,0.43265456,1.0
28,20,-0.059362244,0.78285587,-0.29307127,1.0
28,21,0.072474465,1.6522923,0.4169438,1.0
28,22,-0.07332165,0.78689307,-0.2496607,1.0
28,23,-0.005572991,0.8151791,0.101534754,1.0
28,24,0.002996806,0.84882987,-0.09982823,1.0
28,25,-0.02072364,0.42773637,0.0548434,1.0
28,26,-0.0073057804,0.48305532,-0.088740565,1.0
28,27,-0.05709782,0.048674643,0.11113694,1.0
28,28,-0.12713279,0.08636314,-0.05332794,1.0
28,29,-0.08701284,0.012276709,0.12854879,1.0
28,30,-0.13499615,0.046976745,-0.08890864,1.0
28,31,-0.015961632,-0.0119975805,0.12178825,1.0
28,32,-0.034128614,0.05332303,-0.13220279,1.0
29,0,0.042912073,1.4641821,-0.14859708,1.0
29,1,0.026420858,1.467052,-0.13005532,1.0
29,2,0.023348229,1.4678252,-0.11691112,1.0
29,3,0.014159336,1.475403,-0.12474841,1.0
29,4,0.016869882,1.4854228,-0.15916681,1.0
29,5,0.019456115,1.4724867,-0.18078612,1.0
29,6,0.019028682,1.4710515,-0.14590508,1.0
29,7,-0.007668095,1.4447815,-0.03648271,1.0
29,8,-0.051559698,1.3748021,-0.124164425,1.0
29,9,0.046400875,1.4589047,-0.087433815,1.0
29,10,0.039594214,1.4117568,-0.14069778,1.0
29,11,-0.049575854,1.3452888,0.14199641,1.0
29,12,-0.03145309,1.3253032,-0.05106937,1.0
29,13,-0.011247676,1.4680672,0.26928952,1.0
29,14,-0.0687432,1.0300288,-0.18143149,1.0
29,15,0.06316165,1.615648,0.43728065,1.0
29,16,-0.088399306,0.793055,-0.2494975,1.0
29,17,0.06039902,1.6747916,0.46422523,1.0
29,18,-0.08041073,0.7908503,-0.2969722,1.0
29,19,0.051334288,1.6867816,0.4564591,1.0
29,20,-0.05974312,0.7934859,-0.2963553,1.0
29,21,0.0723668,1.6094457,0.44068047,1.0
29,22,-0.074701294,0.79738253,-0.25291854,1.0
29,23,-0.0050233426,0.81683666,0.10260685,1.0
29,24,0.0034838603,0.85381645,-0.099528484,1.0
29,25,-0.020431906,0.43164572,0.054516394,1.0
29,26,-0.008322556,0.48598832,-0.09658406,1.0
29,27,-0.05638446,0.05127698,0.11296048,1.0
29,28,-0.12911,0.08850187,-0.053922165,1.0
29,29,-0.08675322,0.015086949,0.13196944,1.0
29,30,-0.13722719,0.05036944,-0.090787105,1.0
29,31,-0.017548185,-0.01047951,0.12289193,1.0
29,32,-0.038141415,0.055591702,-0.13283673,1.0
30,0,0.037347563,1.4437497,-0.21553439,1.0
30,1,0.02798707,1.459877,-0.19485934,1.0
30,2,0.024250416,1.4599321,-0.18212622,1.0
30,3,0.015691655,1.4674957,-0.18926689,1.0
30,4,0.012683636,1.4759784,-0.21814962,1.0
30,5,0.01586847,1.464212,-0.2431593,1.0
30,6,0.015614876,1.4622545,-0.20942442,1.0
30,7,0.011103108,1.4577129,-0.072469585,1.0
30,8,-0.06477092,1.3887393,-0.13704155,1.0
30,9,0.04533202,1.4510385,-0.15052427,1.0
30,10,0.029062927,1.4048743,-0.19776814,1.0
30,11,-0.025836248,1.3264527,0.13673258,1.0
30,12,-0.03241846,1.3433322,-0.07325899,1.0
30,13,-0.032874394,1.0941852,0.26747817,1.0
30,14,-0.06865661,1.0472136,-0.21611142,1.0
30,15,0.003668873,0.8625201,0.24766023,1.0
30,16,-0.0801918,0.81211174,-0.291102,1.0
30,17,-0.003228007,0.81927484,0.2628575,1.0
30,18,-0.06753768,0.8054826,-0.35296378,1.0
30,19,-0.0075140446,0.812228,0.25394624,1.0
30,20,-0.029629305,0.81050926,-0.34106374,1.0
30,21,0.007995697,0.82833034,0.2549452,1.0
30,22,-0.060193587,0.81521803,-0.2939085,1.0
30,23,0.0013099795,0.82924753,0.10653124,1.0
30,24,-0.0012791937,0.8684239,-0.10219853,1.0
30,25,-0.017609473,0.43436375,0.06670734,1.0
30,26,-0.0093799615,0.49918208,-0.084156685,1.0
30,27,-0.0568255,0.063332796,0.13155566,1.0
30,28,-0.12998098,0.100090265,-0.0151760625,1.0
30,29,-0.08778098,0.026453733,0.1527058,1.0
30,30,-0.13849835,0.06412786,-0.053248268,1.0
30,31,-0.009642905,0.006842494,0.13071497,1.0
30,32,-0.039680883,0.07662988,-0.11161161,1.0
31,0,0.032932714,1.4407508,-0.26529932,1.0
31,1,0.028062062,1.4606514,-0.24414869,1.0
31,2,0.023937853,1.4603322,-0.23159121,1.0
31,3,0.015454467,1.4662838,-0.23777768,1.0
31,4,0.0070205983,1.4739503,-0.26726097,1.0
31,5,0.011063615,1.4626586,-0.2922901,1.0
31,6,0.011259321,1.4603872,-0.25898477,1.0
31,7,0.018061273,1.4626116,-0.116327405,1.0
31,8,-0.073944904,1.3937151,-0.1790897,1.0
31,9,0.044919778,1.4492452,-0.19897693,1.0
31,10,0.02320797,1.403043,-0.24633783,1.0
31,11,-0.0029297094,1.3182174,0.11799665,1.0
31,12,-0.032146536,1.3483833,-0.11395056,1.0
31,13,-0.02998394,1.0739228,0.1980972,1.0
31,14,-0.06887753,1.0551912,-0.2614382,1.0
31,15,0.017985892,0.8531883,0.17510937,1.0
31,16,-0.06262508,0.829666,-0.34722608,1.0
31,17,0.014993625,0.81406003,0.18894567,1.0
31,18,-0.045605376,0.8180922,-0.41547507,1.0
31,19,0.009531219,0.8081876,0.17541157,1.0
31,20,0.0029757814,0.8284503,-0.4028067,1.0
31,21,0.023609994,0.821397,0.17896725,1.0
31,22,-0.03839615,0.8312194,-0.35117632,1.0
31,23,0.009478179,0.83482313,0.10730758,1.0
31,24,-0.008991474,0.8729798,-0.10263542,1.0
31,25,-0.016791617,0.43681192,0.07093181,1.0
31,26,-0.007996282,0.5069465,-0.07802295,1.0
31,27,-0.05946126,0.06901163,0.14383532,1.0
31,28,-0.13039859,0.10597694,0.0023159296,1.0
31,29,-0.089796305,0.03217095,0.16589496,1.0
31,30,-0.13924778,0.07099682,-0.03455227,1.0
31,31,-0.010267645,0.013798535,0.13628402,1.0
31,32,-0.03886027,0.085611165,-0.1003628,1.0
32,0,0.031937547,1.4427507,-0.2640648,1.0
32,1,0.02865559,1.4616393,-0.24103327,1.0
32,2,0.024627488,1.461204,-0.2292109,1.0
32,3,0.016732588,1.4656079,-0.2344946,1.0
32,4,0.0057072984,1.473695,-0.26579532,1.0
32,5,0.010087472,1.4628714,-0.28981417,1.0
32,6,0.0108794505,1.4603622,-0.2571624,1.0
32,7,0.029590368,1.4649913,-0.11457346,1.0
32,8,-0.07607036,1.3974371,-0.18131182,1.0
32,9,0.045239944,1.4493163,-0.19713944,1.0
32,10,0.021806542,1.4033389,-0.24566446,1.0
32,11,0.0109323,1.3167937,0.11654929,1.0
32,12,-0.032188706,1.3539286,-0.119322084,1.0
32,13,-0.027747642,1.0745308,0.19127686,1.0
32,14,-0.0748448,1.0628916,-0.25397244,1.0
32,15,0.024690451,0.8692398,0.17842595,1.0
32,16,-0.05407559,0.8475371,-0.3327644,1.0
32,17,0.02323525,0.83817905,0.19176705,1.0
32,18,-0.03427084,0.8382946,-0.3962525,1.0
32,19,0.034933705,0.83352584,0.17703816,1.0
32,20,0.015638342,0.85638034,-0.38512024,1.0
32,21,0.03332203,0.841509,0.18020654,1.0
32,22,-0.029566031,0.8521613,-0.3368713,1.0
32,23,0.013780711,0.83541054,0.10885569,1.0
32,24,-0.013111294,0.87222457,-0.104670264,1.0
32,25,-0.015375743,0.4324181,0.076744094,1.0
32,26,-0.0081803985,0.51013327,-0.07820853,1.0
32,27,-0.06267241,0.06748855,0.15287998,1.0
32,28,-0.13141197,0.10559392,-0.0005995227,1.0
32,29,-0.0917656,0.030345142,0.174397,1.0
32,30,-0.14039253,0.07041901,-0.037188742,1.0
32,31,-0.010346517,0.014438927,0.14413798,1.0
32,32,-0.03996837,0.08864236,-0.10017971,1.0
33,0,0.028262086,1.4422764,-0.2623496,1.0
33,1,0.027700434,1.4658904,-0.23809463,1.0
33,2,0.023936851,1.4647127,-0.22693257,1.0
33,3,0.016756102,1.4685146,-0.23185101,1.0
33,4,0.001509659,1.4771938,-0.26394603,1.0
33,5,0.0061646444,1.4665911,-0.28726727,1.0
33,6,0.007513633,1.4632161,-0.25527573,1.0
33,7,0.031164357,1.4688847,-0.111322485,1.0
33,8,-0.08128414,1.4020603,-0.18044044,1.0
33,9,0.04511935,1.450783,-0.19459777,1.0
33,10,0.017864268,1.4047112,-0.24384516,1.0
33,11,0.015436165,1.3195674,0.11750999,1.0
33,12,-0.037471786,1.3602483,-0.1183758,1.0
33,13,-0.026495164,1.088501,0.18933263,1.0
33,14,-0.10186713,1.0716879,-0.2342609,1.0
33,15,0.034500405,0.88347024,0.18755554,1.0
33,16,-0.05534207,0.8687368,-0.29043052,1.0
33,17,0.033277668,0.8542708,0.20034851,1.0
33,18,-0.030021029,0.86210364,-0.3514048,1.0
33,19,0.05230267,0.8480662,0.18584913,1.0
33,20,0.020463794,0.8894705,-0.33383742,1.0
33,21,0.04551898,0.8561792,0.1879166,1.0
33,22,-0.030850388,0.878192,-0.29233313,1.0
33,23,0.016623609,0.8349985,0.11069401,1.0
33,24,-0.01586087,0.8706099,-0.107293956,1.0
33,25,-0.022024019,0.4236971,0.08710822,1.0
33,26,-0.015167967,0.5093726,-0.079141766,1.0
33,27,-0.06833741,0.06453925,0.17310773,1.0
33,28,-0.14250843,0.10293776,-0.008087769,1.0
33,29,-0.094759114,0.027079463,0.19435337,1.0
33,30,-0.15120648,0.06743765,-0.044443276,1.0
33,31,-0.010043714,0.017598748,0.16687936,1.0
33,32,-0.043182142,0.087634146,-0.10434694,1.0
34,0,0.019487692,1.4432771,-0.2835465,1.0
34,1,0.02389083,1.4673812,-0.25946417,1.0
34,2,0.020704411,1.465916,-0.24866834,1.0
34,3,0.014066312,1.4688766,-0.2533363,1.0
34,4,-0.005042228,1.4779842,-0.28406337,1.0
34,5,-0.00012073072,1.4679812,-0.30722213,1.0
34,6,0.0015589288,1.463907,-0.2756709,1.0
34,7,0.02942304,1.4699528,-0.12972322,1.0
34,8,-0.08754636,1.4053748,-0.19099578,1.0
34,9,0.03895884,1.450906,-0.2149608,1.0
34,10,0.0076900446,1.4054878,-0.26277456,1.0
34,11,0.01608558,1.3212296,0.11149844,1.0
34,12,-0.048259076,1.3628551,-0.12444976,1.0
34,13,-0.015697122,1.0957104,0.18195888,1.0
34,14,-0.114035375,1.0733976,-0.22749974,1.0
34,15,0.050948367,0.8930168,0.17377156,1.0
34,16,-0.053440504,0.8831083,-0.26625696,1.0
34,17,0.050938107,0.8632405,0.18525319,1.0
34,18,-0.018830668,0.8757115,-0.3249675,1.0
34,19,0.06908378,0.8564037,0.1696696,1.0
34,20,0.03282088,0.9102793,-0.30928198,1.0
34,21,0.06205392,0.86514443,0.17284964,1.0
34,22,-0.027439123,0.89527243,-0.26817778,1.0
34,23,0.018858923,0.8355611,0.11103369,1.0
34,24,-0.018110748,0.87028635,-0.108084425,1.0
34,25,-0.024121882,0.42144465,0.10026141,1.0
34,26,-0.019765709,0.50871086,-0.07841062,1.0
34,27,-0.07511492,0.06538695,0.19703688,1.0
34,28,-0.14840177,0.1026445,-0.008962607,1.0
34,29,-0.09957363,0.0270679,0.21883065,1.0
34,30,-0.15607865,0.06716758,-0.04449291,1.0
34,31,-0.009819607,0.021261156,0.19848594,1.0
34,32,-0.043492585,0.08786541,-0.105012916,1.0
35,0,0.015193213,1.4433248,-0.28340268,1.0
35,1,0.021676611,1.4681458,-0.25972214,1.0
35,2,0.018798355,1.4665635,-0.24929576,1.0
35,3,0.012792172,1.4688535,-0.25348842,1.0
35,4,-0.007889125,1.4781206,-0.2846222,1.0
35,5,-0.0027510677,1.4689096,-0.30756158,1.0
35,6,-0.00086445897,1.4640816,-0.276511,1.0
35,7,0.02775395,1.4720643,-0.1313742,1.0
35,8,-0.09149582,1.4096501,-0.19231382,1.0
35,9,0.03416186,1.4504468,-0.21511132,1.0
35,10,0.0019212002,1.4058113,-0.26326367,1.0
35,11,0.014436148,1.3224318,0.11058517,1.0
35,12,-0.05579871,1.3655586,-0.124650545,1.0
35,13,-0.00031032274,1.0984213,0.18023346,1.0
35,14,-0.11498732,1.0734321,-0.22069919,1.0
35,15,0.062300857,0.8979625,0.17234999,1.0
35,16,-0.051837515,0.8919383,-0.254044,1.0
35,17,0.061331317,0.86779207,0.1829104,1.0
35,18,-0.014615116,0.8848254,-0.31098205,1.0
35,19,0.07552691,0.8618762,0.16793032,1.0
35,20,0.03555759,0.9218494,-0.29721943,1.0
35,21,0.072244495,0.87070876,0.17052346,1.0
35,22,-0.026385605,0.9045677,-0.25607413,1.0
35,23,0.019567553,0.83557606,0.111328535,1.0
35,24,-0.018791225,0.8696796,-0.10870073,1.0
35,25,-0.02486007,0.42162716,0.10434299,1.0
35,26,-0.019155007,0.50881696,-0.07862747,1.0
35,27,-0.07975955,0.06661695,0.19824122,1.0
35,28,-0.15266196,0.10272193,-0.010551192,1.0
35,29,-0.10301093,0.027304709,0.21933307,1.0
35,30,-0.16072103,0.067423165,-0.04560329,1.0
35,31,-0.009460963,0.02287209,0.20178328,1.0
35,32,-0.044073407,0.08836603,-0.106094815,1.0
36,0,0.014260322,1.4434495,-0.28809416,1.0
36,1,0.02116694,1.4696741,-0.2645952,1.0
36,2,0.018345982,1.4681838,-0.25441414,1.0
36,3,0.012983168,1.4700775,-0.25811484,1.0
36,4,-0.008086238,1.4798782,-0.29049218,1.0
36,5,-0.0027135704,1.4714513,-0.31338906,1.0
36,6,-0.0007699395,1.465703,-0.2826278,1.0
36,7,0.025495905,1.4768457,-0.136534,1.0
36,8,-0.09480972,1.4176867,-0.19994752,1.0
36,9,0.030471291,1.449668,-0.21983348,1.0
36,10,-0.001406633,1.4061909,-0.26945117,1.0
36,11,0.011028107,1.3230784,0.10296165,1.0
36,12,-0.06959488,1.3681941,-0.13054061,1.0
36,13,0.013260956,1.1135124,0.16719316,1.0
36,14,-0.115102634,1.0729299,-0.22200222,1.0
36,15,0.06617892,0.922039,0.15767647,1.0
36,16,-0.052871004,0.89730716,-0.25747114,1.0
36,17,0.06343554,0.8915203,0.16662508,1.0
36,18,-0.01722313,0.8897985,-0.3132812,1.0
36,19,0.07378588,0.8864609,0.15269217,1.0
36,20,0.030461732,0.9274359,-0.3008973,1.0
36,21,0.07467378,0.8949073,0.15510887,1.0
36,22,-0.029210033,0.9094832,-0.25968313,1.0
36,23,0.020146096,0.83541745,0.111309,1.0
36,24,-0.019269228,0.8685985,-0.10881687,1.0
36,25,-0.02752956,0.4220947,0.108977586,1.0
36,26,-0.016346255,0.5087333,-0.07862378,1.0
36,27,-0.08248058,0.07253802,0.20306288,1.0
36,28,-0.15764096,0.1108377,-0.009488447,1.0
36,29,-0.104792535,0.032144845,0.22386804,1.0
36,30,-0.16686349,0.077326715,-0.04352391,1.0
36,31,-0.0105350185,0.031042576,0.2082906,1.0
36,32,-0.045751356,0.09470552,-0.10288091,1.0
37,0,0.014898462,1.4430242,-0.29490614,1.0
37,1,0.021329826,1.4697182,-0.2709247,1.0
37,2,0.01849129,1.4683745,-0.26074225,1.0
37,3,0.013743423,1.4700377,-0.26399806,1.0
37,4,-0.0076525547,1.4799457,-0.2980359,1.0
37,5,-0.001994451,1.4725515,-0.32094008,1.0
37,6,-5.8789738e-06,1.4659212,-0.29054132,1.0
37,7,0.02389399,1.4778593,-0.14222014,1.0
37,8,-0.09628224,1.4200137,-0.21165015,1.0
37,9,0.029050993,1.4486465,-0.22633001,1.0
37,10,-0.0020489818,1.405689,-0.27811065,1.0
37,11,0.008737745,1.323443,0.08756377,1.0
37,12,-0.076963685,1.3680923,-0.1414628,1.0
37,13,0.01925566,1.1002228,0.15220492,1.0
37,14,-0.11143134,1.0726492,-0.23417814,1.0
37,15,0.06874707,0.8850062,0.16079417,1.0
37,16,-0.053983934,0.8876703,-0.25872868,1.0
37,17,0.06547933,0.8486792,0.17197399,1.0
37,18,-0.02153809,0.8783173,-0.31368682,1.0
37,19,0.072589286,0.84020823,0.15765283,1.0
37,20,0.024804153,0.9094114,-0.30149552,1.0
37,21,0.07623105,0.8548464,0.15751751,1.0
37,22,-0.03174037,0.8959523,-0.26092228,1.0
37,23,0.02041212,0.83561975,0.11133808,1.0
37,24,-0.019343538,0.86678135,-0.10885318,1.0
37,25,-0.032817423,0.43283865,0.12482847,1.0
37,26,-0.009538505,0.50836253,-0.08476594,1.0
37,27,-0.091427326,0.07675922,0.22623959,1.0
37,28,-0.16565831,0.118736625,-0.02226774,1.0
37,29,-0.112753704,0.034185886,0.24773611,1.0
37,30,-0.17753783,0.08727598,-0.0562447,1.0
37,31,-0.012498753,0.037117064,0.23360619,1.0
37,32,-0.0510202,0.09785515,-0.11907745,1.0
38,0,0.015601287,1.4428083,-0.29190975,1.0
38,1,0.022082034,1.4721451,-0.26720604,1.0
38,2,0.019185444,1.4712026,-0.25723362,1.0
38,3,0.015073541,1.4725374,-0.26009348,1.0
38,4,-0.0076399427,1.4818898,-0.2951139,1.0
38,5,-0.0015982194,1.475709,-0.3179313,1.0
38,6,0.00033949036,1.4684212,-0.2880254,1.0
38,7,0.022552894,1.4797435,-0.13906795,1.0
38,8,-0.09783125,1.4215641,-0.21192536,1.0
38,9,0.028905027,1.4488695,-0.22397885,1.0
38,10,-0.0015473131,1.4069035,-0.27709255,1.0
38,11,0.010135395,1.3227395,0.08200971,1.0
38,12,-0.08834134,1.3668737,-0.14266957,1.0
38,13,0.0432157,1.0992978,0.14346164,1.0
38,14,-0.10997052,1.069768,-0.24934748,1.0
38,15,0.07394467,0.88487965,0.15753609,1.0
38,16,-0.06342994,0.8818959,-0.29863548,1.0
38,17,0.06740632,0.8464471,0.16947855,1.0
38,18,-0.041526966,0.87083596,-0.35623273,1.0
38,19,0.07156968,0.8385748,0.15430821,1.0
38,20,0.0013650777,0.8988629,-0.34797096,1.0
38,21,0.07851496,0.8540061,0.15300938,1.0
38,22,-0.045633413,0.88773435,-0.3025608,1.0
38,23,0.021345116,0.8354284,0.11048887,1.0
38,24,-0.020041253,0.86445093,-0.10783371,1.0
38,25,-0.046678487,0.44350386,0.13236508,1.0
38,26,0.011077636,0.50729907,-0.09389367,1.0
38,27,-0.10354614,0.08251876,0.23546173,1.0
38,28,-0.17099759,0.13629168,-0.02893701,1.0
38,29,-0.12344223,0.03805256,0.2573215,1.0
38,30,-0.18638541,0.10808897,-0.061989035,1.0
38,31,-0.015421096,0.043318152,0.24593294,1.0
38,32,-0.07661328,0.10583413,-0.12114812,1.0
39,0,0.016102606,1.4418716,-0.28433245,1.0
39,1,0.023315715,1.4721084,-0.2602356,1.0
39,2,0.020327391,1.4715183,-0.25035354,1.0
39,3,0.016881343,1.4727662,-0.25297886,1.0
39,4,-0.0072478866,1.4817685,-0.2884402,1.0
39,5,-0.0010247689,1.4767396,-0.31132904,1.0
39,6,0.00095773535,1.4687911,-0.28185236,1.0
39,7,0.022246948,1.4783336,-0.13590458,1.0
39,8,-0.09763385,1.4208899,-0.20924811,1.0
39,9,0.029056294,1.4478915,-0.21753104,1.0
39,10,-0.00083465106,1.4068291,-0.27079284,1.0
39,11,0.017254272,1.3217747,0.07994712,1.0
39,12,-0.09401112,1.3656154,-0.14014085,1.0
39,13,0.057862934,1.0981288,0.13792023,1.0
39,14,-0.09727872,1.0646082,-0.2600206,1.0
39,15,0.0762499,0.8766173,0.15866119,1.0
39,16,-0.07567118,0.8772124,-0.33383563,1.0
39,17,0.06796524,0.83319825,0.17077367,1.0
39,18,-0.06675816,0.86284506,-0.3924997,1.0
39,19,0.06827299,0.8210667,0.15493776,1.0
39,20,-0.028178189,0.8824776,-0.38738987,1.0
39,21,0.07913752,0.8432819,0.15296096,1.0
39,22,-0.06330969,0.8777653,-0.33954257,1.0
39,23,0.0232324,0.8347207,0.10783271,1.0
39,24,-0.021661917,0.86176974,-0.10488828,1.0
39,25,-0.054407563,0.44842783,0.12732387,1.0
39,26,0.03470698,0.5056612,-0.10348579,1.0
39,27,-0.11772471,0.084309995,0.22495165,1.0
39,28,-0.17006218,0.14646769,-0.034339428,1.0
39,29,-0.13758342,0.038675606,0.24637398,1.0
39,30,-0.18674047,0.119292915,-0.067320466,1.0
39,31,-0.022976778,0.04724133,0.23667264,1.0
39,32,-0.088180035,0.1126619,-0.12472188,1.0
40,0,0.016546,1.4373922,-0.2877988,1.0
40,1,0.0234252,1.4671938,-0.26310506,1.0
40,2,0.020521557,1.4668363,-0.25326496,1.0
40,3,0.017644,1.4681783,-0.25549823,1.0
40,4,-0.007156156,1.4768248,-0.29108343,1.0
40,5,-0.0006461742,1.472708,-0.3140433,1.0
40,6,0.0012248019,1.464215,-0.28509977,1.0
40,7,0.021421937,1.4711583,-0.13846564,1.0
40,8,-0.09751079,1.4164538,-0.21082759,1.0
40,9,0.02866421,1.4427233,-0.2218926,1.0
40,10,-0.0005222359,1.4025786,-0.27528238,1.0
40,11,0.01890654,1.3193614,0.06865095,1.0
40,12,-0.09721885,1.3547248,-0.14245921,1.0
40,13,0.071381964,1.0977814,0.1262153,1.0
40,14,-0.08815111,1.0484447,-0.27380776,1.0
40,15,0.07615311,0.8675382,0.15206231,1.0
40,16,-0.09609319,0.8582105,-0.34736085,1.0
40,17,0.0643648,0.8193192,0.16517335,1.0
40,18,-0.09586304,0.841481,-0.40351427,1.0
40,19,0.050616853,0.8049287,0.14924471,1.0
40,20,-0.06226625,0.85441303,-0.3998938,1.0
40,21,0.07585724,0.83238506,0.14577225,1.0
40,22,-0.08884545,0.8541602,-0.35359812,1.0
40,23,0.024001595,0.83461326,0.10622087,1.0
40,24,-0.022223085,0.85912997,-0.10306482,1.0
40,25,-0.05779888,0.4531013,0.124364264,1.0
40,26,0.053999346,0.504472,-0.10763948,1.0
40,27,-0.12320085,0.09148598,0.22021328,1.0
40,28,-0.16911495,0.15823686,-0.03711061,1.0
40,29,-0.14294685,0.045595527,0.23944342,1.0
40,30,-0.18604422,0.13243532,-0.06996891,1.0
40,31,-0.027848464,0.05571693,0.22163706,1.0
40,32,-0.093408994,0.12212801,-0.12602141,1.0
41,0,0.017817482,1.4368498,-0.28417712,1.0
41,1,0.0263681,1.4662125,-0.25995144,1.0
41,2,0.023220057,1.4659951,-0.250307,1.0
41,3,0.020999148,1.4676238,-0.25220007,1.0
41,4,-0.004460652,1.4759743,-0.28810313,1.0
41,5,0.0022809454,1.472446,-0.311394,1.0
41,6,0.0040634014,1.463514,-0.28288913,1.0
41,7,0.02256078,1.4691422,-0.13637483,1.0
41,8,-0.097082764,1.4151528,-0.20862079,1.0
41,9,0.028873349,1.4415857,-0.21878651,1.0
41,10,2.9244227e-05,1.4015253,-0.27257553,1.0
41,11,0.023724256,1.3179231,0.06797234,1.0
41,12,-0.0995601,1.3525107,-0.1413983,1.0
41,13,0.06665482,1.0897611,0.10868413,1.0
41,14,-0.08433673,1.0410233,-0.2896836,1.0
41,15,0.0659777,0.863606,0.10980327,1.0
41,16,-0.12369782,0.8573724,-0.39312705,1.0
41,17,0.05052797,0.8148053,0.11825121,1.0
41,18,-0.13318475,0.8406162,-0.45465925,1.0
41,19,0.030521087,0.8014869,0.10064756,1.0
41,20,-0.101090364,0.8532049,-0.45178396,1.0
41,21,0.06178944,0.82890993,0.101667404,1.0
41,22,-0.11981732,0.85248435,-0.40036482,1.0
41,23,0.025904618,0.83494854,0.10474199,1.0
41,24,-0.024033228,0.85784626,-0.10140091,1.0
41,25,-0.05868348,0.4594924,0.12383221,1.0
41,26,0.06649796,0.5035066,-0.1114266,1.0
41,27,-0.13006182,0.09641129,0.20983668,1.0
41,28,-0.16798061,0.16484195,-0.038374357,1.0
41,29,-0.15103823,0.050269365,0.2283471,1.0
41,30,-0.1845735,0.14031923,-0.07110855,1.0
41,31,-0.045999832,0.05897945,0.20044564,1.0
41,32,-0.09631054,0.124334455,-0.12769486,1.0
42,0,0.01803718,1.4356819,-0.2818635,1.0
42,1,0.027279153,1.4640899,-0.25795287,1.0
42,2,0.02416196,1.463958,-0.24851973,1.0
42,3,0.022437418,1.4660492,-0.25020343,1.0
42,4,-0.0037313811,1.4740323,-0.28619155,1.0
42,5,0.0031901821,1.4711604,-0.3097316,1.0
42,6,0.0049066013,1.4616446,-0.28176722,1.0
42,7,0.023776919,1.4641509,-0.13505936,1.0
42,8,-0.09689022,1.4138534,-0.20741954,1.0
42,9,0.029006002,1.4393952,-0.21702483,1.0
42,10,0.000575023,1.4001191,-0.2707763,1.0
42,11,0.029013865,1.317125,0.06555887,1.0
42,12,-0.10373936,1.3472418,-0.14045398,1.0
42,13,0.07852965,1.0954978,0.09548653,1.0
42,14,-0.08237849,1.0310109,-0.28966227,1.0
42,15,0.06468632,0.877783,0.08584786,1.0
42,16,-0.14298236,0.8582977,-0.39385036,1.0
42,17,0.047250398,0.82913345,0.09238276,1.0
42,18,-0.15595952,0.8451828,-0.45405838,1.0
42,19,0.02356917,0.8147737,0.07511453,1.0
42,20,-0.12767985,0.8564908,-0.45127806,1.0
42,21,0.05899924,0.8431513,0.07685253,1.0
42,22,-0.1423992,0.85324764,-0.4010086,1.0
42,23,0.026626762,0.8357182,0.10275741,1.0
42,24,-0.024637973,0.8570746,-0.09953053,1.0
42,25,-0.06509332,0.46133292,0.107002534,1.0
42,26,0.089748345,0.5034344,-0.11252166,1.0
42,27,-0.14411649,0.09671569,0.18142074,1.0
42,28,-0.16668831,0.18045849,-0.032627977,1.0
42,29,-0.1664586,0.05101341,0.19983721,1.0
42,30,-0.18432544,0.15803337,-0.06360112,1.0
42,31,-0.06481803,0.05839044,0.17534992,1.0
42,32,-0.1103562,0.1312927,-0.10920611,1.0
43,0,0.01780419,1.4357874,-0.271307,1.0
43,1,0.027363434,1.4640741,-0.2451949,1.0
43,2,0.02432609,1.4637389,-0.23604773,1.0
43,3,0.022964887,1.466521,-0.23739608,1.0
43,4,-0.0036638104,1.4740052,-0.27105644,1.0
43,5,0.0034235744,1.4715087,-0.29422253,1.0
43,6,0.0049240496,1.4616642,-0.26765823,1.0
43,7,0.027524797,1.462558,-0.11874617,1.0
43,8,-0.096493326,1.4134829,-0.18164049,1.0
43,9,0.029068625,1.4394712,-0.20666708,1.0
43,10,0.0004064308,1.4001656,-0.25757974,1.0
43,11,0.0376649,1.314976,0.070636995,1.0
43,12,-0.103805974,1.3474797,-0.1187439,1.0
43,13,0.08128916,1.0919914,0.10251756,1.0
43,14,-0.082202874,1.03262,-0.28302532,1.0
43,15,0.060142145,0.8664282,0.10517636,1.0
43,16,-0.15613122,0.8686027,-0.3771099,1.0
43,17,0.039065633,0.8152219,0.113332234,1.0
43,18,-0.17138222,0.8597639,-0.43637836,1.0
43,19,0.013658545,0.79913956,0.09768014,1.0
43,20,-0.1431436,0.86826664,-0.43327087,1.0
43,21,0.052814245,0.83113545,0.0969217,1.0
43,22,-0.1564351,0.86296195,-0.38409597,1.0
43,23,0.02751814,0.83589524,0.100385725,1.0
43,24,-0.025435586,0.8572395,-0.09750975,1.0
43,25,-0.071223214,0.46001127,0.08877675,1.0
43,26,0.09346733,0.50780046,-0.114860885,1.0
43,27,-0.16112724,0.09540576,0.1667712,1.0
43,28,-0.16300407,0.18145257,-0.0111727435,1.0
43,29,-0.18491057,0.04984665,0.18627098,1.0
43,30,-0.18362011,0.15688634,-0.039445505,1.0
43,31,-0.08841628,0.05756545,0.16159338,1.0
43,32,-0.11075499,0.12926465,-0.08000152,1.0
44,0,0.020475885,1.4363871,-0.2542075,1.0
44,1,0.03253572,1.4640387,-0.22728014,1.0
44,2,0.029281415,1.4634761,-0.21833117,1.0
44,3,0.028253641,1.4668267,-0.2197128,1.0
44,4,0.0010380712,1.47408,-0.25302365,1.0
44,5,0.008016752,1.4719265,-0.27586398,1.0
44,6,0.00955683,1.4618776,-0.2504441,1.0
44,7,0.035183668,1.461446,-0.10085066,1.0
44,8,-0.0914311,1.4131966,-0.16266201,1.0
44,9,0.031850733,1.4395442,-0.18993108,1.0
44,10,0.0022982834,1.4009993,-0.24020666,1.0
44,11,0.04692691,1.3135967,0.07910177,1.0
44,12,-0.102963425,1.3476601,-0.10129403,1.0
44,13,0.088177025,1.0915467,0.104612164,1.0
44,14,-0.08197068,1.0344589,-0.27226704,1.0
44,15,0.058765166,0.86522174,0.11432725,1.0
44,16,-0.16674529,0.8811842,-0.3709734,1.0
44,17,0.03614327,0.8123639,0.12321048,1.0
44,18,-0.18459426,0.8741317,-0.43000096,1.0
44,19,0.009836624,0.79623944,0.10820609,1.0
44,20,-0.15737322,0.8813972,-0.4276618,1.0
44,21,0.051022477,0.83013713,0.10645316,1.0
44,22,-0.16866899,0.8754193,-0.37852755,1.0
44,23,0.02806655,0.83576775,0.09826451,1.0
44,24,-0.025967475,0.8572727,-0.096000075,1.0
44,25,-0.07438517,0.45803595,0.07705486,1.0
44,26,0.0987654,0.5109312,-0.11479863,1.0
44,27,-0.17214051,0.08955097,0.14782195,1.0
44,28,-0.15845351,0.1821664,-0.0040499973,1.0
44,29,-0.19652623,0.04420942,0.16668239,1.0
44,30,-0.18287656,0.156784,-0.032735094,1.0
44,31,-0.097480446,0.05572921,0.14006792,1.0
44,32,-0.10897428,0.12830037,-0.07395369,1.0
45,0,0.023921859,1.4408431,-0.24875544,1.0
45,1,0.03734372,1.4667497,-0.22208549,1.0
45,2,0.03385788,1.4660323,-0.21325007,1.0
45,3,0.03305769,1.4698224,-0.2147313,1.0
45,4,0.0054888157,1.477525,-0.24850257,1.0
45,5,0.012600491,1.475678,-0.27133295,1.0
45,6,0.013938131,1.465491,-0.24650642,1.0
45,7,0.041007992,1.4610635,-0.09590615,1.0
45,8,-0.08638492,1.4155415,-0.15783839,1.0
45,9,0.03500527,1.4421313,-0.18400793,1.0
45,10,0.0049035004,1.4053191,-0.23462215,1.0
45,11,0.05179494,1.3132364,0.08642292,1.0
45,12,-0.102124706,1.3513527,-0.09780389,1.0
45,13,0.08559298,1.0933899,0.10587903,1.0
45,14,-0.08259367,1.0441939,-0.27042812,1.0
45,15,0.056191504,0.8697068,0.1169562,1.0
45,16,-0.18116167,0.8963623,-0.3878586,1.0
45,17,0.03344267,0.8185548,0.12530607,1.0
45,18,-0.20276698,0.89130795,-0.45001173,1.0
45,19,0.00975449,0.80375886,0.10935313,1.0
45,20,-0.17469037,0.8986616,-0.44872826,1.0
45,21,0.04929848,0.83549607,0.10896087,1.0
45,22,-0.18428223,0.89087784,-0.39683592,1.0
45,23,0.028564254,0.83503544,0.09711206,1.0
45,24,-0.026714223,0.85698617,-0.09546202,1.0
45,25,-0.0709795,0.4564567,0.07643391,1.0
45,26,0.09539974,0.51363593,-0.109207876,1.0
45,27,-0.17949711,0.08996469,0.14401948,1.0
45,28,-0.153652,0.1768651,-0.003744779,1.0
45,29,-0.20548184,0.045149326,0.16282597,1.0
45,30,-0.17872101,0.15116191,-0.03406974,1.0
45,31,-0.11065057,0.053792536,0.13304114,1.0
45,32,-0.10450728,0.12513065,-0.08078884,1.0
46,0,0.030399997,1.4434751,-0.23588248,1.0
46,1,0.044038787,1.4688284,-0.20972764,1.0
46,2,0.040574975,1.4677942,-0.20092523,1.0
46,3,0.03989284,1.4720687,-0.20254767,1.0
46,4,0.01209393,1.4793894,-0.23688449,1.0
46,5,0.019341841,1.477535,-0.25934482,1.0
46,6,0.020635044,1.4675179,-0.2352688,1.0
46,7,0.048068546,1.4611661,-0.08498771,1.0
46,8,-0.08014536,1.4158517,-0.14675015,1.0
46,9,0.041174624,1.443708,-0.1710123,1.0
46,10,0.010496408,1.4072676,-0.22187689,1.0
46,11,0.06052762,1.3114548,0.09359972,1.0
46,12,-0.10198387,1.352878,-0.08267194,1.0
46,13,0.09055932,1.0912194,0.11078079,1.0
46,14,-0.082547575,1.0480069,-0.25221664,1.0
46,15,0.057800084,0.8654778,0.119838394,1.0
46,16,-0.18173689,0.9128622,-0.37959552,1.0
46,17,0.03334151,0.8150326,0.1279622,1.0
46,18,-0.20182459,0.9124707,-0.4409164,1.0
46,19,0.0112576615,0.80136776,0.11222346,1.0
46,20,-0.17641014,0.92353505,-0.4386425,1.0
46,21,0.050358746,0.8323182,0.11219635,1.0
46,22,-0.185644,0.9107011,-0.38866216,1.0
46,23,0.03029602,0.8336352,0.09558722,1.0
46,24,-0.028703436,0.85615134,-0.09478097,1.0
46,25,-0.06860828,0.454673,0.068693705,1.0
46,26,0.09072622,0.5126609,-0.10881126,1.0
46,27,-0.18673427,0.08906031,0.12991524,1.0
46,28,-0.15190092,0.16381246,-0.0052492013,1.0
46,29,-0.21431778,0.044742525,0.14794789,1.0
46,30,-0.17684445,0.13473463,-0.03753257,1.0
46,31,-0.1251695,0.0521394,0.11396518,1.0
46,32,-0.097357914,0.109687746,-0.09815056,1.0
47,0,0.036707513,1.4422958,-0.21889019,1.0
47,1,0.04989361,1.4676478,-0.19364698,1.0
47,2,0.04672267,1.4661872,-0.18459883,1.0
47,3,0.045952935,1.4706608,-0.1866122,1.0
47,4,0.018201709,1.4778624,-0.2209483,1.0
47,5,0.025570732,1.475801,-0.242852,1.0
47,6,0.026846703,1.4664137,-0.219388,1.0
47,7,0.055035517,1.459188,-0.07037659,1.0
47,8,-0.07378152,1.4135258,-0.13053852,1.0
47,9,0.047273625,1.4418876,-0.15411192,1.0
47,10,0.016165147,1.4058421,-0.20425455,1.0
47,11,0.06261217,1.3068812,0.11049824,1.0
47,12,-0.09385131,1.3525261,-0.06529392,1.0
47,13,0.08787141,1.0903587,0.13973917,1.0
47,14,-0.08174073,1.0570782,-0.23216279,1.0
47,15,0.057597727,0.863381,0.14309116,1.0
47,16,-0.17173374,0.9307154,-0.37671366,1.0
47,17,0.034229696,0.81418425,0.14977314,1.0
47,18,-0.18748192,0.9337059,-0.43718722,1.0
47,19,0.013228519,0.79991955,0.13346773,1.0
47,20,-0.1599829,0.946943,-0.4338686,1.0
47,21,0.051178433,0.83083004,0.13562343,1.0
47,22,-0.17435113,0.9308725,-0.38529146,1.0
47,23,0.030128371,0.83116055,0.0945258,1.0
47,24,-0.028930888,0.85429615,-0.09453096,1.0
47,25,-0.06560177,0.45173076,0.054953,1.0
47,26,0.08916125,0.5106821,-0.10768938,1.0
47,27,-0.18145153,0.08132094,0.106191106,1.0
47,28,-0.12890133,0.13754004,-0.013613509,1.0
47,29,-0.20846441,0.037243128,0.12298365,1.0
47,30,-0.14855136,0.10434717,-0.04975924,1.0
47,31,-0.11625268,0.045064688,0.08817632,1.0
47,32,-0.045202024,0.0980649,-0.12174854,1.0
48,0,0.04123331,1.4452763,-0.21199924,1.0
48,1,0.053429555,1.4697306,-0.1866517,1.0
48,2,0.050895292,1.4681362,-0.17786397,1.0
48,3,0.04951783,1.4725866,-0.18002145,1.0
48,4,0.022096938,1.4801313,-0.21562225,1.0
48,5,0.029582918,1.4774467,-0.23706406,1.0
48,6,0.030914431,1.4690208,-0.2132032,1.0
48,7,0.059618432,1.4593965,-0.0605985,1.0
48,8,-0.06975374,1.4147794,-0.12312089,1.0
48,9,0.052700084,1.4426892,-0.14632747,1.0
48,10,0.020620296,1.407891,-0.19666995,1.0
48,11,0.06898971,1.305826,0.13174453,1.0
48,12,-0.08540543,1.361115,-0.060446378,1.0
48,13,0.1219604,1.1335654,0.14382963,1.0
48,14,-0.08163117,1.0688249,-0.22777395,1.0
48,15,0.13128702,1.0103507,0.10344159,1.0
48,16,-0.16594586,0.9493481,-0.37822032,1.0
48,17,0.118314475,0.9883858,0.09576296,1.0
48,18,-0.17968775,0.94951254,-0.44192925,1.0
48,19,0.09905094,0.9902842,0.07938241,1.0
48,20,-0.15090646,0.96924824,-0.4412513,1.0
48,21,0.12884495,0.9894674,0.09337676,1.0
48,22,-0.16763368,0.9514513,-0.38799268,1.0
48,23,0.029684681,0.82677984,0.094623715,1.0
48,24,-0.028953386,0.8509521,-0.09536563,1.0
48,25,-0.04107931,0.44743228,0.058764778,1.0
48,26,0.08702125,0.5074408,-0.1111465,1.0
48,27,-0.17260176,0.07732874,0.11643072,1.0
48,28,-0.094568215,0.11261308,-0.035871368,1.0
48,29,-0.20349209,0.033829987,0.13395333,1.0
48,30,-0.10752271,0.076939106,-0.07302857,1.0
48,31,-0.10595718,0.040905833,0.10372872,1.0
48,32,-0.0025739404,0.07861853,-0.14439557,1.0
49,0,0.046788003,1.4426022,-0.2026181,1.0
49,1,0.05760933,1.467613,-0.17818725,1.0
49,2,0.055481788,1.465941,-0.16907193,1.0
49,3,0.05389027,1.4706465,-0.17158572,1.0
49,4,0.026659809,1.4778571,-0.20783764,1.0
49,5,0.03393569,1.4746617,-0.22900195,1.0
49,6,0.035522155,1.4668899,-0.20474702,1.0
49,7,0.06427777,1.4612864,-0.050466754,1.0
49,8,-0.06586475,1.4135225,-0.11443248,1.0
49,9,0.06007682,1.4394995,-0.13665812,1.0
49,10,0.026845854,1.4048197,-0.18617216,1.0
49,11,0.07062479,1.3025397,0.15000185,1.0
49,12,-0.071109876,1.369067,-0.05207418,1.0
49,13,0.11401512,1.1333321,0.15831691,1.0
49,14,-0.08365882,1.0885377,-0.21898083,1.0
49,15,0.16530384,1.0267124,0.10289811,1.0
49,16,-0.16147037,0.9644011,-0.3765796,1.0
49,17,0.16566923,1.0087649,0.09318235,1.0
49,18,-0.17140245,0.9575506,-0.4389584,1.0
49,19,0.15379174,1.0119486,0.07597403,1.0
49,20,-0.13670577,0.9777363,-0.43732327,1.0
49,21,0.16901828,1.0066996,0.0928428,1.0
49,22,-0.15974587,0.96583587,-0.38607612,1.0
49,23,0.03010419,0.8208921,0.09587617,1.0
49,24,-0.029769162,0.8453523,-0.09715586,1.0
49,25,0.0190608,0.44177306,0.060761828,1.0
49,26,0.08513485,0.5033406,-0.11828752,1.0
49,27,-0.121011004,0.08246189,0.12142005,1.0
49,28,-0.074820764,0.09842497,-0.04677392,1.0
49,29,-0.1536142,0.042542875,0.13934703,1.0
49,30,-0.084502965,0.061644018,-0.083887905,1.0
49,31,-0.071892366,0.041030645,0.11090916,1.0
49,32,0.019086052,0.06750971,-0.14963779,1.0
50,0,0.0546989,1.4359322,-0.17478043,1.0
50,1,0.061708905,1.4603215,-0.15246505,1.0
50,2,0.05960973,1.4587226,-0.1427002,1.0
50,3,0.058040265,1.4632573,-0.14579654,1.0
50,4,0.032462575,1.47,-0.18156219,1.0
50,5,0.039422013,1.4664181,-0.20207997,1.0
50,6,0.04161712,1.4588952,-0.17801113,1.0
50,7,0.06851713,1.4543743,-0.030712897,1.0
50,8,-0.057692185,1.4037344,-0.09318256,1.0
50,9,0.07158177,1.4319937,-0.11133669,1.0
50,10,0.03896132,1.3968794,-0.1585116,1.0
50,11,0.08278955,1.2916241,0.17054982,1.0
50,12,-0.048851028,1.3609252,-0.033587024,1.0
50,13,0.11005929,1.1225334,0.19811612,1.0
50,14,-0.082987785,1.0854272,-0.19105525,1.0
50,15,0.2019713,0.9957764,0.15338768,1.0
50,16,-0.13536608,0.9511418,-0.3365368,1.0
50,17,0.21500097,0.9786767,0.14269555,1.0
50,18,-0.13675472,0.9401928,-0.39854836,1.0
50,19,0.20752491,0.98135674,0.12438724,1.0
50,20,-0.09335304,0.9578155,-0.39678717,1.0
50,21,0.21027085,0.97493505,0.14225177,1.0
50,22,-0.12675852,0.9507256,-0.34607342,1.0
50,23,0.034048945,0.813878,0.0969174,1.0
50,24,-0.03403488,0.83917034,-0.09820875,1.0
50,25,0.09942334,0.43468988,0.028526083,1.0
50,26,0.08501487,0.4964775,-0.12154359,1.0
50,27,-0.07846141,0.0926463,0.08765307,1.0
50,28,-0.06324058,0.09225261,-0.046440925,1.0
50,29,-0.115926415,0.057205558,0.106373444,1.0
50,30,-0.07099889,0.055062294,-0.083162606,1.0
50,31,-0.059967622,0.033654273,0.08470072,1.0
50,32,0.028280614,0.056780696,-0.14839454,1.0
51,0,0.060549915,1.4181066,-0.17871788,1.0
51,1,0.066704296,1.4432942,-0.15785974,1.0
51,2,0.06488859,1.4416997,-0.14765336,1.0
51,3,0.06329034,1.4460082,-0.15099303,1.0
51,4,0.039088015,1.4528468,-0.18580942,1.0
51,5,0.04538603,1.4486098,-0.2054335,1.0
51,6,0.047938082,1.4410955,-0.18148011,1.0
51,7,0.07888257,1.445575,-0.037210733,1.0
51,8,-0.04802024,1.3928688,-0.09557035,1.0
51,9,0.08048344,1.415247,-0.115919515,1.0
51,10,0.04692899,1.3794669,-0.16092601,1.0
51,11,0.09352964,1.2831724,0.16859761,1.0
51,12,-0.02878174,1.3542867,-0.031186536,1.0
51,13,0.12166902,1.1059437,0.20419556,1.0
51,14,-0.07261233,1.0747077,-0.17262045,1.0
51,15,0.22753377,0.9723926,0.17501502,1.0
51,16,-0.11876048,0.94305646,-0.2955192,1.0
51,17,0.24413997,0.9539183,0.16814269,1.0
51,18,-0.11760293,0.9320123,-0.35474306,1.0
51,19,0.2365687,0.9563962,0.1497288,1.0
51,20,-0.075873956,0.95136154,-0.35230502,1.0
51,21,0.23683245,0.9499507,0.16519229,1.0
51,22,-0.10871877,0.94198275,-0.30552757,1.0
51,23,0.036482867,0.80906224,0.09786976,1.0
51,24,-0.036593314,0.83527124,-0.09888306,1.0
51,25,0.1269752,0.42188144,0.014700301,1.0
51,26,0.051987637,0.49177107,-0.119592555,1.0
51,27,-0.044718713,0.093476415,0.067762725,1.0
51,28,-0.070356704,0.08407873,-0.047981106,1.0
51,29,-0.081457414,0.060831964,0.0856596,1.0
51,30,-0.075973816,0.046218514,-0.0859754,1.0
51,31,-0.039571133,0.029277384,0.06407233,1.0
51,32,0.0236008,0.049589455,-0.15285434,1.0
52,0,0.06667338,1.408428,-0.1785535,1.0
52,1,0.07303869,1.4339688,-0.15693235,1.0
52,2,0.07155349,1.432456,-0.14655407,1.0
52,3,0.069726855,1.4363786,-0.14977805,1.0
52,4,0.04566453,1.443301,-0.18404797,1.0
52,5,0.051137447,1.4389164,-0.20257433,1.0
52,6,0.054221187,1.4311597,-0.17880347,1.0
52,7,0.09261594,1.4384453,-0.03347548,1.0
52,8,-0.04036633,1.384742,-0.08744163,1.0
52,9,0.08984061,1.4048313,-0.115292236,1.0
52,10,0.053998683,1.3689947,-0.15823987,1.0
52,11,0.109063596,1.2740813,0.17477876,1.0
52,12,-0.011698181,1.3492584,-0.024688702,1.0
52,13,0.13365878,1.0941412,0.21225688,1.0
52,14,-0.057648893,1.0675082,-0.16398649,1.0
52,15,0.23492713,0.95968604,0.19570568,1.0
52,16,-0.1110349,0.93049514,-0.2809827,1.0
52,17,0.25087366,0.9401392,0.19156493,1.0
52,18,-0.112981096,0.90802974,-0.33863205,1.0
52,19,0.24269725,0.9417164,0.1710055,1.0
52,20,-0.07251964,0.9220418,-0.33699363,1.0
52,21,0.24329062,0.9362507,0.18608838,1.0
52,22,-0.101730414,0.9253573,-0.29096687,1.0
52,23,0.038073055,0.8051051,0.09914957,1.0
52,24,-0.038161803,0.8324285,-0.09972543,1.0
52,25,0.14321586,0.4312663,0.0071337577,1.0
52,26,0.053483687,0.48820403,-0.1187802,1.0
52,27,-0.041390784,0.11518341,0.06909286,1.0
52,28,-0.07715642,0.082751036,-0.057495225,1.0
52,29,-0.07933567,0.08312476,0.08812345,1.0
52,30,-0.08492484,0.04541844,-0.09742172,1.0
52,31,-0.038501017,0.032732844,0.066587806,1.0
52,32,0.015776658,0.042638898,-0.16840814,1.0
53,0,0.07900917,1.3995378,-0.18307336,1.0
53,1,0.083959214,1.4249526,-0.1617052,1.0
53,2,0.08278897,1.4234285,-0.1510616,1.0
53,3,0.080595054,1.4269607,-0.15423721,1.0
53,4,0.05749385,1.4347425,-0.18946245,1.0
53,5,0.062198214,1.4302162,-0.20751081,1.0
53,6,0.06553003,1.4222405,-0.1834314,1.0
53,7,0.10298192,1.4272861,-0.03814732,1.0
53,8,-0.0304569,1.3763192,-0.09562876,1.0
53,9,0.10317059,1.3944273,-0.12025855,1.0
53,10,0.06641138,1.359179,-0.16368462,1.0
53,11,0.116461374,1.2674303,0.17092504,1.0
53,12,0.0047218148,1.3425426,-0.031337842,1.0
53,13,0.1446858,1.0847939,0.21056423,1.0
53,14,-0.0461918,1.0573491,-0.16556571,1.0
53,15,0.24294853,0.95353925,0.19804,1.0
53,16,-0.10238069,0.8911553,-0.27002499,1.0
53,17,0.25965196,0.93320197,0.19599696,1.0
53,18,-0.10312146,0.8676197,-0.32707807,1.0
53,19,0.24781525,0.9316643,0.1759118,1.0
53,20,-0.062564194,0.8780752,-0.32429004,1.0
53,21,0.2500555,0.93415713,0.18953067,1.0
53,22,-0.09195603,0.8846241,-0.2798048,1.0
53,23,0.039403085,0.80364954,0.103356004,1.0
53,24,-0.03904741,0.83114916,-0.103520006,1.0
53,25,0.16141817,0.43753344,0.01018933,1.0
53,26,0.041338477,0.48725042,-0.11858425,1.0
53,27,-0.020625478,0.13414878,0.07951389,1.0
53,28,-0.08196069,0.07596403,-0.07196538,1.0
53,29,-0.058497626,0.10395861,0.09866735,1.0
53,30,-0.090884075,0.037956595,-0.11372755,1.0
53,31,-0.022439897,0.05256492,0.07304137,1.0
53,32,0.013992447,0.035571396,-0.18850228,1.0
54,0,0.07807552,1.396981,-0.19661514,1.0
54,1,0.08458127,1.422219,-0.1749503,1.0
54,2,0.08361509,1.420902,-0.16420226,1.0
54,3,0.08115101,1.4240773,-0.16692762,1.0
54,4,0.057607885,1.4324453,-0.20155625,1.0
54,5,0.061671607,1.428191,-0.21970657,1.0
54,6,0.06523875,1.4201002,-0.19473532,1.0
54,7,0.1064897,1.4226341,-0.046089925,1.0
54,8,-0.030654564,1.3752277,-0.09813131,1.0
54,9,0.10213286,1.3912144,-0.13277128,1.0
54,10,0.06481711,1.3566418,-0.17379561,1.0
54,11,0.11401443,1.2640814,0.167433,1.0
54,12,0.0035516787,1.3399909,-0.031916723,1.0
54,13,0.13949522,1.0750878,0.20475473,1.0
54,14,-0.047794066,1.0518523,-0.17323983,1.0
54,15,0.23005703,0.9338786,0.1893743,1.0
54,16,-0.10581769,0.8759551,-0.28290913,1.0
54,17,0.24507144,0.91666657,0.1879551,1.0
54,18,-0.10733254,0.85293734,-0.3421382,1.0
54,19,0.23386079,0.9195584,0.16799526,1.0
54,20,-0.06716323,0.86153066,-0.3392387,1.0
54,21,0.23629485,0.9135685,0.18129277,1.0
54,22,-0.095745176,0.8682641,-0.29218647,1.0
54,23,0.039658234,0.80484074,0.104781315,1.0
54,24,-0.038753774,0.83277506,-0.104511976,1.0
54,25,0.14429495,0.43883222,0.014195823,1.0
54,26,0.04730405,0.49332768,-0.1228602,1.0
54,27,0.0009928085,0.123298764,0.07643029,1.0
54,28,-0.083531626,0.078128874,-0.08342379,1.0
54,29,-0.032586478,0.09027666,0.09488244,1.0
54,30,-0.09305956,0.040807843,-0.12476205,1.0
54,31,0.012902114,0.052945912,0.07004069,1.0
54,32,0.016731065,0.036755502,-0.19907883,1.0
55,0,0.07634619,1.3995643,-0.21846221,1.0
55,1,0.084663786,1.4248242,-0.19391964,1.0
55,2,0.084056914,1.4238801,-0.18338467,1.0
55,3,0.081343524,1.4268849,-0.18612716,1.0
55,4,0.056738157,1.4349709,-0.22086938,1.0
55,5,0.060339343,1.4312413,-0.23935018,1.0
55,6,0.06389347,1.4229509,-0.21325074,1.0
55,7,0.10640767,1.4243723,-0.05748373,1.0
55,8,-0.03342873,1.3777263,-0.10928142,1.0
55,9,0.09903047,1.3941094,-0.15194283,1.0
55,10,0.0620024,1.3594347,-0.19424613,1.0
55,11,0.10882159,1.2678131,0.15314023,1.0
55,12,-0.0059770895,1.3409166,-0.04037971,1.0
55,13,0.13546616,1.0739423,0.15430905,1.0
55,14,-0.053845383,1.0513247,-0.1919576,1.0
55,15,0.21497765,0.9312149,0.10279211,1.0
55,16,-0.11290003,0.8787,-0.31085545,1.0
55,17,0.22526859,0.9135511,0.095117934,1.0
55,18,-0.11467062,0.8571645,-0.37162495,1.0
55,19,0.21286309,0.91760606,0.07371291,1.0
55,20,-0.06993983,0.8670847,-0.37189198,1.0
55,21,0.2200249,0.9101945,0.093467966,1.0
55,22,-0.10168228,0.87143344,-0.3201381,1.0
55,23,0.036219433,0.8076503,0.103436954,1.0
55,24,-0.03464814,0.8354107,-0.103144094,1.0
55,25,0.09696696,0.4370715,0.021958679,1.0
55,26,0.120741345,0.51310575,-0.12458454,1.0
55,27,0.0035329792,0.08490294,0.08126147,1.0
55,28,-0.075933956,0.108737886,-0.07766858,1.0
55,29,-0.021647215,0.04649377,0.09979165,1.0
55,30,-0.09057526,0.07267916,-0.11987302,1.0
55,31,0.041652113,0.020753026,0.07604025,1.0
55,32,0.018866267,0.04088807,-0.18170235,1.0
56,0,0.07545274,1.397603,-0.22048448,1.0
56,1,0.08513622,1.423026,-0.19525778,1.0
56,2,0.08512512,1.4221946,-0.18464732,1.0
56,3,0.08216116,1.4252045,-0.18731561,1.0
56,4,0.057190146,1.433323,-0.22235271,1.0
56,5,0.059917673,1.4300425,-0.24092647,1.0
56,6,0.06372297,1.4215679,-0.21399851,1.0
56,7,0.10826351,1.4210725,-0.05770961,1.0
56,8,-0.03485468,1.3755617,-0.11106697,1.0
56,9,0.097554795,1.3927386,-0.1535448,1.0
56,10,0.06022266,1.3577943,-0.19606648,1.0
56,11,0.1056684,1.2660499,0.15244554,1.0
56,12,-0.011306624,1.3377885,-0.042763975,1.0
56,13,0.12900457,1.0656371,0.13925005,1.0
56,14,-0.058682583,1.0431737,-0.19254214,1.0
56,15,0.18269761,0.91780275,0.081792474,1.0
56,16,-0.12550436,0.8730208,-0.30767396,1.0
56,17,0.18605457,0.8982747,0.073121294,1.0
56,18,-0.12922326,0.85346425,-0.3680962,1.0
56,19,0.17456049,0.89944196,0.05256316,1.0
56,20,-0.08598255,0.86414963,-0.36925003,1.0
56,21,0.18430136,0.8956156,0.072263695,1.0
56,22,-0.11647799,0.8663728,-0.31702477,1.0
56,23,0.033311337,0.8061585,0.10100943,1.0
56,24,-0.03142987,0.8339874,-0.10130451,1.0
56,25,0.049136546,0.43120325,0.023543349,1.0
56,26,0.1313762,0.5224321,-0.124801844,1.0
56,27,-0.013744062,0.052507877,0.06877288,1.0
56,28,-0.060092792,0.122342706,-0.073886424,1.0
56,29,-0.040476516,0.012044013,0.08456315,1.0
56,30,-0.07600028,0.086680055,-0.11587658,1.0
56,31,0.034507524,-0.002102673,0.059791565,1.0
56,32,0.034955263,0.047688127,-0.17147808,1.0
57,0,0.077343956,1.3894289,-0.22422428,1.0
57,1,0.08623892,1.4162405,-0.20235324,1.0
57,2,0.08644026,1.4153489,-0.19077535,1.0
57,3,0.08302667,1.418271,-0.1931384,1.0
57,4,0.059469525,1.4263175,-0.22856314,1.0
57,5,0.060794175,1.42313,-0.24783161,1.0
57,6,0.06529354,1.4147562,-0.219495,1.0
57,7,0.10674499,1.4137287,-0.071690336,1.0
57,8,-0.03592718,1.3689771,-0.12746894,1.0
57,9,0.098227695,1.3856664,-0.15923223,1.0
57,10,0.05996938,1.3500366,-0.20164014,1.0
57,11,0.10029298,1.2590973,0.13822344,1.0
57,12,-0.013399902,1.3286014,-0.05644308,1.0
57,13,0.05580485,1.0806978,0.14784211,1.0
57,14,-0.05252862,1.0292045,-0.19312273,1.0
57,15,0.039009687,0.9516438,0.15456194,1.0
57,16,-0.1300336,0.85886836,-0.2911047,1.0
57,17,0.021218866,0.93443525,0.15966694,1.0
57,18,-0.13838321,0.8436874,-0.34952003,1.0
57,19,0.006375316,0.9382019,0.14852713,1.0
57,20,-0.10643382,0.8514108,-0.34635365,1.0
57,21,0.037236035,0.9325268,0.15151876,1.0
57,22,-0.12541561,0.85279506,-0.29977146,1.0
57,23,0.03614785,0.7989518,0.10024939,1.0
57,24,-0.03457057,0.826139,-0.100935996,1.0
57,25,0.16376972,0.44254193,0.020238422,1.0
57,26,0.004061449,0.511359,-0.11015645,1.0
57,27,0.023787005,0.11483663,0.0720905,1.0
57,28,-0.08743982,0.113785625,-0.03241822,1.0
57,29,-0.012471826,0.08456957,0.08724036,1.0
57,30,-0.09381076,0.077286065,-0.07103486,1.0
57,31,0.038494963,0.0322634,0.064979725,1.0
57,32,0.00697173,0.041137278,-0.14810085,1.0
58,0,0.07996746,1.3866028,-0.23293893,1.0
58,1,0.08849138,1.4145888,-0.21122661,1.0
58,2,0.08914334,1.4136653,-0.19918418,1.0
58,3,0.08493076,1.4161394,-0.20146598,1.0
58,4,0.06269392,1.4253342,-0.23895884,1.0
58,5,0.063045576,1.4215884,-0.25927627,1.0
58,6,0.06799865,1.4135604,-0.22936058,1.0
58,7,0.10549065,1.4102505,-0.08064003,1.0
58,8,-0.036796045,1.3673961,-0.14501396,1.0
58,9,0.09917263,1.3827865,-0.16849886,1.0
58,10,0.05999069,1.3473115,-0.21310228,1.0
58,11,0.09846292,1.2560706,0.13179575,1.0
58,12,-0.013544555,1.3235629,-0.06699472,1.0
58,13,0.06837201,1.0936375,0.15711135,1.0
58,14,-0.05287984,1.0209687,-0.19366142,1.0
58,15,0.07761017,0.98619765,0.16607006,1.0
58,16,-0.14044194,0.8547561,-0.2879459,1.0
58,17,0.065250725,0.97327495,0.16959573,1.0
58,18,-0.14858134,0.84086275,-0.3455317,1.0
58,19,0.047937408,0.98231906,0.15838224,1.0
58,20,-0.121161774,0.84846425,-0.3433381,1.0
58,21,0.0751558,0.97051054,0.16168539,1.0
58,22,-0.13742241,0.8493055,-0.29706916,1.0
58,23,0.03852298,0.79522294,0.10004874,1.0
58,24,-0.036803413,0.8227318,-0.1010728,1.0
58,25,0.17896649,0.44269708,0.011656528,1.0
58,26,-0.022141196,0.5017992,-0.108281925,1.0
58,27,0.029102663,0.12927818,0.07522607,1.0
58,28,-0.11204059,0.109384716,-0.033742663,1.0
58,29,-0.008939847,0.1002354,0.09083536,1.0
58,30,-0.11647245,0.0722574,-0.072853684,1.0
58,31,0.048289202,0.047145307,0.06901984,1.0
58,32,-0.024488421,0.040429294,-0.15149099,1.0
59,0,0.080067925,1.3895378,-0.23452242,1.0
59,1,0.08836803,1.4168105,-0.21214625,1.0
59,2,0.089371495,1.4155966,-0.2000321,1.0
59,3,0.084431455,1.4181092,-0.20231779,1.0
59,4,0.063535966,1.4285858,-0.24104749,1.0
59,5,0.063089155,1.4241886,-0.26234555,1.0
59,6,0.06795374,1.4166486,-0.23117203,1.0
59,7,0.104129404,1.4089978,-0.0809862,1.0
59,8,-0.037237428,1.3690633,-0.14927705,1.0
59,9,0.09888006,1.384403,-0.16980052,1.0
59,10,0.058842983,1.350081,-0.21537319,1.0
59,11,0.09610469,1.2576948,0.12956426,1.0
59,12,-0.022541065,1.3219333,-0.06663621,1.0
59,13,0.10403424,1.136034,0.16156806,1.0
59,14,-0.0651628,1.0205863,-0.17530659,1.0
59,15,0.09669511,1.1157184,0.16746725,1.0
59,16,-0.1647946,0.8557387,-0.24971199,1.0
59,17,0.08138432,1.1224765,0.16767947,1.0
59,18,-0.17091544,0.84023273,-0.30106232,1.0
59,19,0.057760373,1.1458898,0.15857917,1.0
59,20,-0.15280633,0.84770936,-0.3033386,1.0
59,21,0.091733396,1.1105326,0.16302945,1.0
59,22,-0.16416344,0.84983504,-0.25914174,1.0
59,23,0.039317343,0.79429084,0.09981463,1.0
59,24,-0.0372543,0.82255083,-0.10091945,1.0
59,25,0.17381334,0.44645143,0.0012312755,1.0
59,26,-0.03264061,0.49503776,-0.10651952,1.0
59,27,0.029150859,0.12967128,0.07428448,1.0
59,28,-0.12914336,0.1036582,-0.040614076,1.0
59,29,-0.009257317,0.10001886,0.09197475,1.0
59,30,-0.13403608,0.06750065,-0.08206406,1.0
59,31,0.058002118,0.05314964,0.06863302,1.0
59,32,-0.04313551,0.040560663,-0.16842687,1.0
60,0,0.07908296,1.3958921,-0.2318464,1.0
60,1,0.08914336,1.4239674,-0.20789407,1.0
60,2,0.08945513,1.4219961,-0.19608559,1.0
60,3,0.084405035,1.4257665,-0.19847326,1.0
60,4,0.0635421,1.4362178,-0.23752418,1.0
60,5,0.06304148,1.4325203,-0.25998396,1.0
60,6,0.066963315,1.4246514,-0.2285851,1.0
60,7,0.10330983,1.4134797,-0.07576747,1.0
60,8,-0.037776165,1.3809917,-0.14856717,1.0
60,9,0.09876445,1.3917794,-0.16783619,1.0
60,10,0.05745318,1.3588645,-0.21392272,1.0
60,11,0.09408192,1.2645843,0.12988028,1.0
60,12,-0.033708435,1.3273597,-0.06413391,1.0
60,13,0.10316223,1.1076617,0.1538865,1.0
60,14,-0.06735012,1.0257056,-0.17788287,1.0
60,15,0.09488401,0.9448093,0.13460322,1.0
60,16,-0.16910748,0.86232424,-0.2549425,1.0
60,17,0.08161703,0.9135052,0.13441965,1.0
60,18,-0.17643413,0.84794194,-0.3088883,1.0
60,19,0.061791003,0.91429824,0.1191748,1.0
60,20,-0.15788294,0.85643137,-0.30879682,1.0
60,21,0.08821616,0.92217886,0.1275113,1.0
60,22,-0.16809839,0.8553922,-0.26127315,1.0
60,23,0.04204326,0.7991369,0.09893401,1.0
60,24,-0.040142234,0.82798237,-0.09967872,1.0
60,25,0.17136404,0.4528405,-0.014250438,1.0
60,26,-0.03787823,0.4921019,-0.10660454,1.0
60,27,0.026738148,0.131814,0.074260555,1.0
60,28,-0.15348564,0.09684408,-0.049853977,1.0
60,29,-0.011002552,0.10027486,0.09363924,1.0
60,30,-0.15949005,0.06311995,-0.094371095,1.0
60,31,0.071953766,0.06134349,0.07008959,1.0
60,32,-0.06559928,0.04312378,-0.18469124,1.0
61,0,0.07872117,1.4027295,-0.22063175,1.0
61,1,0.09016601,1.4306116,-0.19610426,1.0
61,2,0.0889183,1.4275514,-0.18524747,1.0
61,3,0.08417962,1.4336312,-0.18860699,1.0
61,4,0.062775254,1.4433011,-0.22650518,1.0
61,5,0.06334743,1.4414393,-0.2492899,1.0
61,6,0.06522114,1.4330986,-0.22001098,1.0
61,7,0.10061399,1.4175164,-0.06447803,1.0
61,8,-0.039278585,1.391804,-0.14286177,1.0
61,9,0.09622925,1.3991475,-0.15886907,1.0
61,10,0.0545177,1.367955,-0.20533107,1.0
61,11,0.087560214,1.2694659,0.13095106,1.0
61,12,-0.042608947,1.3329761,-0.059872396,1.0
61,13,0.09454831,1.0834795,0.15424606,1.0
61,14,-0.07056266,1.0313367,-0.17857364,1.0
61,15,0.08852756,0.8950681,0.13620016,1.0
61,16,-0.17383222,0.87562627,-0.2893498,1.0
61,17,0.075062744,0.85792243,0.13729225,1.0
61,18,-0.18251006,0.86617714,-0.35224447,1.0
61,19,0.060160823,0.856743,0.120826855,1.0
61,20,-0.16475113,0.87862396,-0.3502685,1.0
61,21,0.08194879,0.87016857,0.129406,1.0
61,22,-0.17311348,0.8697076,-0.29762617,1.0
61,23,0.042062152,0.80331856,0.098056935,1.0
61,24,-0.042019196,0.8322439,-0.09864736,1.0
61,25,0.16046762,0.45497948,-0.0086808065,1.0
61,26,-0.046305656,0.49060616,-0.10375206,1.0
61,27,0.026060758,0.12682277,0.081132375,1.0
61,28,-0.16553263,0.09134561,-0.049531657,1.0
61,29,-0.0093370825,0.09192538,0.102244385,1.0
61,30,-0.171639,0.06144929,-0.09421743,1.0
61,31,0.0900417,0.06316167,0.0736831,1.0
61,32,-0.07055992,0.04548168,-0.18365479,1.0
62,0,0.07854721,1.3998319,-0.21148442,1.0
62,1,0.09196092,1.4239278,-0.18709129,1.0
62,2,0.08872152,1.419363,-0.17874613,1.0
62,3,0.084613994,1.4298354,-0.18359336,1.0
62,4,0.06185825,1.4383497,-0.21770014,1.0
62,5,0.0649754,1.439599,-0.2392984,1.0
62,6,0.0637267,1.4311571,-0.21488142,1.0
62,7,0.10090623,1.4095156,-0.052909017,1.0
62,8,-0.040608928,1.3938923,-0.1364572,1.0
62,9,0.09531272,1.39469,-0.152551,1.0
62,10,0.053054363,1.3677423,-0.19799727,1.0
62,11,0.085097454,1.260102,0.13177265,1.0
62,12,-0.047293857,1.3296528,-0.057167515,1.0
62,13,0.09205793,1.071959,0.16182475,1.0
62,14,-0.070611134,1.0354843,-0.19741982,1.0
62,15,0.09119143,0.8791415,0.15105861,1.0
62,16,-0.17266785,0.88850695,-0.35333425,1.0
62,17,0.075446434,0.83767265,0.1555454,1.0
62,18,-0.18245582,0.8792861,-0.4237705,1.0
62,19,0.064272694,0.83750206,0.13530737,1.0
62,20,-0.16415228,0.89599633,-0.41865295,1.0
62,21,0.08403168,0.8512183,0.14318055,1.0
62,22,-0.17199565,0.88112503,-0.36189955,1.0
62,23,0.04210609,0.79742485,0.0979894,1.0
62,24,-0.047341447,0.82449114,-0.09853098,1.0
62,25,0.15967926,0.44775572,-0.005018069,1.0
62,26,-0.04724323,0.4789099,-0.10183926,1.0
62,27,0.033554908,0.11898112,0.086437665,1.0
62,28,-0.17550568,0.077133715,-0.04788042,1.0
62,29,0.0017167544,0.082828104,0.108899176,1.0
62,30,-0.18266688,0.05392641,-0.09152788,1.0
62,31,0.101934634,0.06029129,0.074124545,1.0
62,32,-0.081525385,0.037284374,-0.1835865,1.0
63,0,0.0795681,1.3582141,-0.20097832,1.0
63,1,0.09187,1.3715831,-0.17840575,1.0
63,2,0.088002846,1.3647923,-0.17578545,1.0
63,3,0.08269068,1.3836112,-0.18268253,1.0
63,4,0.059424017,1.3893919,-0.20926674,1.0
63,5,0.06671852,1.3932618,-0.22601706,1.0
63,6,0.062238637,1.3877742,-0.20888467,1.0
63,7,0.09917706,1.3619182,-0.03964395,1.0
63,8,-0.042864934,1.3565853,-0.12881052,1.0
63,9,0.09376182,1.3462474,-0.14575134,1.0
63,10,0.05229696,1.3272936,-0.19075364,1.0
63,11,0.078404166,1.2035534,0.13503237,1.0
63,12,-0.049922127,1.2853806,-0.053905386,1.0
63,13,0.0783828,1.0254436,0.18148252,1.0
63,14,-0.06603328,0.99367553,-0.21310805,1.0
63,15,0.08266715,0.8144054,0.19089592,1.0
63,16,-0.1711199,0.85978615,-0.38707253,1.0
63,17,0.060705505,0.7715754,0.1978361,1.0
63,18,-0.18241878,0.8534456,-0.45811373,1.0
63,19,0.06145353,0.7677112,0.1768448,1.0
63,20,-0.16617805,0.8825135,-0.45009074,1.0
63,21,0.076631196,0.778002,0.1793384,1.0
63,22,-0.17231803,0.8547548,-0.39618713,1.0
63,23,0.040656503,0.75389844,0.09932595,1.0
63,24,-0.05665915,0.7762074,-0.09910793,1.0
63,25,0.15345636,0.39659458,0.0041102846,1.0
63,26,-0.04221255,0.42853358,-0.09771255,1.0
63,27,0.037197314,0.061078787,0.08999146,1.0
63,28,-0.18205924,0.021665812,-0.048613988,1.0
63,29,0.013361822,0.020796716,0.114584655,1.0
63,30,-0.19065697,0.007408738,-0.0874516,1.0
63,31,0.116570495,0.013499558,0.07056729,1.0
63,32,-0.08542922,-0.014154434,-0.1874696,1.0
64,0,0.07828508,1.3752464,-0.1920725,1.0
64,1,0.084550664,1.4107469,-0.1702631,1.0
64,2,0.09124572,1.4117575,-0.15875337,1.0
64,3,0.08498363,1.4196079,-0.15825163,1.0
64,4,0.059569918,1.4216871,-0.1969731,1.0
64,5,0.065676436,1.4273376,-0.22079594,1.0
64,6,0.06785679,1.4062731,-0.19530751,1.0
64,7,0.101722255,1.4056108,-0.045205653,1.0
64,8,-0.03803171,1.3662654,-0.12689617,1.0
64,9,0.094916515,1.3829541,-0.1372427,1.0
64,10,0.05258092,1.343621,-0.18102942,1.0
64,11,0.07728191,1.2493808,0.13969128,1.0
64,12,-0.058312625,1.3224123,-0.047430586,1.0
64,13,0.078264594,1.0410622,0.20089424,1.0
64,14,-0.0694107,1.0386904,-0.21554281,1.0
64,15,0.07725962,0.84826785,0.21255048,1.0
64,16,-0.17368758,0.90906787,-0.3731837,1.0
64,17,0.06389313,0.8081392,0.22414938,1.0
64,18,-0.18362035,0.8881527,-0.4415797,1.0
64,19,0.05112985,0.80809367,0.20034891,1.0
64,20,-0.16426931,0.9074716,-0.43846655,1.0
64,21,0.07876601,0.8162561,0.20118882,1.0
64,22,-0.17288177,0.90374184,-0.38572085,1.0
64,23,0.04307971,0.77012885,0.09713493,1.0
64,24,-0.041770454,0.80562174,-0.097075,1.0
64,25,0.13577116,0.42367157,0.023031797,1.0
64,26,-0.049045492,0.44728372,-0.10081314,1.0
64,27,0.046780664,0.07123995,0.10986876,1.0
64,28,-0.1998274,0.045581996,-0.033004,1.0
64,29,0.02128984,0.011778355,0.12721223,1.0
64,30,-0.20556216,0.024457037,-0.08332573,1.0
64,31,0.13518962,0.021823227,0.09028977,1.0
64,32,-0.10634169,0.005645752,-0.17695658,1.0
65,0,0.0808866,1.431185,-0.19222513,1.0
65,1,0.08910683,1.4675972,-0.16961233,1.0
65,2,0.09342657,1.4608684,-0.15580148,1.0
65,3,0.08703113,1.4724061,-0.16074878,1.0
65,4,0.06594194,1.4707522,-0.19815056,1.0
65,5,0.06857212,1.4782224,-0.22123273,1.0
65,6,0.069900244,1.4626684,-0.1915711,1.0
65,7,0.09771682,1.4623172,-0.044040628,1.0
65,8,-0.033601187,1.4226922,-0.124784775,1.0
65,9,0.09638585,1.4306214,-0.13067584,1.0
65,10,0.056503963,1.3941915,-0.17906474,1.0
65,11,0.07859875,1.3040326,0.14473185,1.0
65,12,-0.05072457,1.3741418,-0.055423196,1.0
65,13,0.07637027,1.1211318,0.19552901,1.0
65,14,-0.072781555,1.1012648,-0.23097691,1.0
65,15,0.09635099,0.9722851,0.18533361,1.0
65,16,-0.17208895,0.9623132,-0.38118035,1.0
65,17,0.086871,0.94156295,0.18805122,1.0
65,18,-0.18228978,0.94283205,-0.44815528,1.0
65,19,0.082125664,0.941709,0.16507998,1.0
65,20,-0.16060638,0.9627774,-0.44518664,1.0
65,21,0.09790042,0.94476867,0.17270096,1.0
65,22,-0.16866387,0.96020293,-0.3909317,1.0
65,23,0.04142886,0.81624013,0.09634756,1.0
65,24,-0.040767536,0.8509266,-0.09742721,1.0
65,25,0.10986253,0.4578771,0.04399954,1.0
65,26,-0.031127717,0.48951843,-0.098299526,1.0
65,27,0.044142384,0.09513861,0.13027796,1.0
65,28,-0.19971895,0.091196716,-0.033095844,1.0
65,29,0.014099717,0.044350147,0.14446431,1.0
65,30,-0.21250926,0.0655334,-0.07681178,1.0
65,31,0.122344896,0.044959247,0.12186793,1.0
65,32,-0.11593968,0.04592502,-0.16068444,1.0
66,0,0.08915559,1.4356414,-0.18221109,1.0
66,1,0.09699031,1.4697506,-0.16023779,1.0
66,2,0.0996053,1.4618157,-0.14649841,1.0
66,3,0.093896,1.473167,-0.15302418,1.0
66,4,0.074621335,1.4718436,-0.18803479,1.0
66,5,0.07630822,1.477292,-0.21030284,1.0
66,6,0.078021206,1.4658893,-0.17980106,1.0
66,7,0.10183715,1.4657583,-0.03519643,1.0
66,8,-0.021828985,1.4255964,-0.1084153,1.0
66,9,0.10648883,1.4326549,-0.11801473,1.0
66,10,0.06815813,1.396606,-0.16596195,1.0
66,11,0.088426575,1.3054245,0.158154,1.0
66,12,-0.025111953,1.3775243,-0.048478432,1.0
66,13,0.07554614,1.1192931,0.19340216,1.0
66,14,-0.0722819,1.1102842,-0.21875125,1.0
66,15,0.13615274,0.97166204,0.17805752,1.0
66,16,-0.16020054,0.9679036,-0.3599983,1.0
66,17,0.13655524,0.94184893,0.17631866,1.0
66,18,-0.16837451,0.9510027,-0.4259936,1.0
66,19,0.1372389,0.9393973,0.1525108,1.0
66,20,-0.13539672,0.9683927,-0.4233984,1.0
66,21,0.14092238,0.94383883,0.16392227,1.0
66,22,-0.15354024,0.9665604,-0.36704695,1.0
66,23,0.040146194,0.82245433,0.09655129,1.0
66,24,-0.04029605,0.85506946,-0.09700434,1.0
66,25,0.11000334,0.46187827,0.04096468,1.0
66,26,0.017840125,0.491004,-0.10153612,1.0
66,27,0.058118127,0.0958941,0.12800373,1.0
66,28,-0.18931383,0.09741557,-0.016484857,1.0
66,29,0.027811697,0.049920797,0.14158323,1.0
66,30,-0.20336738,0.06793851,-0.052404266,1.0
66,31,0.12055849,0.030320048,0.11867448,1.0
66,32,-0.11039189,0.04788387,-0.11123069,1.0
67,0,0.09205879,1.432792,-0.18453299,1.0
67,1,0.09982929,1.4642688,-0.16300732,1.0
67,2,0.1013235,1.4572763,-0.15006138,1.0
67,3,0.0963143,1.4674335,-0.1559137,1.0
67,4,0.076284565,1.4672999,-0.19057253,1.0
67,5,0.07847471,1.4702852,-0.21221514,1.0
67,6,0.08025202,1.4613721,-0.18241107,1.0
67,7,0.10761708,1.4632182,-0.034829736,1.0
67,8,-0.015723683,1.4188554,-0.10593098,1.0
67,9,0.112146586,1.429632,-0.1194614,1.0
67,10,0.0736362,1.3935672,-0.16781023,1.0
67,11,0.10476982,1.3018383,0.15713488,1.0
67,12,-0.005808515,1.3751454,-0.04680738,1.0
67,13,0.08879413,1.1100441,0.18441372,1.0
67,14,-0.06687524,1.1088047,-0.21788225,1.0
67,15,0.17772657,0.96735096,0.15381438,1.0
67,16,-0.1493741,0.9727583,-0.35647714,1.0
67,17,0.18247916,0.93697,0.15138026,1.0
67,18,-0.15850446,0.95961493,-0.42194754,1.0
67,19,0.18398514,0.93369627,0.12718955,1.0
67,20,-0.122838244,0.9761383,-0.41830754,1.0
67,21,0.18448687,0.9396193,0.13992596,1.0
67,22,-0.14313817,0.9722456,-0.36415577,1.0
67,23,0.038228348,0.8210607,0.09689677,1.0
67,24,-0.038665045,0.8523096,-0.09635909,1.0
67,25,0.09818185,0.4584835,0.040096976,1.0
67,26,0.05303939,0.48688075,-0.111630104,1.0
67,27,0.053522564,0.08904445,0.12604183,1.0
67,28,-0.17187415,0.107387245,-0.014436226,1.0
67,29,0.022923019,0.0450027,0.14045635,1.0
67,30,-0.1948227,0.0764364,-0.046903446,1.0
67,31,0.118564345,0.018056452,0.12685198,1.0
67,32,-0.10563272,0.046345532,-0.09268642,1.0
68,0,0.09287829,1.4306437,-0.19366172,1.0
68,1,0.101020664,1.4593627,-0.17259815,1.0
68,2,0.10180947,1.4539775,-0.16131781,1.0
68,3,0.09757512,1.4628394,-0.16588448,1.0
68,4,0.07589288,1.4638343,-0.19726987,1.0
68,5,0.079031266,1.4650096,-0.21813147,1.0
68,6,0.080506444,1.4571086,-0.18977137,1.0
68,7,0.11527048,1.4627712,-0.044346854,1.0
68,8,-0.012828263,1.4134135,-0.10745193,1.0
68,9,0.11493708,1.4296749,-0.12849729,1.0
68,10,0.07567956,1.3921624,-0.17266195,1.0
68,11,0.114710644,1.3020335,0.1526829,1.0
68,12,0.004471548,1.3751013,-0.04648943,1.0
68,13,0.10845839,1.1050786,0.16599946,1.0
68,14,-0.06554149,1.1028367,-0.21460819,1.0
68,15,0.18900362,0.96562755,0.13150989,1.0
68,16,-0.14980169,0.97175676,-0.3501881,1.0
68,17,0.19072478,0.93545437,0.13056736,1.0
68,18,-0.15990977,0.96381265,-0.41299978,1.0
68,19,0.19039972,0.9316671,0.10765431,1.0
68,20,-0.123533316,0.9812757,-0.4109178,1.0
68,21,0.19546983,0.9377427,0.1193616,1.0
68,22,-0.14484768,0.972292,-0.35751745,1.0
68,23,0.03123795,0.82157475,0.09728566,1.0
68,24,-0.031247623,0.8525166,-0.09584926,1.0
68,25,0.035720136,0.44596052,0.041199535,1.0
68,26,0.11024341,0.49126682,-0.12440851,1.0
68,27,0.010641125,0.07281721,0.12358568,1.0
68,28,-0.10255416,0.1355629,-0.012329239,1.0
68,29,-0.014392656,0.029743254,0.13870199,1.0
68,30,-0.12580994,0.10551447,-0.040827643,1.0
68,31,0.077413544,0.014513493,0.12967661,1.0
68,32,-0.054247905,0.058127224,-0.060808808,1.0
69,0,0.09434986,1.4331977,-0.20886694,1.0
69,1,0.102342494,1.4603529,-0.18778749,1.0
69,2,0.10275525,1.4564188,-0.17760515,1.0
69,3,0.09925248,1.4640539,-0.18079653,1.0
69,4,0.07598093,1.4668353,-0.21214803,1.0
69,5,0.08006486,1.4666917,-0.23258932,1.0
69,6,0.08124413,1.4590721,-0.20547818,1.0
69,7,0.117388494,1.4658015,-0.05838693,1.0
69,8,-0.012200393,1.4151185,-0.11671775,1.0
69,9,0.11640639,1.4335287,-0.14401898,1.0
69,10,0.077049784,1.3951919,-0.18787746,1.0
69,11,0.11583446,1.3074,0.14128569,1.0
69,12,0.0076294527,1.378868,-0.057876516,1.0
69,13,0.11524585,1.107931,0.1583548,1.0
69,14,-0.0654474,1.1087877,-0.22429101,1.0
69,15,0.19141889,0.96989965,0.13481234,1.0
69,16,-0.14972827,0.97487664,-0.35651973,1.0
69,17,0.19212173,0.94300616,0.13413118,1.0
69,18,-0.15981242,0.96524024,-0.41907382,1.0
69,19,0.19115427,0.9396592,0.11199631,1.0
69,20,-0.12271889,0.981005,-0.41786712,1.0
69,21,0.19844684,0.9417237,0.12367621,1.0
69,22,-0.1451297,0.97409374,-0.3646352,1.0
69,23,0.025057994,0.8232203,0.09831502,1.0
69,24,-0.024843069,0.85421526,-0.096191384,1.0
69,25,-0.0013929565,0.4463197,0.056749597,1.0
69,26,0.13080937,0.5018126,-0.13063738,1.0
69,27,-0.004534178,0.07412648,0.13458434,1.0
69,28,-0.08029287,0.14367849,-0.034428056,1.0
69,29,-0.023190994,0.031003654,0.1500767,1.0
69,30,-0.101584814,0.111775935,-0.06242019,1.0
69,31,0.08155329,0.017620564,0.15816592,1.0
69,32,-0.008326055,0.0686025,-0.081690826,1.0
70,0,0.09423246,1.4368312,-0.21978538,1.0
70,1,0.101827696,1.4628725,-0.19792092,1.0
70,2,0.10207616,1.4601825,-0.18848757,1.0
70,3,0.09927165,1.4668323,-0.19072573,1.0
70,4,0.07458913,1.4708904,-0.22363435,1.0
70,5,0.07938408,1.4699883,-0.24399848,1.0
70,6,0.08036596,1.4619434,-0.21793416,1.0
70,7,0.11622579,1.468797,-0.06590914,1.0
70,8,-0.013522497,1.4185896,-0.12557766,1.0
70,9,0.114547715,1.4373214,-0.15493232,1.0
70,10,0.07662068,1.3989934,-0.20006001,1.0
70,11,0.11331144,1.3127209,0.13657321,1.0
70,12,0.0030088294,1.3821995,-0.063678525,1.0
70,13,0.11544233,1.1111767,0.14643788,1.0
70,14,-0.083408736,1.1105673,-0.222585,1.0
70,15,0.18366691,0.9753684,0.11465404,1.0
70,16,-0.16004722,0.97496754,-0.3479804,1.0
70,17,0.18326841,0.95136493,0.11233705,1.0
70,18,-0.16619405,0.9675694,-0.4082132,1.0
70,19,0.17941383,0.9497319,0.09162275,1.0
70,20,-0.12582564,0.9803176,-0.40887314,1.0
70,21,0.18947162,0.9480509,0.104444705,1.0
70,22,-0.15381442,0.9727991,-0.3562703,1.0
70,23,0.021943955,0.8268381,0.09937043,1.0
70,24,-0.021633303,0.8573539,-0.09676017,1.0
70,25,-0.009186543,0.44733995,0.06751755,1.0
70,26,0.13710913,0.51373965,-0.13122703,1.0
70,27,-0.017440084,0.07410413,0.14473398,1.0
70,28,-0.07425751,0.15054792,-0.04042087,1.0
70,29,-0.03415774,0.030422091,0.1608598,1.0
70,30,-0.094614305,0.11730242,-0.068260215,1.0
70,31,0.07968472,0.025567472,0.17226942,1.0
70,32,0.0106361285,0.08174825,-0.09017407,1.0
71,0,0.09078311,1.4424901,-0.22705378,1.0
71,1,0.09904676,1.4675313,-0.20528923,1.0
71,2,0.09920096,1.4659908,-0.19600882,1.0
71,3,0.09676838,1.4717388,-0.1977147,1.0
71,4,0.07083378,1.4766397,-0.23177052,1.0
71,5,0.07599434,1.4754654,-0.2518705,1.0
71,6,0.076883204,1.4665122,-0.22665288,1.0
71,7,0.11469394,1.4739043,-0.07096126,1.0
71,8,-0.020711819,1.4243522,-0.13419081,1.0
71,9,0.110982336,1.4430271,-0.16251433,1.0
71,10,0.07223029,1.4048629,-0.20875102,1.0
71,11,0.111708306,1.3211892,0.13073389,1.0
71,12,-0.0069471356,1.3866371,-0.071004085,1.0
71,13,0.11868124,1.1167064,0.13257596,1.0
71,14,-0.090429984,1.111293,-0.22285551,1.0
71,15,0.17725572,0.98165935,0.08788003,1.0
71,16,-0.17387846,0.97323537,-0.34278792,1.0
71,17,0.17567009,0.95768744,0.08593472,1.0
71,18,-0.18363175,0.9610063,-0.40060887,1.0
71,19,0.17138813,0.9571301,0.06387447,1.0
71,20,-0.1439575,0.9729908,-0.4020072,1.0
71,21,0.1821528,0.9543368,0.077126645,1.0
71,22,-0.16916049,0.96899664,-0.3501614,1.0
71,23,0.022161916,0.8314165,0.1001884,1.0
71,24,-0.021809839,0.8610014,-0.09726406,1.0
71,25,-0.0080346875,0.45211127,0.07956819,1.0
71,26,0.15800898,0.5218705,-0.13954204,1.0
71,27,-0.028288575,0.08162069,0.17410274,1.0
71,28,-0.077080145,0.17735022,-0.02944264,1.0
71,29,-0.047726702,0.038012087,0.19246307,1.0
71,30,-0.101370685,0.14732432,-0.05236818,1.0
71,31,0.039159063,0.032336235,0.20278843,1.0
71,32,-0.003207428,0.08813256,-0.056862466,1.0
72,0,0.08129785,1.4487064,-0.23514524,1.0
72,1,0.09002911,1.4724613,-0.2141177,1.0
72,2,0.09006568,1.4720247,-0.20457736,1.0
72,3,0.087882355,1.4769225,-0.20598963,1.0
72,4,0.06157054,1.4822352,-0.24054842,1.0
72,5,0.06678417,1.4810445,-0.2605249,1.0
72,6,0.06786308,1.4710228,-0.23605637,1.0
72,7,0.10531274,1.4776266,-0.080457225,1.0
72,8,-0.032946184,1.4286513,-0.14609945,1.0
72,9,0.10030624,1.4487097,-0.17174016,1.0
72,10,0.06180441,1.410544,-0.21884738,1.0
72,11,0.109541826,1.3260307,0.11587535,1.0
72,12,-0.025268221,1.3898938,-0.081450686,1.0
72,13,0.120626055,1.1198657,0.119020715,1.0
72,14,-0.09450524,1.104636,-0.22690159,1.0
72,15,0.17166147,0.98296535,0.083211645,1.0
72,16,-0.19113699,0.95790744,-0.34264764,1.0
72,17,0.16375719,0.9595969,0.08441835,1.0
72,18,-0.20621331,0.94449955,-0.3988273,1.0
72,19,0.15184142,0.95920384,0.0616488,1.0
72,20,-0.1711548,0.9548814,-0.40145615,1.0
72,21,0.17198426,0.95643616,0.07245469,1.0
72,22,-0.18921328,0.9523674,-0.34978476,1.0
72,23,0.022780206,0.8351753,0.100468166,1.0
72,24,-0.02257758,0.86329037,-0.097505905,1.0
72,25,-0.020442149,0.4556639,0.081226915,1.0
72,26,0.15406583,0.5241002,-0.13886356,1.0
72,27,-0.04540178,0.08710456,0.1764103,1.0
72,28,-0.08639355,0.18834257,-0.018451585,1.0
72,29,-0.065807,0.043000102,0.19478048,1.0
72,30,-0.10690947,0.15975958,-0.040363073,1.0
72,31,0.011983664,0.0353117,0.19859208,1.0
72,32,-0.05052233,0.092228055,-0.04916301,1.0
73,0,0.070158824,1.4481754,-0.23371354,1.0
73,1,0.07666002,1.4684228,-0.2136288,1.0
73,2,0.077104494,1.4688885,-0.20373936,1.0
73,3,0.07449108,1.4729538,-0.20495662,1.0
73,4,0.05250282,1.4808433,-0.24033147,1.0
73,5,0.05730876,1.4790003,-0.26018423,1.0
73,6,0.058292434,1.4685178,-0.23583643,1.0
73,7,0.08946406,1.4605895,-0.083492845,1.0
73,8,-0.042634595,1.4249117,-0.15122995,1.0
73,9,0.08493369,1.4445908,-0.17112684,1.0
73,10,0.049006164,1.4089785,-0.21935953,1.0
73,11,0.09437188,1.3127527,0.10694212,1.0
73,12,-0.041578796,1.3845627,-0.08009246,1.0
73,13,0.14441276,1.1741307,0.123460785,1.0
73,14,-0.09403383,1.1025388,-0.21266909,1.0
73,15,0.13362946,1.2787709,0.112012975,1.0
73,16,-0.20810027,0.9465983,-0.28711846,1.0
73,17,0.10053057,1.3178735,0.11820669,1.0
73,18,-0.22556876,0.9354,-0.32588562,1.0
73,19,0.081859745,1.3394846,0.12082456,1.0
73,20,-0.20107709,0.93592465,-0.32822025,1.0
73,21,0.12817673,1.2753018,0.11287365,1.0
73,22,-0.21080893,0.93731654,-0.29072198,1.0
73,23,0.020991083,0.83464116,0.09973745,1.0
73,24,-0.020692203,0.8621636,-0.09716639,1.0
73,25,-0.027368225,0.45612052,0.07694239,1.0
73,26,0.15122376,0.526296,-0.13045825,1.0
73,27,-0.05809177,0.08910686,0.17485774,1.0
73,28,-0.08806978,0.19757873,-0.0077622924,1.0
73,29,-0.08031727,0.04654038,0.19288763,1.0
73,30,-0.11088925,0.16857845,-0.030796057,1.0
73,31,-0.0103079565,0.035044968,0.19580269,1.0
73,32,-0.057103183,0.10122311,-0.047495503,1.0
74,0,0.06041818,1.4502645,-0.23230109,1.0
74,1,0.06853064,1.4694998,-0.21198149,1.0
74,2,0.06894082,1.4709561,-0.20210606,1.0
74,3,0.066433564,1.4752907,-0.20326956,1.0
74,4,0.04382339,1.4831951,-0.23876728,1.0
74,5,0.04852508,1.4811293,-0.25943038,1.0
74,6,0.049412787,1.4699852,-0.23490068,1.0
74,7,0.08097998,1.4617937,-0.08241206,1.0
74,8,-0.05219456,1.4268823,-0.15072738,1.0
74,9,0.073894516,1.4465437,-0.16991726,1.0
74,10,0.03851426,1.4113029,-0.2183989,1.0
74,11,0.0886074,1.3150337,0.10449356,1.0
74,12,-0.060138866,1.3861517,-0.078042395,1.0
74,13,0.14671266,1.1795932,0.089982636,1.0
74,14,-0.11086895,1.100133,-0.21224387,1.0
74,15,0.14827003,1.2292604,0.03431434,1.0
74,16,-0.21402396,0.947438,-0.29561475,1.0
74,17,0.12031211,1.2503792,0.025471494,1.0
74,18,-0.22795606,0.9373236,-0.33970892,1.0
74,19,0.09565323,1.2698543,0.020589955,1.0
74,20,-0.20243225,0.94030905,-0.34375453,1.0
74,21,0.14234357,1.2202995,0.028451718,1.0
74,22,-0.21522322,0.94054943,-0.30011466,1.0
74,23,0.021445658,0.83683443,0.0989657,1.0
74,24,-0.020701332,0.86419827,-0.0966951,1.0
74,25,-0.030191157,0.4630588,0.07503887,1.0
74,26,0.1503011,0.53058183,-0.12984717,1.0
74,27,-0.07162572,0.09402335,0.16855942,1.0
74,28,-0.09102614,0.20769203,0.0058047497,1.0
74,29,-0.095572084,0.051931143,0.18747254,1.0
74,30,-0.115376264,0.18034995,-0.01680408,1.0
74,31,-0.022656895,0.03730309,0.18680872,1.0
74,32,-0.07269064,0.110348284,-0.034617256,1.0
75,0,0.055952642,1.4512253,-0.22852452,1.0
75,1,0.06677014,1.4706088,-0.20740557,1.0
75,2,0.06640008,1.4725735,-0.1974091,1.0
75,3,0.06448443,1.4772215,-0.1987586,1.0
75,4,0.04096518,1.4847492,-0.23356314,1.0
75,5,0.045585364,1.4830446,-0.2542682,1.0
75,6,0.0464718,1.4713494,-0.23062682,1.0
75,7,0.07692801,1.4639769,-0.07858971,1.0
75,8,-0.055873957,1.4297724,-0.14804421,1.0
75,9,0.06855082,1.44857,-0.16671966,1.0
75,10,0.034314163,1.4133366,-0.21514514,1.0
75,11,0.07568446,1.3190976,0.106930315,1.0
75,12,-0.06355975,1.3877115,-0.07673184,1.0
75,13,0.0993486,1.128732,0.093749486,1.0
75,14,-0.109944694,1.0937462,-0.21219745,1.0
75,15,0.088336825,0.9388917,0.08232912,1.0
75,16,-0.2181057,0.9430709,-0.30094936,1.0
75,17,0.06931208,0.90046823,0.09183513,1.0
75,18,-0.23547383,0.9376911,-0.34874856,1.0
75,19,0.052805997,0.89068377,0.07418652,1.0
75,20,-0.20865683,0.94162595,-0.35161895,1.0
75,21,0.08421419,0.90527415,0.07458857,1.0
75,22,-0.21980941,0.9386448,-0.30543524,1.0
75,23,0.022003718,0.8392951,0.098635785,1.0
75,24,-0.020828936,0.86561507,-0.09653262,1.0
75,25,-0.034308467,0.46515408,0.07827368,1.0
75,26,0.16314103,0.53374094,-0.13016535,1.0
75,27,-0.08066612,0.09378326,0.17043805,1.0
75,28,-0.08936778,0.21160626,0.014275413,1.0
75,29,-0.10508991,0.050690413,0.19026175,1.0
75,30,-0.11588036,0.18512571,-0.009123625,1.0
75,31,-0.03594698,0.035381734,0.18800792,1.0
75,32,-0.07137051,0.11250144,-0.022268161,1.0
76,0,0.054011863,1.4505751,-0.22950444,1.0
76,1,0.06654112,1.4705737,-0.20804633,1.0
76,2,0.06555166,1.4723557,-0.19822127,1.0
76,3,0.063863434,1.4769113,-0.19951631,1.0
76,4,0.03972495,1.484692,-0.23431115,1.0
76,5,0.044628084,1.4829171,-0.25490868,1.0
76,6,0.04546643,1.4713564,-0.23194699,1.0
76,7,0.075930744,1.4652364,-0.07925027,1.0
76,8,-0.05709795,1.4334717,-0.14743018,1.0
76,9,0.06604652,1.4484601,-0.16720901,1.0
76,10,0.032290142,1.4137923,-0.21548642,1.0
76,11,0.07124333,1.3231136,0.10628587,1.0
76,12,-0.067762464,1.3882785,-0.0760594,1.0
76,13,0.09021885,1.1185845,0.104289025,1.0
76,14,-0.11093083,1.0871931,-0.21220312,1.0
76,15,0.07936824,0.90956575,0.084536985,1.0
76,16,-0.23117547,0.94054854,-0.30292258,1.0
76,17,0.06370726,0.8712356,0.099350706,1.0
76,18,-0.25223795,0.938212,-0.35032532,1.0
76,19,0.0504122,0.86290246,0.07953662,1.0
76,20,-0.22890149,0.94272363,-0.35175553,1.0
76,21,0.076994255,0.87699866,0.07716241,1.0
76,22,-0.23552425,0.9380619,-0.30579638,1.0
76,23,0.02245176,0.8394815,0.097978026,1.0
76,24,-0.021082707,0.8649266,-0.09619406,1.0
76,25,-0.030431319,0.4651125,0.08366373,1.0
76,26,0.1616803,0.5362077,-0.12289464,1.0
76,27,-0.08872544,0.0965575,0.17316368,1.0
76,28,-0.07436912,0.20649719,0.012385625,1.0
76,29,-0.11323805,0.053408146,0.19365641,1.0
76,30,-0.0982326,0.18072027,-0.013902064,1.0
76,31,-0.03800117,0.04272759,0.18667538,1.0
76,32,-0.023107974,0.11225915,-0.03383403,1.0
77,0,0.05539126,1.4534521,-0.22757019,1.0
77,1,0.06800473,1.4746671,-0.20514034,1.0
77,2,0.06649085,1.4759471,-0.19533378,1.0
77,3,0.06479584,1.480551,-0.19673398,1.0
77,4,0.040656246,1.4891412,-0.23143373,1.0
77,5,0.04600943,1.4875381,-0.25176707,1.0
77,6,0.046587083,1.476288,-0.22956146,1.0
77,7,0.077320576,1.4692366,-0.07731666,1.0
77,8,-0.056255642,1.4390279,-0.14478792,1.0
77,9,0.06763961,1.451666,-0.16534749,1.0
77,10,0.03380525,1.4177678,-0.2138192,1.0
77,11,0.071392246,1.3226857,0.1076046,1.0
77,12,-0.06747066,1.3874912,-0.07342857,1.0
77,13,0.085041896,1.1102282,0.11518174,1.0
77,14,-0.11073065,1.0850834,-0.20916541,1.0
77,15,0.0744145,0.9004975,0.12062003,1.0
77,16,-0.23716904,0.93969715,-0.30495077,1.0
77,17,0.05863078,0.8613771,0.13555941,1.0
77,18,-0.25950548,0.9412427,-0.3546115,1.0
77,19,0.049699374,0.85489225,0.116284624,1.0
77,20,-0.23882756,0.95101726,-0.35588813,1.0
77,21,0.07383139,0.8698355,0.1138909,1.0
77,22,-0.24356158,0.9386008,-0.3089675,1.0
77,23,0.022653855,0.83816,0.09685284,1.0
77,24,-0.021334503,0.86285186,-0.095778756,1.0
77,25,-0.04288528,0.4637133,0.08492807,1.0
77,26,0.1570728,0.53679883,-0.11966097,1.0
77,27,-0.09731979,0.0929181,0.17825371,1.0
77,28,-0.054338932,0.19015896,0.01502538,1.0
77,29,-0.12105329,0.0488832,0.19999959,1.0
77,30,-0.07440529,0.15942657,-0.012679869,1.0
77,31,-0.03727911,0.04106784,0.19004282,1.0
77,32,0.020441808,0.11005002,-0.040387884,1.0
78,0,0.055849653,1.4511828,-0.22328213,1.0
78,1,0.06895057,1.4735304,-0.20136824,1.0
78,2,0.067094736,1.4742811,-0.19125839,1.0
78,3,0.06568771,1.4787242,-0.19295518,1.0
78,4,0.04228834,1.4878762,-0.22837198,1.0
78,5,0.047703736,1.4861968,-0.24831244,1.0
78,6,0.04856656,1.4755769,-0.22660594,1.0
78,7,0.07804848,1.4690838,-0.07646333,1.0
78,8,-0.055553645,1.4397299,-0.14411025,1.0
78,9,0.0686791,1.4497175,-0.16179232,1.0
78,10,0.034664866,1.4165056,-0.21107335,1.0
78,11,0.06754518,1.3201455,0.10753429,1.0
78,12,-0.06726311,1.385189,-0.07095793,1.0
78,13,0.07388587,1.1034695,0.11838768,1.0
78,14,-0.10968521,1.0815712,-0.20231235,1.0
78,15,0.061486915,0.8932604,0.1366873,1.0
78,16,-0.23893394,0.93769324,-0.29351252,1.0
78,17,0.04449647,0.8543608,0.15150385,1.0
78,18,-0.2618267,0.94148946,-0.3439955,1.0
78,19,0.038628474,0.84808195,0.13305911,1.0
78,20,-0.24359488,0.9541971,-0.3464571,1.0
78,21,0.062188316,0.86322886,0.1302999,1.0
78,22,-0.24731307,0.93723685,-0.3002861,1.0
78,23,0.022771632,0.8355789,0.094348796,1.0
78,24,-0.02174097,0.8589817,-0.09415475,1.0
78,25,-0.051294368,0.46085367,0.08497048,1.0
78,26,0.15490633,0.53412014,-0.11480736,1.0
78,27,-0.11470619,0.09024513,0.17525372,1.0
78,28,-0.021385834,0.16554499,0.016521163,1.0
78,29,-0.14003229,0.046415508,0.1970109,1.0
78,30,-0.037715696,0.1322006,-0.012443858,1.0
78,31,-0.06016963,0.03946227,0.18695915,1.0
78,32,0.051167756,0.10437912,-0.04423037,1.0
79,0,0.0655618,1.446064,-0.22342563,1.0
79,1,0.07737173,1.4696517,-0.20133904,1.0
79,2,0.075722806,1.469908,-0.19117792,1.0
79,3,0.07447321,1.4741361,-0.19303653,1.0
79,4,0.05097916,1.4834709,-0.22897959,1.0
79,5,0.056817506,1.4810989,-0.24850158,1.0
79,6,0.057847828,1.471704,-0.22666411,1.0
79,7,0.079817615,1.4665952,-0.07590101,1.0
79,8,-0.051333778,1.4350483,-0.14411929,1.0
79,9,0.07446612,1.4438639,-0.16148055,1.0
79,10,0.04181842,1.4110911,-0.21069779,1.0
79,11,0.06898004,1.3163702,0.118338026,1.0
79,12,-0.06571246,1.3831415,-0.07007711,1.0
79,13,0.09957738,1.1318798,0.12459943,1.0
79,14,-0.109163366,1.0796192,-0.20247488,1.0
79,15,0.11530614,1.0095353,0.10979479,1.0
79,16,-0.23460482,0.9461974,-0.30694354,1.0
79,17,0.105182506,0.9899498,0.10986883,1.0
79,18,-0.25820455,0.94832313,-0.36402172,1.0
79,19,0.096872404,0.9990824,0.09264794,1.0
79,20,-0.23364107,0.96885645,-0.3706332,1.0
79,21,0.11726245,0.9906012,0.1014757,1.0
79,22,-0.24120055,0.9488403,-0.31681657,1.0
79,23,0.022677217,0.8297034,0.094539285,1.0
79,24,-0.022000577,0.85264975,-0.0951407,1.0
79,25,-0.03634504,0.4529234,0.08107927,1.0
79,26,0.15216589,0.5286735,-0.1152782,1.0
79,27,-0.10346651,0.08599287,0.15088809,1.0
79,28,0.026719132,0.13305086,-0.019961363,1.0
79,29,-0.129925,0.044098735,0.16971235,1.0
79,30,0.01907072,0.096912086,-0.05517208,1.0
79,31,-0.04585113,0.04527235,0.15133828,1.0
79,32,0.11539786,0.098003924,-0.10748811,1.0
80,0,0.070862286,1.4364448,-0.21545109,1.0
80,1,0.08058896,1.4612024,-0.19489332,1.0
80,2,0.07883643,1.4610432,-0.18472838,1.0
80,3,0.07796795,1.4653318,-0.18661353,1.0
80,4,0.055094473,1.4744332,-0.2244856,1.0
80,5,0.06111153,1.4715137,-0.2439394,1.0
80,6,0.06244829,1.4630678,-0.22155985,1.0
80,7,0.08027427,1.4601274,-0.06927595,1.0
80,8,-0.04823201,1.4258771,-0.14089277,1.0
80,9,0.07917806,1.4339066,-0.15330599,1.0
80,10,0.047695287,1.4009476,-0.20297557,1.0
80,11,0.069955595,1.3091136,0.14002644,1.0
80,12,-0.057484385,1.3763928,-0.06597507,1.0
80,13,0.10533686,1.126586,0.15670867,1.0
80,14,-0.10575552,1.0839397,-0.20242612,1.0
80,15,0.16530961,1.0042334,0.11332342,1.0
80,16,-0.219167,0.9473631,-0.31050774,1.0
80,17,0.1673044,0.98333555,0.11040963,1.0
80,18,-0.23664021,0.944123,-0.370239,1.0
80,19,0.16073191,0.98978204,0.09237941,1.0
80,20,-0.20885499,0.96222734,-0.37668216,1.0
80,21,0.17048562,0.98361087,0.104368694,1.0
80,22,-0.22307657,0.9475806,-0.3212775,1.0
80,23,0.022408415,0.8228478,0.09771186,1.0
80,24,-0.022029947,0.84553945,-0.09877668,1.0
80,25,0.03540295,0.44348475,0.07568313,1.0
80,26,0.1501646,0.523258,-0.11724154,1.0
80,27,-0.08791752,0.09294742,0.1474195,1.0
80,28,0.051671825,0.116363764,-0.041111797,1.0
80,29,-0.121943034,0.055404186,0.16732487,1.0
80,30,0.04997333,0.07915044,-0.07902436,1.0
80,31,-0.035310876,0.04913163,0.15148218,1.0
80,32,0.15623826,0.09051615,-0.13391295,1.0
81,0,0.07089237,1.416687,-0.19069842,1.0
81,1,0.08035573,1.4415977,-0.17062092,1.0
81,2,0.07852608,1.441001,-0.16041379,1.0
81,3,0.077864744,1.4453886,-0.16258834,1.0
81,4,0.055345286,1.4543135,-0.19999892,1.0
81,5,0.06104385,1.4506681,-0.21861345,1.0
81,6,0.06276455,1.4429824,-0.1963328,1.0
81,7,0.08077351,1.4455724,-0.045314644,1.0
81,8,-0.047559824,1.4047041,-0.110970885,1.0
81,9,0.080091625,1.4135249,-0.12865108,1.0
81,10,0.04840272,1.3798251,-0.17513664,1.0
81,11,0.07080658,1.2915318,0.16879895,1.0
81,12,-0.045585506,1.3653219,-0.036686927,1.0
81,13,0.107167594,1.1129036,0.21106711,1.0
81,14,-0.100198336,1.0790098,-0.1655767,1.0
81,15,0.20199871,0.98920614,0.19576435,1.0
81,16,-0.20483033,0.9368413,-0.26559216,1.0
81,17,0.2151693,0.9694211,0.19959505,1.0
81,18,-0.21797681,0.9266691,-0.32016385,1.0
81,19,0.2118081,0.9743094,0.17963123,1.0
81,20,-0.18678147,0.9393476,-0.32759684,1.0
81,21,0.21063015,0.9683376,0.18665108,1.0
81,22,-0.20539112,0.9337178,-0.2765078,1.0
81,23,0.0227139,0.8150264,0.09929257,1.0
81,24,-0.022626067,0.837963,-0.100531295,1.0
81,25,0.08137529,0.43783477,0.050637223,1.0
81,26,0.14449203,0.519052,-0.11958075,1.0
81,27,-0.06375127,0.10008377,0.1111401,1.0
81,28,0.053684004,0.104445636,-0.07584667,1.0
81,29,-0.10217868,0.06443685,0.13064426,1.0
81,30,0.053169094,0.06577176,-0.11759461,1.0
81,31,-0.03034241,0.044025064,0.112697616,1.0
81,32,0.16232449,0.08229935,-0.1818041,1.0
82,0,0.07668464,1.4069781,-0.18731825,1.0
82,1,0.08357264,1.4313352,-0.16709423,1.0
82,2,0.08181241,1.4306794,-0.15689932,1.0
82,3,0.08133648,1.4346843,-0.15924104,1.0
82,4,0.05892996,1.4419485,-0.1964925,1.0
82,5,0.06444195,1.4380431,-0.21429689,1.0
82,6,0.06674164,1.4302799,-0.19227469,1.0
82,7,0.08785536,1.4385194,-0.042071596,1.0
82,8,-0.0405683,1.3870361,-0.10416732,1.0
82,9,0.09064351,1.4032207,-0.12498681,1.0
82,10,0.05855784,1.3677475,-0.1699824,1.0
82,11,0.09054933,1.2829688,0.1730211,1.0
82,12,-0.030793104,1.35496,-0.024429955,1.0
82,13,0.12393823,1.0999812,0.20894507,1.0
82,14,-0.09914509,1.0721638,-0.13485701,1.0
82,15,0.21846847,0.9681399,0.18069269,1.0
82,16,-0.19074592,0.9160868,-0.22993673,1.0
82,17,0.23103428,0.9487125,0.18129711,1.0
82,18,-0.19700435,0.8997522,-0.28289253,1.0
82,19,0.22596745,0.95277715,0.16130285,1.0
82,20,-0.16288145,0.9139928,-0.29046816,1.0
82,21,0.22524033,0.9463927,0.17211029,1.0
82,22,-0.18727678,0.9118333,-0.24090657,1.0
82,23,0.027175795,0.8107233,0.09983127,1.0
82,24,-0.027405132,0.8353487,-0.10084586,1.0
82,25,0.13176875,0.43168044,0.03135843,1.0
82,26,0.13561445,0.5179706,-0.120123014,1.0
82,27,-0.03610441,0.10965645,0.10947741,1.0
82,28,0.051904432,0.09660673,-0.07753248,1.0
82,29,-0.07609592,0.076987386,0.131342,1.0
82,30,0.05221857,0.05674529,-0.117639944,1.0
82,31,-0.019828329,0.03992307,0.11560502,1.0
82,32,0.15931642,0.0646373,-0.18471721,1.0
83,0,0.079146996,1.3990209,-0.19167171,1.0
83,1,0.08442774,1.4231253,-0.17245957,1.0
83,2,0.08259025,1.4225127,-0.16240412,1.0
83,3,0.08234163,1.4259233,-0.16463472,1.0
83,4,0.059809573,1.4321282,-0.20166191,1.0
83,5,0.06505084,1.4282216,-0.21905848,1.0
83,6,0.06755451,1.4204003,-0.19690599,1.0
83,7,0.09085581,1.4312973,-0.047441896,1.0
83,8,-0.039098434,1.3733068,-0.10483581,1.0
83,9,0.0963721,1.3949645,-0.12951788,1.0
83,10,0.0631745,1.3582742,-0.17237104,1.0
83,11,0.0980508,1.2774578,0.16643354,1.0
83,12,-0.019473502,1.3434501,-0.029157821,1.0
83,13,0.13336943,1.0931637,0.20109381,1.0
83,14,-0.087822504,1.0644892,-0.14525223,1.0
83,15,0.2297983,0.95378906,0.17339343,1.0
83,16,-0.18003003,0.910853,-0.24813241,1.0
83,17,0.2436815,0.93457156,0.17328203,1.0
83,18,-0.18628372,0.8966827,-0.30259737,1.0
83,19,0.23967357,0.93831015,0.15292858,1.0
83,20,-0.15372378,0.9113689,-0.30901447,1.0
83,21,0.23729932,0.9314028,0.16515301,1.0
83,22,-0.17638639,0.9063481,-0.2591183,1.0
83,23,0.028683752,0.80806315,0.10147218,1.0
83,24,-0.02891767,0.8338973,-0.10214911,1.0
83,25,0.15135716,0.4248747,0.016144311,1.0
83,26,0.1156141,0.5135377,-0.1201138,1.0
83,27,-0.01933682,0.10607475,0.092427395,1.0
83,28,0.034902602,0.09148997,-0.085303724,1.0
83,29,-0.05594749,0.073740184,0.11507149,1.0
83,30,0.034458887,0.052942574,-0.12658313,1.0
83,31,0.024234053,0.04802853,0.10028206,1.0
83,32,0.14494029,0.06245351,-0.19653423,1.0
84,0,0.07918386,1.3966382,-0.18994021,1.0
84,1,0.08461435,1.4209907,-0.17029516,1.0
84,2,0.0826322,1.4205774,-0.15987703,1.0
84,3,0.08263787,1.423558,-0.1623841,1.0
84,4,0.060204167,1.4296504,-0.19876143,1.0
84,5,0.06492217,1.4258056,-0.2153189,1.0
84,6,0.067658946,1.4178993,-0.19385658,1.0
84,7,0.09347761,1.4291012,-0.045871265,1.0
84,8,-0.03861685,1.3733294,-0.10366155,1.0
84,9,0.09786445,1.3923669,-0.1286561,1.0
84,10,0.06361586,1.3568223,-0.17090341,1.0
84,11,0.099952705,1.2750884,0.17180339,1.0
84,12,-0.011777968,1.341346,-0.03048293,1.0
84,13,0.1332081,1.0913374,0.22329012,1.0
84,14,-0.07712703,1.0635574,-0.1488014,1.0
84,15,0.23143813,0.9507513,0.21765542,1.0
84,16,-0.17233953,0.90695983,-0.25497487,1.0
84,17,0.24503736,0.9318174,0.22132014,1.0
84,18,-0.18179303,0.8928938,-0.31030852,1.0
84,19,0.24114919,0.9350658,0.19969192,1.0
84,20,-0.14925918,0.9045914,-0.31555033,1.0
84,21,0.23955026,0.9280387,0.20974459,1.0
84,22,-0.16907045,0.9008037,-0.26600635,1.0
84,23,0.029643636,0.80523914,0.10373169,1.0
84,24,-0.029912211,0.8315804,-0.10401242,1.0
84,25,0.1797688,0.42475647,0.016861234,1.0
84,26,0.08449679,0.5023112,-0.109386146,1.0
84,27,-0.019603074,0.12043762,0.099971056,1.0
84,28,0.02510262,0.085023105,-0.06511286,1.0
84,29,-0.056694917,0.091104984,0.121351615,1.0
84,30,0.024124172,0.04829806,-0.109263055,1.0
84,31,0.022279497,0.066432,0.106668495,1.0
84,32,0.13537233,0.06452817,-0.18795995,1.0
85,0,0.07878052,1.4014084,-0.19098018,1.0
85,1,0.08417036,1.4258778,-0.17058788,1.0
85,2,0.08186113,1.4259027,-0.16010633,1.0
85,3,0.082219444,1.428487,-0.16282901,1.0
85,4,0.059654627,1.4349473,-0.19992109,1.0
85,5,0.06380564,1.4312035,-0.21565574,1.0
85,6,0.06668647,1.4225987,-0.19472615,1.0
85,7,0.09372117,1.4324963,-0.047545347,1.0
85,8,-0.039818756,1.375685,-0.10515457,1.0
85,9,0.097524896,1.3956519,-0.12920319,1.0
85,10,0.063318186,1.359894,-0.17244662,1.0
85,11,0.09865981,1.2744656,0.16835165,1.0
85,12,-0.013827143,1.3415072,-0.03149186,1.0
85,13,0.12392528,1.0856581,0.21431012,1.0
85,14,-0.08493178,1.065023,-0.1534463,1.0
85,15,0.21721783,0.94017726,0.20898993,1.0
85,16,-0.17317986,0.9036927,-0.25735125,1.0
85,17,0.2288291,0.9205625,0.21247558,1.0
85,18,-0.18026088,0.88652,-0.31298977,1.0
85,19,0.22524384,0.9236435,0.19022653,1.0
85,20,-0.14384596,0.8991219,-0.31717286,1.0
85,21,0.22500062,0.9170291,0.20120655,1.0
85,22,-0.16824163,0.8971054,-0.26844174,1.0
85,23,0.03140829,0.8044028,0.103863776,1.0
85,24,-0.03170568,0.83102405,-0.104177766,1.0
85,25,0.17910747,0.4261723,0.019862674,1.0
85,26,0.06446831,0.49880886,-0.10346243,1.0
85,27,-0.0139072295,0.12062305,0.09439532,1.0
85,28,0.023807555,0.08672202,-0.03849481,1.0
85,29,-0.052032698,0.09132081,0.116542116,1.0
85,30,0.017829042,0.0514763,-0.0782474,1.0
85,31,0.019092686,0.060099304,0.10327693,1.0
85,32,0.12510537,0.06649363,-0.1537126,1.0
86,0,0.07487717,1.40327,-0.19163926,1.0
86,1,0.08014056,1.4273393,-0.17229013,1.0
86,2,0.07736644,1.4279541,-0.16137525,1.0
86,3,0.07815138,1.4299808,-0.16460277,1.0
86,4,0.05556369,1.436616,-0.20144415,1.0
86,5,0.05921542,1.4331734,-0.21651337,1.0
86,6,0.062177464,1.424227,-0.19641472,1.0
86,7,0.08965533,1.4329064,-0.051796596,1.0
86,8,-0.04490554,1.3763092,-0.10855066,1.0
86,9,0.09466848,1.3969511,-0.13117316,1.0
86,10,0.06000783,1.3614271,-0.17325191,1.0
86,11,0.09495438,1.2734444,0.16455811,1.0
86,12,-0.016334888,1.3403996,-0.032974444,1.0
86,13,0.11242841,1.0770397,0.20836842,1.0
86,14,-0.10896323,1.0634558,-0.15429915,1.0
86,15,0.21220638,0.9212054,0.1987967,1.0
86,16,-0.17345701,0.8935152,-0.25078827,1.0
86,17,0.21880932,0.9004592,0.20230739,1.0
86,18,-0.18290699,0.87509984,-0.30608833,1.0
86,19,0.214094,0.902337,0.17981619,1.0
86,20,-0.14583735,0.8905055,-0.3090505,1.0
86,21,0.2184774,0.8967966,0.19117126,1.0
86,22,-0.17102225,0.8876911,-0.26185584,1.0
86,23,0.033192962,0.80363643,0.10346446,1.0
86,24,-0.033551496,0.83035326,-0.1039874,1.0
86,25,0.16879216,0.42776904,0.022953648,1.0
86,26,0.05134082,0.4932227,-0.092451714,1.0
86,27,-0.013005741,0.11826348,0.09079676,1.0
86,28,-0.0020557102,0.08698332,-0.0074118776,1.0
86,29,-0.050766397,0.08848053,0.11234735,1.0
86,30,-0.0023414001,0.053067327,-0.04244216,1.0
86,31,0.017371858,0.054394662,0.097427174,1.0
86,32,0.10218205,0.06303817,-0.110349245,1.0
87,0,0.06915855,1.4116502,-0.19382015,1.0
87,1,0.07528924,1.4351033,-0.1751922,1.0
87,2,0.0721503,1.4364955,-0.16412996,1.0
87,3,0.07324666,1.4378445,-0.16739605,1.0
87,4,0.050151397,1.4443562,-0.20401584,1.0
87,5,0.053489443,1.4415209,-0.21808293,1.0
87,6,0.056650013,1.4324173,-0.19911304,1.0
87,7,0.08540871,1.4397857,-0.05584156,1.0
87,8,-0.0510619,1.386001,-0.11160604,1.0
87,9,0.08889696,1.4052501,-0.13385095,1.0
87,10,0.053872604,1.3710132,-0.17547393,1.0
87,11,0.09293713,1.2777096,0.1503081,1.0
87,12,-0.029717915,1.3408334,-0.033032354,1.0
87,13,0.1088287,1.0807741,0.18974651,1.0
87,14,-0.11509406,1.0587873,-0.15541063,1.0
87,15,0.1906352,0.9208471,0.17590804,1.0
87,16,-0.1819199,0.89153147,-0.25390458,1.0
87,17,0.1971497,0.90018713,0.17740591,1.0
87,18,-0.1879404,0.8722925,-0.30871883,1.0
87,19,0.1902412,0.9016231,0.1535026,1.0
87,20,-0.15312256,0.89463055,-0.31247792,1.0
87,21,0.19562173,0.8965906,0.16718355,1.0
87,22,-0.17813455,0.88614535,-0.26549137,1.0
87,23,0.03824548,0.80128586,0.101589814,1.0
87,24,-0.038773805,0.82701355,-0.10229187,1.0
87,25,0.18689814,0.43468755,0.016294392,1.0
87,26,0.03309679,0.4812388,-0.09073934,1.0
87,27,-0.00994839,0.1252647,0.08807933,1.0
87,28,-0.040808722,0.08156651,0.008259509,1.0
87,29,-0.049476184,0.09636599,0.11071171,1.0
87,30,-0.041270148,0.04930359,-0.023306513,1.0
87,31,0.0028028968,0.04784161,0.09574037,1.0
87,32,0.05857894,0.04086858,-0.08920378,1.0
88,0,0.06599393,1.415324,-0.19495122,1.0
88,1,0.07374122,1.4373872,-0.17587353,1.0
88,2,0.070433915,1.4399095,-0.16507974,1.0
88,3,0.071914695,1.4404455,-0.16818208,1.0
88,4,0.04758906,1.4475353,-0.20480956,1.0
88,5,0.050791852,1.4453863,-0.21811923,1.0
88,6,0.054170962,1.4366093,-0.20024192,1.0
88,7,0.08397579,1.4367894,-0.054872878,1.0
88,8,-0.054949753,1.3877215,-0.112128325,1.0
88,9,0.08483814,1.4069998,-0.13455197,1.0
88,10,0.048885483,1.3752446,-0.17669316,1.0
88,11,0.09234871,1.271577,0.14311478,1.0
88,12,-0.047290303,1.3343694,-0.033386257,1.0
88,13,0.109213315,1.0796527,0.16276477,1.0
88,14,-0.11336782,1.045649,-0.1687464,1.0
88,15,0.18796182,0.9266894,0.116658404,1.0
88,16,-0.18201903,0.8972628,-0.322873,1.0
88,17,0.19461112,0.9063837,0.11194535,1.0
88,18,-0.18910493,0.8888912,-0.38621452,1.0
88,19,0.18519421,0.90916204,0.08613085,1.0
88,20,-0.15790112,0.9184544,-0.39063,1.0
88,21,0.19184689,0.9026718,0.10637846,1.0
88,22,-0.17888235,0.8980145,-0.3365907,1.0
88,23,0.04433525,0.79657495,0.09982156,1.0
88,24,-0.045020644,0.82023126,-0.100616924,1.0
88,25,0.20321916,0.44392496,0.0050067385,1.0
88,26,0.02838206,0.4725307,-0.08967929,1.0
88,27,-0.011265806,0.14212227,0.091541104,1.0
88,28,-0.05655835,0.07513642,0.00780991,1.0
88,29,-0.051210023,0.115139306,0.1122295,1.0
88,30,-0.057640757,0.044082403,-0.0238587,1.0
88,31,-0.0049646376,0.053002536,0.099079855,1.0
88,32,0.042627282,0.03458184,-0.093388796,1.0
89,0,0.061801534,1.4126418,-0.20661648,1.0
89,1,0.071230665,1.4335928,-0.1873443,1.0
89,2,0.06827541,1.4371283,-0.1774656,1.0
89,3,0.06980242,1.4369072,-0.17922437,1.0
89,4,0.04455847,1.4447986,-0.21564162,1.0
89,5,0.047539942,1.4428592,-0.22841528,1.0
89,6,0.051310845,1.4347161,-0.21105713,1.0
89,7,0.08290416,1.428628,-0.06354029,1.0
89,8,-0.05725722,1.384542,-0.120568894,1.0
89,9,0.079405285,1.4022158,-0.14698195,1.0
89,10,0.043202005,1.3724515,-0.18999065,1.0
89,11,0.09212509,1.2614063,0.11973728,1.0
89,12,-0.060283676,1.3240883,-0.03633845,1.0
89,13,0.11720973,1.0816509,0.11769068,1.0
89,14,-0.109517686,1.026811,-0.18676148,1.0
89,15,0.18706723,0.9613296,0.044765566,1.0
89,16,-0.18283777,0.92498404,-0.36735868,1.0
89,17,0.19249459,0.9465588,0.035123523,1.0
89,18,-0.19227986,0.9318906,-0.43430743,1.0
89,19,0.18120447,0.9569923,0.009563062,1.0
89,20,-0.16940977,0.97237986,-0.44056624,1.0
89,21,0.1900067,0.9419106,0.033979878,1.0
89,22,-0.18200472,0.9344367,-0.38264978,1.0
89,23,0.049823564,0.7888488,0.09808926,1.0
89,24,-0.050435185,0.8092828,-0.099007845,1.0
89,25,0.23405765,0.47427332,-0.0024934737,1.0
89,26,0.019946288,0.4583998,-0.09069952,1.0
89,27,-0.009776367,0.19880205,0.09344236,1.0
89,28,-0.05869432,0.045987725,-0.0078808665,1.0
89,29,-0.052008413,0.1777519,0.11444257,1.0
89,30,-0.059730668,0.01579386,-0.042102642,1.0
89,31,-0.023714775,0.1160422,0.10169819,1.0
89,32,0.041430682,0.019804358,-0.13156691,1.0
90,0,0.05265312,1.4179147,-0.21145804,1.0
90,1,0.064188324,1.437319,-0.19242966,1.0
90,2,0.061733954,1.4418789,-0.18353464,1.0
90,3,0.063102975,1.4410366,-0.18459314,1.0
90,4,0.037813466,1.449368,-0.2201251,1.0
90,5,0.04065392,1.4476886,-0.23264974,1.0
90,6,0.04495696,1.4397655,-0.21607977,1.0
90,7,0.07824103,1.4254825,-0.06965608,1.0
90,8,-0.061000686,1.3879724,-0.12463064,1.0
90,9,0.06947795,1.403828,-0.1534597,1.0
90,10,0.033682067,1.376193,-0.19670473,1.0
90,11,0.092074916,1.2547171,0.10311273,1.0
90,12,-0.079142615,1.315124,-0.036236748,1.0
90,13,0.14438862,1.0810034,0.080479085,1.0
90,14,-0.10854158,1.0107703,-0.18704012,1.0
90,15,0.20892347,0.9921838,-0.034404017,1.0
90,16,-0.18685807,0.9751569,-0.37950078,1.0
90,17,0.21729791,0.98202276,-0.05285704,1.0
90,18,-0.19587626,0.99583215,-0.44713652,1.0
90,19,0.20523062,0.9991713,-0.07784508,1.0
90,20,-0.18039864,1.0496104,-0.45693597,1.0
90,21,0.21159464,0.97682047,-0.04695246,1.0
90,22,-0.18839581,0.9938742,-0.39600733,1.0
90,23,0.056455236,0.78472334,0.09639669,1.0
90,24,-0.056642633,0.7973884,-0.09750044,1.0
90,25,0.2640501,0.5092173,-0.0022963474,1.0
90,26,0.016059298,0.4461931,-0.08981123,1.0
90,27,0.0073959865,0.25008994,0.11752625,1.0
90,28,-0.07595347,0.026463687,-0.010034029,1.0
90,29,-0.03746286,0.23176217,0.14638254,1.0
90,30,-0.07808912,-0.0037856698,-0.04300937,1.0
90,31,-0.022004243,0.16691935,0.14434513,1.0
90,32,0.02521177,0.0062156916,-0.13349746,1.0
91,0,0.045218483,1.4174639,-0.22155301,1.0
91,1,0.05737502,1.4361442,-0.20293139,1.0
91,2,0.055178292,1.4413705,-0.19454822,1.0
91,3,0.056485403,1.4402742,-0.19516777,1.0
91,4,0.032157604,1.4483018,-0.22977276,1.0
91,5,0.034934223,1.4468559,-0.24241999,1.0
91,6,0.039610572,1.4388095,-0.22632056,1.0
91,7,0.073112704,1.4215324,-0.08141478,1.0
91,8,-0.06427703,1.3870196,-0.13523276,1.0
91,9,0.061059833,1.4013773,-0.1647953,1.0
91,10,0.026024126,1.3745131,-0.20850424,1.0
91,11,0.0872087,1.2450145,0.08104505,1.0
91,12,-0.09221915,1.3096178,-0.036197945,1.0
91,13,0.14303201,1.0679196,0.06174869,1.0
91,14,-0.11360467,1.0023276,-0.18179362,1.0
91,15,0.23354849,1.0164443,-0.045791708,1.0
91,16,-0.2029748,1.0203358,-0.36261794,1.0
91,17,0.25587136,1.0254018,-0.0628704,1.0
91,18,-0.21226071,1.0557916,-0.4266096,1.0
91,19,0.25907883,1.0497555,-0.08672282,1.0
91,20,-0.20758675,1.1196105,-0.43861383,1.0
91,21,0.24510124,1.007497,-0.059081163,1.0
91,22,-0.2082566,1.0466112,-0.37924755,1.0
91,23,0.062619306,0.78176343,0.09212636,1.0
91,24,-0.062457602,0.79056853,-0.09361614,1.0
91,25,0.29142565,0.52066493,0.00010971817,1.0
91,26,0.005761248,0.44091532,-0.08740021,1.0
91,27,0.033104,0.26505125,0.14659484,1.0
91,28,-0.080672026,0.023687422,0.008119687,1.0
91,29,-0.014324697,0.24777997,0.17899475,1.0
91,30,-0.083674334,-0.006670654,-0.020736024,1.0
91,31,-0.020223526,0.17181277,0.17610921,1.0
91,32,0.01657744,0.0016314983,-0.11419628,1.0
92,0,0.042691406,1.4227173,-0.22072598,1.0
92,1,0.053407937,1.4407179,-0.20251337,1.0
92,2,0.05163809,1.4461594,-0.1942589,1.0
92,3,0.052666463,1.4448757,-0.19480324,1.0
92,4,0.030058637,1.4521546,-0.22926837,1.0
92,5,0.03285717,1.4508793,-0.2419743,1.0
92,6,0.03792931,1.4429764,-0.22596288,1.0
92,7,0.06568917,1.4220206,-0.08060584,1.0
92,8,-0.06602482,1.3886337,-0.13590196,1.0
92,9,0.05629805,1.4047087,-0.16317819,1.0
92,10,0.022711093,1.3779639,-0.20744325,1.0
92,11,0.07876716,1.2424401,0.08285406,1.0
92,12,-0.10371178,1.3071485,-0.03491299,1.0
92,13,0.13959703,1.071835,0.07878135,1.0
92,14,-0.11372294,0.9996243,-0.1754917,1.0
92,15,0.26851135,1.080038,-0.009847634,1.0
92,16,-0.20492576,1.0681245,-0.35234135,1.0
92,17,0.29883182,1.1038051,-0.02368715,1.0
92,18,-0.21367374,1.1168824,-0.41415328,1.0
92,19,0.30738434,1.1273999,-0.045942873,1.0
92,20,-0.21520968,1.1855898,-0.42539895,1.0
92,21,0.2845643,1.0736886,-0.022816403,1.0
92,22,-0.21247043,1.0996523,-0.36782765,1.0
92,23,0.064556,0.78253216,0.091464035,1.0
92,24,-0.064128906,0.7856013,-0.09303043,1.0
92,25,0.3172502,0.5365197,-0.002040794,1.0
92,26,0.012515514,0.44005504,-0.087652326,1.0
92,27,0.06625533,0.27009386,0.16154079,1.0
92,28,-0.08785229,0.02275306,0.008402109,1.0
92,29,0.021171736,0.25068897,0.195695,1.0
92,30,-0.09403558,-0.006950557,-0.01988003,1.0
92,31,0.03808386,0.17421186,0.1939973,1.0
92,32,0.008109238,0.0027208328,-0.113382086,1.0
93,0,0.03439592,1.4274637,-0.24092019,1.0
93,1,0.046338033,1.4456965,-0.22397174,1.0
93,2,0.044534523,1.4508057,-0.21529303,1.0
93,3,0.045166504,1.4495771,-0.21570744,1.0
93,4,0.022568643,1.4567204,-0.24927032,1.0
93,5,0.025665961,1.45559,-0.26276267,1.0
93,6,0.030816982,1.4478607,-0.24614322,1.0
93,7,0.061576895,1.4255755,-0.10187696,1.0
93,8,-0.07117486,1.3930428,-0.15944804,1.0
93,9,0.04751017,1.4086134,-0.18427789,1.0
93,10,0.01346891,1.3819294,-0.22963089,1.0
93,11,0.07446985,1.2442291,0.060379922,1.0
93,12,-0.11399758,1.3096676,-0.045487355,1.0
93,13,0.14550672,1.0794861,0.07207462,1.0
93,14,-0.11277272,1.0040474,-0.19598918,1.0
93,15,0.30018088,1.1298728,-0.009388886,1.0
93,16,-0.20469867,1.0969667,-0.387455,1.0
93,17,0.32931814,1.166218,-0.020082884,1.0
93,18,-0.21358639,1.149824,-0.44587904,1.0
93,19,0.33974195,1.1910723,-0.039069764,1.0
93,20,-0.21543084,1.2101892,-0.45496947,1.0
93,21,0.31749493,1.1260506,-0.020551521,1.0
93,22,-0.21137217,1.1257498,-0.40040657,1.0
93,23,0.06750021,0.7893816,0.09102916,1.0
93,24,-0.06707851,0.78724957,-0.092194065,1.0
93,25,0.3281499,0.52719986,-0.00085663726,1.0
93,26,0.0041829585,0.4421148,-0.084635824,1.0
93,27,0.10716638,0.27692193,0.22521886,1.0
93,28,-0.09519413,0.030501783,0.034187246,1.0
93,29,0.06543273,0.25913477,0.26631618,1.0
93,30,-0.102113396,-0.0011836886,0.008504909,1.0
93,31,0.07759021,0.17321122,0.26784867,1.0
93,32,-0.004092559,0.0076411963,-0.09194892,1.0
94,0,0.029916573,1.4309119,-0.2574259,1.0
94,1,0.042270724,1.4486527,-0.24279445,1.0
94,2,0.040429376,1.4537222,-0.23322698,1.0
94,3,0.0409385,1.4525645,-0.23416696,1.0
94,4,0.01785115,1.460513,-0.26827347,1.0
94,5,0.021441955,1.4600487,-0.28318542,1.0
94,6,0.026290128,1.4531331,-0.26543072,1.0
94,7,0.05582222,1.4250568,-0.12029115,1.0
94,8,-0.07602652,1.397033,-0.18542632,1.0
94,9,0.041302677,1.4096909,-0.20024443,1.0
94,10,0.0073286206,1.3848698,-0.24836004,1.0
94,11,0.06872079,1.2483517,0.050533928,1.0
94,12,-0.11875184,1.307431,-0.06872871,1.0
94,13,0.17058384,1.0915856,0.07174458,1.0
94,14,-0.107056774,1.0134181,-0.25433356,1.0
94,15,0.33118084,1.1719589,-0.004333311,1.0
94,16,-0.19092315,1.127208,-0.45429042,1.0
94,17,0.35714835,1.2148991,-0.013886736,1.0
94,18,-0.19966437,1.186485,-0.5131659,1.0
94,19,0.36152077,1.2429979,-0.028769169,1.0
94,20,-0.21154952,1.2413763,-0.51591444,1.0
94,21,0.3462988,1.1704495,-0.01364159,1.0
94,22,-0.20085971,1.154618,-0.4638018,1.0
94,23,0.066862896,0.8007319,0.09158579,1.0
94,24,-0.06651342,0.79297066,-0.0921385,1.0
94,25,0.31119058,0.5244709,0.0119599,1.0
94,26,0.0014050177,0.44809866,-0.085071675,1.0
94,27,0.12407032,0.2564605,0.25018555,1.0
94,28,-0.11047726,0.040886045,0.03119658,1.0
94,29,0.08641991,0.2350192,0.28987002,1.0
94,30,-0.120606154,0.01139307,0.004316826,1.0
94,31,0.11922193,0.16039348,0.2865202,1.0
94,32,-0.030637672,0.017001867,-0.093288094,1.0
95,0,0.017272022,1.4280903,-0.26882455,1.0
95,1,0.029534884,1.4458414,-0.25601682,1.0
95,2,0.027968688,1.4498868,-0.24560615,1.0
95,3,0.028466199,1.4494494,-0.2468621,1.0
95,4,0.0050262082,1.4570782,-0.28124663,1.0
95,5,0.009005364,1.4563843,-0.29709953,1.0
95,6,0.013437081,1.4502897,-0.27800596,1.0
95,7,0.044863395,1.4230642,-0.13332388,1.0
95,8,-0.08610558,1.3957373,-0.19789553,1.0
95,9,0.02861718,1.4067519,-0.2108129,1.0
95,10,-0.005430393,1.3819382,-0.260233,1.0
95,11,0.064063475,1.2528875,0.03715533,1.0
95,12,-0.13312426,1.307131,-0.07192897,1.0
95,13,0.17639413,1.1025727,0.050019167,1.0
95,14,-0.1000092,1.0239695,-0.261556,1.0
95,15,0.31696877,1.1966295,-0.033481177,1.0
95,16,-0.16375071,1.1527236,-0.45397907,1.0
95,17,0.3386281,1.2429913,-0.045546915,1.0
95,18,-0.16602945,1.2159079,-0.5107083,1.0
95,19,0.3410938,1.2700024,-0.055652194,1.0
95,20,-0.18252535,1.270176,-0.51190823,1.0
95,21,0.33004886,1.1950682,-0.041263558,1.0
95,22,-0.17464058,1.1815319,-0.4615179,1.0
95,23,0.0680777,0.8139528,0.09009243,1.0
95,24,-0.06799048,0.8033712,-0.08998552,1.0
95,25,0.2919889,0.50837713,0.02672807,1.0
95,26,0.0074410853,0.4541318,-0.093188494,1.0
95,27,0.15047811,0.20982546,0.25183383,1.0
95,28,-0.107996516,0.054195106,0.027720876,1.0
95,29,0.119180396,0.181737,0.2882283,1.0
95,30,-0.12011115,0.023155928,-0.0010183242,1.0
95,31,0.17121619,0.118184805,0.27240896,1.0
95,32,-0.042588137,0.026618302,-0.100069724,1.0
96,0,0.011256456,1.4349158,-0.27391735,1.0
96,1,0.023057204,1.4523454,-0.26149115,1.0
96,2,0.02132667,1.4556223,-0.250184,1.0
96,3,0.022025898,1.4562385,-0.25173128,1.0
96,4,-0.0021323827,1.4635632,-0.28799397,1.0
96,5,0.002107155,1.4620352,-0.30482048,1.0
96,6,0.0060866773,1.4556314,-0.28462356,1.0
96,7,0.034847174,1.4321494,-0.13551253,1.0
96,8,-0.095831506,1.4042132,-0.2070086,1.0
96,9,0.02076298,1.4139903,-0.21371473,1.0
96,10,-0.0136592835,1.3887053,-0.26610288,1.0
96,11,0.0589038,1.2641418,0.029112063,1.0
96,12,-0.15523371,1.3218722,-0.07918396,1.0
96,13,0.17114778,1.1150641,0.013084827,1.0
96,14,-0.1119163,1.0872122,-0.29293716,1.0
96,15,0.3030261,1.2286797,-0.098496296,1.0
96,16,-0.1440082,1.2313111,-0.4761719,1.0
96,17,0.3360674,1.2773554,-0.11402073,1.0
96,18,-0.13414577,1.290383,-0.5316059,1.0
96,19,0.3346146,1.3024106,-0.12432676,1.0
96,20,-0.14477535,1.342967,-0.52617306,1.0
96,21,0.31375983,1.2271903,-0.106190994,1.0
96,22,-0.15124936,1.2598028,-0.47919446,1.0
96,23,0.069050096,0.82788545,0.08516014,1.0
96,24,-0.06945571,0.81508887,-0.08495993,1.0
96,25,0.23885289,0.46642873,0.045103796,1.0
96,26,0.010999553,0.46462604,-0.09124541,1.0
96,27,0.15864256,0.15466666,0.23480111,1.0
96,28,-0.100908935,0.07104683,0.06714633,1.0
96,29,0.13101646,0.123445034,0.2673428,1.0
96,30,-0.113648534,0.03968197,0.04316049,1.0
96,31,0.17703117,0.052265406,0.2553871,1.0
96,32,-0.04260573,0.02973783,-0.054339252,1.0
97,0,-0.0063255155,1.4458292,-0.2107644,1.0
97,1,0.005318469,1.4627876,-0.19870922,1.0
97,2,0.004339656,1.4646881,-0.18760696,1.0
97,3,0.0051451246,1.466295,-0.18895915,1.0
97,4,-0.018019488,1.4736502,-0.22239998,1.0
97,5,-0.015101031,1.4715679,-0.23809916,1.0
97,6,-0.009694099,1.4650723,-0.21883602,1.0
97,7,0.023039715,1.4420328,-0.08235489,1.0
97,8,-0.10579486,1.4137936,-0.14229137,1.0
97,9,0.0063327663,1.4241114,-0.15443122,1.0
97,10,-0.02737018,1.3987565,-0.2033167,1.0
97,11,0.059889663,1.2755165,0.04622133,1.0
97,12,-0.17052113,1.3323987,-0.020640954,1.0
97,13,0.17085099,1.1251963,0.028939696,1.0
97,14,-0.09872758,1.0931721,-0.21097139,1.0
97,15,0.21787483,1.2346051,-0.09922611,1.0
97,16,-0.068535075,1.2327437,-0.3607447,1.0
97,17,0.21827792,1.2817845,-0.11767573,1.0
97,18,-0.043382317,1.2949028,-0.41527012,1.0
97,19,0.21129464,1.3052936,-0.12570466,1.0
97,20,-0.05178424,1.3548503,-0.40466082,1.0
97,21,0.22171594,1.2321668,-0.105293676,1.0
97,22,-0.07192025,1.2650334,-0.35775244,1.0
97,23,0.07216692,0.8378684,0.07333391,1.0
97,24,-0.07317043,0.8242166,-0.073506504,1.0
97,25,0.17822765,0.4433789,0.04159804,1.0
97,26,0.013990902,0.47352374,-0.080337256,1.0
97,27,0.15267563,0.09954631,0.22239876,1.0
97,28,-0.070379056,0.08242357,0.11469079,1.0
97,29,0.12808585,0.06488705,0.25545758,1.0
97,30,-0.082339704,0.04998803,0.09432047,1.0
97,31,0.16843115,0.008702636,0.21791728,1.0
97,32,-0.03054446,0.038316965,0.0046955612,1.0
98,0,-0.022317098,1.450115,-0.20056817,1.0
98,1,-0.005606018,1.464792,-0.18911274,1.0
98,2,-0.0055370657,1.4661758,-0.17782333,1.0
98,3,-0.004938873,1.4679172,-0.17907295,1.0
98,4,-0.028825223,1.4773979,-0.20878422,1.0
98,5,-0.02685861,1.4741714,-0.22395132,1.0
98,6,-0.021028394,1.467623,-0.20458952,1.0
98,7,0.02617743,1.4440958,-0.07399771,1.0
98,8,-0.10700139,1.4194074,-0.1156846,1.0
98,9,-0.004195228,1.4285021,-0.14534321,1.0
98,10,-0.03927772,1.4039087,-0.18944082,1.0
98,11,0.06749648,1.2771914,0.050779704,1.0
98,12,-0.18274707,1.3379798,0.01960291,1.0
98,13,0.16952467,1.1172345,0.004637552,1.0
98,14,-0.09797466,1.0964319,-0.13418008,1.0
98,15,0.15323998,1.2191374,-0.13082439,1.0
98,16,-0.016761856,1.2174287,-0.26884207,1.0
98,17,0.13701117,1.2652606,-0.14874299,1.0
98,18,0.030159596,1.2756038,-0.32392204,1.0
98,19,0.1313999,1.2926726,-0.15427372,1.0
98,20,0.026440706,1.344238,-0.31466845,1.0
98,21,0.15471551,1.2176225,-0.13409892,1.0
98,22,-0.012827809,1.252691,-0.26710483,1.0
98,23,0.07603053,0.84452003,0.055467308,1.0
98,24,-0.07758793,0.83011913,-0.05622719,1.0
98,25,0.13727051,0.43131268,0.038663123,1.0
98,26,0.010570984,0.4787016,-0.06574813,1.0
98,27,0.16628021,0.07846683,0.19826806,1.0
98,28,-0.008521529,0.08714163,0.11312048,1.0
98,29,0.14710927,0.044151247,0.22412315,1.0
98,30,-0.013483858,0.05352348,0.08991362,1.0
98,31,0.17939834,0.009550095,0.15765777,1.0
98,32,-0.007101145,0.044109046,-0.0037120532,1.0
99,0,-0.033312164,1.454526,-0.16021314,1.0
99,1,-0.016953832,1.466862,-0.14783631,1.0
99,2,-0.016140709,1.4681925,-0.13669617,1.0
99,3,-0.015673447,1.4697793,-0.13796109,1.0
99,4,-0.039760876,1.4807534,-0.16463274,1.0
99,5,-0.03882735,1.4767845,-0.17898759,1.0
99,6,-0.032359682,1.4698663,-0.16036509,1.0
99,7,0.023976635,1.4466276,-0.038241602,1.0
99,8,-0.11246951,1.4208167,-0.06716889,1.0
99,9,-0.009970521,1.4330862,-0.10750986,1.0
99,10,-0.045992207,1.4082646,-0.14715542,1.0
99,11,0.07491877,1.2786412,0.05529733,1.0
99,12,-0.18523765,1.3398979,0.06888636,1.0
99,13,0.1545545,1.1131514,0.0031569365,1.0
99,14,-0.09523642,1.0968649,-0.05880409,1.0
99,15,0.10759146,1.2038953,-0.118890285,1.0
99,16,0.005483958,1.1987536,-0.16770883,1.0
99,17,0.0862525,1.2444983,-0.13357279,1.0
99,18,0.060270216,1.2502968,-0.21408589,1.0
99,19,0.081231385,1.2724892,-0.13682729,1.0
99,20,0.053759694,1.3199551,-0.20853752,1.0
99,21,0.10824476,1.2013509,-0.12047586,1.0
99,22,0.009466679,1.2334069,-0.16732539,1.0
99,23,0.07747243,0.84627044,0.043386072,1.0
99,24,-0.07917469,0.83211184,-0.04422127,1.0
99,25,0.113201484,0.44004524,0.013846075,1.0
99,26,0.0036889324,0.48139492,-0.06512552,1.0
99,27,0.15569401,0.09334779,0.15823723,1.0
99,28,0.02171855,0.09144449,0.09510682,1.0
99,29,0.1370615,0.06046486,0.18278486,1.0
99,30,0.02055174,0.05712557,0.07014122,1.0
99,31,0.17417254,0.033144772,0.13082096,1.0
99,32,0.017600765,0.04952109,-0.016681934,1.0
100,0,-0.04079534,1.4572603,-0.14266457,1.0
100,1,-0.025355343,1.4688662,-0.13160297,1.0
100,2,-0.024853487,1.4700397,-0.12085175,1.0
100,3,-0.023931421,1.4717398,-0.121172965,1.0
100,4,-0.04735038,1.4836941,-0.14675446,1.0
100,5,-0.04713838,1.4793317,-0.16057017,1.0
100,6,-0.04036831,1.4717613,-0.1427171,1.0
100,7,0.021966666,1.4489231,-0.02623855,1.0
100,8,-0.11531585,1.4214284,-0.04746549,1.0
100,9,-0.013413162,1.4358237,-0.09156057,1.0
100,10,-0.049389817,1.4110174,-0.12811273,1.0
100,11,0.07936077,1.2805293,0.060333524,1.0
100,12,-0.18091007,1.339858,0.09206407,1.0
100,13,0.12549178,1.1143093,0.0068698106,1.0
100,14,-0.09451712,1.0986224,-0.034840547,1.0
100,15,0.060229022,1.2185993,-0.10021543,1.0
100,16,-0.017481364,1.2085879,-0.14734383,1.0
100,17,0.0351227,1.2672514,-0.111827806,1.0
100,18,0.030947033,1.2658956,-0.19023238,1.0
100,19,0.036000513,1.2966967,-0.11651011,1.0
100,20,0.020529702,1.3382993,-0.18309787,1.0
100,21,0.06246287,1.2200314,-0.10073306,1.0
100,22,-0.016574519,1.2459755,-0.14611909,1.0
100,23,0.07771174,0.8480129,0.04049153,1.0
100,24,-0.079676226,0.8344019,-0.04119698,1.0
100,25,0.10318701,0.4399184,-0.004651324,1.0
100,26,0.0010858238,0.48405653,-0.06662276,1.0
100,27,0.14660846,0.0903548,0.14348237,1.0
100,28,0.03317911,0.097346365,0.08689424,1.0
100,29,0.12541863,0.05825782,0.16944171,1.0
100,30,0.034165684,0.06335831,0.062202778,1.0
100,31,0.16059743,0.03760737,0.12190367,1.0
100,32,0.054349337,0.0591802,-0.022292204,1.0
101,0,-0.045712806,1.4634752,-0.15102047,1.0
101,1,-0.029324174,1.473522,-0.13995205,1.0
101,2,-0.029346442,1.475213,-0.129611,1.0
101,3,-0.027540863,1.4767275,-0.12939936,1.0
101,4,-0.05200662,1.4888245,-0.15500183,1.0
101,5,-0.052671716,1.4843214,-0.16858482,1.0
101,6,-0.04511749,1.4758571,-0.15094362,1.0
101,7,0.021421432,1.4544717,-0.03311872,1.0
101,8,-0.117937624,1.424856,-0.051441506,1.0
101,9,-0.015267472,1.4430115,-0.09995559,1.0
101,10,-0.051499166,1.4169989,-0.13533784,1.0
101,11,0.08900377,1.2873117,0.05893123,1.0
101,12,-0.18494394,1.3433625,0.10423027,1.0
101,13,0.11794055,1.1138291,-0.00617594,1.0
101,14,-0.11861016,1.0913475,-0.012215136,1.0
101,15,0.031955548,1.2158949,-0.11002442,1.0
101,16,-0.042505994,1.2096527,-0.16681203,1.0
101,17,-0.0016604472,1.259028,-0.122495435,1.0
101,18,-0.0072741443,1.2605455,-0.2197535,1.0
101,19,-0.0033155088,1.2827805,-0.12355989,1.0
101,20,-0.011864346,1.3208139,-0.21743988,1.0
101,21,0.031000823,1.2120274,-0.10709281,1.0
101,22,-0.04405746,1.237166,-0.16909821,1.0
101,23,0.08025124,0.85116684,0.033848494,1.0
101,24,-0.082811065,0.8383027,-0.034188587,1.0
101,25,0.11198942,0.4372192,-0.009614447,1.0
101,26,-0.0013461254,0.48749673,-0.06199454,1.0
101,27,0.14417425,0.08797979,0.14505781,1.0
101,28,0.018866614,0.11456734,0.11925732,1.0
101,29,0.122991845,0.055421352,0.17180645,1.0
101,30,0.018167976,0.082663655,0.09768225,1.0
101,31,0.16057922,0.029138803,0.12453232,1.0
101,32,0.04632315,0.071764946,0.016232513,1.0
102,0,-0.05036219,1.473183,-0.15400033,1.0
102,1,-0.030740403,1.4814739,-0.14213099,1.0
102,2,-0.031214954,1.4838297,-0.13223785,1.0
102,3,-0.02882852,1.4849644,-0.13160892,1.0
102,4,-0.054272458,1.49751,-0.1562081,1.0
102,5,-0.055593066,1.4931588,-0.16925696,1.0
102,6,-0.047365353,1.4835727,-0.15211087,1.0
102,7,0.022287242,1.4594088,-0.036051415,1.0
102,8,-0.118334934,1.4297173,-0.047912557,1.0
102,9,-0.017802656,1.4522103,-0.104184255,1.0
102,10,-0.054276202,1.4261478,-0.13734008,1.0
102,11,0.09501502,1.2923151,0.053485066,1.0
102,12,-0.18928687,1.344477,0.11237241,1.0
102,13,0.10317752,1.1156689,-0.01665291,1.0
102,14,-0.13932747,1.0777318,-0.0028812732,1.0
102,15,-0.016154805,1.1964386,-0.10761614,1.0
102,16,-0.09261211,1.1769321,-0.17845345,1.0
102,17,-0.05789298,1.2259896,-0.11831337,1.0
102,18,-0.046495672,1.2251114,-0.23355883,1.0
102,19,-0.06137586,1.2561517,-0.11872776,1.0
102,20,-0.05071649,1.2981641,-0.23435281,1.0
102,21,-0.020742262,1.1935589,-0.10307743,1.0
102,22,-0.08948037,1.210621,-0.18256168,1.0
102,23,0.08306268,0.852613,0.030771734,1.0
102,24,-0.086506724,0.8402456,-0.030964475,1.0
102,25,0.11837202,0.4380048,-0.011743801,1.0
102,26,-0.0021864376,0.48920006,-0.05984441,1.0
102,27,0.14689285,0.09668863,0.1547514,1.0
102,28,0.014245916,0.118628144,0.13748291,1.0
102,29,0.12659562,0.06432605,0.18420573,1.0
102,30,0.014390296,0.08786118,0.11743329,1.0
102,31,0.17032011,0.031973362,0.13255216,1.0
102,32,0.045682535,0.07289767,0.035946433,1.0
103,0,-0.055088848,1.4753298,-0.18709426,1.0
103,1,-0.033132236,1.4831771,-0.17678136,1.0
103,2,-0.034359418,1.4861517,-0.16667007,1.0
103,3,-0.03140639,1.4871922,-0.16548792,1.0
103,4,-0.05702121,1.4997246,-0.18757568,1.0
103,5,-0.058427878,1.4956944,-0.20050478,1.0
103,6,-0.04959643,1.4850631,-0.18393248,1.0
103,7,0.020115962,1.4602956,-0.074439004,1.0
103,8,-0.11986251,1.4302547,-0.071229644,1.0
103,9,-0.02306,1.4543824,-0.13991684,1.0
103,10,-0.057704315,1.4288243,-0.16935793,1.0
103,11,0.095790856,1.2955537,0.0057926527,1.0
103,12,-0.19593404,1.3435456,0.08765733,1.0
103,13,0.09873695,1.1162283,-0.059953284,1.0
103,14,-0.16491306,1.0718563,-0.022615086,1.0
103,15,-0.0295799,1.1540732,-0.15244044,1.0
103,16,-0.18077345,1.1085618,-0.20238821,1.0
103,17,-0.07476213,1.165963,-0.16924106,1.0
103,18,-0.15486537,1.1363932,-0.23991118,1.0
103,19,-0.08371872,1.203975,-0.1750923,1.0
103,20,-0.15125869,1.2066648,-0.26278356,1.0
103,21,-0.038346995,1.149882,-0.14976993,1.0
103,22,-0.17761183,1.1375834,-0.19536111,1.0
103,23,0.08511667,0.8527026,0.02744877,1.0
103,24,-0.08964009,0.84048146,-0.027338985,1.0
103,25,0.12235583,0.43042612,-0.017056128,1.0
103,26,-0.0018034582,0.4894122,-0.054752655,1.0
103,27,0.14435211,0.10644609,0.20409058,1.0
103,28,0.014356348,0.11804438,0.13257249,1.0
103,29,0.12194101,0.07334632,0.2410002,1.0
103,30,0.014726728,0.08750236,0.11128606,1.0
103,31,0.16464166,0.03924966,0.20098516,1.0
103,32,0.04334925,0.066705704,0.026781809,1.0
104,0,-0.058615014,1.4722216,-0.24044548,1.0
104,1,-0.036341786,1.4799757,-0.23136908,1.0
104,2,-0.037906583,1.4838955,-0.22162296,1.0
104,3,-0.034297366,1.4843168,-0.21976295,1.0
104,4,-0.059427805,1.4968292,-0.2438967,1.0
104,5,-0.06151342,1.4933382,-0.25631267,1.0
104,6,-0.051247567,1.4815743,-0.23958161,1.0
104,7,0.015438446,1.4572134,-0.13039452,1.0
104,8,-0.12164168,1.42608,-0.13467517,1.0
104,9,-0.02728082,1.4515269,-0.19456108,1.0
104,10,-0.059605774,1.4261348,-0.22512567,1.0
104,11,0.09441458,1.2985194,-0.050322913,1.0
104,12,-0.19861679,1.3347806,0.08131893,1.0
104,13,0.08245087,1.1137143,-0.11195189,1.0
104,14,-0.17548186,1.0417906,-0.030534672,1.0
104,15,-0.06875275,1.1322805,-0.20909457,1.0
104,16,-0.26184204,1.0460671,-0.21739662,1.0
104,17,-0.119475186,1.1386544,-0.22675416,1.0
104,18,-0.25837493,1.071135,-0.2756426,1.0
104,19,-0.1315658,1.177468,-0.23554993,1.0
104,20,-0.25867093,1.1355172,-0.3129807,1.0
104,21,-0.0815974,1.126596,-0.20712458,1.0
104,22,-0.2656456,1.0719607,-0.23203549,1.0
104,23,0.08630582,0.8489818,0.022312663,1.0
104,24,-0.09220535,0.83657247,-0.021812325,1.0
104,25,0.12262656,0.41448373,-0.04052134,1.0
104,26,-0.0060003567,0.4850773,-0.03989557,1.0
104,27,0.13341443,0.1890207,0.28593472,1.0
104,28,0.01295412,0.11294532,0.14592367,1.0
104,29,0.1128133,0.16935074,0.3356381,1.0
104,30,0.013270279,0.08247739,0.12556177,1.0
104,31,0.14135545,0.095608175,0.33866173,1.0
104,32,0.026852872,0.044952095,0.04386518,1.0
105,0,-0.05403646,1.4605608,-0.2510408,1.0
105,1,-0.032550536,1.468771,-0.242033,1.0
105,2,-0.034027524,1.4738119,-0.23273435,1.0
105,3,-0.030293033,1.4734423,-0.23090182,1.0
105,4,-0.05508143,1.4861953,-0.25660107,1.0
105,5,-0.05787258,1.4828632,-0.26822734,1.0
105,6,-0.046442192,1.4702909,-0.25194424,1.0
105,7,0.016261851,1.4473723,-0.13960832,1.0
105,8,-0.12175116,1.4149877,-0.14967817,1.0
105,9,-0.024312276,1.4406757,-0.20539704,1.0
105,10,-0.05614213,1.4149797,-0.23662119,1.0
105,11,0.09342102,1.2928767,-0.062903,1.0
105,12,-0.19365622,1.3181441,0.07312329,1.0
105,13,0.063429795,1.1122129,-0.13178095,1.0
105,14,-0.16699071,1.0166485,-0.013365096,1.0
105,15,-0.083766274,1.1269684,-0.2305102,1.0
105,16,-0.28988165,0.99706525,-0.21918093,1.0
105,17,-0.13389367,1.1385641,-0.25036836,1.0
105,18,-0.29590294,1.01689,-0.2735171,1.0
105,19,-0.14312491,1.1744056,-0.2563272,1.0
105,20,-0.3050071,1.0694261,-0.30453944,1.0
105,21,-0.09676721,1.1213093,-0.22904217,1.0
105,22,-0.2996889,1.0169969,-0.23426774,1.0
105,23,0.08578789,0.8388671,0.01593922,1.0
105,24,-0.09250753,0.8260057,-0.015344393,1.0
105,25,0.12020096,0.40786406,-0.086436756,1.0
105,26,-0.008345613,0.4765321,-0.02557302,1.0
105,27,0.13186882,0.31064332,0.33467507,1.0
105,28,0.0077167926,0.09951872,0.13562907,1.0
105,29,0.111475654,0.3029486,0.3951418,1.0
105,30,0.00800549,0.06770557,0.11481775,1.0
105,31,0.13417736,0.22856319,0.4332436,1.0
105,32,0.021208443,0.028186142,0.03085861,1.0
106,0,-0.05255869,1.4359572,-0.28161398,1.0
106,1,-0.031099265,1.444659,-0.2750792,1.0
106,2,-0.032353804,1.4510872,-0.26523268,1.0
106,3,-0.028730057,1.4495821,-0.26430807,1.0
106,4,-0.05259863,1.4639888,-0.29050666,1.0
106,5,-0.056428872,1.4599864,-0.3012365,1.0
106,6,-0.043969013,1.4466386,-0.28559646,1.0
106,7,0.017036948,1.4256306,-0.17539772,1.0
106,8,-0.12084326,1.3946239,-0.18581611,1.0
106,9,-0.023605706,1.4168876,-0.23698938,1.0
106,10,-0.054203432,1.3921193,-0.26784894,1.0
106,11,0.09100473,1.2796327,-0.09017845,1.0
106,12,-0.19076905,1.295476,0.046044156,1.0
106,13,0.05868114,1.0987301,-0.14856634,1.0
106,14,-0.16281754,0.98939806,-0.019027311,1.0
106,15,-0.09573999,1.1138852,-0.230475,1.0
106,16,-0.30729508,0.9492947,-0.2030806,1.0
106,17,-0.14639261,1.129532,-0.24373466,1.0
106,18,-0.32093704,0.96676075,-0.24759924,1.0
106,19,-0.15817149,1.1650889,-0.25065693,1.0
106,20,-0.3324914,1.0135725,-0.27757442,1.0
106,21,-0.10967415,1.1093127,-0.2288674,1.0
106,22,-0.31975004,0.9663136,-0.21950324,1.0
106,23,0.08514304,0.8297703,0.013799174,1.0
106,24,-0.0921471,0.816068,-0.01327782,1.0
106,25,0.121010214,0.39908504,-0.102903835,1.0
106,26,-0.010915667,0.4666635,-0.028780472,1.0
106,27,0.12457942,0.3738218,0.3217902,1.0
106,28,0.004910101,0.08302301,0.13344428,1.0
106,29,0.10558408,0.36950392,0.38095993,1.0
106,30,0.0052706557,0.049333632,0.11146782,1.0
106,31,0.107042715,0.2935573,0.42218357,1.0
106,32,0.015989969,0.0036981702,0.023457779,1.0
107,0,-0.05090313,1.4128242,-0.30061516,1.0
107,1,-0.02990357,1.4226785,-0.29451978,1.0
107,2,-0.030918777,1.4306712,-0.2847257,1.0
107,3,-0.027682677,1.4270716,-0.28401482,1.0
107,4,-0.050876573,1.4417045,-0.3093724,1.0
107,5,-0.055925727,1.437381,-0.31891754,1.0
107,6,-0.042517148,1.4231062,-0.30451366,1.0
107,7,0.018041885,1.4059747,-0.19278064,1.0
107,8,-0.12070343,1.3740002,-0.20281093,1.0
107,9,-0.022080744,1.395909,-0.25539452,1.0
107,10,-0.05273819,1.3699934,-0.28546223,1.0
107,11,0.08937858,1.2664604,-0.10217301,1.0
107,12,-0.19006379,1.2744714,0.02507204,1.0
107,13,0.05660602,1.0815303,-0.15423688,1.0
107,14,-0.16153641,0.97279197,-0.028694946,1.0
107,15,-0.0959275,1.1009923,-0.22632608,1.0
107,16,-0.31991413,0.9398592,-0.21083981,1.0
107,17,-0.14467806,1.1222435,-0.23404971,1.0
107,18,-0.3360382,0.9613867,-0.2532338,1.0
107,19,-0.1512714,1.1549355,-0.24352323,1.0
107,20,-0.34685555,1.0056005,-0.27941948,1.0
107,21,-0.10759807,1.0971065,-0.22604403,1.0
107,22,-0.33259833,0.9554343,-0.2256318,1.0
107,23,0.08500929,0.82395065,0.011255637,1.0
107,24,-0.09159287,0.80433005,-0.010573877,1.0
107,25,0.11562878,0.49341282,-0.25116646,1.0
107,26,-0.011062506,0.44868988,-0.03278556,1.0
107,27,0.13158412,0.46117735,0.19960825,1.0
107,28,0.0037372247,0.04730946,0.13288905,1.0
107,29,0.11709058,0.4573158,0.26900867,1.0
107,30,0.0038276385,0.0109523535,0.110836245,1.0
107,31,0.10764541,0.3878683,0.4128801,1.0
107,32,0.003010707,-0.027206302,0.043188993,1.0
108,0,-0.049369145,1.4052978,-0.296573,1.0
108,1,-0.029047437,1.4153054,-0.29017583,1.0
108,2,-0.029609228,1.4248998,-0.2803553,1.0
108,3,-0.027298687,1.4196699,-0.28023273,1.0
108,4,-0.049732935,1.4344883,-0.3061908,1.0
108,5,-0.055557955,1.4300807,-0.31587115,1.0
108,6,-0.042129014,1.4154365,-0.30181548,1.0
108,7,0.018580576,1.3962545,-0.1891967,1.0
108,8,-0.119912654,1.3658566,-0.20445853,1.0
108,9,-0.020910634,1.3882451,-0.2515119,1.0
108,10,-0.051777527,1.3613029,-0.2829896,1.0
108,11,0.08407477,1.2557204,-0.101417676,1.0
108,12,-0.19214194,1.2641885,0.014747541,1.0
108,13,0.0547449,1.0724516,-0.15675515,1.0
108,14,-0.15995835,0.9642521,-0.033053882,1.0
108,15,-0.09650448,1.0961747,-0.225284,1.0
108,16,-0.32164228,0.9424908,-0.21599625,1.0
108,17,-0.14457068,1.1219996,-0.22998452,1.0
108,18,-0.3384155,0.96755064,-0.25835276,1.0
108,19,-0.1494493,1.154373,-0.23966934,1.0
108,20,-0.35108748,1.0124004,-0.2821619,1.0
108,21,-0.10675714,1.0930448,-0.22538343,1.0
108,22,-0.33549863,0.95946825,-0.22994426,1.0
108,23,0.08526164,0.82086754,0.011063337,1.0
108,24,-0.09050961,0.7955429,-0.010460025,1.0
108,25,0.1180288,0.53642714,-0.2866944,1.0
108,26,-0.010586485,0.43295687,-0.03527532,1.0
108,27,0.16958039,0.5039108,0.10297268,1.0
108,28,0.0032545296,0.024274826,0.1306125,1.0
108,29,0.15989135,0.5005808,0.16152713,1.0
108,30,0.0029983246,-0.013408959,0.107543774,1.0
108,31,0.1567715,0.4496897,0.23148724,1.0
108,32,-0.008921053,-0.042205393,0.04495821,1.0
109,0,-0.048268765,1.4080269,-0.31113076,1.0
109,1,-0.028482778,1.418567,-0.30361596,1.0
109,2,-0.028439961,1.4292458,-0.2935329,1.0
109,3,-0.027227728,1.4224226,-0.2934207,1.0
109,4,-0.04923807,1.436172,-0.31959787,1.0
109,5,-0.05514032,1.4322147,-0.33093235,1.0
109,6,-0.04241208,1.4177504,-0.3151753,1.0
109,7,0.018969923,1.3970318,-0.19960211,1.0
109,8,-0.119257435,1.3667915,-0.21657139,1.0
109,9,-0.020441243,1.3902913,-0.26613748,1.0
109,10,-0.051178854,1.3621633,-0.29854566,1.0
109,11,0.07375173,1.2534204,-0.12245108,1.0
109,12,-0.1950258,1.2658857,0.013750871,1.0
109,13,0.0558443,1.0732832,-0.18120906,1.0
109,14,-0.15999381,0.9669979,-0.036263518,1.0
109,15,-0.07310215,1.1004814,-0.26059508,1.0
109,16,-0.31737715,0.9613576,-0.23827083,1.0
109,17,-0.11675758,1.1276733,-0.2700768,1.0
109,18,-0.331361,0.99072874,-0.28150636,1.0
109,19,-0.11985112,1.1589867,-0.28130057,1.0
109,20,-0.3454992,1.0387324,-0.30650914,1.0
109,21,-0.081522234,1.0989293,-0.2625622,1.0
109,22,-0.33050582,0.9806275,-0.2531771,1.0
109,23,0.08350984,0.82365656,-0.0010174478,1.0
109,24,-0.08743875,0.79694915,0.0016678427,1.0
109,25,0.1085717,0.5198796,-0.26030263,1.0
109,26,-0.014675025,0.4334899,-0.027510175,1.0
109,27,0.25494093,0.49137038,0.14052707,1.0
109,28,0.003277434,0.02394259,0.13988414,1.0
109,29,0.2571459,0.48685914,0.19471243,1.0
109,30,0.0030808197,-0.013321221,0.11548581,1.0
109,31,0.29080263,0.40805262,0.2549529,1.0
109,32,-0.034774058,-0.042936027,0.063582025,1.0
110,0,-0.049209375,1.4136274,-0.2996766,1.0
110,1,-0.029811602,1.4246693,-0.2925639,1.0
110,2,-0.029098231,1.4359474,-0.28137895,1.0
110,3,-0.028987471,1.4279978,-0.28301498,1.0
110,4,-0.050234035,1.4410125,-0.30906978,1.0
110,5,-0.055866636,1.4371544,-0.321681,1.0
110,6,-0.043781824,1.423052,-0.30533013,1.0
110,7,0.01743513,1.4017375,-0.188727,1.0
110,8,-0.11974135,1.3712215,-0.20771408,1.0
110,9,-0.022080954,1.3953979,-0.25315747,1.0
110,10,-0.052452438,1.3662019,-0.28670156,1.0
110,11,0.06651311,1.2552427,-0.09971071,1.0
110,12,-0.1991508,1.2668225,0.026849654,1.0
110,13,0.052048713,1.0757617,-0.16135974,1.0
110,14,-0.16020358,0.9676712,-0.035597272,1.0
110,15,-0.061253455,1.1057383,-0.2532359,1.0
110,16,-0.31659597,0.97501683,-0.238125,1.0
110,17,-0.10255498,1.1340722,-0.26595306,1.0
110,18,-0.3273003,1.00734,-0.28198507,1.0
110,19,-0.10588697,1.1642233,-0.27558646,1.0
110,20,-0.34575236,1.0564716,-0.30596924,1.0
110,21,-0.06805546,1.1054158,-0.25649276,1.0
110,22,-0.33094496,0.99690163,-0.2532528,1.0
110,23,0.0827929,0.82749546,-0.0011750506,1.0
110,24,-0.08579717,0.80031043,0.0018236407,1.0
110,25,0.111009404,0.50808585,-0.24393392,1.0
110,26,-0.014667375,0.43667173,-0.0299378,1.0
110,27,0.29257742,0.47088042,0.15682492,1.0
110,28,-0.0009964125,0.025956511,0.13728516,1.0
110,29,0.29654503,0.4660104,0.20292072,1.0
110,30,-0.0012736422,-0.011181772,0.111903965,1.0
110,31,0.34280467,0.38895535,0.28048652,1.0
110,32,-0.031673796,-0.047475994,0.056286234,1.0
111,0,-0.05532061,1.4184732,-0.29283747,1.0
111,1,-0.03492736,1.4312944,-0.28456128,1.0
111,2,-0.033804066,1.4428918,-0.27326712,1.0
111,3,-0.03446369,1.433893,-0.2751109,1.0
111,4,-0.057269886,1.4455332,-0.30057645,1.0
111,5,-0.06231193,1.4421649,-0.31409872,1.0
111,6,-0.051393293,1.4291544,-0.2965995,1.0
111,7,0.012274567,1.409395,-0.17900859,1.0
111,8,-0.12745486,1.3785362,-0.19758128,1.0
111,9,-0.028795814,1.4012918,-0.24522802,1.0
111,10,-0.060400113,1.3709292,-0.27866203,1.0
111,11,0.05167237,1.2643696,-0.089026526,1.0
111,12,-0.21163237,1.275614,0.027562702,1.0
111,13,0.05443137,1.0829341,-0.15012236,1.0
111,14,-0.19169052,0.97474444,-0.038559996,1.0
111,15,0.0027964686,1.0580736,-0.2590012,1.0
111,16,-0.3238726,0.98774755,-0.25455537,1.0
111,17,-0.014008239,1.0677913,-0.27775493,1.0
111,18,-0.32979643,1.0216005,-0.30983114,1.0
111,19,-0.018741876,1.0923597,-0.2945277,1.0
111,20,-0.3438503,1.066046,-0.33621088,1.0
111,21,0.00044184644,1.0505409,-0.26664668,1.0
111,22,-0.33471143,1.0104619,-0.27337947,1.0
111,23,0.08296408,0.834001,0.00047568127,1.0
111,24,-0.08558667,0.8063687,0.00066084135,1.0
111,25,0.15162382,0.51092887,-0.2212958,1.0
111,26,-0.023388922,0.43808374,-0.028453613,1.0
111,27,0.35132128,0.43189096,0.19639109,1.0
111,28,-0.02204026,0.028307378,0.13627326,1.0
111,29,0.35348722,0.42584926,0.24857613,1.0
111,30,-0.024186123,-0.009159207,0.10967706,1.0
111,31,0.38242748,0.3781064,0.30182886,1.0
111,32,-0.047408253,-0.047859073,0.0546681,1.0
112,0,-0.060396623,1.4245768,-0.29008266,1.0
112,1,-0.037754335,1.439471,-0.27974844,1.0
112,2,-0.03659783,1.4506209,-0.2683304,1.0
112,3,-0.03770646,1.4414655,-0.27148992,1.0
112,4,-0.062049612,1.4519935,-0.29750502,1.0
112,5,-0.0659771,1.4490099,-0.3127156,1.0
112,6,-0.056555964,1.4372911,-0.2937899,1.0
112,7,0.007682203,1.4177297,-0.16277511,1.0
112,8,-0.13516547,1.3888922,-0.18530524,1.0
112,9,-0.035719633,1.4087505,-0.23827688,1.0
112,10,-0.06851082,1.3780084,-0.27328494,1.0
112,11,0.041739568,1.2814084,-0.07310769,1.0
112,12,-0.23212306,1.2853091,0.039587397,1.0
112,13,0.057088263,1.0926194,-0.14251982,1.0
112,14,-0.21858312,0.9845269,-0.038860995,1.0
112,15,0.027254175,1.0285008,-0.2654932,1.0
112,16,-0.32424712,1.0158204,-0.2621422,1.0
112,17,0.014466366,1.025189,-0.29023048,1.0
112,18,-0.32371405,1.0581251,-0.32935417,1.0
112,19,0.0041030943,1.0450835,-0.30959198,1.0
112,20,-0.33279863,1.1252033,-0.35289383,1.0
112,21,0.024816442,1.0165056,-0.27514872,1.0
112,22,-0.33100018,1.0479784,-0.2821356,1.0
112,23,0.08461399,0.8432369,0.0018633022,1.0
112,24,-0.08726263,0.8131336,-0.00039328402,1.0
112,25,0.20172603,0.48489776,-0.13337575,1.0
112,26,-0.028940838,0.445138,-0.022199295,1.0
112,27,0.42033908,0.28961635,0.19695996,1.0
112,28,-0.06259206,0.036828578,0.13530678,1.0
112,29,0.42306226,0.2614928,0.24502139,1.0
112,30,-0.06989841,-0.0002732277,0.10601938,1.0
112,31,0.45812967,0.2006911,0.2601115,1.0
112,32,-0.10307963,-0.032977283,0.046248995,1.0
113,0,-0.059730414,1.4147784,-0.22656745,1.0
113,1,-0.037383202,1.4314487,-0.21586043,1.0
113,2,-0.036628764,1.4422249,-0.20440991,1.0
113,3,-0.03794574,1.4336569,-0.20780775,1.0
113,4,-0.061521992,1.4447496,-0.23766786,1.0
113,5,-0.06423467,1.4419298,-0.25260228,1.0
113,6,-0.055702455,1.4321029,-0.2338101,1.0
113,7,0.00014590286,1.4166415,-0.097554415,1.0
113,8,-0.13790667,1.3908849,-0.13696393,1.0
113,9,-0.03951494,1.3989949,-0.1730272,1.0
113,10,-0.071403205,1.3705604,-0.21411979,1.0
113,11,0.023882007,1.267711,-0.002061297,1.0
113,12,-0.24945898,1.2884141,0.07046851,1.0
113,13,0.036017105,1.0548892,-0.07957723,1.0
113,14,-0.23539966,0.9876569,-0.02929762,1.0
113,15,0.053341746,1.0509104,-0.23603554,1.0
113,16,-0.31811917,1.0447245,-0.2490821,1.0
113,17,0.055464644,1.0391458,-0.2734477,1.0
113,18,-0.3144915,1.0978521,-0.3249616,1.0
113,19,0.061928563,1.0528955,-0.29502428,1.0
113,20,-0.32238406,1.169527,-0.33974472,1.0
113,21,0.06229106,1.0407096,-0.24992234,1.0
113,22,-0.32291585,1.0808921,-0.2652531,1.0
113,23,0.0856342,0.84585536,0.0024658837,1.0
113,24,-0.088455975,0.81384504,-0.001193725,1.0
113,25,0.22723888,0.47373995,-0.0809163,1.0
113,26,-0.03142635,0.44629112,-0.025835779,1.0
113,27,0.44660977,0.22090441,0.1582304,1.0
113,28,-0.0761776,0.039900303,0.13446604,1.0
113,29,0.4446918,0.18607724,0.18988013,1.0
113,30,-0.08537021,0.002997756,0.10674784,1.0
113,31,0.45287523,0.12816721,0.14779697,1.0
113,32,-0.109313846,-0.025322497,0.043969683,1.0
114,0,-0.0691905,1.3966317,-0.22195035,1.0
114,1,-0.04459869,1.4139408,-0.21120633,1.0
114,2,-0.044803835,1.4239315,-0.1998642,1.0
114,3,-0.04594209,1.4160752,-0.2033074,1.0
114,4,-0.069616266,1.429723,-0.2332546,1.0
114,5,-0.07097005,1.4263723,-0.2478834,1.0
114,6,-0.06338327,1.4184899,-0.22903222,1.0
114,7,-0.010482786,1.401427,-0.08820892,1.0
114,8,-0.15024447,1.3867164,-0.13077699,1.0
114,9,-0.053973973,1.3798285,-0.16563593,1.0
114,10,-0.08580778,1.3547349,-0.20822427,1.0
114,11,0.008550538,1.2492388,0.03278714,1.0
114,12,-0.27356854,1.284208,0.06824097,1.0
114,13,0.034973715,1.0324587,-0.0136628635,1.0
114,14,-0.260056,0.98753303,-0.03458235,1.0
114,15,0.0774737,1.0629218,-0.1518076,1.0
114,16,-0.31393623,1.0648749,-0.24842177,1.0
114,17,0.0818179,1.0676734,-0.17731383,1.0
114,18,-0.2944878,1.1229652,-0.32156575,1.0
114,19,0.09010649,1.0892882,-0.19498447,1.0
114,20,-0.29370955,1.1944184,-0.33776838,1.0
114,21,0.08965087,1.0564127,-0.16235329,1.0
114,22,-0.31415415,1.1021845,-0.26365966,1.0
114,23,0.086131796,0.84777707,0.00917901,1.0
114,24,-0.08928773,0.8126369,-0.007849162,1.0
114,25,0.23092917,0.46363342,-0.06393594,1.0
114,26,-0.03569977,0.4466565,-0.035250176,1.0
114,27,0.44692254,0.16754764,0.11522573,1.0
114,28,-0.096946865,0.044488072,0.1342308,1.0
114,29,0.4416299,0.12798816,0.13963622,1.0
114,30,-0.10917033,0.007963717,0.108892895,1.0
114,31,0.43145964,0.073823094,0.060772903,1.0
114,32,-0.1281475,-0.0034068823,0.040621087,1.0
115,0,-0.075503,1.3717804,-0.24148043,1.0
115,1,-0.048959468,1.3896544,-0.23285195,1.0
115,2,-0.04972802,1.3986278,-0.22089788,1.0
115,3,-0.05084776,1.3912277,-0.22543572,1.0
115,4,-0.07447254,1.4074173,-0.2563252,1.0
115,5,-0.07457343,1.4038606,-0.2716984,1.0
115,6,-0.06727813,1.3973897,-0.25208384,1.0
115,7,-0.017136434,1.3767831,-0.10528413,1.0
115,8,-0.15353762,1.3725946,-0.15791927,1.0
115,9,-0.06328498,1.3548493,-0.18117492,1.0
115,10,-0.09310627,1.333622,-0.22846687,1.0
115,11,-0.0015075654,1.2286667,0.0119282175,1.0
115,12,-0.28751808,1.2770097,0.039299954,1.0
115,13,0.026370864,1.0116222,-0.035851005,1.0
115,14,-0.28006276,0.98692787,-0.07538295,1.0
115,15,0.088229716,1.0494752,-0.16469918,1.0
115,16,-0.3034392,1.0604674,-0.2751692,1.0
115,17,0.09650531,1.0713248,-0.18805829,1.0
115,18,-0.26679063,1.1146051,-0.34987357,1.0
115,19,0.106509715,1.0898918,-0.20471323,1.0
115,20,-0.2553443,1.1861012,-0.35493556,1.0
115,21,0.10369547,1.0441858,-0.17398094,1.0
115,22,-0.2912069,1.0976064,-0.28658313,1.0
115,23,0.0862739,0.84807867,0.011907532,1.0
115,24,-0.0894146,0.81104344,-0.010286422,1.0
115,25,0.22926758,0.45979288,-0.06117974,1.0
115,26,-0.04752829,0.4482044,-0.035202187,1.0
115,27,0.43796173,0.15296656,0.087679945,1.0
115,28,-0.10997501,0.05815065,0.1400511,1.0
115,29,0.43171123,0.11197603,0.10918667,1.0
115,30,-0.123237275,0.023387432,0.11667327,1.0
115,31,0.42055473,0.06042117,0.027085233,1.0
115,32,-0.15067837,0.025548458,0.04162744,1.0
116,0,-0.08406002,1.3685744,-0.26498675,1.0
116,1,-0.05791262,1.3868341,-0.25566494,1.0
116,2,-0.059020955,1.395036,-0.24338423,1.0
116,3,-0.06020648,1.3877141,-0.24780998,1.0
116,4,-0.08452063,1.4031348,-0.2795138,1.0
116,5,-0.083847255,1.3998326,-0.2955058,1.0
116,6,-0.07644828,1.3938936,-0.27505007,1.0
116,7,-0.030044012,1.3696029,-0.12854788,1.0
116,8,-0.16377646,1.3616688,-0.18629086,1.0
116,9,-0.07330324,1.3507111,-0.20419367,1.0
116,10,-0.101824574,1.3287339,-0.2532157,1.0
116,11,-0.010285484,1.2170292,0.00657946,1.0
116,12,-0.29744485,1.2685697,0.012568174,1.0
116,13,0.018922906,0.9998976,-0.045660883,1.0
116,14,-0.2876683,0.9859957,-0.1077851,1.0
116,15,0.08110065,1.0299801,-0.1715957,1.0
116,16,-0.2902471,1.0563087,-0.29882133,1.0
116,17,0.086044446,1.0537193,-0.19422373,1.0
116,18,-0.24902633,1.107883,-0.3702801,1.0
116,19,0.095185235,1.0711012,-0.20766559,1.0
116,20,-0.2384224,1.1781644,-0.3718878,1.0
116,21,0.09645667,1.0250714,-0.17851073,1.0
116,22,-0.27642977,1.0932341,-0.30921146,1.0
116,23,0.08649078,0.84724635,0.01226915,1.0
116,24,-0.08942198,0.80937266,-0.010289448,1.0
116,25,0.23725073,0.4582316,-0.062136807,1.0
116,26,-0.05565401,0.4476658,-0.03174487,1.0
116,27,0.4289393,0.15099406,0.079348214,1.0
116,28,-0.117700495,0.06609619,0.15461254,1.0
116,29,0.42087063,0.1097455,0.10094991,1.0
116,30,-0.13238421,0.032013476,0.1324325,1.0
116,31,0.41862276,0.05186546,0.024570111,1.0
116,32,-0.17311275,0.03422445,0.055979844,1.0
117,0,-0.09234882,1.3595095,-0.26827845,1.0
117,1,-0.065977134,1.3785598,-0.25883144,1.0
117,2,-0.06678669,1.3860981,-0.24688515,1.0
117,3,-0.06816798,1.379034,-0.25066242,1.0
117,4,-0.093291245,1.3947778,-0.2812645,1.0
117,5,-0.0922786,1.3915687,-0.2973034,1.0
117,6,-0.084648415,1.3862722,-0.2764623,1.0
117,7,-0.03443546,1.361908,-0.13325319,1.0
117,8,-0.1682714,1.3528371,-0.1865505,1.0
117,9,-0.08037711,1.342313,-0.20751883,1.0
117,10,-0.10870716,1.3203201,-0.25542158,1.0
117,11,-0.009733747,1.2104784,-0.0013414025,1.0
117,12,-0.30174786,1.2617474,0.011239924,1.0
117,13,0.020387437,0.9949937,-0.049979683,1.0
117,14,-0.29500172,0.98287433,-0.10640445,1.0
117,15,0.075600915,1.0211945,-0.16672352,1.0
117,16,-0.283904,1.0525345,-0.29563382,1.0
117,17,0.07664217,1.0455033,-0.18729697,1.0
117,18,-0.24171034,1.1045,-0.36528853,1.0
117,19,0.08414515,1.0624069,-0.20229647,1.0
117,20,-0.23372637,1.1756884,-0.3663438,1.0
117,21,0.09023974,1.0169778,-0.17425126,1.0
117,22,-0.2708448,1.0900716,-0.3058872,1.0
117,23,0.08679501,0.844866,0.014037402,1.0
117,24,-0.08944674,0.8066801,-0.011741097,1.0
117,25,0.24843994,0.45552263,-0.059720762,1.0
117,26,-0.06500711,0.4473793,-0.03324348,1.0
117,27,0.42296845,0.14884347,0.08504159,1.0
117,28,-0.13082685,0.07406789,0.15335503,1.0
117,29,0.4128917,0.10760468,0.107723266,1.0
117,30,-0.14616713,0.040608943,0.13172208,1.0
117,31,0.41575456,0.05024427,0.033035096,1.0
117,32,-0.1839343,0.0445444,0.05461653,1.0
118,0,-0.0988676,1.36312,-0.28103578,1.0
118,1,-0.07069469,1.382673,-0.26940173,1.0
118,2,-0.07117218,1.3892605,-0.2577682,1.0
118,3,-0.07292835,1.3824611,-0.2606533,1.0
118,4,-0.09993081,1.3972634,-0.28928408,1.0
118,5,-0.09895846,1.3942313,-0.3058808,1.0
118,6,-0.09080666,1.3892276,-0.28421983,1.0
118,7,-0.033045087,1.3648504,-0.14471586,1.0
118,8,-0.17061952,1.3531487,-0.18897937,1.0
118,9,-0.08377967,1.3461059,-0.22053416,1.0
118,10,-0.11315091,1.3229971,-0.26577145,1.0
118,11,-0.0038030078,1.2146463,-0.015840601,1.0
118,12,-0.29911375,1.2618113,0.007102823,1.0
118,13,0.035092283,1.0034603,-0.08371066,1.0
118,14,-0.27871835,0.9810563,-0.11181675,1.0
118,15,0.06917664,1.0148295,-0.21517822,1.0
118,16,-0.28395197,1.043083,-0.32089487,1.0
118,17,0.07147991,1.0323308,-0.2394744,1.0
118,18,-0.24255358,1.0937903,-0.39665797,1.0
118,19,0.07017922,1.0525416,-0.25539348,1.0
118,20,-0.23681608,1.1703894,-0.40058494,1.0
118,21,0.08397742,1.0110736,-0.22274797,1.0
118,22,-0.27108422,1.0806417,-0.3339891,1.0
118,23,0.08723262,0.8428441,0.014657131,1.0
118,24,-0.0896704,0.8047104,-0.012146204,1.0
118,25,0.252078,0.45154527,-0.055496994,1.0
118,26,-0.07808878,0.44706464,-0.0350843,1.0
118,27,0.42932838,0.14180934,0.09137605,1.0
118,28,-0.14627339,0.073610306,0.1551764,1.0
118,29,0.42050317,0.100013256,0.11465745,1.0
118,30,-0.16158642,0.040210485,0.13392606,1.0
118,31,0.43404007,0.04438913,0.04195428,1.0
118,32,-0.19613427,0.04155433,0.05500678,1.0
119,0,-0.10233162,1.3632442,-0.27930614,1.0
119,1,-0.07349895,1.3847303,-0.26594213,1.0
119,2,-0.07372164,1.389844,-0.25447527,1.0
119,3,-0.075429276,1.3840504,-0.25746667,1.0
119,4,-0.10362451,1.3988063,-0.2830181,1.0
119,5,-0.10314385,1.3958535,-0.29970458,1.0
119,6,-0.09451326,1.3915915,-0.27809682,1.0
119,7,-0.030455902,1.3683913,-0.1430427,1.0
119,8,-0.16850117,1.3531817,-0.17276679,1.0
119,9,-0.08286077,1.3480105,-0.21880238,1.0
119,10,-0.11286588,1.3237946,-0.26068395,1.0
119,11,-0.0017977948,1.225164,-0.017017186,1.0
119,12,-0.29043287,1.2602117,0.018873926,1.0
119,13,0.058472894,1.0184163,-0.077280425,1.0
119,14,-0.27108195,0.98798794,-0.0896337,1.0
119,15,0.06542916,0.960128,-0.18310125,1.0
119,16,-0.29388818,1.0419716,-0.30258435,1.0
119,17,0.05532277,0.9479952,-0.20346603,1.0
119,18,-0.26705536,1.0917916,-0.38785392,1.0
119,19,0.031947564,0.96249527,-0.21996252,1.0
119,20,-0.2675196,1.1654835,-0.39432004,1.0
119,21,0.06949029,0.9496118,-0.18891975,1.0
119,22,-0.28831106,1.0795394,-0.3187356,1.0
119,23,0.08769168,0.83995193,0.01459113,1.0
119,24,-0.08978168,0.80193424,-0.01183327,1.0
119,25,0.25005296,0.44381055,-0.05412739,1.0
119,26,-0.076020785,0.44516742,-0.035245627,1.0
119,27,0.44989687,0.13080156,0.07807214,1.0
119,28,-0.14307126,0.06975216,0.15397115,1.0
119,29,0.4441691,0.08842754,0.09828702,1.0
119,30,-0.15732439,0.036118448,0.13236208,1.0
119,31,0.45429847,0.035803676,0.018202031,1.0
119,32,-0.18407038,0.034524262,0.05381965,1.0
120,0,-0.098753035,1.363124,-0.28189328,1.0
120,1,-0.07122088,1.3851545,-0.2693243,1.0
120,2,-0.0710231,1.3895936,-0.25812444,1.0
120,3,-0.07300258,1.3840429,-0.26003182,1.0
120,4,-0.10007452,1.3987057,-0.2860389,1.0
120,5,-0.099888854,1.3953488,-0.3031043,1.0
120,6,-0.091109544,1.3911638,-0.2808099,1.0
120,7,-0.029896688,1.3676963,-0.1504935,1.0
120,8,-0.16726664,1.3503251,-0.17775595,1.0
120,9,-0.07997767,1.3474581,-0.22224896,1.0
120,10,-0.11162546,1.323138,-0.2631027,1.0
120,11,0.011560636,1.2248186,-0.02893858,1.0
120,12,-0.27723756,1.2589086,0.017668115,1.0
120,13,0.068250164,1.0155437,-0.09771687,1.0
120,14,-0.23968847,0.9836839,-0.08068947,1.0
120,15,0.061833486,0.97796106,-0.2174758,1.0
120,16,-0.3124286,1.0292388,-0.2915006,1.0
120,17,0.05180975,0.97089934,-0.2368509,1.0
120,18,-0.31284088,1.0803409,-0.373118,1.0
120,19,0.0320229,0.97117704,-0.25030625,1.0
120,20,-0.32009667,1.152417,-0.38593152,1.0
120,21,0.066894054,0.9639057,-0.2230626,1.0
120,22,-0.31702211,1.0660462,-0.3085117,1.0
120,23,0.08849555,0.8361559,0.01426498,1.0
120,24,-0.09028687,0.80110484,-0.011523588,1.0
120,25,0.24385068,0.43181717,-0.05583286,1.0
120,26,-0.07809122,0.45615244,-0.03124276,1.0
120,27,0.44674003,0.13585246,0.086995624,1.0
120,28,-0.15339708,0.09179455,0.19093436,1.0
120,29,0.44033962,0.09628278,0.110053785,1.0
120,30,-0.16852121,0.059146464,0.1736368,1.0
120,31,0.43943143,0.03424889,0.04035781,1.0
120,32,-0.19128476,0.05128163,0.1088656,1.0
121,0,-0.09691064,1.3634477,-0.29585585,1.0
121,1,-0.069959,1.3853103,-0.28404975,1.0
121,2,-0.06951598,1.387991,-0.27324888,1.0
121,3,-0.07172433,1.383522,-0.27348533,1.0
121,4,-0.098467804,1.3984561,-0.29772595,1.0
121,5,-0.09857389,1.3944638,-0.31541577,1.0
121,6,-0.08925307,1.3905771,-0.29199138,1.0
121,7,-0.021272035,1.3734288,-0.16832985,1.0
121,8,-0.16385774,1.3492365,-0.1821532,1.0
121,9,-0.07854456,1.3501468,-0.23633836,1.0
121,10,-0.11058698,1.3230786,-0.2733531,1.0
121,11,0.030047828,1.2338805,-0.053479545,1.0
121,12,-0.25892293,1.2602191,0.018253444,1.0
121,13,0.082639694,1.0165583,-0.13528523,1.0
121,14,-0.21361029,0.98172057,-0.07188693,1.0
121,15,0.059412427,0.98084736,-0.2590356,1.0
121,16,-0.3307004,1.0154111,-0.29046786,1.0
121,17,0.04182901,0.97208226,-0.27859423,1.0
121,18,-0.34381077,1.064287,-0.37213686,1.0
121,19,0.022660607,0.99115384,-0.2904321,1.0
121,20,-0.35599768,1.1293249,-0.37908855,1.0
121,21,0.061487526,0.9710631,-0.26319468,1.0
121,22,-0.34009314,1.049314,-0.30635262,1.0
121,23,0.08952987,0.8335242,0.013494132,1.0
121,24,-0.090995245,0.80093,-0.010865628,1.0
121,25,0.24023698,0.4279607,-0.05832017,1.0
121,26,-0.0834943,0.45936918,-0.031349536,1.0
121,27,0.44275773,0.13196957,0.089179665,1.0
121,28,-0.16237767,0.088584006,0.1846679,1.0
121,29,0.43559662,0.0923602,0.11255002,1.0
121,30,-0.17722812,0.055666804,0.16594544,1.0
121,31,0.42908797,0.026591778,0.039894145,1.0
121,32,-0.18699433,0.047990024,0.096203126,1.0
122,0,-0.09441201,1.3643646,-0.35215667,1.0
122,1,-0.06680666,1.3865546,-0.34196746,1.0
122,2,-0.066473804,1.3877469,-0.33108267,1.0
122,3,-0.068666555,1.3843272,-0.33022624,1.0
122,4,-0.096581504,1.396529,-0.35310102,1.0
122,5,-0.09660782,1.3920679,-0.37222016,1.0
122,6,-0.08658196,1.3879225,-0.3466789,1.0
122,7,-0.0008093115,1.3742615,-0.2259576,1.0
122,8,-0.14769065,1.3410457,-0.22904761,1.0
122,9,-0.06547307,1.3519089,-0.29171595,1.0
122,10,-0.09778017,1.3226218,-0.32682908,1.0
122,11,0.061937153,1.2355999,-0.094913,1.0
122,12,-0.23065257,1.2584249,-0.015657049,1.0
122,13,0.098403715,1.0171524,-0.1772928,1.0
122,14,-0.17678577,0.9695688,-0.096159734,1.0
122,15,0.035559606,0.9920188,-0.31025213,1.0
122,16,-0.32511047,0.9936408,-0.32079774,1.0
122,17,0.002842226,0.9996335,-0.33068556,1.0
122,18,-0.33702236,1.0418943,-0.39486182,1.0
122,19,-0.012776554,1.0421314,-0.34239966,1.0
122,20,-0.35080355,1.1038647,-0.40701085,1.0
122,21,0.033711106,0.9969954,-0.31436226,1.0
122,22,-0.3334123,1.0266441,-0.33769912,1.0
122,23,0.09135089,0.83257884,0.013626707,1.0
122,24,-0.09284299,0.8032071,-0.011138719,1.0
122,25,0.22812895,0.42028758,-0.05946582,1.0
122,26,-0.087825194,0.46047908,-0.034014706,1.0
122,27,0.43555087,0.130382,0.090997905,1.0
122,28,-0.17224282,0.08857417,0.18484253,1.0
122,29,0.4272336,0.092158675,0.11585476,1.0
122,30,-0.18733096,0.054983437,0.16247001,1.0
122,31,0.4201681,0.023649096,0.050020847,1.0
122,32,-0.19369787,0.04511696,0.08987858,1.0
123,0,-0.083959386,1.369467,-0.3356956,1.0
123,1,-0.056684963,1.392041,-0.32428023,1.0
123,2,-0.056341376,1.3912219,-0.31326795,1.0
123,3,-0.058411244,1.3892869,-0.3127597,1.0
123,4,-0.08698512,1.3991973,-0.3366026,1.0
123,5,-0.08741349,1.3942451,-0.35659677,1.0
123,6,-0.0773863,1.3899757,-0.32985747,1.0
123,7,0.016410716,1.3782501,-0.2068114,1.0
123,8,-0.13319603,1.3419125,-0.21847054,1.0
123,9,-0.04771139,1.3576746,-0.27651465,1.0
123,10,-0.08224267,1.3248222,-0.31193635,1.0
123,11,0.08377643,1.2404261,-0.08141081,1.0
123,12,-0.21162502,1.2572861,-0.010789628,1.0
123,13,0.12953572,1.0179037,-0.15644354,1.0
123,14,-0.15941776,0.9647023,-0.08703849,1.0
123,15,0.033006847,1.0007967,-0.28414932,1.0
123,16,-0.3242381,0.99185795,-0.31571507,1.0
123,17,-0.0049986164,1.0111094,-0.30327463,1.0
123,18,-0.3274117,1.0386779,-0.38899714,1.0
123,19,-0.024744587,1.0439072,-0.31505996,1.0
123,20,-0.34059465,1.1006491,-0.39672697,1.0
123,21,0.027782511,1.0026939,-0.28878018,1.0
123,22,-0.32822,1.0242033,-0.32983562,1.0
123,23,0.092393845,0.8312155,0.013492409,1.0
123,24,-0.09377825,0.8047979,-0.011207356,1.0
123,25,0.21000218,0.41462728,-0.0601081,1.0
123,26,-0.09477561,0.46642956,-0.034240305,1.0
123,27,0.432539,0.12996751,0.09272257,1.0
123,28,-0.17613015,0.08775252,0.18085402,1.0
123,29,0.42467117,0.09331453,0.11755113,1.0
123,30,-0.19043119,0.05401814,0.15767962,1.0
123,31,0.41898143,0.030653775,0.047672164,1.0
123,32,-0.19820155,0.044493973,0.08460784,1.0
124,0,-0.073420145,1.3729131,-0.34283358,1.0
124,1,-0.04644937,1.3960603,-0.3317593,1.0
124,2,-0.046403684,1.3937454,-0.32069582,1.0
124,3,-0.048359603,1.3934609,-0.3204364,1.0
124,4,-0.0765002,1.40398,-0.34291643,1.0
124,5,-0.076797925,1.3989325,-0.36401546,1.0
124,6,-0.06761038,1.3946412,-0.33644286,1.0
124,7,0.026191534,1.3812313,-0.21511382,1.0
124,8,-0.121452786,1.3452785,-0.21990216,1.0
124,9,-0.03468399,1.362272,-0.28480983,1.0
124,10,-0.07032531,1.3290045,-0.3183087,1.0
124,11,0.09577758,1.2466627,-0.083826706,1.0
124,12,-0.19770186,1.2598194,-0.010742685,1.0
124,13,0.14230357,1.0224451,-0.15736082,1.0
124,14,-0.1492161,0.96661675,-0.08692739,1.0
124,15,0.033214077,1.0091892,-0.28257757,1.0
124,16,-0.3204858,0.99507797,-0.31056884,1.0
124,17,-0.0050293687,1.0196079,-0.29948646,1.0
124,18,-0.32170042,1.0393565,-0.382636,1.0
124,19,-0.024854427,1.051111,-0.31215742,1.0
124,20,-0.33476707,1.1008165,-0.39351556,1.0
124,21,0.027309537,1.0088382,-0.28694013,1.0
124,22,-0.3261915,1.0257686,-0.32564795,1.0
124,23,0.09264476,0.83185387,0.013357867,1.0
124,24,-0.09442465,0.8097271,-0.011198906,1.0
124,25,0.18865107,0.41530624,-0.06823246,1.0
124,26,-0.10259297,0.47175232,-0.033591162,1.0
124,27,0.43026954,0.13362062,0.08518152,1.0
124,28,-0.18466975,0.09045577,0.17911313,1.0
124,29,0.42361107,0.09812492,0.10903482,1.0
124,30,-0.19881098,0.05726385,0.1547823,1.0
124,31,0.4127631,0.03602636,0.040232934,1.0
124,32,-0.21049158,0.04579383,0.08188616,1.0
125,0,-0.06219493,1.3790851,-0.36564973,1.0
125,1,-0.035622735,1.4018662,-0.35552853,1.0
125,2,-0.03650443,1.3976862,-0.3449874,1.0
125,3,-0.037980318,1.399903,-0.34550068,1.0
125,4,-0.066186816,1.4106245,-0.36644965,1.0
125,5,-0.065286964,1.4062527,-0.38865817,1.0
125,6,-0.05821975,1.4017355,-0.36124858,1.0
125,7,0.032486457,1.3854973,-0.2375179,1.0
125,8,-0.11285346,1.3516414,-0.24123167,1.0
125,9,-0.023567412,1.3688893,-0.3087916,1.0
125,10,-0.06053345,1.3365827,-0.34096363,1.0
125,11,0.10105365,1.2548693,-0.09778257,1.0
125,12,-0.18720143,1.2644424,-0.03270274,1.0
125,13,0.14502846,1.0327091,-0.16902411,1.0
125,14,-0.14118376,0.9714553,-0.10787815,1.0
125,15,0.04685799,1.018618,-0.3021959,1.0
125,16,-0.3100027,1.0027299,-0.3318524,1.0
125,17,0.008209122,1.0266494,-0.3180523,1.0
125,18,-0.32048,1.0445329,-0.4047321,1.0
125,19,-0.014326546,1.0597491,-0.3354457,1.0
125,20,-0.33233005,1.1084045,-0.41963485,1.0
125,21,0.038787156,1.0186207,-0.30842707,1.0
125,22,-0.31884113,1.0320163,-0.34847012,1.0
125,23,0.09210928,0.83484745,0.01328028,1.0
125,24,-0.095945925,0.81613964,-0.011351685,1.0
125,25,0.17173134,0.41473797,-0.07366632,1.0
125,26,-0.1017458,0.47740856,-0.032529343,1.0
125,27,0.4295569,0.14190835,0.08771548,1.0
125,28,-0.1943887,0.09429932,0.17856124,1.0
125,29,0.4215988,0.10698986,0.11088878,1.0
125,30,-0.20877019,0.06297767,0.15309016,1.0
125,31,0.41285712,0.045271397,0.042167872,1.0
125,32,-0.22127955,0.04959047,0.07942615,1.0
126,0,-0.05641252,1.3803961,-0.3514268,1.0
126,1,-0.029374227,1.400115,-0.34095588,1.0
126,2,-0.031560585,1.3934858,-0.33273742,1.0
126,3,-0.03263328,1.3998749,-0.33523995,1.0
126,4,-0.061837506,1.4100769,-0.3528631,1.0
126,5,-0.05877913,1.4075856,-0.37404692,1.0
126,6,-0.054412704,1.4031222,-0.35048708,1.0
126,7,0.034712277,1.3830869,-0.22124359,1.0
126,8,-0.110408366,1.3544514,-0.23076017,1.0
126,9,-0.01853348,1.3690152,-0.29787642,1.0
126,10,-0.057202607,1.339809,-0.32890752,1.0
126,11,0.10132387,1.2527782,-0.091526896,1.0
126,12,-0.18544886,1.2631742,-0.027806764,1.0
126,13,0.14161992,1.0406538,-0.16606829,1.0
126,14,-0.14026368,0.96953773,-0.104496434,1.0
126,15,0.08874984,1.0108571,-0.29048377,1.0
126,16,-0.30024475,1.0015403,-0.32761222,1.0
126,17,0.06635729,1.0122263,-0.3040522,1.0
126,18,-0.3149556,1.0395688,-0.39966953,1.0
126,19,0.051835433,1.0462232,-0.32059118,1.0
126,20,-0.33096084,1.1102302,-0.4101089,1.0
126,21,0.08381067,1.0068378,-0.29650962,1.0
126,22,-0.31015787,1.0294888,-0.34105596,1.0
126,23,0.0914179,0.83207536,0.013381427,1.0
126,24,-0.10064839,0.81517076,-0.011984618,1.0
126,25,0.1653111,0.41153708,-0.07553129,1.0
126,26,-0.10182126,0.47769633,-0.031794917,1.0
126,27,0.4158664,0.1412831,0.08908891,1.0
126,28,-0.20555073,0.09031212,0.17786321,1.0
126,29,0.41382733,0.10549849,0.111933835,1.0
126,30,-0.21978875,0.06366354,0.15227999,1.0
126,31,0.3945382,0.04622531,0.0433598,1.0
126,32,-0.23016885,0.046475828,0.07713937,1.0
127,0,-0.05252077,1.3738666,-0.277322,1.0
127,1,-0.024720032,1.3841026,-0.2630262,1.0
127,2,-0.02761174,1.374933,-0.26138386,1.0
127,3,-0.030522097,1.3890004,-0.26694983,1.0
127,4,-0.060915835,1.3944181,-0.27554125,1.0
127,5,-0.054432333,1.3939278,-0.29103264,1.0
127,6,-0.052241452,1.3921516,-0.2760954,1.0
127,7,0.035677794,1.3686619,-0.13664675,1.0
127,8,-0.11309135,1.3452678,-0.14945035,1.0
127,9,-0.015985887,1.355192,-0.2302393,1.0
127,10,-0.057376135,1.3316805,-0.25744614,1.0
127,11,0.10307596,1.2205395,-0.031345595,1.0
127,12,-0.19249716,1.2393233,0.023462202,1.0
127,13,0.14289485,1.0335181,-0.11977583,1.0
127,14,-0.14633347,0.9401777,-0.057500534,1.0
127,15,0.102000386,0.97073126,-0.26590875,1.0
127,16,-0.29541594,0.97329634,-0.2866269,1.0
127,17,0.077628486,0.97422844,-0.2846872,1.0
127,18,-0.30663604,1.0046422,-0.3625597,1.0
127,19,0.0720788,1.0077271,-0.3074096,1.0
127,20,-0.3180915,1.0906599,-0.37659055,1.0
127,21,0.09666045,0.95690256,-0.27952686,1.0
127,22,-0.3040459,1.0010973,-0.30224976,1.0
127,23,0.0910599,0.7951713,0.014424419,1.0
127,24,-0.11125001,0.77554977,-0.013238357,1.0
127,25,0.1669083,0.37092432,-0.07421626,1.0
127,26,-0.10038255,0.44180843,-0.026936747,1.0
127,27,0.40505576,0.0991537,0.10315128,1.0
127,28,-0.2187926,0.046940744,0.17946017,1.0
127,29,0.41018507,0.06315732,0.1282411,1.0
127,30,-0.23276074,0.028771222,0.15937345,1.0
127,31,0.385471,0.009431243,0.053742748,1.0
127,32,-0.2514704,0.0034971833,0.078068554,1.0
128,0,-0.04957476,1.359214,-0.24914177,1.0
128,1,-0.02876774,1.3867793,-0.2305045,1.0
128,2,-0.024269838,1.3924985,-0.22176303,1.0
128,3,-0.029712673,1.3979425,-0.22001235,1.0
128,4,-0.056907848,1.3962607,-0.24405189,1.0
128,5,-0.056377962,1.4019636,-0.26402992,1.0
128,6,-0.048707396,1.3827121,-0.2418792,1.0
128,7,0.043084055,1.3806833,-0.11462356,1.0
128,8,-0.11588744,1.3285518,-0.120744646,1.0
128,9,-0.013038025,1.3634237,-0.20236574,1.0
128,10,-0.05085935,1.3228896,-0.22190014,1.0
128,11,0.10115608,1.2348813,-0.00586891,1.0
128,12,-0.19852844,1.2498491,0.05452407,1.0
128,13,0.14023753,1.0164917,-0.08212508,1.0
128,14,-0.15596505,0.9631213,-0.037291363,1.0
128,15,0.116753906,0.9710097,-0.22286381,1.0
128,16,-0.26809806,0.99491215,-0.25304502,1.0
128,17,0.10852626,0.9680765,-0.24834481,1.0
128,18,-0.26535976,1.0067571,-0.33344027,1.0
128,19,0.08843112,1.0079367,-0.26778653,1.0
128,20,-0.27126348,1.0908853,-0.3493882,1.0
128,21,0.1175832,0.9607146,-0.23469879,1.0
128,22,-0.27000365,1.0187353,-0.27409473,1.0
128,23,0.09126263,0.78409225,0.0117479535,1.0
128,24,-0.09439133,0.7706168,-0.010877909,1.0
128,25,0.17169742,0.3724967,-0.07532314,1.0
128,26,-0.11094631,0.4336677,-0.027429713,1.0
128,27,0.4024893,0.096475184,0.10710225,1.0
128,28,-0.22508511,0.042308033,0.18546045,1.0
128,29,0.3968896,0.040352643,0.13497813,1.0
128,30,-0.2327661,0.022941947,0.16147748,1.0
128,31,0.37331402,-0.008603811,0.06961375,1.0
128,32,-0.2531714,-0.0030181408,0.09210909,1.0
129,0,-0.049795713,1.3829521,-0.34862253,1.0
129,1,-0.02665157,1.4123478,-0.33414525,1.0
129,2,-0.023853147,1.4103092,-0.32155454,1.0
129,3,-0.029884307,1.4158757,-0.32469642,1.0
129,4,-0.052734014,1.4158511,-0.3490164,1.0
129,5,-0.055076655,1.4217286,-0.3690585,1.0
129,6,-0.048664197,1.4074583,-0.34098852,1.0
129,7,0.037154727,1.3981439,-0.21088588,1.0
129,8,-0.11345926,1.3584449,-0.22929008,1.0
129,9,-0.014694922,1.3762448,-0.2929715,1.0
129,10,-0.05049005,1.3418891,-0.3222096,1.0
129,11,0.101056665,1.2465161,-0.076135606,1.0
129,12,-0.19869192,1.2758359,-0.03682475,1.0
129,13,0.12648587,1.0133442,-0.13923034,1.0
129,14,-0.16258329,0.9831857,-0.12661774,1.0
129,15,0.12469721,0.9905851,-0.2839726,1.0
129,16,-0.25273547,1.0182718,-0.34058064,1.0
129,17,0.120554805,0.9975375,-0.30817056,1.0
129,18,-0.24167904,1.0443702,-0.42032662,1.0
129,19,0.11604278,1.0323356,-0.32689452,1.0
129,20,-0.24188319,1.1311444,-0.42890123,1.0
129,21,0.12931505,0.9841547,-0.29647303,1.0
129,22,-0.24831448,1.0502154,-0.35646996,1.0
129,23,0.0923839,0.8165698,0.010801459,1.0
129,24,-0.095202215,0.80402476,-0.011427909,1.0
129,25,0.16580218,0.4043105,-0.07241961,1.0
129,26,-0.111174464,0.46367916,-0.02596323,1.0
129,27,0.38918012,0.12955743,0.120705664,1.0
129,28,-0.23116979,0.08003312,0.18628508,1.0
129,29,0.37961254,0.08479822,0.14576247,1.0
129,30,-0.24373448,0.05740881,0.16774009,1.0
129,31,0.36077133,0.026994824,0.08752136,1.0
129,32,-0.26884836,0.03759718,0.09389395,1.0
130,0,-0.05083466,1.3586421,-0.38417852,1.0
130,1,-0.026645884,1.387536,-0.37103307,1.0
130,2,-0.025050282,1.383739,-0.35812214,1.0
130,3,-0.030695304,1.3873303,-0.3628019,1.0
130,4,-0.052735593,1.3914335,-0.38723907,1.0
130,5,-0.055382784,1.3943143,-0.4061439,1.0
130,6,-0.049184486,1.3843273,-0.37722963,1.0
130,7,0.031460464,1.3775604,-0.23916233,1.0
130,8,-0.11802913,1.3414872,-0.26681876,1.0
130,9,-0.016127924,1.349396,-0.32234648,1.0
130,10,-0.051582407,1.318095,-0.35820663,1.0
130,11,0.08804607,1.2259376,-0.08744187,1.0
130,12,-0.2181959,1.2676034,-0.06842495,1.0
130,13,0.11107819,0.99115,-0.13837036,1.0
130,14,-0.21288438,0.9739594,-0.15046155,1.0
130,15,0.15964885,0.9777191,-0.2822555,1.0
130,16,-0.24376595,1.005408,-0.3635915,1.0
130,17,0.16839454,0.9904052,-0.30472827,1.0
130,18,-0.22074291,1.03742,-0.44773567,1.0
130,19,0.1684176,1.0184593,-0.32079464,1.0
130,20,-0.20278363,1.1241213,-0.4525682,1.0
130,21,0.1700058,0.9698265,-0.29175395,1.0
130,22,-0.23020217,1.0410813,-0.37802416,1.0
130,23,0.09380261,0.8131639,0.01370691,1.0
130,24,-0.097149655,0.7998769,-0.0136482585,1.0
130,25,0.1661247,0.39960644,-0.061975498,1.0
130,26,-0.115371145,0.45705137,-0.025691789,1.0
130,27,0.37788713,0.12280238,0.13637292,1.0
130,28,-0.24930803,0.080653846,0.18826354,1.0
130,29,0.3662056,0.08372694,0.16111417,1.0
130,30,-0.2665071,0.055072427,0.17273247,1.0
130,31,0.34613973,0.022004843,0.10703079,1.0
130,32,-0.2933439,0.042354226,0.09752895,1.0
131,0,-0.051144682,1.3430009,-0.38713792,1.0
131,1,-0.026745994,1.3695214,-0.373117,1.0
131,2,-0.025971213,1.3661041,-0.36155084,1.0
131,3,-0.030931268,1.3676528,-0.36558464,1.0
131,4,-0.053703774,1.3753717,-0.3907987,1.0
131,5,-0.05531311,1.3756932,-0.40882033,1.0
131,6,-0.049658928,1.3683884,-0.3809765,1.0
131,7,0.026585307,1.3574426,-0.23928702,1.0
131,8,-0.12104057,1.3225944,-0.27273145,1.0
131,9,-0.017673848,1.3315488,-0.32402304,1.0
131,10,-0.05286862,1.3015236,-0.3632489,1.0
131,11,0.07800893,1.200563,-0.08702003,1.0
131,12,-0.22972296,1.2526898,-0.07682953,1.0
131,13,0.10377123,0.9614878,-0.1288074,1.0
131,14,-0.24413669,0.9634391,-0.16004905,1.0
131,15,0.17556395,0.94870967,-0.26384202,1.0
131,16,-0.23398665,0.98375577,-0.36985704,1.0
131,17,0.1875474,0.964036,-0.2869797,1.0
131,18,-0.2009738,1.0142717,-0.4536027,1.0
131,19,0.18838982,0.9879722,-0.3100119,1.0
131,20,-0.17328353,1.1011301,-0.45750102,1.0
131,21,0.18825223,0.9396696,-0.277296,1.0
131,22,-0.21494147,1.020234,-0.3839338,1.0
131,23,0.09477468,0.8060373,0.017663307,1.0
131,24,-0.09834603,0.7921592,-0.016458496,1.0
131,25,0.16641293,0.39183578,-0.056119982,1.0
131,26,-0.11683976,0.4469378,-0.028374525,1.0
131,27,0.3710178,0.10930103,0.13840869,1.0
131,28,-0.2627052,0.074682176,0.18604171,1.0
131,29,0.35963735,0.0722695,0.16294971,1.0
131,30,-0.28311697,0.046978474,0.17143445,1.0
131,31,0.33988175,0.009729743,0.10714728,1.0
131,32,-0.30903655,0.03834778,0.09607898,1.0
132,0,-0.051015466,1.338041,-0.37299162,1.0
132,1,-0.026525918,1.362981,-0.35866392,1.0
132,2,-0.026334792,1.3605764,-0.34865797,1.0
132,3,-0.030611336,1.3604381,-0.35108083,1.0
132,4,-0.05456528,1.3706,-0.37616995,1.0
132,5,-0.054969683,1.3694923,-0.39336944,1.0
132,6,-0.049931914,1.3633966,-0.36723226,1.0
132,7,0.02432843,1.3514527,-0.22954945,1.0
132,8,-0.12382077,1.3176489,-0.2576086,1.0
132,9,-0.019148028,1.3262107,-0.31058046,1.0
132,10,-0.053963266,1.2968678,-0.34947833,1.0
132,11,0.071709454,1.1932216,-0.07786403,1.0
132,12,-0.23929524,1.2472159,-0.06220517,1.0
132,13,0.10255266,0.9525715,-0.100083746,1.0
132,14,-0.25930834,0.9576359,-0.1443201,1.0
132,15,0.18372606,0.9343292,-0.22587572,1.0
132,16,-0.24002336,0.96541166,-0.3590739,1.0
132,17,0.19735926,0.94985235,-0.24773051,1.0
132,18,-0.21113081,0.99523103,-0.43701515,1.0
132,19,0.1965808,0.97158194,-0.27233502,1.0
132,20,-0.18478751,1.0793643,-0.44662327,1.0
132,21,0.19712898,0.9245591,-0.23934677,1.0
132,22,-0.22398245,1.0008919,-0.37555167,1.0
132,23,0.095904924,0.8020966,0.020589285,1.0
132,24,-0.09950619,0.7878192,-0.018423364,1.0
132,25,0.16707942,0.38835835,-0.050976608,1.0
132,26,-0.123886466,0.44162807,-0.032503176,1.0
132,27,0.36431983,0.10413647,0.15292126,1.0
132,28,-0.26380175,0.08027965,0.19430345,1.0
132,29,0.3521154,0.0677101,0.17929731,1.0
132,30,-0.28449395,0.0521155,0.18297327,1.0
132,31,0.32735753,0.003825128,0.12235092,1.0
132,32,-0.30719453,0.042262435,0.11033502,1.0
133,0,-0.044796582,1.337863,-0.38121194,1.0
133,1,-0.0195069,1.3617887,-0.36615416,1.0
133,2,-0.01993398,1.3601409,-0.35717365,1.0
133,3,-0.023655817,1.3590217,-0.35852048,1.0
133,4,-0.04929301,1.3702866,-0.38414437,1.0
133,5,-0.048380855,1.3684655,-0.40128824,1.0
133,6,-0.043958534,1.3627815,-0.37629914,1.0
133,7,0.027490892,1.350812,-0.23289384,1.0
133,8,-0.120346434,1.3172917,-0.2643769,1.0
133,9,-0.017136924,1.3260015,-0.3177999,1.0
133,10,-0.05205994,1.2970817,-0.35789183,1.0
133,11,0.07416709,1.1929058,-0.08122841,1.0
133,12,-0.23779215,1.2469071,-0.06702835,1.0
133,13,0.1057343,0.95103526,-0.10265056,1.0
133,14,-0.26049715,0.9568157,-0.14814214,1.0
133,15,0.19097072,0.92912114,-0.22792594,1.0
133,16,-0.242099,0.960575,-0.3605659,1.0
133,17,0.203983,0.9433869,-0.24950959,1.0
133,18,-0.22083914,0.98885345,-0.44087705,1.0
133,19,0.20210224,0.96610534,-0.27868322,1.0
133,20,-0.19751348,1.0704024,-0.4503569,1.0
133,21,0.20423794,0.91958195,-0.24302293,1.0
133,22,-0.23173586,0.99445754,-0.37713644,1.0
133,23,0.09713385,0.8014748,0.021951154,1.0
133,24,-0.10078919,0.787101,-0.019157825,1.0
133,25,0.16795516,0.38723436,-0.05196583,1.0
133,26,-0.12630022,0.4399681,-0.03520268,1.0
133,27,0.3648549,0.10083729,0.15574482,1.0
133,28,-0.2598722,0.07789928,0.19322667,1.0
133,29,0.3544462,0.06412721,0.1834329,1.0
133,30,-0.28018048,0.048382938,0.18077987,1.0
133,31,0.33029765,-0.0050332546,0.12673956,1.0
133,32,-0.30003676,0.039378762,0.1093099,1.0
134,0,-0.031072957,1.3374078,-0.4086603,1.0
134,1,-0.0069472883,1.361194,-0.39461893,1.0
134,2,-0.008140195,1.3600156,-0.3860507,1.0
134,3,-0.011155002,1.3586755,-0.38653243,1.0
134,4,-0.03802546,1.369746,-0.41305748,1.0
134,5,-0.035879474,1.3677881,-0.43089262,1.0
134,6,-0.032182593,1.3618944,-0.4063128,1.0
134,7,0.035208777,1.3519788,-0.2597417,1.0
134,8,-0.110612325,1.3171065,-0.2931654,1.0
134,9,-0.0062194257,1.3261812,-0.34440762,1.0
134,10,-0.040787507,1.2969263,-0.38539222,1.0
134,11,0.08121201,1.195474,-0.10529037,1.0
134,12,-0.23235108,1.2481718,-0.090691976,1.0
134,13,0.10921344,0.95399374,-0.13959827,1.0
134,14,-0.25052837,0.9606159,-0.18621033,1.0
134,15,0.19057608,0.9318599,-0.27056545,1.0
134,16,-0.24820699,0.9632431,-0.40193772,1.0
134,17,0.2024694,0.94642925,-0.2937333,1.0
134,18,-0.22428495,0.99271476,-0.48173764,1.0
134,19,0.19952315,0.9711816,-0.3226155,1.0
134,20,-0.20098075,1.0725935,-0.49293426,1.0
134,21,0.20364417,0.92354375,-0.28535005,1.0
134,22,-0.23492472,0.9968442,-0.41966677,1.0
134,23,0.09816629,0.8024328,0.023221683,1.0
134,24,-0.10189296,0.78795534,-0.020111604,1.0
134,25,0.16889791,0.38591316,-0.047913153,1.0
134,26,-0.13162488,0.440153,-0.03710815,1.0
134,27,0.36539605,0.099836946,0.16398065,1.0
134,28,-0.25750256,0.078044,0.19207045,1.0
134,29,0.3560151,0.06316775,0.19247611,1.0
134,30,-0.27687034,0.04799968,0.17855304,1.0
134,31,0.33205763,-0.007726133,0.13109133,1.0
134,32,-0.29402953,0.03762573,0.10879207,1.0
135,0,-0.017480522,1.3491926,-0.39685023,1.0
135,1,0.007227778,1.3725986,-0.38346186,1.0
135,2,0.005806502,1.3715389,-0.3749284,1.0
135,3,0.0036486532,1.3704474,-0.37549275,1.0
135,4,-0.02349588,1.3803453,-0.4017971,1.0
135,5,-0.02143976,1.3784716,-0.41900364,1.0
135,6,-0.017163184,1.371696,-0.39549723,1.0
135,7,0.051869065,1.3652544,-0.24938093,1.0
135,8,-0.09287659,1.3259077,-0.28170472,1.0
135,9,0.008434783,1.3376527,-0.33391353,1.0
135,10,-0.025882885,1.3073108,-0.3743261,1.0
135,11,0.10321026,1.2064607,-0.09918169,1.0
135,12,-0.21038288,1.2521902,-0.07884674,1.0
135,13,0.12743089,0.9644851,-0.13919264,1.0
135,14,-0.21855506,0.9627925,-0.17607512,1.0
135,15,0.18147634,0.9351008,-0.2743294,1.0
135,16,-0.26298058,0.9640638,-0.3999866,1.0
135,17,0.1883365,0.9491793,-0.2971369,1.0
135,18,-0.25829363,0.99336284,-0.47808033,1.0
135,19,0.18186338,0.97498345,-0.32484552,1.0
135,20,-0.25035587,1.0734079,-0.48197508,1.0
135,21,0.1914137,0.92758685,-0.28849685,1.0
135,22,-0.2590635,0.99694204,-0.41213584,1.0
135,23,0.09973922,0.80140585,0.023372935,1.0
135,24,-0.10352269,0.78827745,-0.020166308,1.0
135,25,0.16971049,0.38458762,-0.04754658,1.0
135,26,-0.13210961,0.43953043,-0.03589869,1.0
135,27,0.3664055,0.09777874,0.16860996,1.0
135,28,-0.25394058,0.07651812,0.19524927,1.0
135,29,0.35804358,0.060896993,0.19744222,1.0
135,30,-0.27282196,0.04600483,0.18097042,1.0
135,31,0.33457282,-0.010113299,0.13543873,1.0
135,32,-0.29037446,0.036459863,0.109421924,1.0
136,0,-0.012405103,1.3668548,-0.3787761,1.0
136,1,0.015044058,1.3882375,-0.3645454,1.0
136,2,0.013658768,1.3871164,-0.35684896,1.0
136,3,0.011826105,1.3862747,-0.35663015,1.0
136,4,-0.015688838,1.3963568,-0.3783019,1.0
136,5,-0.013733713,1.3945147,-0.3951413,1.0
136,6,-0.009008475,1.3870889,-0.3729253,1.0
136,7,0.06938386,1.3778373,-0.24248627,1.0
136,8,-0.0759707,1.3409724,-0.2510282,1.0
136,9,0.016543262,1.3535675,-0.32111818,1.0
136,10,-0.01766511,1.3236178,-0.35448015,1.0
136,11,0.1253442,1.2175145,-0.09612394,1.0
136,12,-0.18540506,1.2586789,-0.06096633,1.0
136,13,0.13979802,0.9801104,-0.15044178,1.0
136,14,-0.19161862,0.9640914,-0.14922802,1.0
136,15,0.17450704,0.9336435,-0.3000043,1.0
136,16,-0.2702295,0.97592217,-0.367417,1.0
136,17,0.17164643,0.95001423,-0.32482204,1.0
136,18,-0.27312404,1.0071054,-0.44320405,1.0
136,19,0.15706483,0.9762232,-0.3508308,1.0
136,20,-0.26761618,1.0846348,-0.45833787,1.0
136,21,0.17744482,0.9268845,-0.3133047,1.0
136,22,-0.27026796,1.0077012,-0.3848255,1.0
136,23,0.10016493,0.7984512,0.020691652,1.0
136,24,-0.103967346,0.78881294,-0.017575448,1.0
136,25,0.16366181,0.3815107,-0.061920583,1.0
136,26,-0.13606864,0.44009966,-0.029902993,1.0
136,27,0.36698252,0.097112894,0.15068446,1.0
136,28,-0.2522848,0.07609582,0.19495818,1.0
136,29,0.35952178,0.06105864,0.178967,1.0
136,30,-0.27060053,0.04555601,0.1795407,1.0
136,31,0.3359571,-0.010176301,0.11774324,1.0
136,32,-0.29172307,0.035280287,0.108533174,1.0
137,0,-0.0017772608,1.3667234,-0.39293495,1.0
137,1,0.027283214,1.3867574,-0.37959707,1.0
137,2,0.026039245,1.385603,-0.3720926,1.0
137,3,0.024301898,1.3850636,-0.37137467,1.0
137,4,-0.0032943892,1.3950937,-0.3918145,1.0
137,5,-0.0009440339,1.3930949,-0.40860662,1.0
137,6,0.0037572389,1.3854387,-0.3868251,1.0
137,7,0.08988995,1.3755077,-0.26153392,1.0
137,8,-0.056011144,1.3393333,-0.2606298,1.0
137,9,0.030470219,1.3523196,-0.3368976,1.0
137,10,-0.0034186828,1.3226769,-0.36820704,1.0
137,11,0.15126547,1.2168145,-0.119601645,1.0
137,12,-0.1621277,1.2574315,-0.06539096,1.0
137,13,0.17565435,0.9816681,-0.19508846,1.0
137,14,-0.16817527,0.9603446,-0.1516833,1.0
137,15,0.1706313,0.9347661,-0.35679904,1.0
137,16,-0.27420777,0.98066956,-0.37136263,1.0
137,17,0.16319424,0.9501864,-0.38557634,1.0
137,18,-0.28133932,1.0156027,-0.44702056,1.0
137,19,0.14053704,0.97720534,-0.4106154,1.0
137,20,-0.27777848,1.0930477,-0.4654582,1.0
137,21,0.17292014,0.9281747,-0.36989558,1.0
137,22,-0.27653155,1.0124142,-0.39089257,1.0
137,23,0.10026877,0.7960292,0.019135134,1.0
137,24,-0.10413961,0.79016614,-0.016254423,1.0
137,25,0.15681319,0.3786674,-0.07665287,1.0
137,26,-0.13619615,0.4402874,-0.023025582,1.0
137,27,0.3695027,0.09652549,0.12265678,1.0
137,28,-0.25165835,0.07300073,0.19137678,1.0
137,29,0.36545733,0.060618937,0.14933392,1.0
137,30,-0.26929346,0.042209387,0.1729933,1.0
137,31,0.33806878,-0.009526253,0.08308303,1.0
137,32,-0.29069895,0.033733904,0.09525583,1.0
138,0,0.014255805,1.3758893,-0.37674657,1.0
138,1,0.04330648,1.3940861,-0.36506423,1.0
138,2,0.04272846,1.3927233,-0.35802808,1.0
138,3,0.041142426,1.3926377,-0.3568938,1.0
138,4,0.01420504,1.4028866,-0.37461784,1.0
138,5,0.015937474,1.40058,-0.39066482,1.0
138,6,0.020984534,1.3920734,-0.36987165,1.0
138,7,0.1095227,1.3809528,-0.26001742,1.0
138,8,-0.036076833,1.3470429,-0.24015744,1.0
138,9,0.048912015,1.360452,-0.32495645,1.0
138,10,0.014289499,1.330903,-0.35060456,1.0
138,11,0.1754782,1.2216482,-0.114080526,1.0
138,12,-0.1347723,1.2677915,-0.041224252,1.0
138,13,0.20178674,0.9930063,-0.1822914,1.0
138,14,-0.14618428,0.96627617,-0.114167355,1.0
138,15,0.16775554,0.9507183,-0.33389205,1.0
138,16,-0.2753134,0.9939483,-0.3263602,1.0
138,17,0.15249094,0.9613382,-0.36033797,1.0
138,18,-0.2861224,1.0284197,-0.39736167,1.0
138,19,0.12644325,0.9950591,-0.38395718,1.0
138,20,-0.28392997,1.1015192,-0.42056897,1.0
138,21,0.16808407,0.9466834,-0.3463298,1.0
138,22,-0.27954325,1.0237184,-0.34730414,1.0
138,23,0.100182936,0.7904125,0.015551647,1.0
138,24,-0.10394903,0.7912925,-0.013075596,1.0
138,25,0.15799877,0.37677544,-0.08084774,1.0
138,26,-0.13590935,0.4440571,-0.009956466,1.0
138,27,0.37246722,0.10408318,0.11436089,1.0
138,28,-0.25079495,0.07121706,0.18656716,1.0
138,29,0.3695263,0.07204431,0.1405753,1.0
138,30,-0.2680899,0.03995663,0.1645585,1.0
138,31,0.3397279,0.011267006,0.07855235,1.0
138,32,-0.29923797,0.033280373,0.087307826,1.0
139,0,0.03287372,1.3838099,-0.34840995,1.0
139,1,0.06029074,1.4011989,-0.33628866,1.0
139,2,0.060318265,1.3998969,-0.32937944,1.0
139,3,0.058712877,1.3997977,-0.32850087,1.0
139,4,0.032248367,1.4097364,-0.3468122,1.0
139,5,0.03358243,1.4072704,-0.36226636,1.0
139,6,0.038731262,1.3979684,-0.34229958,1.0
139,7,0.12569936,1.3865747,-0.23278321,1.0
139,8,-0.020214744,1.353125,-0.21444848,1.0
139,9,0.068627685,1.3679127,-0.2980569,1.0
139,10,0.03266541,1.3377852,-0.3229446,1.0
139,11,0.19302158,1.2271844,-0.10463013,1.0
139,12,-0.11411541,1.2743537,-0.017227134,1.0
139,13,0.22239807,1.0069319,-0.1751169,1.0
139,14,-0.128765,0.9690271,-0.08779487,1.0
139,15,0.16855906,0.9624976,-0.3230722,1.0
139,16,-0.27424395,1.002611,-0.29886413,1.0
139,17,0.15196443,0.9693632,-0.34906834,1.0
139,18,-0.2839033,1.0367553,-0.36705947,1.0
139,19,0.12573974,1.0057156,-0.3718203,1.0
139,20,-0.28184867,1.1076908,-0.39319938,1.0
139,21,0.1665724,0.9587546,-0.33546954,1.0
139,22,-0.2786056,1.0317501,-0.3206335,1.0
139,23,0.09998216,0.78592736,0.011986173,1.0
139,24,-0.10335109,0.79353976,-0.009736004,1.0
139,25,0.15344547,0.37441918,-0.090614714,1.0
139,26,-0.135438,0.44793966,0.0017284954,1.0
139,27,0.3726175,0.10873723,0.11235038,1.0
139,28,-0.24001154,0.07160002,0.1869082,1.0
139,29,0.37089437,0.079435885,0.13977228,1.0
139,30,-0.25471523,0.03971225,0.16459256,1.0
139,31,0.34725794,0.018201172,0.08039384,1.0
139,32,-0.29729557,0.031611323,0.09214336,1.0
140,0,0.042333372,1.3839822,-0.34547672,1.0
140,1,0.06844719,1.4015087,-0.33376038,1.0
140,2,0.068907775,1.4003228,-0.32665884,1.0
140,3,0.06717085,1.4001856,-0.32597056,1.0
140,4,0.04160264,1.4103076,-0.3457454,1.0
140,5,0.043115787,1.4075248,-0.3611339,1.0
140,6,0.047982976,1.3979728,-0.3413358,1.0
140,7,0.12984851,1.3862864,-0.22881892,1.0
140,8,-0.014857879,1.3549117,-0.21598469,1.0
140,9,0.07665316,1.3678243,-0.29483843,1.0
140,10,0.040041182,1.3381193,-0.321168,1.0
140,11,0.19657357,1.2274679,-0.10328953,1.0
140,12,-0.106876336,1.2779932,-0.018690031,1.0
140,13,0.22406214,1.0057826,-0.17286965,1.0
140,14,-0.12215671,0.97006845,-0.091607444,1.0
140,15,0.1745881,0.96717775,-0.32150623,1.0
140,16,-0.26968184,1.0047274,-0.3022009,1.0
140,17,0.15571691,0.9745604,-0.34756684,1.0
140,18,-0.28345543,1.0375991,-0.36961997,1.0
140,19,0.13306478,1.012719,-0.36988032,1.0
140,20,-0.27922222,1.1075544,-0.39538786,1.0
140,21,0.17032422,0.9642903,-0.33462316,1.0
140,22,-0.27655283,1.0335641,-0.3232438,1.0
140,23,0.09963361,0.7837915,0.009796818,1.0
140,24,-0.10244567,0.7967251,-0.007818139,1.0
140,25,0.14423065,0.37427318,-0.09355121,1.0
140,26,-0.13527337,0.45016724,0.0038200878,1.0
140,27,0.37037992,0.11150974,0.11137088,1.0
140,28,-0.23957452,0.07363033,0.18765026,1.0
140,29,0.36884993,0.08342844,0.13914733,1.0
140,30,-0.25405788,0.041195035,0.1649284,1.0
140,31,0.34743088,0.02170384,0.081734315,1.0
140,32,-0.30282855,0.031951666,0.10011108,1.0
141,0,0.04715157,1.3841412,-0.35627997,1.0
141,1,0.07225205,1.4024137,-0.34638667,1.0
141,2,0.072827645,1.4012165,-0.33878097,1.0
141,3,0.071040675,1.4010193,-0.33783445,1.0
141,4,0.045397636,1.4115236,-0.35906324,1.0
141,5,0.047270216,1.4083495,-0.37497494,1.0
141,6,0.051443767,1.3991988,-0.3544907,1.0
141,7,0.13014218,1.3874886,-0.23699075,1.0
141,8,-0.014684658,1.354778,-0.23069015,1.0
141,9,0.079504356,1.3684776,-0.30458134,1.0
141,10,0.042649068,1.338592,-0.33255672,1.0
141,11,0.19366907,1.2290096,-0.102915734,1.0
141,12,-0.107377715,1.280015,-0.030994475,1.0
141,13,0.21783058,1.0068034,-0.17982061,1.0
141,14,-0.11556935,0.97141147,-0.10735356,1.0
141,15,0.17678224,0.96933264,-0.3385231,1.0
141,16,-0.26016903,1.0049889,-0.31976596,1.0
141,17,0.15913329,0.9805993,-0.3669475,1.0
141,18,-0.27697754,1.0381467,-0.38912255,1.0
141,19,0.13933656,1.0196719,-0.38985518,1.0
141,20,-0.27441955,1.1084632,-0.41619474,1.0
141,21,0.17249864,0.9669138,-0.35262567,1.0
141,22,-0.2680345,1.0341444,-0.3421212,1.0
141,23,0.09972233,0.78394413,0.009947503,1.0
141,24,-0.10218068,0.79956543,-0.008037673,1.0
141,25,0.14633572,0.37429032,-0.092152566,1.0
141,26,-0.13490745,0.45154792,0.005924621,1.0
141,27,0.3677734,0.1114372,0.112615645,1.0
141,28,-0.24406438,0.07709873,0.18812096,1.0
141,29,0.3650337,0.08504081,0.14062989,1.0
141,30,-0.25949195,0.04483366,0.16501485,1.0
141,31,0.34435752,0.02270633,0.08327414,1.0
141,32,-0.3120609,0.037053704,0.09897777,1.0
142,0,0.043822397,1.3857416,-0.35552767,1.0
142,1,0.068641745,1.4036794,-0.34587842,1.0
142,2,0.06958621,1.4022582,-0.33818594,1.0
142,3,0.0676962,1.402196,-0.3368231,1.0
142,4,0.041956566,1.4123628,-0.35868475,1.0
142,5,0.04415896,1.4087362,-0.3747782,1.0
142,6,0.047968447,1.39939,-0.3540483,1.0
142,7,0.12548445,1.3886225,-0.23590404,1.0
142,8,-0.019290745,1.355164,-0.230545,1.0
142,9,0.07486229,1.3692485,-0.30321637,1.0
142,10,0.03781206,1.3398544,-0.33193302,1.0
142,11,0.18539658,1.230107,-0.097505644,1.0
142,12,-0.11382634,1.2813388,-0.031547625,1.0
142,13,0.20875853,1.0075588,-0.17700225,1.0
142,14,-0.1176671,0.9721916,-0.10815662,1.0
142,15,0.18001251,0.9702617,-0.33499587,1.0
142,16,-0.2541096,1.0056419,-0.3205718,1.0
142,17,0.16831584,0.9823555,-0.36446756,1.0
142,18,-0.26958665,1.0390182,-0.3906166,1.0
142,19,0.15301079,1.0207059,-0.38735485,1.0
142,20,-0.26752558,1.1065707,-0.41642407,1.0
142,21,0.17688021,0.9677745,-0.34991434,1.0
142,22,-0.26133868,1.0341023,-0.34241432,1.0
142,23,0.099980466,0.7851626,0.010252531,1.0
142,24,-0.10211214,0.8012874,-0.00846606,1.0
142,25,0.14716533,0.375786,-0.09048584,1.0
142,26,-0.13462305,0.45299855,0.0042707706,1.0
142,27,0.36190757,0.10839307,0.11320629,1.0
142,28,-0.2606643,0.07787162,0.18078782,1.0
142,29,0.3579041,0.08265638,0.1407392,1.0
142,30,-0.2777354,0.04525441,0.15588957,1.0
142,31,0.3344362,0.024002552,0.08255855,1.0
142,32,-0.32043454,0.038919568,0.0770288,1.0
143,0,0.039354224,1.3893502,-0.3279181,1.0
143,1,0.06391058,1.4076147,-0.31671607,1.0
143,2,0.06520236,1.4061575,-0.30887228,1.0
143,3,0.063202694,1.406069,-0.30751297,1.0
143,4,0.03719934,1.4165075,-0.33171734,1.0
143,5,0.039340332,1.4123876,-0.34768823,1.0
143,6,0.043194987,1.4033787,-0.32683608,1.0
143,7,0.12027586,1.3915633,-0.1986469,1.0
143,8,-0.024392456,1.3625939,-0.20650959,1.0
143,9,0.06928262,1.3720615,-0.2737287,1.0
143,10,0.032094125,1.3432612,-0.30574858,1.0
143,11,0.18024376,1.2324231,-0.061353616,1.0
143,12,-0.121694446,1.287555,-0.016078763,1.0
143,13,0.20470425,1.0089978,-0.13498834,1.0
143,14,-0.12462898,0.9753009,-0.09581325,1.0
143,15,0.18660371,0.97943723,-0.29635313,1.0
143,16,-0.23713888,1.0048234,-0.3082373,1.0
143,17,0.18015987,0.9961531,-0.3265642,1.0
143,18,-0.24354917,1.034447,-0.38141546,1.0
143,19,0.16840672,1.0338117,-0.34915015,1.0
143,20,-0.23531272,1.0993273,-0.4055349,1.0
143,21,0.18548572,0.9773055,-0.3114545,1.0
143,22,-0.23945154,1.0321668,-0.3290052,1.0
143,23,0.10040574,0.78777444,0.011212512,1.0
143,24,-0.102158815,0.80294234,-0.0094675515,1.0
143,25,0.15135106,0.37829435,-0.06755007,1.0
143,26,-0.13564615,0.4552626,-0.0008602432,1.0
143,27,0.35087648,0.09500128,0.13283356,1.0
143,28,-0.2724024,0.08182585,0.18094946,1.0
143,29,0.3425372,0.06680322,0.15952347,1.0
143,30,-0.29079115,0.04926604,0.15638685,1.0
143,31,0.31508845,0.017368913,0.09372028,1.0
143,32,-0.33387828,0.04409015,0.077043675,1.0
144,0,0.036334213,1.3932765,-0.30430642,1.0
144,1,0.062101595,1.4121995,-0.29054165,1.0
144,2,0.06332377,1.4108756,-0.28247517,1.0
144,3,0.061303217,1.4106989,-0.28135976,1.0
144,4,0.034635853,1.4208941,-0.30753022,1.0
144,5,0.037040032,1.4162836,-0.3237327,1.0
144,6,0.041426588,1.4078972,-0.3025098,1.0
144,7,0.11173999,1.3956041,-0.16564985,1.0
144,8,-0.033877995,1.3667345,-0.18561849,1.0
144,9,0.06746988,1.3758109,-0.24849972,1.0
144,10,0.02955905,1.3468158,-0.28350988,1.0
144,11,0.16513516,1.2333751,-0.03215566,1.0
144,12,-0.13714463,1.2903463,-0.006401307,1.0
144,13,0.18300357,1.0044469,-0.101483636,1.0
144,14,-0.13592313,0.97895944,-0.09591835,1.0
144,15,0.19188048,0.98255146,-0.25914907,1.0
144,16,-0.20564799,0.9842812,-0.31014642,1.0
144,17,0.19143148,0.9981734,-0.28915435,1.0
144,18,-0.19469102,1.0006764,-0.3839718,1.0
144,19,0.18464735,1.0358993,-0.31255692,1.0
144,20,-0.17404243,1.0651367,-0.407077,1.0
144,21,0.193417,0.98011464,-0.27473453,1.0
144,22,-0.1983871,1.0097545,-0.33053923,1.0
144,23,0.101569556,0.79181844,0.013686731,1.0
144,24,-0.10284498,0.8053664,-0.011966555,1.0
144,25,0.15174033,0.38297722,-0.045067236,1.0
144,26,-0.13813329,0.45783275,-0.023908567,1.0
144,27,0.32934475,0.08106047,0.15240742,1.0
144,28,-0.28949338,0.08684474,0.18070595,1.0
144,29,0.31683543,0.05027789,0.17828013,1.0
144,30,-0.30920318,0.054193616,0.15692134,1.0
144,31,0.28807625,0.005137086,0.10424162,1.0
144,32,-0.3482672,0.048447907,0.07703605,1.0
145,0,0.02939691,1.3968363,-0.31382856,1.0
145,1,0.053163525,1.4159749,-0.30084345,1.0
145,2,0.05499035,1.4145966,-0.29185382,1.0
145,3,0.052785985,1.4143106,-0.29232925,1.0
145,4,0.02740509,1.4254463,-0.32080448,1.0
145,5,0.029881768,1.4200361,-0.33768392,1.0
145,6,0.0328395,1.4124122,-0.315389,1.0
145,7,0.09473935,1.3982953,-0.16797951,1.0
145,8,-0.0471992,1.3707154,-0.20672603,1.0
145,9,0.054437105,1.3790345,-0.2564729,1.0
145,10,0.016045455,1.3506869,-0.2973451,1.0
145,11,0.14136855,1.2298094,-0.04094411,1.0
145,12,-0.16195586,1.2940702,-0.02689584,1.0
145,13,0.16359095,0.997911,-0.09655735,1.0
145,14,-0.20962647,0.98641086,-0.10439675,1.0
145,15,0.20498309,0.98198366,-0.2514037,1.0
145,16,-0.18971778,0.9811035,-0.31303072,1.0
145,17,0.21065146,1.0003732,-0.2828135,1.0
145,18,-0.15396915,0.9960654,-0.3943476,1.0
145,19,0.20784335,1.034444,-0.3046245,1.0
145,20,-0.112894334,1.0665284,-0.40934604,1.0
145,21,0.20979407,0.9777201,-0.26666343,1.0
145,22,-0.1689295,1.0093467,-0.33079448,1.0
145,23,0.10211556,0.79703665,0.018539045,1.0
145,24,-0.10305555,0.8084018,-0.016694238,1.0
145,25,0.15241554,0.38740256,-0.026345141,1.0
145,26,-0.14381874,0.46167383,-0.027812336,1.0
145,27,0.3105773,0.075256765,0.17205907,1.0
145,28,-0.3064493,0.09280211,0.18098551,1.0
145,29,0.2956593,0.04481846,0.19840223,1.0
145,30,-0.3272062,0.06036842,0.15899643,1.0
145,31,0.267908,0.0015212297,0.12632774,1.0
145,32,-0.36586723,0.057504058,0.07785945,1.0
146,0,0.016012289,1.3989091,-0.318405,1.0
146,1,0.036873005,1.4180682,-0.30591145,1.0
146,2,0.039787468,1.4166052,-0.29697952,1.0
146,3,0.037134595,1.4161465,-0.29674304,1.0
146,4,0.01358299,1.4289628,-0.32452384,1.0
146,5,0.016250107,1.4227653,-0.34179506,1.0
146,6,0.018559366,1.4159839,-0.31869975,1.0
146,7,0.07598483,1.3985524,-0.17839773,1.0
146,8,-0.05959534,1.3740456,-0.20751904,1.0
146,9,0.038184635,1.3814743,-0.26134267,1.0
146,10,0.0005825263,1.3537506,-0.30078083,1.0
146,11,0.11906047,1.2297858,-0.03530899,1.0
146,12,-0.17628701,1.2981014,-0.032862466,1.0
146,13,0.1476688,1.0028322,-0.07092241,1.0
146,14,-0.26084542,0.9958566,-0.106485054,1.0
146,15,0.21072708,0.9761731,-0.21092638,1.0
146,16,-0.15899108,0.9721917,-0.30310535,1.0
146,17,0.21648069,0.9886187,-0.23887095,1.0
146,18,-0.09558438,0.9791851,-0.3809283,1.0
146,19,0.21562445,1.0147417,-0.25852057,1.0
146,20,-0.047579493,1.0511389,-0.38753232,1.0
146,21,0.21595863,0.9683498,-0.22530074,1.0
146,22,-0.1291372,1.001208,-0.31523195,1.0
146,23,0.10168056,0.8025062,0.023998827,1.0
146,24,-0.10227494,0.81084186,-0.022041727,1.0
146,25,0.15197307,0.39158577,-0.01888362,1.0
146,26,-0.14778209,0.46489233,-0.032869134,1.0
146,27,0.28568882,0.074674904,0.18409874,1.0
146,28,-0.32300165,0.09738165,0.17846563,1.0
146,29,0.26993895,0.04486662,0.21053576,1.0
146,30,-0.34478545,0.0644632,0.15808976,1.0
146,31,0.25830263,0.00466913,0.14388219,1.0
146,32,-0.38220584,0.06311107,0.07403265,1.0
147,0,0.011744402,1.4039202,-0.31245345,1.0
147,1,0.032225188,1.4231052,-0.29855308,1.0
147,2,0.036006674,1.4215984,-0.28990394,1.0
147,3,0.032952406,1.4208419,-0.29036143,1.0
147,4,0.0092487205,1.4339732,-0.31929865,1.0
147,5,0.011875986,1.4276836,-0.3367402,1.0
147,6,0.013907466,1.4210317,-0.3133345,1.0
147,7,0.0694661,1.4034247,-0.1736794,1.0
147,8,-0.06622287,1.3794289,-0.20743218,1.0
147,9,0.032091327,1.3867657,-0.25546318,1.0
147,10,-0.005872111,1.3583057,-0.29618463,1.0
147,11,0.10932667,1.2356502,-0.020794876,1.0
147,12,-0.18406935,1.305541,-0.03326282,1.0
147,13,0.16719414,1.0363255,-0.058568403,1.0
147,14,-0.29873767,1.021224,-0.10622786,1.0
147,15,0.22948748,0.9785538,-0.19883287,1.0
147,16,-0.1646098,0.9602313,-0.2757415,1.0
147,17,0.2279689,0.9793186,-0.22746615,1.0
147,18,-0.09383939,0.955265,-0.34841707,1.0
147,19,0.21659604,1.0028268,-0.2451809,1.0
147,20,-0.043470673,1.0246794,-0.35122567,1.0
147,21,0.22860736,0.9682019,-0.21224932,1.0
147,22,-0.13364916,0.9869226,-0.28501308,1.0
147,23,0.09986858,0.8088403,0.030041758,1.0
147,24,-0.09998543,0.8136472,-0.027794156,1.0
147,25,0.15341504,0.39590272,-0.01261794,1.0
147,26,-0.15028428,0.46921796,-0.03970435,1.0
147,27,0.26534453,0.07700294,0.19329666,1.0
147,28,-0.330622,0.09915465,0.1593408,1.0
147,29,0.24808355,0.048144877,0.21925844,1.0
147,30,-0.35252216,0.06567764,0.1391364,1.0
147,31,0.25826597,0.011233449,0.16183901,1.0
147,32,-0.38860324,0.06897205,0.050771233,1.0
148,0,0.0016863183,1.4094647,-0.31753486,1.0
148,1,0.022600692,1.4288411,-0.30350205,1.0
148,2,0.027020076,1.42742,-0.29439703,1.0
148,3,0.02366339,1.4266975,-0.29716763,1.0
148,4,-0.0005968008,1.4399327,-0.32611322,1.0
148,5,0.0018544162,1.4338863,-0.34279096,1.0
148,6,0.0038212915,1.427083,-0.31952155,1.0
148,7,0.0651629,1.4081051,-0.17826588,1.0
148,8,-0.07299495,1.3856385,-0.21555336,1.0
148,9,0.024188565,1.3928944,-0.25978386,1.0
148,10,-0.014240062,1.3639846,-0.30162737,1.0
148,11,0.11220478,1.2490562,-0.026086599,1.0
148,12,-0.18954243,1.3158811,-0.03537049,1.0
148,13,0.22410339,1.0889349,-0.021225812,1.0
148,14,-0.32743722,1.0596507,-0.097053625,1.0
148,15,0.25503805,0.98092365,-0.10260849,1.0
148,16,-0.17741536,0.95983064,-0.24454357,1.0
148,17,0.241967,0.96339524,-0.12087961,1.0
148,18,-0.11287443,0.9462862,-0.31571662,1.0
148,19,0.21970126,0.98001325,-0.14063627,1.0
148,20,-0.0598215,1.0090532,-0.31901953,1.0
148,21,0.2474457,0.9650655,-0.11397526,1.0
148,22,-0.15073788,0.9829567,-0.25443697,1.0
148,23,0.09891219,0.8157052,0.0335323,1.0
148,24,-0.09861242,0.8174339,-0.030713052,1.0
148,25,0.15340203,0.4003608,-0.0072527938,1.0
148,26,-0.1547359,0.47530624,-0.04625307,1.0
148,27,0.24314159,0.07579452,0.19136591,1.0
148,28,-0.3405806,0.10075933,0.14106019,1.0
148,29,0.22437972,0.047002017,0.21547681,1.0
148,30,-0.3628991,0.06612629,0.12019925,1.0
148,31,0.2481207,0.016890347,0.15688127,1.0
148,32,-0.40645218,0.07552546,0.027602125,1.0
149,0,-0.0073484723,1.4187312,-0.31814054,1.0
149,1,0.011818168,1.4384305,-0.30508405,1.0
149,2,0.01622112,1.436619,-0.29541206,1.0
149,3,0.012764717,1.4362737,-0.2980464,1.0
149,4,-0.010979879,1.4511311,-0.32642984,1.0
149,5,-0.008395094,1.4450927,-0.3441603,1.0
149,6,-0.006873298,1.4383898,-0.32016146,1.0
149,7,0.059150048,1.4160044,-0.1861856,1.0
149,8,-0.0779432,1.3938327,-0.2181347,1.0
149,9,0.018498324,1.4038458,-0.2616669,1.0
149,10,-0.019522639,1.3738399,-0.30280623,1.0
149,11,0.11298771,1.2641972,-0.029672489,1.0
149,12,-0.1866421,1.3278191,-0.038398203,1.0
149,13,0.26130837,1.123559,0.012140122,1.0
149,14,-0.34758562,1.0982509,-0.09345548,1.0
149,15,0.25162423,0.98068076,0.0032270178,1.0
149,16,-0.19697738,0.9714764,-0.21604677,1.0
149,17,0.23187584,0.95283866,0.00033679284,1.0
149,18,-0.13167748,0.9611957,-0.28171846,1.0
149,19,0.21235882,0.96651316,-0.016081372,1.0
149,20,-0.08509656,1.0178359,-0.28164813,1.0
149,21,0.24019566,0.9613792,-0.0036987336,1.0
149,22,-0.1543944,0.99324787,-0.22476178,1.0
149,23,0.095834225,0.8234909,0.03647214,1.0
149,24,-0.09531416,0.8231022,-0.03276979,1.0
149,25,0.14900585,0.40619937,0.0064850682,1.0
149,26,-0.16835244,0.4819062,-0.056076415,1.0
149,27,0.21533078,0.08187634,0.20488617,1.0
149,28,-0.3494163,0.10545564,0.13434115,1.0
149,29,0.19506152,0.05259341,0.22865275,1.0
149,30,-0.37109336,0.070789814,0.11559299,1.0
149,31,0.22312212,0.019447327,0.17852016,1.0
149,32,-0.409616,0.08060855,0.029453356,1.0
150,0,-0.013868447,1.4300516,-0.32003403,1.0
150,1,0.0055639884,1.4492619,-0.30755076,1.0
150,2,0.009579875,1.4472303,-0.2973188,1.0
150,3,0.0060679414,1.4471776,-0.3000361,1.0
150,4,-0.018727781,1.4625252,-0.3269858,1.0
150,5,-0.015681304,1.4570501,-0.34481853,1.0
150,6,-0.014645193,1.449949,-0.32093155,1.0
150,7,0.05849714,1.4266545,-0.18799694,1.0
150,8,-0.08077022,1.404665,-0.2158586,1.0
150,9,0.015958713,1.4172623,-0.26379463,1.0
150,10,-0.022519013,1.3862458,-0.3038423,1.0
150,11,0.114003316,1.2876678,-0.031859398,1.0
150,12,-0.18386067,1.3455404,-0.03717009,1.0
150,13,0.30392468,1.179578,0.0020176908,1.0
150,14,-0.36021724,1.1485406,-0.08340578,1.0
150,15,0.2584474,1.0113786,-0.0128753,1.0
150,16,-0.22464335,0.99658746,-0.19951315,1.0
150,17,0.22746785,0.9679769,-0.019223703,1.0
150,18,-0.13266847,0.98214996,-0.26366338,1.0
150,19,0.19941655,0.98949236,-0.032707006,1.0
150,20,-0.09983622,1.0387775,-0.2648688,1.0
150,21,0.24026705,0.9868354,-0.019544043,1.0
150,22,-0.17969234,1.0071976,-0.2091347,1.0
150,23,0.09249618,0.83336776,0.037258953,1.0
150,24,-0.09166464,0.83151627,-0.03220983,1.0
150,25,0.14030159,0.41326517,0.0024537663,1.0
150,26,-0.17915821,0.49267802,-0.05680636,1.0
150,27,0.1866571,0.08204681,0.19848199,1.0
150,28,-0.3695476,0.12150997,0.13062732,1.0
150,29,0.16584851,0.05097425,0.2216304,1.0
150,30,-0.39268667,0.08819407,0.11248177,1.0
150,31,0.20224732,0.01348722,0.17394729,1.0
150,32,-0.43751028,0.095938504,0.035073467,1.0
151,0,-0.018852342,1.4386178,-0.3079318,1.0
151,1,0.00093891576,1.4573455,-0.29492277,1.0
151,2,0.0042362427,1.455408,-0.28501007,1.0
151,3,0.0009870995,1.4554815,-0.28881633,1.0
151,4,-0.025367776,1.4710388,-0.31184942,1.0
151,5,-0.021410463,1.4665554,-0.32859042,1.0
151,6,-0.021110473,1.4587243,-0.30606124,1.0
151,7,0.05789274,1.4368023,-0.18114068,1.0
151,8,-0.0850113,1.4143474,-0.19232458,1.0
151,9,0.0137013765,1.4283718,-0.25341573,1.0
151,10,-0.025534606,1.3966281,-0.2882389,1.0
151,11,0.11510107,1.3158842,-0.018023174,1.0
151,12,-0.18114668,1.3581573,-0.022488471,1.0
151,13,0.32604155,1.2357638,0.017684245,1.0
151,14,-0.36790138,1.1703979,-0.07765096,1.0
151,15,0.2938877,1.0744292,-0.0052689523,1.0
151,16,-0.25035658,1.0564103,-0.19153938,1.0
151,17,0.26217926,1.0292697,-0.01389732,1.0
151,18,-0.16063188,1.0386609,-0.25054356,1.0
151,19,0.21585041,1.0319275,-0.0258624,1.0
151,20,-0.10917312,1.0826653,-0.25176564,1.0
151,21,0.27228597,1.0470141,-0.012850254,1.0
151,22,-0.21271037,1.0667933,-0.20036161,1.0
151,23,0.0914863,0.84182507,0.04113108,1.0
151,24,-0.090190694,0.83801985,-0.034654208,1.0
151,25,0.13503598,0.41562998,0.0058168084,1.0
151,26,-0.17975007,0.49982738,-0.07982627,1.0
151,27,0.17228395,0.07968205,0.1986463,1.0
151,28,-0.3935039,0.13559014,0.113109365,1.0
151,29,0.15278186,0.046120405,0.22113425,1.0
151,30,-0.4181057,0.10419524,0.09753487,1.0
151,31,0.19801344,0.008291066,0.17591967,1.0
151,32,-0.44200996,0.10358453,0.02997124,1.0
152,0,-0.017395867,1.4425857,-0.23447733,1.0
152,1,0.0018275805,1.4617867,-0.22249381,1.0
152,2,0.003929848,1.460271,-0.21388292,1.0
152,3,0.0016077951,1.4605021,-0.21794038,1.0
152,4,-0.025339559,1.4749753,-0.23893659,1.0
152,5,-0.02010763,1.4719286,-0.25455803,1.0
152,6,-0.020447614,1.4630072,-0.23379815,1.0
152,7,0.055817787,1.4504733,-0.11959252,1.0
152,8,-0.084877044,1.4200565,-0.1268334,1.0
152,9,0.014383966,1.4363351,-0.18345065,1.0
152,10,-0.023980381,1.4024129,-0.21728285,1.0
152,11,0.11901227,1.336605,0.025598997,1.0
152,12,-0.1753313,1.3697731,0.012290255,1.0
152,13,0.3252649,1.2752435,0.03395601,1.0
152,14,-0.3543852,1.1907899,-0.07955878,1.0
152,15,0.34054023,1.1455398,-0.0013782582,1.0
152,16,-0.2463801,1.1397345,-0.20168369,1.0
152,17,0.3248581,1.104976,-0.014069987,1.0
152,18,-0.16041543,1.1322863,-0.27387905,1.0
152,19,0.27647266,1.1015688,-0.02469422,1.0
152,20,-0.11313202,1.1771903,-0.27885306,1.0
152,21,0.3229368,1.116485,-0.010659359,1.0
152,22,-0.21245255,1.1522098,-0.21977966,1.0
152,23,0.08964829,0.8459255,0.049601287,1.0
152,24,-0.08777007,0.840452,-0.04155037,1.0
152,25,0.13071105,0.41219574,0.0071105016,1.0
152,26,-0.14440583,0.49027178,-0.12714897,1.0
152,27,0.1336112,0.06945264,0.19665642,1.0
152,28,-0.41796634,0.17915702,0.07254852,1.0
152,29,0.11236338,0.033364654,0.21878935,1.0
152,30,-0.44985235,0.15762657,0.060956404,1.0
152,31,0.15821145,0.0011641383,0.17266716,1.0
152,32,-0.4462246,0.120227456,0.010702781,1.0
153,0,-0.016032957,1.4586437,-0.2355586,1.0
153,1,0.0040767575,1.4785347,-0.22203878,1.0
153,2,0.0051610502,1.4775858,-0.2132531,1.0
153,3,0.0042787464,1.4782963,-0.21797216,1.0
153,4,-0.024472296,1.4877404,-0.23865898,1.0
153,5,-0.017750204,1.4874864,-0.25508723,1.0
153,6,-0.019004183,1.4764378,-0.23400356,1.0
153,7,0.05767189,1.4719758,-0.11397711,1.0
153,8,-0.085284755,1.4267597,-0.12279405,1.0
153,9,0.014996893,1.4556074,-0.18539214,1.0
153,10,-0.022460308,1.4173865,-0.22055121,1.0
153,11,0.12248467,1.3555214,0.02735323,1.0
153,12,-0.16762358,1.375066,0.0065668086,1.0
153,13,0.3041955,1.305128,-0.00034562172,1.0
153,14,-0.3415934,1.2077535,-0.16123343,1.0
153,15,0.35558325,1.2553471,-0.16080517,1.0
153,16,-0.22123481,1.2569127,-0.31841522,1.0
153,17,0.35091996,1.2343781,-0.19145726,1.0
153,18,-0.13817398,1.2688766,-0.38333964,1.0
153,19,0.31551877,1.234925,-0.2023842,1.0
153,20,-0.08833121,1.3307825,-0.3713628,1.0
153,21,0.34723684,1.2293572,-0.1788775,1.0
153,22,-0.19014376,1.2781155,-0.32241204,1.0
153,23,0.08589867,0.84909123,0.05582761,1.0
153,24,-0.0831327,0.84025335,-0.04680372,1.0
153,25,0.11089681,0.41252142,0.0075341016,1.0
153,26,-0.064774,0.48993006,-0.14502189,1.0
153,27,0.10277245,0.079173446,0.17266582,1.0
153,28,-0.39497396,0.32716227,0.087941006,1.0
153,29,0.085061,0.0426901,0.19539107,1.0
153,30,-0.42512637,0.3246379,0.06223835,1.0
153,31,0.12273392,0.010687888,0.17148283,1.0
153,32,-0.45279276,0.29628485,0.11067395,1.0
154,0,-0.0127618555,1.4555929,-0.22683181,1.0
154,1,0.005304931,1.4757173,-0.21281159,1.0
154,2,0.005144117,1.4755517,-0.20349434,1.0
154,3,0.005096336,1.4769354,-0.20865552,1.0
154,4,-0.023434391,1.4865594,-0.22821946,1.0
154,5,-0.016136449,1.4874423,-0.24156877,1.0
154,6,-0.018091176,1.475009,-0.22277893,1.0
154,7,0.06479387,1.4673579,-0.09611985,1.0
154,8,-0.08554174,1.4226978,-0.10391748,1.0
154,9,0.022087052,1.4521391,-0.17579302,1.0
154,10,-0.017569695,1.4140098,-0.20873809,1.0
154,11,0.13315211,1.3431664,0.06259223,1.0
154,12,-0.14539704,1.3799644,0.010005562,1.0
154,13,0.33058786,1.3285434,0.098713025,1.0
154,14,-0.33490387,1.2504964,-0.14634576,1.0
154,15,0.47894424,1.3950446,0.11064486,1.0
154,16,-0.22216554,1.389859,-0.31501037,1.0
154,17,0.49084455,1.4198521,0.11617227,1.0
154,18,-0.14663313,1.4400008,-0.36433712,1.0
154,19,0.4774346,1.4233172,0.10441639,1.0
154,20,-0.10023156,1.4991865,-0.33633354,1.0
154,21,0.484692,1.3776109,0.094569355,1.0
154,22,-0.19409601,1.4146326,-0.30100614,1.0
154,23,0.07967959,0.8400126,0.062634245,1.0
154,24,-0.07720604,0.8301058,-0.053535253,1.0
154,25,0.11019864,0.4017526,0.017672982,1.0
154,26,-0.047406137,0.48146823,-0.16396193,1.0
154,27,0.08120905,0.063823104,0.1677166,1.0
154,28,-0.35831177,0.40075138,0.092768274,1.0
154,29,0.061384328,0.025399506,0.1887295,1.0
154,30,-0.39683977,0.40474558,0.08356194,1.0
154,31,0.09744951,-0.012528062,0.16885997,1.0
154,32,-0.43306074,0.35840034,0.13956344,1.0
155,0,-0.0059930296,1.4584239,-0.22233438,1.0
155,1,0.00971906,1.4777684,-0.20928118,1.0
155,2,0.0079307705,1.4775975,-0.19969912,1.0
155,3,0.008657939,1.4807332,-0.2052334,1.0
155,4,-0.018846247,1.4889176,-0.22435853,1.0
155,5,-0.01091231,1.4913192,-0.23634574,1.0
155,6,-0.013566889,1.4773904,-0.21894015,1.0
155,7,0.07061342,1.4649198,-0.09712347,1.0
155,8,-0.08161147,1.4209018,-0.10504319,1.0
155,9,0.030811781,1.4531461,-0.17372072,1.0
155,10,-0.008507179,1.4153214,-0.20698419,1.0
155,11,0.15006158,1.3322419,0.057544712,1.0
155,12,-0.12601642,1.3829899,0.0038247276,1.0
155,13,0.37371463,1.3329512,0.08293724,1.0
155,14,-0.2834066,1.289519,-0.16716649,1.0
155,15,0.49368298,1.4909714,0.09087871,1.0
155,16,-0.22398375,1.4828573,-0.32054055,1.0
155,17,0.493719,1.5378847,0.09525461,1.0
155,18,-0.17122369,1.545114,-0.37509674,1.0
155,19,0.4767595,1.5496371,0.09083521,1.0
155,20,-0.13602069,1.6003315,-0.34934378,1.0
155,21,0.49711642,1.4816358,0.07645118,1.0
155,22,-0.20370196,1.5064042,-0.31278902,1.0
155,23,0.07523748,0.8324972,0.0659305,1.0
155,24,-0.07299219,0.8224967,-0.057159573,1.0
155,25,0.10706828,0.39908382,0.028808814,1.0
155,26,-0.03579066,0.488455,-0.16768754,1.0
155,27,0.064761035,0.062152147,0.16195495,1.0
155,28,-0.3151721,0.47395626,0.14708938,1.0
155,29,0.046401076,0.022228956,0.18197057,1.0
155,30,-0.3500697,0.4847307,0.1572515,1.0
155,31,0.08162962,-0.014693201,0.16673906,1.0
155,32,-0.3755106,0.44337776,0.21179068,1.0
156,0,0.0063100713,1.4454501,-0.23446846,1.0
156,1,0.017537314,1.4664989,-0.2232314,1.0
156,2,0.014069811,1.4657946,-0.21319345,1.0
156,3,0.015359501,1.4715295,-0.22019841,1.0
156,4,-0.01076397,1.4773164,-0.23739077,1.0
156,5,-0.0013587279,1.4813232,-0.24969928,1.0
156,6,-0.0050781295,1.4670484,-0.23341715,1.0
156,7,0.07041871,1.4529731,-0.11045456,1.0
156,8,-0.08055356,1.4118114,-0.118816175,1.0
156,9,0.038023695,1.4416647,-0.18534978,1.0
156,10,0.0021517337,1.4045819,-0.21614212,1.0
156,11,0.1500306,1.3250751,0.044026922,1.0
156,12,-0.11083396,1.3741843,-0.083256595,1.0
156,13,0.36341196,1.36802,0.08922017,1.0
156,14,-0.17163949,1.2927063,-0.3431352,1.0
156,15,0.48451725,1.5750293,0.12966451,1.0
156,16,-0.20636849,1.5145059,-0.53202665,1.0
156,17,0.48823515,1.6248138,0.14367865,1.0
156,18,-0.17688902,1.5781412,-0.59150213,1.0
156,19,0.4728206,1.6410141,0.13448304,1.0
156,20,-0.15193094,1.6269833,-0.5748265,1.0
156,21,0.49190876,1.5653679,0.11279924,1.0
156,22,-0.19989012,1.5352266,-0.52990633,1.0
156,23,0.0676034,0.82393616,0.079260424,1.0
156,24,-0.0656893,0.81440014,-0.07060269,1.0
156,25,0.09318502,0.39671,0.048864458,1.0
156,26,0.0110767605,0.4955677,-0.17938516,1.0
156,27,0.036642134,0.054818153,0.16326845,1.0
156,28,-0.26579598,0.5059401,0.15207008,1.0
156,29,0.017464876,0.01242739,0.18339035,1.0
156,30,-0.29973298,0.5209892,0.16314034,1.0
156,31,0.07193121,-0.023593009,0.17587939,1.0
156,32,-0.32933235,0.45929414,0.22448227,1.0
157,0,0.011285495,1.4350696,-0.25475442,1.0
157,1,0.01906769,1.4575899,-0.24247001,1.0
157,2,0.015244281,1.4561436,-0.23109788,1.0
157,3,0.01706156,1.4648106,-0.23709823,1.0
157,4,-0.008762182,1.4670236,-0.262182,1.0
157,5,0.0014253716,1.4721925,-0.27537367,1.0
157,6,-0.0025713888,1.4578488,-0.25674185,1.0
157,7,0.06537576,1.4440799,-0.12609264,1.0
157,8,-0.08089324,1.4014843,-0.16817783,1.0
157,9,0.040216483,1.4328597,-0.20249751,1.0
157,10,0.0062391954,1.3949802,-0.24626869,1.0
157,11,0.14655094,1.3281395,0.036909267,1.0
157,12,-0.101568356,1.3699299,-0.13197353,1.0
157,13,0.3533238,1.4010892,0.10128964,1.0
157,14,-0.12738906,1.3197677,-0.40111607,1.0
157,15,0.4606211,1.6078237,0.16294278,1.0
157,16,-0.18815622,1.5493455,-0.5936972,1.0
157,17,0.4599177,1.6503958,0.1777687,1.0
157,18,-0.17713739,1.6090314,-0.6549018,1.0
157,19,0.44137654,1.6693244,0.16672356,1.0
157,20,-0.1535603,1.6564571,-0.64210016,1.0
157,21,0.46689865,1.5954782,0.14499122,1.0
157,22,-0.18985848,1.5696166,-0.5935211,1.0
157,23,0.059668265,0.8156209,0.08788057,1.0
157,24,-0.0583849,0.806781,-0.07958006,1.0
157,25,0.08493466,0.3932883,0.061130326,1.0
157,26,0.05486711,0.49988204,-0.17976573,1.0
157,27,0.014108959,0.0479607,0.16536857,1.0
157,28,-0.23156065,0.52751017,0.1515006,1.0
157,29,-0.005421783,0.0047100186,0.18502589,1.0
157,30,-0.2662493,0.54526377,0.16093197,1.0
157,31,0.059247687,-0.031012177,0.19456847,1.0
157,32,-0.2944917,0.4765599,0.2315031,1.0
158,0,0.012426365,1.4311203,-0.25662002,1.0
158,1,0.019044207,1.4541609,-0.24454208,1.0
158,2,0.015443343,1.45188,-0.23359115,1.0
158,3,0.01742444,1.4632194,-0.23979937,1.0
158,4,-0.007978426,1.4624807,-0.2637847,1.0
158,5,0.00247492,1.4681332,-0.27764565,1.0
158,6,-0.0009986535,1.4537599,-0.25939026,1.0
158,7,0.058067646,1.4416296,-0.12902234,1.0
158,8,-0.081029646,1.3945527,-0.17554288,1.0
158,9,0.039980467,1.4301875,-0.20424703,1.0
158,10,0.007235233,1.3910906,-0.24755605,1.0
158,11,0.13575374,1.3363851,0.035626613,1.0
158,12,-0.09576733,1.3736868,-0.13857107,1.0
158,13,0.3462496,1.4295788,0.11728688,1.0
158,14,-0.0945994,1.3346363,-0.39784208,1.0
158,15,0.4380003,1.629174,0.17386937,1.0
158,16,-0.15920939,1.5781417,-0.5708794,1.0
158,17,0.43631563,1.6620433,0.18462084,1.0
158,18,-0.16094321,1.6359216,-0.6273811,1.0
158,19,0.4162844,1.6799027,0.17191055,1.0
158,20,-0.14946647,1.6849879,-0.61907756,1.0
158,21,0.44285572,1.612711,0.15462388,1.0
158,22,-0.16486393,1.5998306,-0.5715017,1.0
158,23,0.053434096,0.8089641,0.09320625,1.0
158,24,-0.052446503,0.80133295,-0.085694194,1.0
158,25,0.0848863,0.3966101,0.05501152,1.0
158,26,0.07717504,0.5000465,-0.18096331,1.0
158,27,0.0067036096,0.034338713,0.14068583,1.0
158,28,-0.22236815,0.5188837,0.13873683,1.0
158,29,-0.012664926,-0.011600554,0.15634957,1.0
158,30,-0.25970596,0.5359701,0.14939123,1.0
158,31,0.060952425,-0.04649788,0.17181817,1.0
158,32,-0.29237267,0.4702102,0.20902887,1.0
159,0,0.032140266,1.4254017,-0.24197546,1.0
159,1,0.03263341,1.4495894,-0.23024277,1.0
159,2,0.029589111,1.4460435,-0.21930225,1.0
159,3,0.031787403,1.4597166,-0.22463468,1.0
159,4,0.009772168,1.4564936,-0.2552923,1.0
159,5,0.020256262,1.4618132,-0.26985842,1.0
159,6,0.017860243,1.4477794,-0.2509412,1.0
159,7,0.05234367,1.4363849,-0.119009435,1.0
159,8,-0.07906781,1.385586,-0.1798217,1.0
159,9,0.048909117,1.4240618,-0.18945196,1.0
159,10,0.021376729,1.3857219,-0.24187389,1.0
159,11,0.11840537,1.3307883,0.046184093,1.0
159,12,-0.08924551,1.3691386,-0.14085628,1.0
159,13,0.31374434,1.4307296,0.1474464,1.0
159,14,-0.04187307,1.3644533,-0.388638,1.0
159,15,0.41165882,1.6436454,0.20949943,1.0
159,16,-0.10359876,1.6188269,-0.5350299,1.0
159,17,0.40908423,1.6793728,0.22201288,1.0
159,18,-0.10806703,1.6782365,-0.5906441,1.0
159,19,0.39520994,1.6999867,0.21108447,1.0
159,20,-0.098248,1.7228489,-0.58167875,1.0
159,21,0.41941115,1.6271459,0.19182913,1.0
159,22,-0.10953246,1.6403975,-0.53467536,1.0
159,23,0.048211247,0.80389726,0.098160595,1.0
159,24,-0.047809817,0.79816365,-0.09180018,1.0
159,25,0.06828619,0.3857651,0.049351107,1.0
159,26,0.12311791,0.5234975,-0.19575347,1.0
159,27,-0.0036297971,0.00770092,0.14354102,1.0
159,28,-0.20898624,0.48113295,0.08703973,1.0
159,29,-0.02159446,-0.038183153,0.16082123,1.0
159,30,-0.25173628,0.48982045,0.09087305,1.0
159,31,0.046157137,-0.06797284,0.17289078,1.0
159,32,-0.29114535,0.42366305,0.1733394,1.0
160,0,0.054954074,1.4259295,-0.21400088,1.0
160,1,0.05345527,1.4504905,-0.19998272,1.0
160,2,0.052002404,1.4458821,-0.19037987,1.0
160,3,0.053777955,1.4609525,-0.19396788,1.0
160,4,0.03547257,1.4560302,-0.23045123,1.0
160,5,0.045269173,1.4599806,-0.24545397,1.0
160,6,0.044776306,1.4467983,-0.22611387,1.0
160,7,0.05309062,1.4319892,-0.096684456,1.0
160,8,-0.063045174,1.3794847,-0.17911781,1.0
160,9,0.06291065,1.4205683,-0.16349798,1.0
160,10,0.03955879,1.3833336,-0.2231066,1.0
160,11,0.11294986,1.3225832,0.05409745,1.0
160,12,-0.08251154,1.3657637,-0.12713319,1.0
160,13,0.2990249,1.4290857,0.14844586,1.0
160,14,0.0014945653,1.3881617,-0.3378984,1.0
160,15,0.3627857,1.6470177,0.19840227,1.0
160,16,-0.028853275,1.6444001,-0.45690233,1.0
160,17,0.35029155,1.6859035,0.21003927,1.0
160,18,-0.022101387,1.7067248,-0.5056219,1.0
160,19,0.3299176,1.7100965,0.2020654,1.0
160,20,-0.012093788,1.7500077,-0.48923746,1.0
160,21,0.36367846,1.632144,0.18299334,1.0
160,22,-0.031249601,1.6670343,-0.45026082,1.0
160,23,0.046389654,0.7999116,0.10055889,1.0
160,24,-0.04626707,0.79639435,-0.09575903,1.0
160,25,0.048987594,0.3804223,0.05211127,1.0
160,26,0.15257624,0.5351654,-0.24218442,1.0
160,27,-0.0014176234,0.0067315698,0.16163597,1.0
160,28,-0.19046122,0.4362986,-0.02682236,1.0
160,29,-0.015349992,-0.037149727,0.1808807,1.0
160,30,-0.23553912,0.43844718,-0.030168103,1.0
160,31,0.04169913,-0.066043556,0.20187354,1.0
160,32,-0.26300833,0.38928723,0.010299401,1.0
161,0,0.047054708,1.4315131,-0.213718,1.0
161,1,0.048427492,1.454998,-0.19759364,1.0
161,2,0.04819965,1.4492054,-0.18845287,1.0
161,3,0.04905559,1.4652199,-0.19116743,1.0
161,4,0.02920615,1.460929,-0.22455253,1.0
161,5,0.038016204,1.4629006,-0.24063626,1.0
161,6,0.039052937,1.4499767,-0.22082995,1.0
161,7,0.054377872,1.4343292,-0.091923155,1.0
161,8,-0.06386072,1.3798126,-0.16141097,1.0
161,9,0.06017633,1.4223711,-0.16224554,1.0
161,10,0.034718204,1.3875208,-0.21630834,1.0
161,11,0.11284991,1.3209994,0.06279314,1.0
161,12,-0.07174792,1.3673348,-0.117551476,1.0
161,13,0.28255156,1.3994389,0.14709161,1.0
161,14,0.05904095,1.3978972,-0.28516778,1.0
161,15,0.31757593,1.6240358,0.18929087,1.0
161,16,0.059939146,1.65095,-0.29206637,1.0
161,17,0.2971075,1.6713715,0.19812968,1.0
161,18,0.07542817,1.7142954,-0.3343748,1.0
161,19,0.27773997,1.6944503,0.19507447,1.0
161,20,0.079982564,1.7568088,-0.32002318,1.0
161,21,0.3150729,1.612037,0.17754039,1.0
161,22,0.057273038,1.674092,-0.28521574,1.0
161,23,0.043754075,0.8018382,0.09933089,1.0
161,24,-0.043342058,0.8003207,-0.09579286,1.0
161,25,0.03493321,0.39141083,0.048181757,1.0
161,26,0.16113122,0.5312961,-0.2378561,1.0
161,27,-0.012011329,0.018046677,0.1603151,1.0
161,28,-0.14936566,0.40304047,-0.007823103,1.0
161,29,-0.025085442,-0.023805082,0.18076639,1.0
161,30,-0.19111328,0.39425665,-0.010873295,1.0
161,31,0.040788047,-0.042458832,0.20086522,1.0
161,32,-0.19451644,0.310656,0.027505843,1.0
162,0,0.044326853,1.4412949,-0.2095855,1.0
162,1,0.047197822,1.4640733,-0.19339506,1.0
162,2,0.048323512,1.4578753,-0.18431078,1.0
162,3,0.048213463,1.4741466,-0.1864229,1.0
162,4,0.027690131,1.4706328,-0.21952489,1.0
162,5,0.03533429,1.4710102,-0.23679338,1.0
162,6,0.037739284,1.4582489,-0.2162075,1.0
162,7,0.055553406,1.4442027,-0.08708112,1.0
162,8,-0.06371925,1.3877835,-0.15322313,1.0
162,9,0.05912998,1.4302782,-0.15721075,1.0
162,10,0.03179557,1.3977865,-0.20924614,1.0
162,11,0.10846032,1.3277328,0.06846351,1.0
162,12,-0.06527915,1.3746555,-0.11299514,1.0
162,13,0.26542306,1.3897653,0.13581984,1.0
162,14,0.10415412,1.3864456,-0.23993054,1.0
162,15,0.28553253,1.6015358,0.16320969,1.0
162,16,0.15096982,1.6159334,-0.21549974,1.0
162,17,0.2603205,1.6541399,0.16710827,1.0
162,18,0.17842814,1.6788417,-0.2544638,1.0
162,19,0.2428921,1.6786516,0.16398497,1.0
162,20,0.1791892,1.7237493,-0.23938465,1.0
162,21,0.28191155,1.5915213,0.15206946,1.0
162,22,0.15014741,1.6404741,-0.2073282,1.0
162,23,0.03975194,0.81025654,0.097230285,1.0
162,24,-0.039026927,0.8102927,-0.09461473,1.0
162,25,0.014190531,0.40345794,0.045677423,1.0
162,26,0.16668627,0.5288662,-0.22564329,1.0
162,27,-0.016197126,0.03193015,0.15977494,1.0
162,28,-0.1288001,0.29626715,0.017703256,1.0
162,29,-0.028276797,-0.00792712,0.18085903,1.0
162,30,-0.16826719,0.27803373,0.012732744,1.0
162,31,0.037422515,-0.018595457,0.20298043,1.0
162,32,-0.1611018,0.20251167,0.04269766,1.0
163,0,0.047513954,1.4523995,-0.18149275,1.0
163,1,0.05074151,1.4738125,-0.16651051,1.0
163,2,0.05305017,1.4678943,-0.15736586,1.0
163,3,0.05215221,1.4836802,-0.1595468,1.0
163,4,0.032295056,1.4814003,-0.19373134,1.0
163,5,0.039116252,1.4804008,-0.21233834,1.0
163,6,0.042815227,1.4680598,-0.19095078,1.0
163,7,0.055590063,1.455056,-0.06644888,1.0
163,8,-0.058576062,1.3980143,-0.13551173,1.0
163,9,0.05985401,1.4394025,-0.12961519,1.0
163,10,0.032341167,1.4088495,-0.18303889,1.0
163,11,0.10490826,1.3365974,0.08214948,1.0
163,12,-0.061756235,1.383131,-0.10814259,1.0
163,13,0.25315997,1.3910891,0.1319461,1.0
163,14,0.1360431,1.3798387,-0.23225367,1.0
163,15,0.27210796,1.5962807,0.088577464,1.0
163,16,0.18995482,1.599063,-0.22290449,1.0
163,17,0.25185558,1.6486344,0.07923246,1.0
163,18,0.21930328,1.6603653,-0.2639079,1.0
163,19,0.2355593,1.6763989,0.08136962,1.0
163,20,0.21894486,1.7082138,-0.25151283,1.0
163,21,0.26881725,1.5875709,0.078318074,1.0
163,22,0.18883394,1.6252073,-0.21634023,1.0
163,23,0.037957832,0.82037526,0.095968105,1.0
163,24,-0.037017602,0.8198672,-0.09430797,1.0
163,25,-0.014225616,0.42625192,0.043879174,1.0
163,26,0.14964287,0.49048007,-0.19868939,1.0
163,27,-0.04750341,0.051534593,0.15947741,1.0
163,28,-0.10350184,0.19893467,0.014632584,1.0
163,29,-0.060505047,0.012193859,0.18100587,1.0
163,30,-0.13522926,0.17395759,0.0034307851,1.0
163,31,0.015173757,-0.003105104,0.20328875,1.0
163,32,-0.106063806,0.104193866,0.008497583,1.0
164,0,0.06024374,1.4545078,-0.17078507,1.0
164,1,0.060233258,1.4764444,-0.1588937,1.0
164,2,0.06332572,1.4712782,-0.14949787,1.0
164,3,0.062113162,1.4857657,-0.15161876,1.0
164,4,0.046450008,1.4849001,-0.18802688,1.0
164,5,0.05250167,1.4821019,-0.20757367,1.0
164,6,0.05714852,1.470407,-0.18532354,1.0
164,7,0.05508874,1.4631548,-0.06582831,1.0
164,8,-0.045960408,1.4046047,-0.13887338,1.0
164,9,0.06488319,1.4409691,-0.12009151,1.0
164,10,0.041557476,1.4120486,-0.17585622,1.0
164,11,0.092591226,1.3416746,0.085057475,1.0
164,12,-0.05661199,1.387981,-0.1033067,1.0
164,13,0.23802751,1.3940067,0.12948327,1.0
164,14,0.15524802,1.3760842,-0.22366944,1.0
164,15,0.276423,1.5820944,0.07548191,1.0
164,16,0.21384563,1.58727,-0.21799944,1.0
164,17,0.2621971,1.6321902,0.064585514,1.0
164,18,0.2427411,1.6347785,-0.26093596,1.0
164,19,0.24854702,1.6610894,0.066310436,1.0
164,20,0.23848104,1.683098,-0.25016284,1.0
164,21,0.27472222,1.5727916,0.06473408,1.0
164,22,0.21154048,1.6079936,-0.21267235,1.0
164,23,0.037424427,0.82609516,0.094693005,1.0
164,24,-0.036475234,0.8267113,-0.09376905,1.0
164,25,-0.014064361,0.4341649,0.06713097,1.0
164,26,0.12852663,0.4837949,-0.14931402,1.0
164,27,-0.065316945,0.058552086,0.17507236,1.0
164,28,-0.10156686,0.13520479,0.021166656,1.0
164,29,-0.0819146,0.019988358,0.19559816,1.0
164,30,-0.12375422,0.1008994,0.005208476,1.0
164,31,-0.018160656,0.0030290484,0.20586455,1.0
164,32,-0.059079416,0.070685685,-0.027444297,1.0
165,0,0.07191081,1.4566119,-0.13369541,1.0
165,1,0.06596227,1.4795097,-0.12544942,1.0
165,2,0.06943171,1.4754808,-0.11590377,1.0
165,3,0.06800046,1.4881319,-0.11792984,1.0
165,4,0.05697329,1.4888974,-0.15863837,1.0
165,5,0.062406685,1.4845097,-0.1786846,1.0
165,6,0.06761159,1.4733264,-0.15547623,1.0
165,7,0.042446997,1.4696991,-0.042855352,1.0
165,8,-0.040466335,1.4103432,-0.13531455,1.0
165,9,0.067685835,1.4428298,-0.08483833,1.0
165,10,0.04963397,1.4144807,-0.14612217,1.0
165,11,0.06356428,1.3417475,0.11043848,1.0
165,12,-0.05572602,1.3905661,-0.09912522,1.0
165,13,0.22128934,1.3659213,0.12451328,1.0
165,14,0.17244422,1.3306464,-0.20567796,1.0
165,15,0.28321615,1.5492592,0.05628723,1.0
165,16,0.24320023,1.5055073,-0.19388027,1.0
165,17,0.27469423,1.6290615,0.04235681,1.0
165,18,0.27574024,1.5731057,-0.23702589,1.0
165,19,0.26318246,1.6608517,0.044234052,1.0
165,20,0.2643657,1.6277201,-0.22396077,1.0
165,21,0.2843125,1.550522,0.045177225,1.0
165,22,0.23994109,1.5367858,-0.18833804,1.0
165,23,0.03444127,0.8278918,0.09597933,1.0
165,24,-0.03330885,0.8327412,-0.096103676,1.0
165,25,-0.0028606227,0.43270838,0.07893327,1.0
165,26,0.083937325,0.48867372,-0.115554646,1.0
165,27,-0.05444695,0.062205434,0.1773629,1.0
165,28,-0.077794254,0.106913805,0.0027024718,1.0
165,29,-0.0708502,0.02469492,0.19730416,1.0
165,30,-0.08647483,0.067926764,-0.022413122,1.0
165,31,-0.0019944839,0.020403326,0.20533702,1.0
165,32,0.013056925,0.07405239,-0.08901416,1.0
166,0,0.08203992,1.4623281,-0.12103537,1.0
166,1,0.0721439,1.4856031,-0.11299934,1.0
166,2,0.07562328,1.4828959,-0.10344161,1.0
166,3,0.074189015,1.4935282,-0.105304524,1.0
166,4,0.066250935,1.4957609,-0.1492975,1.0
166,5,0.07134568,1.490506,-0.16949476,1.0
166,6,0.07725012,1.4793606,-0.14547913,1.0
166,7,0.028761404,1.4808946,-0.033255696,1.0
166,8,-0.037907448,1.4191687,-0.13735647,1.0
166,9,0.0701251,1.4484513,-0.07274604,1.0
166,10,0.05647414,1.4200249,-0.13771784,1.0
166,11,0.046500623,1.3451681,0.12159349,1.0
166,12,-0.05800986,1.3959548,-0.09651694,1.0
166,13,0.22316271,1.3110342,0.12176683,1.0
166,14,0.17006011,1.2815448,-0.20458977,1.0
166,15,0.2916687,1.4563532,0.030949898,1.0
166,16,0.2511534,1.4246688,-0.1879055,1.0
166,17,0.27863866,1.5221856,0.015869498,1.0
166,18,0.28635347,1.4908607,-0.23060492,1.0
166,19,0.26653737,1.5572288,0.015963785,1.0
166,20,0.2743386,1.5491484,-0.21518394,1.0
166,21,0.29169083,1.4549606,0.019627672,1.0
166,22,0.24835415,1.4581609,-0.18129629,1.0
166,23,0.031105585,0.8325274,0.09764135,1.0
166,24,-0.02962593,0.8398681,-0.098309405,1.0
166,25,-0.00089067454,0.43603322,0.091750756,1.0
166,26,0.05597292,0.49063605,-0.10318152,1.0
166,27,-0.06446085,0.067572,0.19371518,1.0
166,28,-0.088130906,0.11140865,0.007710209,1.0
166,29,-0.08281111,0.030970216,0.21376905,1.0
166,30,-0.09689265,0.0730136,-0.016766675,1.0
166,31,-0.010026878,0.027348101,0.21391289,1.0
166,32,-0.002741934,0.08282232,-0.079232894,1.0
167,0,0.08245513,1.4435519,-0.09637946,1.0
167,1,0.07108468,1.4689965,-0.0895046,1.0
167,2,0.07411771,1.4671984,-0.08047381,1.0
167,3,0.07290509,1.4758563,-0.082316965,1.0
167,4,0.06689473,1.4790117,-0.12846416,1.0
167,5,0.0720112,1.4740049,-0.1486446,1.0
167,6,0.07846844,1.462611,-0.1237339,1.0
167,7,0.0101306755,1.4792204,-0.019342879,1.0
167,8,-0.036028355,1.4175124,-0.13576584,1.0
167,9,0.06869509,1.4332019,-0.051138982,1.0
167,10,0.057244774,1.4046305,-0.11802451,1.0
167,11,0.028955452,1.3338051,0.1311757,1.0
167,12,-0.0614797,1.3849382,-0.09455133,1.0
167,13,0.2041266,1.2431266,0.115390144,1.0
167,14,0.14474104,1.1993973,-0.1858756,1.0
167,15,0.29571277,1.3457274,0.0003314379,1.0
167,16,0.2481413,1.307701,-0.14868942,1.0
167,17,0.29122734,1.407459,-0.016027812,1.0
167,18,0.28968352,1.37533,-0.1911508,1.0
167,19,0.28880346,1.4418353,-0.020515628,1.0
167,20,0.27997255,1.4453857,-0.1710576,1.0
167,21,0.29578507,1.3426201,-0.011929571,1.0
167,22,0.24876808,1.346143,-0.14006023,1.0
167,23,0.029344046,0.8373004,0.09969433,1.0
167,24,-0.027334366,0.84638697,-0.100552194,1.0
167,25,-0.007321411,0.4397237,0.101655744,1.0
167,26,0.030498132,0.49038965,-0.10240836,1.0
167,27,-0.06725801,0.073325574,0.21266213,1.0
167,28,-0.10633968,0.11499137,0.002819525,1.0
167,29,-0.085904606,0.037098467,0.23423138,1.0
167,30,-0.11719072,0.07700664,-0.02234974,1.0
167,31,-0.0092092985,0.032879353,0.23515832,1.0
167,32,-0.024790857,0.08039391,-0.08056572,1.0
168,0,0.081919506,1.4149163,-0.10213707,1.0
168,1,0.07155883,1.4430817,-0.09605506,1.0
168,2,0.073995516,1.4422752,-0.08683019,1.0
168,3,0.07342135,1.4491029,-0.08876451,1.0
168,4,0.069107704,1.4538046,-0.13395858,1.0
168,5,0.07450267,1.4493902,-0.15419346,1.0
168,6,0.08077726,1.4379258,-0.128376,1.0
168,7,0.0045468146,1.4673935,-0.027795011,1.0
168,8,-0.030685317,1.4076099,-0.1376632,1.0
168,9,0.06795064,1.4091575,-0.05797326,1.0
168,10,0.057002056,1.3808036,-0.12303829,1.0
168,11,0.017901447,1.3184774,0.12579066,1.0
168,12,-0.06262149,1.3694434,-0.10026632,1.0
168,13,0.1679307,1.1696959,0.1062928,1.0
168,14,0.11645407,1.1330614,-0.18658057,1.0
168,15,0.29878327,1.2069484,0.001895901,1.0
168,16,0.23854126,1.1886652,-0.15232512,1.0
168,17,0.30451974,1.2522216,-0.010235375,1.0
168,18,0.2896536,1.2424952,-0.19514506,1.0
168,19,0.31303176,1.2827946,-0.019353796,1.0
168,20,0.2912341,1.316318,-0.17469865,1.0
168,21,0.30287245,1.1985054,-0.010812558,1.0
168,22,0.24522822,1.2267346,-0.14266546,1.0
168,23,0.027007313,0.8415863,0.1019216,1.0
168,24,-0.024391124,0.85131884,-0.102608174,1.0
168,25,-0.019064404,0.4496371,0.11298354,1.0
168,26,0.04356196,0.49833244,-0.10852107,1.0
168,27,-0.07073824,0.08351046,0.22910248,1.0
168,28,-0.11646287,0.15927374,-0.02164302,1.0
168,29,-0.09007608,0.046999454,0.2514709,1.0
168,30,-0.13192011,0.12644726,-0.044880364,1.0
168,31,-0.013956357,0.039396524,0.25611532,1.0
168,32,-0.061910875,0.10449928,-0.09064229,1.0
169,0,0.08871558,1.4080384,-0.10245959,1.0
169,1,0.074577086,1.4350946,-0.09683554,1.0
169,2,0.07610215,1.434866,-0.08702973,1.0
169,3,0.07659031,1.4401085,-0.08931972,1.0
169,4,0.074648485,1.4447054,-0.13601707,1.0
169,5,0.080543466,1.4417148,-0.15589081,1.0
169,6,0.08642565,1.4293888,-0.12931933,1.0
169,7,-0.0015253532,1.4600801,-0.03225395,1.0
169,8,-0.022290796,1.394387,-0.14793618,1.0
169,9,0.069036685,1.4037676,-0.060304265,1.0
169,10,0.06652591,1.3728335,-0.12572809,1.0
169,11,0.0071025738,1.310071,0.12555832,1.0
169,12,-0.061646346,1.3591223,-0.11343809,1.0
169,13,0.12658328,1.1309934,0.11914701,1.0
169,14,0.0643083,1.0902548,-0.19175895,1.0
169,15,0.29998535,1.0898283,0.06838683,1.0
169,16,0.21594746,1.0639365,-0.17817195,1.0
169,17,0.30849847,1.1187545,0.0726922,1.0
169,18,0.27196684,1.0989257,-0.22433472,1.0
169,19,0.32446623,1.1394956,0.05236799,1.0
169,20,0.28984421,1.1673685,-0.20110916,1.0
169,21,0.30578405,1.0735955,0.053932417,1.0
169,22,0.22939466,1.0955067,-0.16682135,1.0
169,23,0.0180974,0.8441457,0.10493325,1.0
169,24,-0.014863813,0.8546881,-0.105022036,1.0
169,25,-0.017060902,0.45569372,0.110560045,1.0
169,26,0.10507637,0.5143895,-0.11181632,1.0
169,27,-0.060253073,0.093503654,0.22122076,1.0
169,28,-0.11657376,0.18725795,-0.013941132,1.0
169,29,-0.08144651,0.057325423,0.24334091,1.0
169,30,-0.13823959,0.15716213,-0.033767976,1.0
169,31,-0.0068788566,0.04839021,0.24968743,1.0
169,32,-0.07529353,0.1271416,-0.06766635,1.0
170,0,0.0848494,1.3924792,-0.19062293,1.0
170,1,0.07425975,1.4183393,-0.19037104,1.0
170,2,0.07446782,1.4179823,-0.17929633,1.0
170,3,0.07572486,1.4224186,-0.18160693,1.0
170,4,0.07142325,1.4282644,-0.22771594,1.0
170,5,0.077860154,1.4268138,-0.24877712,1.0
170,6,0.08256608,1.4139061,-0.22014605,1.0
170,7,-0.007487633,1.4375706,-0.13451596,1.0
170,8,-0.020566192,1.376939,-0.25017187,1.0
170,9,0.06676507,1.3873466,-0.1501416,1.0
170,10,0.06488343,1.3568782,-0.21572241,1.0
170,11,-0.0018533792,1.2992526,0.050321817,1.0
170,12,-0.0624516,1.3408453,-0.18243358,1.0
170,13,0.105484135,1.0797181,0.07950094,1.0
170,14,0.009324541,1.0389581,-0.25209945,1.0
170,15,0.27806008,0.97363096,0.06762653,1.0
170,16,0.15759248,0.9354862,-0.2558048,1.0
170,17,0.2980328,0.97398293,0.07579979,1.0
170,18,0.22641167,0.9390361,-0.31322667,1.0
170,19,0.31920215,0.98690903,0.052810878,1.0
170,20,0.2555756,0.9976179,-0.2968096,1.0
170,21,0.29506704,0.9476262,0.05367713,1.0
170,22,0.19609219,0.9561829,-0.24998863,1.0
170,23,0.012734389,0.84944123,0.10582742,1.0
170,24,-0.00955494,0.85906297,-0.10540195,1.0
170,25,-0.006226751,0.46092078,0.10527477,1.0
170,26,0.13539536,0.54014766,-0.11609237,1.0
170,27,-0.06110463,0.09925842,0.21819358,1.0
170,28,-0.11175622,0.20312035,-0.006474161,1.0
170,29,-0.086491756,0.063225746,0.2382962,1.0
170,30,-0.13804069,0.17382157,-0.025624752,1.0
170,31,-0.027421629,0.044600546,0.24765956,1.0
170,32,-0.08398842,0.13424331,-0.058150284,1.0
171,0,0.08247392,1.4073863,-0.20136212,1.0
171,1,0.07396681,1.4317225,-0.1998591,1.0
171,2,0.073360674,1.4321444,-0.18850036,1.0
171,3,0.075016625,1.4363344,-0.19010419,1.0
171,4,0.07017353,1.4423466,-0.23512892,1.0
171,5,0.07669623,1.4426363,-0.25610396,1.0
171,6,0.0807823,1.428043,-0.22799298,1.0
171,7,-0.0049493182,1.4458671,-0.14173591,1.0
171,8,-0.018859746,1.3889883,-0.2477223,1.0
171,9,0.06582952,1.4004526,-0.1597156,1.0
171,10,0.06352995,1.3699766,-0.22210252,1.0
171,11,0.0042822463,1.3060294,0.04047267,1.0
171,12,-0.063100696,1.3507943,-0.1872469,1.0
171,13,0.09387661,1.09528,0.07564908,1.0
171,14,-0.025437584,1.037761,-0.2682959,1.0
171,15,0.22006254,0.9484167,0.080930695,1.0
171,16,0.056876525,0.8656191,-0.27491137,1.0
171,17,0.23154962,0.92347836,0.09602461,1.0
171,18,0.096610576,0.8444041,-0.32573125,1.0
171,19,0.24301922,0.92855674,0.070414,1.0
171,20,0.14812952,0.8807877,-0.31367436,1.0
171,21,0.23578343,0.91804457,0.06842826,1.0
171,22,0.08187105,0.87279034,-0.27056426,1.0
171,23,0.009739779,0.8504612,0.10552204,1.0
171,24,-0.0064578326,0.8599108,-0.10500374,1.0
171,25,-0.005202667,0.44830987,0.102234446,1.0
171,26,0.15405336,0.5578246,-0.11235955,1.0
171,27,-0.09420474,0.087677896,0.18553993,1.0
171,28,-0.112774625,0.20477188,-0.002332,1.0
171,29,-0.12265845,0.050050378,0.2026424,1.0
171,30,-0.14095528,0.17675465,-0.022662371,1.0
171,31,-0.06287536,0.021502435,0.20501277,1.0
171,32,-0.08729903,0.13938934,-0.049589287,1.0
172,0,0.082532495,1.4093447,-0.15609024,1.0
172,1,0.07593403,1.43342,-0.15210736,1.0
172,2,0.074617654,1.4336662,-0.14048134,1.0
172,3,0.07669399,1.438101,-0.14190671,1.0
172,4,0.07160062,1.4441926,-0.18585686,1.0
172,5,0.07826483,1.4460428,-0.20710753,1.0
172,6,0.082070686,1.4304066,-0.18076856,1.0
172,7,-0.002340036,1.448082,-0.10040192,1.0
172,8,-0.015066698,1.3926541,-0.20862794,1.0
172,9,0.06584322,1.4041134,-0.115548804,1.0
172,10,0.06444605,1.3727208,-0.17667781,1.0
172,11,0.007906521,1.3081679,0.064200714,1.0
172,12,-0.06332979,1.3538368,-0.17767711,1.0
172,13,0.035397414,1.0711828,0.10213667,1.0
172,14,-0.049284924,1.044593,-0.2598154,1.0
172,15,0.08384198,0.86625344,0.13048372,1.0
172,16,-0.016500402,0.8414357,-0.2826581,1.0
172,17,0.07855756,0.81848985,0.14574982,1.0
172,18,0.004259726,0.810549,-0.33283612,1.0
172,19,0.08082324,0.8114113,0.124240324,1.0
172,20,0.054845344,0.8271397,-0.32336503,1.0
172,21,0.09278817,0.829621,0.12107866,1.0
172,22,-0.0013831505,0.83808523,-0.280132,1.0
172,23,0.011042653,0.84782183,0.1047925,1.0
172,24,-0.007971818,0.8576917,-0.10455118,1.0
172,25,-0.0031628637,0.4461855,0.0899595,1.0
172,26,0.19160649,0.56781363,-0.11355337,1.0
172,27,-0.10541527,0.083741665,0.17428651,1.0
172,28,-0.09652884,0.20212317,-0.0009466803,1.0
172,29,-0.1367522,0.045083463,0.19288185,1.0
172,30,-0.12974422,0.17696178,-0.022987453,1.0
172,31,-0.078453824,0.008304536,0.19137603,1.0
172,32,-0.089990094,0.13147509,-0.04800266,1.0
173,0,0.08736061,1.4096475,-0.13036074,1.0
173,1,0.08183355,1.4336795,-0.124586076,1.0
173,2,0.07980917,1.4337194,-0.11351707,1.0
173,3,0.082176685,1.4383454,-0.11398791,1.0
173,4,0.07720115,1.4444214,-0.15896979,1.0
173,5,0.084125325,1.4467719,-0.1806078,1.0
173,6,0.08783013,1.4309418,-0.15540494,1.0
173,7,-0.00087741436,1.4470417,-0.06828664,1.0
173,8,-0.011192677,1.3916075,-0.17958689,1.0
173,9,0.06776601,1.4049506,-0.08930646,1.0
173,10,0.06846106,1.3727014,-0.15032947,1.0
173,11,0.005887919,1.3081764,0.088848375,1.0
173,12,-0.063397795,1.354203,-0.15652776,1.0
173,13,0.009268073,1.0716499,0.11581733,1.0
173,14,-0.062377583,1.049803,-0.25554624,1.0
173,15,0.03840402,0.8697886,0.14076146,1.0
173,16,-0.077345744,0.8413861,-0.2976393,1.0
173,17,0.028856631,0.8228648,0.1562744,1.0
173,18,-0.07295062,0.8130526,-0.35036236,1.0
173,19,0.02999219,0.81398875,0.13613652,1.0
173,20,-0.02521137,0.82144624,-0.34211728,1.0
173,21,0.046343092,0.8344221,0.1321166,1.0
173,22,-0.069214076,0.8341057,-0.2972496,1.0
173,23,0.010503724,0.84395975,0.10399477,1.0
173,24,-0.007920552,0.85552835,-0.104469314,1.0
173,25,-0.0026911756,0.44254628,0.08388142,1.0
173,26,0.1931294,0.5719723,-0.11595883,1.0
173,27,-0.12958752,0.07962322,0.1725009,1.0
173,28,-0.087598756,0.21808833,2.397492e-05,1.0
173,29,-0.1638787,0.040543377,0.19275266,1.0
173,30,-0.12098761,0.18792248,-0.021169925,1.0
173,31,-0.10182166,0.0018610954,0.19186847,1.0
173,32,-0.08411855,0.13097185,-0.044708356,1.0
174,0,0.096181266,1.4085402,-0.09964947,1.0
174,1,0.09006356,1.4328399,-0.09363316,1.0
174,2,0.0876278,1.4324133,-0.083338186,1.0
174,3,0.09012043,1.4372921,-0.08307424,1.0
174,4,0.08592691,1.443335,-0.12828867,1.0
174,5,0.093187094,1.4455454,-0.15026453,1.0
174,6,0.09678991,1.4300137,-0.12618758,1.0
174,7,0.003948997,1.4457141,-0.036942184,1.0
174,8,-0.000980688,1.3902397,-0.1436503,1.0
174,9,0.074894056,1.4046149,-0.058752555,1.0
174,10,0.078127496,1.3713999,-0.11882219,1.0
174,11,0.006410098,1.3070271,0.11663347,1.0
174,12,-0.054868873,1.3520565,-0.107091695,1.0
174,13,-0.010256215,1.0676463,0.13417675,1.0
174,14,-0.07068848,1.0548565,-0.22893435,1.0
174,15,-0.00028566527,0.86989456,0.14991446,1.0
174,16,-0.13713448,0.8638207,-0.28956172,1.0
174,17,-0.015181612,0.82654333,0.16460702,1.0
174,18,-0.14518936,0.84606737,-0.34224877,1.0
174,19,-0.012793013,0.8196956,0.14751357,1.0
174,20,-0.10908659,0.85361284,-0.32999077,1.0
174,21,0.007113386,0.8381925,0.14237976,1.0
174,22,-0.13762808,0.8587287,-0.28738037,1.0
174,23,0.0073972177,0.83874774,0.1031265,1.0
174,24,-0.0055134706,0.8550583,-0.10457949,1.0
174,25,-0.0025286437,0.43713623,0.078673996,1.0
174,26,0.19298764,0.5728434,-0.113756016,1.0
174,27,-0.14813055,0.067100346,0.17027125,1.0
174,28,-0.0648125,0.21597403,-0.0005057574,1.0
174,29,-0.18243629,0.026530087,0.19200537,1.0
174,30,-0.0943853,0.1838764,-0.02503373,1.0
174,31,-0.10966164,-0.010477781,0.19125289,1.0
174,32,-0.03523234,0.13146192,-0.055836845,1.0
175,0,0.106915705,1.4080884,-0.07326644,1.0
175,1,0.09874615,1.4325345,-0.06680068,1.0
175,2,0.09576864,1.4312115,-0.057135686,1.0
175,3,0.09815449,1.4365277,-0.056912586,1.0
175,4,0.0955605,1.4428357,-0.10366391,1.0
175,5,0.103245504,1.4450564,-0.12573692,1.0
175,6,0.10663591,1.4296817,-0.10266797,1.0
175,7,0.006590645,1.4451537,-0.011614837,1.0
175,8,0.008197968,1.390799,-0.12322922,1.0
175,9,0.08334742,1.4071858,-0.033446923,1.0
175,10,0.088894784,1.3723675,-0.095006354,1.0
175,11,0.0045941086,1.3050932,0.13525534,1.0
175,12,-0.048373844,1.3576503,-0.083062395,1.0
175,13,-0.018549275,1.0721766,0.14538696,1.0
175,14,-0.092327185,1.0659183,-0.21899958,1.0
175,15,0.001204621,0.87347496,0.15440318,1.0
175,16,-0.17750147,0.88774985,-0.28802836,1.0
175,17,-0.01131659,0.8322763,0.16927443,1.0
175,18,-0.19025327,0.8756262,-0.34196132,1.0
175,19,-0.006814913,0.82479185,0.1529392,1.0
175,20,-0.15303448,0.884949,-0.3328605,1.0
175,21,0.0098690735,0.8425081,0.14731544,1.0
175,22,-0.17932636,0.8842972,-0.28869048,1.0
175,23,0.003477675,0.8339136,0.10218045,1.0
175,24,-0.0023316822,0.8538495,-0.10480755,1.0
175,25,-0.012745649,0.4335516,0.08168457,1.0
175,26,0.18772063,0.56501585,-0.10750548,1.0
175,27,-0.16124451,0.060999513,0.17430945,1.0
175,28,-0.036028016,0.19011062,0.00016863376,1.0
175,29,-0.19450054,0.020106614,0.19748406,1.0
175,30,-0.059030063,0.15321416,-0.023552686,1.0
175,31,-0.11994636,-0.010995626,0.1980259,1.0
175,32,0.016838387,0.12051779,-0.054641776,1.0
176,0,0.12165983,1.4035336,-0.0581686,1.0
176,1,0.113343194,1.428819,-0.051728122,1.0
176,2,0.109842636,1.4270337,-0.042265244,1.0
176,3,0.1122123,1.4324813,-0.042303037,1.0
176,4,0.11042639,1.4385781,-0.08898553,1.0
176,5,0.11842358,1.4403898,-0.111101486,1.0
176,6,0.12152704,1.425801,-0.08866476,1.0
176,7,0.018302005,1.4421172,0.0036318137,1.0
176,8,0.021595737,1.3873901,-0.10744357,1.0
176,9,0.09612863,1.404058,-0.018562047,1.0
176,10,0.10238851,1.3683467,-0.07951631,1.0
176,11,0.0058183414,1.2999567,0.15409614,1.0
176,12,-0.035033565,1.3563383,-0.06581728,1.0
176,13,-0.008808817,1.0619595,0.16205877,1.0
176,14,-0.08315708,1.0694958,-0.21453495,1.0
176,15,0.020790288,0.8615387,0.16121346,1.0
176,16,-0.17055318,0.89661354,-0.29424214,1.0
176,17,0.009970641,0.8221781,0.17370862,1.0
176,18,-0.18648589,0.8870242,-0.35089695,1.0
176,19,0.0134143,0.8168035,0.1591789,1.0
176,20,-0.14975992,0.8948451,-0.34328058,1.0
176,21,0.02927786,0.83260673,0.15476523,1.0
176,22,-0.17424285,0.8928724,-0.29713547,1.0
176,23,-0.0001418383,0.8290429,0.10121726,1.0
176,24,0.0006769055,0.85092586,-0.1050676,1.0
176,25,-0.013831896,0.42886412,0.08124721,1.0
176,26,0.1903401,0.54683256,-0.10076473,1.0
176,27,-0.16020407,0.05590999,0.16623145,1.0
176,28,0.011785109,0.15207624,0.0006812342,1.0
176,29,-0.19296184,0.0155130625,0.18915129,1.0
176,30,-0.003635785,0.113060415,-0.025150822,1.0
176,31,-0.12149436,-0.009158611,0.18363434,1.0
176,32,0.0888786,0.10823083,-0.0690227,1.0
177,0,0.1250896,1.3948784,-0.042966194,1.0
177,1,0.11486168,1.4210849,-0.038484063,1.0
177,2,0.111480705,1.41885,-0.028459178,1.0
177,3,0.11353274,1.4242514,-0.029263992,1.0
177,4,0.11375155,1.430194,-0.07640946,1.0
177,5,0.12154096,1.4315908,-0.09824838,1.0
177,6,0.12443919,1.4184471,-0.07585536,1.0
177,7,0.020288501,1.4360359,0.013063681,1.0
177,8,0.026175583,1.3797836,-0.098542206,1.0
177,9,0.09926671,1.3976445,-0.0042592557,1.0
177,10,0.10590195,1.36108,-0.06528569,1.0
177,11,-0.0070637357,1.2982459,0.15969384,1.0
177,12,-0.023884164,1.3592364,-0.048961975,1.0
177,13,-0.0637168,1.0630656,0.17726117,1.0
177,14,-0.074025184,1.0676825,-0.18514703,1.0
177,15,-0.11069761,0.9218695,0.20014702,1.0
177,16,-0.16379645,0.91130364,-0.24964416,1.0
177,17,-0.14368883,0.8961064,0.2157738,1.0
177,18,-0.17676835,0.9064531,-0.30388492,1.0
177,19,-0.14228716,0.8981365,0.20733257,1.0
177,20,-0.15131883,0.91968614,-0.29843533,1.0
177,21,-0.106387794,0.8982574,0.19781365,1.0
177,22,-0.17150937,0.9124254,-0.2540974,1.0
177,23,-0.0031701918,0.82196254,0.100642644,1.0
177,24,0.0030301763,0.8443726,-0.1052692,1.0
177,25,-0.012643131,0.42446697,0.0839474,1.0
177,26,0.18489638,0.5345743,-0.0994208,1.0
177,27,-0.15069509,0.06834859,0.16658695,1.0
177,28,0.05000716,0.10249418,-0.007066895,1.0
177,29,-0.18327387,0.030143082,0.19057378,1.0
177,30,0.04269938,0.059240937,-0.037425317,1.0
177,31,-0.1088679,0.015288413,0.18472894,1.0
177,32,0.1430774,0.056634188,-0.08732977,1.0
178,0,0.14247602,1.3868619,-0.04790309,1.0
178,1,0.13325968,1.4136198,-0.044468917,1.0
178,2,0.12925346,1.41164,-0.03388101,1.0
178,3,0.13116574,1.4162543,-0.035411093,1.0
178,4,0.13002495,1.4219952,-0.08125047,1.0
178,5,0.13805903,1.4231334,-0.1031883,1.0
178,6,0.14102887,1.411252,-0.08057494,1.0
178,7,0.04028204,1.4306439,0.00878863,1.0
178,8,0.042852197,1.3747313,-0.101009265,1.0
178,9,0.11727034,1.3895793,-0.009927634,1.0
178,10,0.122292206,1.3527498,-0.069460124,1.0
178,11,0.005679405,1.2918797,0.16055992,1.0
178,12,-0.008021457,1.36641,-0.055975456,1.0
178,13,-0.022889743,1.0685626,0.17831223,1.0
178,14,-0.0661517,1.0824978,-0.20999424,1.0
178,15,-0.018567983,0.90213835,0.18706685,1.0
178,16,-0.121365756,0.9250566,-0.33569002,1.0
178,17,-0.036857516,0.86733884,0.1988656,1.0
178,18,-0.12586439,0.9213938,-0.40188456,1.0
178,19,-0.033362627,0.8699307,0.19011687,1.0
178,20,-0.09166797,0.93625677,-0.3920127,1.0
178,21,-0.011520839,0.8781991,0.1835892,1.0
178,22,-0.12356176,0.9284465,-0.34094924,1.0
178,23,-0.0024061361,0.813918,0.101218425,1.0
178,24,0.0019735468,0.8364831,-0.106155425,1.0
178,25,0.016677894,0.42184824,0.096538,1.0
178,26,0.18086234,0.52538145,-0.09991903,1.0
178,27,-0.12236522,0.085609436,0.17878711,1.0
178,28,0.090613514,0.09389508,-0.015801864,1.0
178,29,-0.15485102,0.049989164,0.20264341,1.0
178,30,0.08938559,0.052502155,-0.049600318,1.0
178,31,-0.08552985,0.029046178,0.19852842,1.0
178,32,0.19373216,0.05361855,-0.11201604,1.0
179,0,0.14364676,1.3871214,-0.055660572,1.0
179,1,0.13211258,1.412856,-0.053512983,1.0
179,2,0.12769556,1.4112668,-0.041946176,1.0
179,3,0.12956542,1.4151353,-0.04426545,1.0
179,4,0.12847456,1.42111,-0.08984064,1.0
179,5,0.13588692,1.4220752,-0.11122975,1.0
179,6,0.13919266,1.4113249,-0.08832392,1.0
179,7,0.040630035,1.4312258,0.0019418134,1.0
179,8,0.040896297,1.3736523,-0.10705142,1.0
179,9,0.12039927,1.391154,-0.017782774,1.0
179,10,0.12413892,1.3533094,-0.0769145,1.0
179,11,0.0062684026,1.2908849,0.15281191,1.0
179,12,-0.0030920866,1.3709517,-0.061672736,1.0
179,13,-0.020232754,1.1046686,0.17504667,1.0
179,14,-0.06255121,1.1164758,-0.25047186,1.0
179,15,0.008689344,0.9287437,0.19646445,1.0
179,16,-0.10365688,0.9411766,-0.3930557,1.0
179,17,-0.0027026874,0.87713504,0.20943712,1.0
179,18,-0.104026124,0.92111653,-0.46506453,1.0
179,19,-0.002438694,0.8771305,0.20071605,1.0
179,20,-0.0776663,0.93892586,-0.45112008,1.0
179,21,0.017984515,0.90232605,0.19334583,1.0
179,22,-0.105489135,0.9338265,-0.39826775,1.0
179,23,-0.002189858,0.8046539,0.10094153,1.0
179,24,0.0016686658,0.82643056,-0.10604835,1.0
179,25,0.040694837,0.43241146,0.096994616,1.0
179,26,0.16367216,0.49338213,-0.09414458,1.0
179,27,-0.08002186,0.099542975,0.17172928,1.0
179,28,0.07473488,0.07065928,-0.016920261,1.0
179,29,-0.11240829,0.06490505,0.19364226,1.0
179,30,0.073154144,0.030777752,-0.051581275,1.0
179,31,-0.060087766,0.03344077,0.18500622,1.0
179,32,0.16201855,0.033081353,-0.11643021,1.0
180,0,0.14163803,1.3883638,-0.06244143,1.0
180,1,0.12760372,1.4110973,-0.06049252,1.0
180,2,0.12369127,1.4099706,-0.048517592,1.0
180,3,0.12527367,1.4127994,-0.0512165,1.0
180,4,0.12505713,1.4186597,-0.0965903,1.0
180,5,0.13162498,1.4185416,-0.11712101,1.0
180,6,0.1357394,1.4091038,-0.0939998,1.0
180,7,0.04002713,1.4264328,-0.001567638,1.0
180,8,0.04004886,1.3653979,-0.10934756,1.0
180,9,0.121410914,1.3910198,-0.024122272,1.0
180,10,0.12545235,1.3514771,-0.08298618,1.0
180,11,0.0068581817,1.2903965,0.14851332,1.0
180,12,0.0033220225,1.3607714,-0.06476031,1.0
180,13,-0.03444769,1.1247492,0.17423666,1.0
180,14,-0.06966466,1.0985402,-0.24650499,1.0
180,15,0.015075623,0.9788296,0.2039462,1.0
180,16,-0.09209586,0.9303813,-0.36322224,1.0
180,17,0.008240394,0.94716996,0.21449608,1.0
180,18,-0.07335353,0.9167124,-0.42787078,1.0
180,19,0.010131143,0.9461982,0.20485972,1.0
180,20,-0.032191563,0.93202615,-0.4177704,1.0
180,21,0.027424071,0.9558541,0.19916067,1.0
180,22,-0.08278293,0.92436135,-0.36808503,1.0
180,23,-0.0014872311,0.793588,0.103460394,1.0
180,24,0.0013640528,0.81385195,-0.108420886,1.0
180,25,0.13336246,0.4583071,0.07801262,1.0
180,26,0.15473571,0.48253554,-0.101610325,1.0
180,27,-0.025765678,0.1354652,0.07558908,1.0
180,28,0.052097876,0.066339254,-0.051078912,1.0
180,29,-0.064787656,0.10432446,0.09003131,1.0
180,30,0.046078045,0.025733829,-0.08625957,1.0
180,31,-0.029898547,0.047823668,0.08195481,1.0
180,32,0.13237314,0.017638385,-0.13676856,1.0
181,0,0.15454759,1.4123678,-0.07915768,1.0
181,1,0.13543536,1.4341966,-0.07709213,1.0
181,2,0.13291581,1.4331337,-0.065289125,1.0
181,3,0.13364007,1.4349983,-0.06830258,1.0
181,4,0.13458948,1.4397889,-0.11706204,1.0
181,5,0.14027148,1.4386097,-0.13682418,1.0
181,6,0.14524516,1.4288551,-0.11217947,1.0
181,7,0.051825013,1.4410875,-0.018328503,1.0
181,8,0.047801178,1.3744829,-0.13519657,1.0
181,9,0.13713345,1.4106948,-0.039578207,1.0
181,10,0.13956052,1.3698664,-0.100578465,1.0
181,11,0.0154646095,1.3035076,0.14114779,1.0
181,12,0.023801481,1.3565782,-0.08366575,1.0
181,13,-0.032478716,1.1346803,0.14872113,1.0
181,14,-0.06550476,1.0895131,-0.21681288,1.0
181,15,0.025933687,0.98307776,0.13889885,1.0
181,16,-0.027157748,0.9257918,-0.24285537,1.0
181,17,0.018844679,0.9572234,0.14182451,1.0
181,18,0.0045649963,0.9144643,-0.29516387,1.0
181,19,0.012975678,0.95010877,0.12836377,1.0
181,20,0.044639766,0.9303324,-0.2799012,1.0
181,21,0.037064593,0.95851314,0.13107552,1.0
181,22,-0.013357278,0.9226918,-0.24524058,1.0
181,23,-0.0008675707,0.7883338,0.10589215,1.0
181,24,0.0014228793,0.8072109,-0.11110715,1.0
181,25,0.16294047,0.4442271,0.08159066,1.0
181,26,0.14660124,0.47748494,-0.09727862,1.0
181,27,0.004961846,0.12145883,0.07799102,1.0
181,28,0.05254839,0.055918872,-0.04671731,1.0
181,29,-0.033618398,0.09010404,0.09538953,1.0
181,30,0.04851093,0.01374197,-0.078928836,1.0
181,31,0.006517005,0.03652072,0.11245513,1.0
181,32,0.1366755,0.006537974,-0.13197617,1.0
182,0,0.15281144,1.4152701,-0.058077253,1.0
182,1,0.13271719,1.435171,-0.057302263,1.0
182,2,0.13081032,1.4350331,-0.04539697,1.0
182,3,0.13104965,1.4353391,-0.048173033,1.0
182,4,0.13365228,1.4415832,-0.09771287,1.0
182,5,0.1385993,1.4399741,-0.117425695,1.0
182,6,0.14432062,1.4302135,-0.09211952,1.0
182,7,0.050260287,1.4373813,-0.00565329,1.0
182,8,0.049615268,1.3740866,-0.12732042,1.0
182,9,0.13497972,1.4110738,-0.02229599,1.0
182,10,0.13841374,1.3719411,-0.083470315,1.0
182,11,0.013966968,1.294936,0.14779489,1.0
182,12,0.040620957,1.3533591,-0.081131816,1.0
182,13,-0.03141236,1.1287339,0.14784253,1.0
182,14,-0.029847723,1.0836693,-0.21377139,1.0
182,15,0.02861077,0.9707094,0.11083865,1.0
182,16,0.022331715,0.9145957,-0.25457183,1.0
182,17,0.034786087,0.94771135,0.10876571,1.0
182,18,0.054666944,0.89913726,-0.3095881,1.0
182,19,0.042254124,0.93912864,0.09580316,1.0
182,20,0.09569907,0.92314047,-0.2956933,1.0
182,21,0.046173252,0.9459066,0.10194635,1.0
182,22,0.03559998,0.9185903,-0.25777623,1.0
182,23,-0.0006773183,0.7842666,0.10710105,1.0
182,24,0.0019096788,0.80314493,-0.112003915,1.0
182,25,0.21017213,0.4420563,0.07579906,1.0
182,26,0.13241981,0.4668148,-0.085872464,1.0
182,27,0.02402847,0.11856675,0.10504472,1.0
182,28,0.060268715,0.045415223,-0.039597753,1.0
182,29,-0.016659087,0.088175714,0.12348052,1.0
182,30,0.060369078,0.0042822957,-0.07724513,1.0
182,31,0.034661733,0.03367418,0.12025792,1.0
182,32,0.15420677,0.0033299327,-0.12912922,1.0
183,0,0.15146066,1.406831,-0.058846273,1.0
183,1,0.13054645,1.4274389,-0.05958307,1.0
183,2,0.12939063,1.4280729,-0.047253743,1.0
183,3,0.12902479,1.4271259,-0.049414255,1.0
183,4,0.13341878,1.4348285,-0.098838575,1.0
183,5,0.13728322,1.4318261,-0.11820778,1.0
183,6,0.14355192,1.4222953,-0.09190026,1.0
183,7,0.048961602,1.4315739,-0.00744037,1.0
183,8,0.05173039,1.36871,-0.12819156,1.0
183,9,0.1340307,1.40211,-0.02317245,1.0
183,10,0.13709772,1.362923,-0.08352329,1.0
183,11,0.010990787,1.2883865,0.14622661,1.0
183,12,0.044302814,1.3469368,-0.0809338,1.0
183,13,-0.02815321,1.1450474,0.14863579,1.0
183,14,-0.016337197,1.0609303,-0.20418076,1.0
183,15,0.10553466,1.1240534,0.113963775,1.0
183,16,0.043457188,0.8896998,-0.24492116,1.0
183,17,0.119601265,1.1368656,0.115928784,1.0
183,18,0.07951203,0.8696849,-0.3000449,1.0
183,19,0.12885432,1.1497843,0.098974876,1.0
183,20,0.119289115,0.8958539,-0.28717896,1.0
183,21,0.12639323,1.1163061,0.10441261,1.0
183,22,0.058605928,0.8975806,-0.24823067,1.0
183,23,-0.000982134,0.7805495,0.10950191,1.0
183,24,0.0028652528,0.7990994,-0.11421396,1.0
183,25,0.22469415,0.44073805,0.074847765,1.0
183,26,0.11518727,0.45937377,-0.08835952,1.0
183,27,0.07724156,0.102302074,0.11594999,1.0
183,28,0.030640848,0.05014068,-0.035223853,1.0
183,29,0.039070476,0.0713101,0.13525185,1.0
183,30,0.0331421,0.008986771,-0.07275881,1.0
183,31,0.091325976,0.02555722,0.1351745,1.0
183,32,0.13487494,0.019079208,-0.1237712,1.0
184,0,0.14929354,1.40366,-0.05537443,1.0
184,1,0.1287669,1.4242377,-0.056473408,1.0
184,2,0.12845151,1.4253943,-0.044045914,1.0
184,3,0.1274687,1.4239846,-0.04582354,1.0
184,4,0.13256983,1.4325614,-0.09555234,1.0
184,5,0.13508394,1.4285755,-0.115284674,1.0
184,6,0.14229421,1.4190712,-0.08764786,1.0
184,7,0.0447339,1.429575,-0.005950027,1.0
184,8,0.04933178,1.3668528,-0.12784517,1.0
184,9,0.13171497,1.3990093,-0.020724718,1.0
184,10,0.1339464,1.3592215,-0.0811207,1.0
184,11,0.00505257,1.2798893,0.14610085,1.0
184,12,0.042467784,1.3453226,-0.08013096,1.0
184,13,-0.023273284,1.1353574,0.13624638,1.0
184,14,-0.011813307,1.0398366,-0.20013271,1.0
184,15,0.103030525,1.0773901,0.08365275,1.0
184,16,0.039618663,0.8639768,-0.24753623,1.0
184,17,0.115818754,1.0844569,0.07949694,1.0
184,18,0.07379901,0.84289104,-0.30394176,1.0
184,19,0.12539807,1.0953608,0.067955025,1.0
184,20,0.11139513,0.8679324,-0.29133335,1.0
184,21,0.12209639,1.0679076,0.07487745,1.0
184,22,0.05371571,0.87283826,-0.25078684,1.0
184,23,-0.0014509765,0.7804814,0.11058506,1.0
184,24,0.0040720464,0.79892516,-0.115002915,1.0
184,25,0.23017298,0.43796748,0.074774034,1.0
184,26,0.10746902,0.4512058,-0.08920071,1.0
184,27,0.06537295,0.10842222,0.11688404,1.0
184,28,0.015882451,0.048143566,-0.028583415,1.0
184,29,0.024868378,0.0819031,0.13802356,1.0
184,30,0.017861508,0.00938189,-0.06601291,1.0
184,31,0.07856262,0.036615133,0.15298146,1.0
184,32,0.12527147,0.018952131,-0.11882347,1.0
185,0,0.14543997,1.4051515,-0.055871725,1.0
185,1,0.12505727,1.4263704,-0.05665462,1.0
185,2,0.12515152,1.4275329,-0.04421457,1.0
185,3,0.12399148,1.4261649,-0.04605847,1.0
185,4,0.13142034,1.4354801,-0.09667757,1.0
185,5,0.13289833,1.4309626,-0.1168389,1.0
185,6,0.14013419,1.4211314,-0.08830305,1.0
185,7,0.040882155,1.4315641,-0.0066243634,1.0
185,8,0.048358403,1.3710864,-0.1326331,1.0
185,9,0.12864181,1.4011021,-0.02228899,1.0
185,10,0.13096914,1.3610272,-0.08379223,1.0
185,11,0.004555424,1.2780105,0.14597496,1.0
185,12,0.03717969,1.3473351,-0.08258093,1.0
185,13,-0.02269509,1.0543174,0.13637877,1.0
185,14,-0.0152604515,1.0380601,-0.18311772,1.0
185,15,0.07841412,0.8847364,0.09268395,1.0
185,16,0.024172299,0.8537557,-0.19759677,1.0
185,17,0.09101167,0.86356145,0.09363542,1.0
185,18,0.052365247,0.8331817,-0.2484911,1.0
185,19,0.10481867,0.8631183,0.07986608,1.0
185,20,0.088878766,0.8556968,-0.23695923,1.0
185,21,0.09625952,0.86557215,0.08464391,1.0
185,22,0.036403965,0.862357,-0.20068006,1.0
185,23,0.0026084369,0.7842018,0.11068716,1.0
185,24,0.0008911905,0.8021321,-0.11505058,1.0
185,25,0.22539409,0.43987024,0.07720099,1.0
185,26,0.07951251,0.44968295,-0.08599116,1.0
185,27,0.046720937,0.10878575,0.14617349,1.0
185,28,-0.0020233796,0.042778432,0.001991748,1.0
185,29,0.004110272,0.08414245,0.16951773,1.0
185,30,-0.0008898475,0.0047295094,-0.031048423,1.0
185,31,0.05510317,0.036263466,0.18227817,1.0
185,32,0.11488336,0.013593316,-0.083320364,1.0
186,0,0.13866991,1.396935,-0.067379266,1.0
186,1,0.120754324,1.4211956,-0.06741476,1.0
186,2,0.120296404,1.4219286,-0.05436025,1.0
186,3,0.119362816,1.4206862,-0.05623038,1.0
186,4,0.12714747,1.4313881,-0.107644245,1.0
186,5,0.12790672,1.4268117,-0.12885694,1.0
186,6,0.13503034,1.4168727,-0.09954511,1.0
186,7,0.03337754,1.4245719,-0.013094672,1.0
186,8,0.037247818,1.3712909,-0.1443819,1.0
186,9,0.12041682,1.3931985,-0.033841535,1.0
186,10,0.12119096,1.3544259,-0.09603369,1.0
186,11,-0.011245202,1.269203,0.14132436,1.0
186,12,0.026262024,1.3377063,-0.09223056,1.0
186,13,-0.06450019,1.0274158,0.13841012,1.0
186,14,-0.026557963,1.0299033,-0.1857555,1.0
186,15,0.021471262,0.8247566,0.11354511,1.0
186,16,0.010989001,0.8362324,-0.2153306,1.0
186,17,0.032360658,0.7928286,0.12677768,1.0
186,18,0.043080002,0.816352,-0.27039236,1.0
186,19,0.044752404,0.78635573,0.11075327,1.0
186,20,0.08477765,0.83186734,-0.2566176,1.0
186,21,0.038287323,0.8011658,0.10701683,1.0
186,22,0.029037943,0.8409084,-0.21749428,1.0
186,23,0.0049326182,0.788928,0.11095676,1.0
186,24,-0.0010013058,0.80559295,-0.115295306,1.0
186,25,0.22350629,0.43680313,0.080321185,1.0
186,26,0.06776616,0.4543488,-0.08595986,1.0
186,27,0.05300704,0.11915094,0.17770426,1.0
186,28,-0.020460228,0.048176825,0.014426214,1.0
186,29,0.009154517,0.096903086,0.20336224,1.0
186,30,-0.022235047,0.010725975,-0.017267402,1.0
186,31,0.047707595,0.04337871,0.21978986,1.0
186,32,0.09813473,0.017457306,-0.06886679,1.0
187,0,0.13296953,1.3866936,-0.09776008,1.0
187,1,0.11650025,1.4126408,-0.0984715,1.0
187,2,0.11525711,1.4123619,-0.08499117,1.0
187,3,0.11464745,1.4118254,-0.08675781,1.0
187,4,0.12311982,1.4230874,-0.13872631,1.0
187,5,0.123625,1.4186611,-0.16117023,1.0
187,6,0.13063984,1.4090583,-0.13084044,1.0
187,7,0.026475757,1.4135625,-0.044124067,1.0
187,8,0.030116534,1.3657262,-0.17634246,1.0
187,9,0.11312901,1.3844281,-0.06416469,1.0
187,10,0.113976136,1.3456349,-0.1268069,1.0
187,11,-0.028279975,1.2675552,0.111850284,1.0
187,12,0.018753685,1.3264589,-0.11594451,1.0
187,13,-0.09601559,1.0322411,0.12252744,1.0
187,14,-0.03680005,1.0211217,-0.19487232,1.0
187,15,-0.05432842,0.83101374,0.11185953,1.0
187,16,-0.021973217,0.8300124,-0.21990862,1.0
187,17,-0.055497505,0.79563606,0.12669909,1.0
187,18,0.0056997053,0.8125672,-0.2763718,1.0
187,19,-0.05056993,0.7901959,0.11126403,1.0
187,20,0.043607686,0.82863456,-0.2617542,1.0
187,21,-0.042423133,0.8080466,0.10634566,1.0
187,22,-0.007295839,0.8339449,-0.22176698,1.0
187,23,0.005247173,0.79518956,0.11158042,1.0
187,24,-0.0013646135,0.80735224,-0.116157405,1.0
187,25,0.21306309,0.44143522,0.09209279,1.0
187,26,0.05522298,0.4570101,-0.08540184,1.0
187,27,0.046125278,0.14130288,0.18749623,1.0
187,28,-0.04110957,0.045802414,0.013972274,1.0
187,29,0.0023628138,0.12004107,0.21183246,1.0
187,30,-0.044621393,0.008985817,-0.018163783,1.0
187,31,0.042719547,0.06683099,0.2275491,1.0
187,32,0.08376103,0.019298494,-0.06874801,1.0
188,0,0.13250326,1.3797022,-0.13665015,1.0
188,1,0.117047116,1.4071829,-0.13726987,1.0
188,2,0.11486616,1.4060547,-0.123439,1.0
188,3,0.11460759,1.4067619,-0.12603045,1.0
188,4,0.12244524,1.415446,-0.17641224,1.0
188,5,0.123412766,1.4118068,-0.19916748,1.0
188,6,0.12978563,1.4019637,-0.16856965,1.0
188,7,0.027255425,1.411184,-0.07787904,1.0
188,8,0.026503587,1.3590654,-0.20469804,1.0
188,9,0.11312744,1.3805981,-0.10028827,1.0
188,10,0.112837434,1.3388247,-0.16143937,1.0
188,11,-0.027522193,1.2712762,0.08535382,1.0
188,12,0.0012227366,1.3153093,-0.13938344,1.0
188,13,-0.08274891,1.0472888,0.1065118,1.0
188,14,-0.053632975,1.006131,-0.21196882,1.0
188,15,-0.05501311,0.87396735,0.1097269,1.0
188,16,-0.05482128,0.8231344,-0.22586545,1.0
188,17,-0.059555396,0.8411074,0.12621626,1.0
188,18,-0.03208437,0.8056979,-0.28287795,1.0
188,19,-0.05533118,0.8369595,0.11018986,1.0
188,20,0.0019878962,0.82599854,-0.26811212,1.0
188,21,-0.04507278,0.8532086,0.10387688,1.0
188,22,-0.042958282,0.8268211,-0.22694723,1.0
188,23,0.012082695,0.7997591,0.11142191,1.0
188,24,-0.0093964385,0.8093336,-0.11625479,1.0
188,25,0.21888718,0.44408825,0.07872405,1.0
188,26,0.04715769,0.46098316,-0.09778414,1.0
188,27,0.040646713,0.14556777,0.14225219,1.0
188,28,-0.054734033,0.047056794,-0.016151208,1.0
188,29,-0.0037810141,0.124013245,0.16084954,1.0
188,30,-0.06031622,0.0105186105,-0.050284587,1.0
188,31,0.040211417,0.069761455,0.16017789,1.0
188,32,0.0686374,0.01701188,-0.11908506,1.0
189,0,0.13266791,1.3823397,-0.12506095,1.0
189,1,0.11711683,1.4095359,-0.12575479,1.0
189,2,0.114059955,1.4082453,-0.112738356,1.0
189,3,0.11413772,1.4110408,-0.11736287,1.0
189,4,0.12118023,1.4190037,-0.16368453,1.0
189,5,0.12280277,1.4166765,-0.1872945,1.0
189,6,0.1272599,1.407073,-0.15782894,1.0
189,7,0.027663417,1.4112825,-0.07366851,1.0
189,8,0.019712782,1.3590742,-0.19491078,1.0
189,9,0.113727316,1.3824543,-0.090425365,1.0
189,10,0.11189032,1.339982,-0.1496003,1.0
189,11,-0.019196045,1.2840853,0.08812339,1.0
189,12,-0.0146387145,1.3133771,-0.12653033,1.0
189,13,0.020183908,1.2459074,0.23783442,1.0
189,14,-0.05291306,1.0075814,-0.21387744,1.0
189,15,0.09957736,1.298434,0.41728973,1.0
189,16,-0.06280403,0.8356074,-0.24643038,1.0
189,17,0.099963315,1.3125966,0.4499496,1.0
189,18,-0.047585268,0.81659514,-0.3071601,1.0
189,19,0.08705408,1.3313333,0.43393326,1.0
189,20,-0.013564271,0.83735365,-0.29910123,1.0
189,21,0.107326135,1.2955704,0.4134079,1.0
189,22,-0.050818253,0.8365283,-0.24995388,1.0
189,23,0.013989575,0.7965794,0.11097776,1.0
189,24,-0.014265233,0.8059461,-0.11538913,1.0
189,25,0.21587142,0.44340694,0.04990688,1.0
189,26,0.049821913,0.46067244,-0.09774608,1.0
189,27,0.03941307,0.13617015,0.11023243,1.0
189,28,-0.06361013,0.04932314,-0.019724831,1.0
189,29,-0.0037593578,0.11056411,0.12693946,1.0
189,30,-0.071338795,0.014316082,-0.05481409,1.0
189,31,0.04784632,0.06527668,0.11702353,1.0
189,32,0.05037687,0.022799313,-0.11769231,1.0
190,0,0.13343152,1.3812916,-0.14956011,1.0
190,1,0.119154796,1.4026754,-0.14926429,1.0
190,2,0.115062214,1.4003415,-0.1380256,1.0
190,3,0.115786366,1.4082992,-0.1442167,1.0
190,4,0.12057356,1.41379,-0.18710575,1.0
190,5,0.123984,1.4145985,-0.21102473,1.0
190,6,0.12573877,1.4047111,-0.1839952,1.0
190,7,0.02872951,1.4091218,-0.086346716,1.0
190,8,0.01766831,1.3574414,-0.21432808,1.0
190,9,0.11388594,1.3793583,-0.11436117,1.0
190,10,0.11146854,1.340994,-0.17354369,1.0
190,11,-0.016318673,1.2840714,0.06831358,1.0
190,12,-0.016123232,1.3069302,-0.14721358,1.0
190,13,-0.06210763,1.1876782,0.120896295,1.0
190,14,-0.051773902,1.0059079,-0.24559064,1.0
190,15,-0.086010024,1.1878664,0.18487522,1.0
190,16,-0.06394622,0.8356445,-0.26877466,1.0
190,17,-0.109930724,1.2517796,0.20979972,1.0
190,18,-0.047984563,0.8151803,-0.32845747,1.0
190,19,-0.10604711,1.2612427,0.19293395,1.0
190,20,-0.024563868,0.84436333,-0.32167533,1.0
190,21,-0.08369139,1.1846926,0.1796072,1.0
190,22,-0.05427039,0.8376287,-0.27297235,1.0
190,23,0.012642229,0.7932179,0.111721456,1.0
190,24,-0.018629268,0.80025345,-0.1150081,1.0
190,25,0.19474669,0.43675867,0.06967872,1.0
190,26,0.04278038,0.45060027,-0.09179736,1.0
190,27,0.041474815,0.119469404,0.13005386,1.0
190,28,-0.09551791,0.04263282,-0.019289343,1.0
190,29,0.0048637763,0.08615637,0.1459391,1.0
190,30,-0.1066067,0.014173746,-0.05353407,1.0
190,31,0.08299372,0.051660776,0.11617827,1.0
190,32,0.0071546864,0.011999071,-0.1170719,1.0
191,0,0.13432664,1.3450117,-0.14059822,1.0
191,1,0.11918787,1.3570526,-0.14123158,1.0
191,2,0.11501234,1.3523076,-0.13558568,1.0
191,3,0.11437866,1.3684485,-0.14386573,1.0
191,4,0.11852882,1.3696485,-0.17836484,1.0
191,5,0.12499087,1.3733616,-0.19811845,1.0
191,6,0.12397714,1.3660355,-0.17708975,1.0
191,7,0.02949901,1.3681278,-0.072887406,1.0
191,8,0.0148565825,1.3229878,-0.20313296,1.0
191,9,0.11389907,1.3371797,-0.10928822,1.0
191,10,0.11050018,1.3053949,-0.16680679,1.0
191,11,-0.016916767,1.230721,0.07166601,1.0
191,12,-0.015547134,1.2609931,-0.14068325,1.0
191,13,-0.09195114,1.1268504,0.10862789,1.0
191,14,-0.04484982,0.96276295,-0.24656084,1.0
191,15,-0.12105608,1.0457609,0.15307605,1.0
191,16,-0.060815252,0.7900148,-0.27911392,1.0
191,17,-0.15304253,1.0615695,0.17073095,1.0
191,18,-0.043941557,0.7724281,-0.33695963,1.0
191,19,-0.1361291,1.0578669,0.15700732,1.0
191,20,-0.026583675,0.8170762,-0.32946932,1.0
191,21,-0.11875956,1.0224271,0.14296676,1.0
191,22,-0.05301125,0.7954064,-0.28432116,1.0
191,23,0.010246233,0.750481,0.112851664,1.0
191,24,-0.027006965,0.7548458,-0.11405426,1.0
191,25,0.16715683,0.38936627,0.07488055,1.0
191,26,0.051028512,0.4070176,-0.08811243,1.0
191,27,0.05409091,0.062143266,0.13143767,1.0
191,28,-0.10686155,-0.008178115,-0.024661088,1.0
191,29,0.027529188,0.025146186,0.15002893,1.0
191,30,-0.12008011,-0.02803421,-0.05621222,1.0
191,31,0.105995625,-0.004197836,0.124728054,1.0
191,32,-0.010191528,-0.044903338,-0.12369968,1.0
192,0,0.13237298,1.3618144,-0.1377367,1.0
192,1,0.11214914,1.398103,-0.13625894,1.0
192,2,0.11609035,1.3972942,-0.1259349,1.0
192,3,0.111338615,1.410826,-0.12560669,1.0
192,4,0.11572794,1.4020729,-0.1743961,1.0
192,5,0.12336426,1.4102261,-0.19772035,1.0
192,6,0.12504075,1.387953,-0.17166166,1.0
192,7,0.03137358,1.4137864,-0.07778717,1.0
192,8,0.019818172,1.338275,-0.20326057,1.0
192,9,0.11466843,1.3747203,-0.104094625,1.0
192,10,0.11267602,1.3266165,-0.1634558,1.0
192,11,-0.017821617,1.2799456,0.07066943,1.0
192,12,-0.025127511,1.3087571,-0.13218246,1.0
192,13,-0.09438578,1.1340573,0.14802364,1.0
192,14,-0.032199457,1.015303,-0.24467663,1.0
192,15,-0.116471976,1.0559664,0.2190552,1.0
192,16,-0.029909581,0.87247366,-0.2809566,1.0
192,17,-0.14068085,1.0485213,0.24213889,1.0
192,18,-0.008079111,0.8433778,-0.34182665,1.0
192,19,-0.14119285,1.0641063,0.23025456,1.0
192,20,0.01095685,0.88811135,-0.33547732,1.0
192,21,-0.10679608,1.0357469,0.21293233,1.0
192,22,-0.025440607,0.8777398,-0.286456,1.0
192,23,0.011791359,0.76840895,0.10798616,1.0
192,24,-0.013995542,0.78514063,-0.11419269,1.0
192,25,0.18322095,0.43687704,0.07082617,1.0
192,26,0.018486956,0.43312952,-0.0860148,1.0
192,27,0.090974554,0.100031614,0.1351367,1.0
192,28,-0.107204616,0.024447203,0.00026806886,1.0
192,29,0.061773747,0.041564405,0.15124805,1.0
192,30,-0.113157205,0.00053471327,-0.040294234,1.0
192,31,0.13035941,0.015986979,0.13911232,1.0
192,32,-0.009202682,-0.013284206,-0.09551867,1.0
193,0,0.13358079,1.4104414,-0.13784455,1.0
193,1,0.11593868,1.4465547,-0.13571866,1.0
193,2,0.11852215,1.4383268,-0.12303654,1.0
193,3,0.1132187,1.4530983,-0.12725772,1.0
193,4,0.12190123,1.4448445,-0.17393379,1.0
193,5,0.12503105,1.4526722,-0.1970233,1.0
193,6,0.12738916,1.4358342,-0.16651247,1.0
193,7,0.02844903,1.4565084,-0.07363351,1.0
193,8,0.025860352,1.3901622,-0.19685404,1.0
193,9,0.11547526,1.4142308,-0.098515466,1.0
193,10,0.11493798,1.3707067,-0.16048382,1.0
193,11,-0.017148245,1.3183192,0.07664817,1.0
193,12,-0.020455226,1.349607,-0.13349299,1.0
193,13,-0.109015614,1.1675464,0.12923771,1.0
193,14,-0.02924295,1.0561608,-0.18492118,1.0
193,15,-0.11652924,1.0776334,0.1777398,1.0
193,16,-0.016498534,0.93303454,-0.14192826,1.0
193,17,-0.13908099,1.0657258,0.19367374,1.0
193,18,0.014273489,0.91411287,-0.18806013,1.0
193,19,-0.13057376,1.079334,0.18928617,1.0
193,20,0.029488955,0.968918,-0.1853185,1.0
193,21,-0.10897255,1.059616,0.17319669,1.0
193,22,-0.009307401,0.95031816,-0.14560032,1.0
193,23,0.01236572,0.8103713,0.10692759,1.0
193,24,-0.013187245,0.8268424,-0.11412476,1.0
193,25,0.19129828,0.47619736,0.08392125,1.0
193,26,-0.00067589624,0.47454554,-0.0846174,1.0
193,27,0.10659873,0.12949526,0.16342723,1.0
193,28,-0.116133235,0.06694138,-0.006305954,1.0
193,29,0.07380544,0.07979053,0.17854905,1.0
193,30,-0.1230712,0.03733933,-0.042695936,1.0
193,31,0.16604733,0.058936477,0.18430486,1.0
193,32,-0.015405195,0.02589935,-0.098395795,1.0
194,0,0.13422093,1.4180559,-0.11394701,1.0
194,1,0.117014274,1.452049,-0.1108371,1.0
194,2,0.118490465,1.4421555,-0.09817329,1.0
194,3,0.113484785,1.4552114,-0.10395022,1.0
194,4,0.12331069,1.4500266,-0.15159406,1.0
194,5,0.12537238,1.4547527,-0.17496535,1.0
194,6,0.12799102,1.442419,-0.14176826,1.0
194,7,0.025126776,1.4613674,-0.051074147,1.0
194,8,0.026796045,1.396488,-0.18368557,1.0
194,9,0.11525015,1.418097,-0.07202543,1.0
194,10,0.115022704,1.3763621,-0.1388806,1.0
194,11,-0.024450107,1.3195801,0.09213764,1.0
194,12,-0.01753999,1.3603607,-0.124558695,1.0
194,13,-0.11274014,1.1516376,0.123338304,1.0
194,14,-0.029676268,1.0661201,-0.19095197,1.0
194,15,-0.06921855,1.0759518,0.12308445,1.0
194,16,0.014014534,0.93961537,-0.16240013,1.0
194,17,-0.07740367,1.0705299,0.123695284,1.0
194,18,0.048193723,0.9295148,-0.20926872,1.0
194,19,-0.054981485,1.0836569,0.1175743,1.0
194,20,0.07282719,0.9780378,-0.20654495,1.0
194,21,-0.052342746,1.0597203,0.114937134,1.0
194,22,0.02539607,0.9574884,-0.1676487,1.0
194,23,0.010179353,0.81542355,0.107440434,1.0
194,24,-0.010611551,0.8311806,-0.11403365,1.0
194,25,0.18894641,0.4675661,0.088952765,1.0
194,26,-0.00088527845,0.4759184,-0.083571754,1.0
194,27,0.13383308,0.10296357,0.1835655,1.0
194,28,-0.12039645,0.07040173,-0.0099421535,1.0
194,29,0.10421839,0.058650732,0.19917957,1.0
194,30,-0.1300834,0.03688413,-0.044930045,1.0
194,31,0.20431113,0.055644035,0.20529322,1.0
194,32,-0.027961764,0.031716466,-0.09855814,1.0
195,0,0.13472688,1.4151359,-0.09258345,1.0
195,1,0.11755962,1.4469051,-0.08953876,1.0
195,2,0.11816117,1.4373701,-0.07776697,1.0
195,3,0.11402153,1.4485078,-0.0835435,1.0
195,4,0.12336942,1.4468411,-0.12956753,1.0
195,5,0.12612242,1.4483211,-0.15244305,1.0
195,6,0.1287775,1.4388373,-0.119734436,1.0
195,7,0.024293564,1.4581695,-0.034061097,1.0
195,8,0.03194622,1.3934363,-0.16316533,1.0
195,9,0.11498538,1.414227,-0.051294815,1.0
195,10,0.1153972,1.3730364,-0.117517516,1.0
195,11,-0.023282293,1.3112551,0.11209018,1.0
195,12,-0.010385713,1.3621014,-0.113440484,1.0
195,13,-0.111068435,1.1162207,0.12401289,1.0
195,14,-0.02888285,1.0719951,-0.19176626,1.0
195,15,0.030317672,1.0321836,0.10907414,1.0
195,16,0.05029057,0.9369554,-0.18955629,1.0
195,17,0.03487995,1.0309514,0.10445818,1.0
195,18,0.091030344,0.92900395,-0.24071226,1.0
195,19,0.056048784,1.0376836,0.096684285,1.0
195,20,0.12477851,0.97279245,-0.23430704,1.0
195,21,0.04878646,1.0136712,0.099218704,1.0
195,22,0.065494776,0.9540043,-0.19441947,1.0
195,23,0.009041721,0.8123827,0.10816602,1.0
195,24,-0.009528997,0.82780993,-0.11380601,1.0
195,25,0.17957287,0.44507006,0.08915166,1.0
195,26,0.00075721997,0.46931696,-0.082083896,1.0
195,27,0.14546965,0.06994879,0.18144432,1.0
195,28,-0.12798932,0.06844574,-0.008973252,1.0
195,29,0.11968188,0.028460026,0.19653279,1.0
195,30,-0.13897836,0.031740487,-0.0427715,1.0
195,31,0.22400177,0.034686625,0.20155069,1.0
195,32,-0.042928502,0.030505836,-0.09384855,1.0
196,0,0.13086574,1.4100622,-0.07712467,1.0
196,1,0.11466548,1.441369,-0.073803425,1.0
196,2,0.114752814,1.4327457,-0.06225526,1.0
196,3,0.11172113,1.4426146,-0.06766513,1.0
196,4,0.11928228,1.4436765,-0.111691706,1.0
196,5,0.12299364,1.4429519,-0.13330676,1.0
196,6,0.12582062,1.4346032,-0.10262263,1.0
196,7,0.024086256,1.4565632,-0.017924396,1.0
196,8,0.030496081,1.392199,-0.13838468,1.0
196,9,0.11070811,1.4119275,-0.035044253,1.0
196,10,0.11030279,1.3704491,-0.09837997,1.0
196,11,-0.025475688,1.3084881,0.13083203,1.0
196,12,-0.005710015,1.3611784,-0.093911126,1.0
196,13,-0.0820488,1.1096259,0.15690067,1.0
196,14,-0.0087315375,1.0740047,-0.17223495,1.0
196,15,0.051849347,0.9791293,0.17342378,1.0
196,16,0.0765,0.9289129,-0.14336804,1.0
196,17,0.055306688,0.96919453,0.17836377,1.0
196,18,0.11760396,0.9241673,-0.18593282,1.0
196,19,0.07233381,0.96071327,0.16978104,1.0
196,20,0.14511237,0.9624267,-0.16943768,1.0
196,21,0.070014566,0.9540561,0.1650345,1.0
196,22,0.0886055,0.9448819,-0.14304823,1.0
196,23,0.0049043535,0.81114626,0.10812565,1.0
196,24,-0.0054395995,0.8264501,-0.11291305,1.0
196,25,0.12752046,0.43262053,0.083038874,1.0
196,26,0.009303184,0.46112564,-0.07825644,1.0
196,27,0.1321021,0.044266224,0.16040987,1.0
196,28,-0.14698228,0.06573361,-0.007658,1.0
196,29,0.09822144,0.0020874739,0.17410178,1.0
196,30,-0.16308874,0.026395917,-0.039951302,1.0
196,31,0.18734069,0.0038359165,0.17776299,1.0
196,32,-0.072797276,0.02459097,-0.08242375,1.0
197,0,0.13336788,1.4125867,-0.07403601,1.0
197,1,0.116769604,1.4421391,-0.07075041,1.0
197,2,0.11650816,1.4342201,-0.059167176,1.0
197,3,0.11416372,1.4433925,-0.06398272,1.0
197,4,0.12139655,1.448274,-0.106921725,1.0
197,5,0.12573099,1.4454155,-0.12753232,1.0
197,6,0.12854788,1.4381505,-0.09788204,1.0
197,7,0.041322038,1.4563172,-0.014431322,1.0
197,8,0.0426948,1.3932097,-0.12530786,1.0
197,9,0.11735888,1.4142144,-0.031089095,1.0
197,10,0.11610978,1.3729413,-0.09076554,1.0
197,11,-0.024945503,1.3097856,0.13900174,1.0
197,12,0.03555945,1.3684072,-0.080065176,1.0
197,13,-0.030630926,1.170423,0.24920858,1.0
197,14,0.03280112,1.0893936,-0.15468496,1.0
197,15,0.121693924,1.159405,0.4217561,1.0
197,16,0.10811102,0.9328922,-0.12322522,1.0
197,17,0.123543546,1.1772656,0.44464105,1.0
197,18,0.14340432,0.9288994,-0.16199262,1.0
197,19,0.13422313,1.1806881,0.43578693,1.0
197,20,0.17181566,0.95970106,-0.14863794,1.0
197,21,0.14125423,1.1443725,0.4185809,1.0
197,22,0.119722344,0.9460023,-0.123040676,1.0
197,23,-0.0090114195,0.80847114,0.10909757,1.0
197,24,0.008313775,0.82554525,-0.112896204,1.0
197,25,0.09363291,0.42788726,0.08163007,1.0
197,26,0.028430158,0.4601149,-0.07924771,1.0
197,27,0.12942499,0.029773235,0.1529896,1.0
197,28,-0.13726105,0.06717187,-0.006660561,1.0
197,29,0.08932926,-0.012503326,0.1666007,1.0
197,30,-0.15475965,0.026272714,-0.036839023,1.0
197,31,0.17465493,0.0025247931,0.17251146,1.0
197,32,-0.063483365,0.02546221,-0.05478822,1.0
198,0,0.13694134,1.4194864,-0.0767611,1.0
198,1,0.12158534,1.4476852,-0.07338924,1.0
198,2,0.121246375,1.4411373,-0.062056515,1.0
198,3,0.11980489,1.4495847,-0.066104,1.0
198,4,0.12524724,1.4550711,-0.109803125,1.0
198,5,0.13025413,1.451318,-0.13078701,1.0
198,6,0.13350031,1.4437783,-0.10204244,1.0
198,7,0.051054638,1.4629903,-0.016674228,1.0
198,8,0.05082024,1.3991466,-0.12737331,1.0
198,9,0.12247073,1.421695,-0.03445278,1.0
198,10,0.12195299,1.3804133,-0.09453362,1.0
198,11,-0.0083188005,1.3167737,0.1421902,1.0
198,12,0.06198163,1.3745973,-0.08015339,1.0
198,13,0.01951948,1.1685567,0.24251309,1.0
198,14,0.0722247,1.101624,-0.14864463,1.0
198,15,0.1414789,1.0612648,0.26793447,1.0
198,16,0.1297899,0.94611436,-0.095274076,1.0
198,17,0.14783812,1.0572892,0.27438885,1.0
198,18,0.16735041,0.94245553,-0.13216446,1.0
198,19,0.15947333,1.0383267,0.26205528,1.0
198,20,0.18978545,0.97310674,-0.12090449,1.0
198,21,0.15899694,1.0312928,0.2599295,1.0
198,22,0.13878559,0.959136,-0.09489997,1.0
198,23,-0.013252758,0.81395936,0.110227786,1.0
198,24,0.013133371,0.83220774,-0.11297877,1.0
198,25,0.06493226,0.42680454,0.08749926,1.0
198,26,0.06654096,0.46536392,-0.080247015,1.0
198,27,0.072417185,0.033040702,0.15423393,1.0
198,28,-0.12537158,0.07453239,-0.0023228824,1.0
198,29,0.048185218,-0.009052098,0.16831279,1.0
198,30,-0.14613366,0.034429252,-0.031364582,1.0
198,31,0.1595202,0.0075148344,0.18327276,1.0
198,32,-0.04776699,0.037339628,-0.040840995,1.0
199,0,0.13696158,1.4300711,-0.075983614,1.0
199,1,0.121557735,1.457133,-0.071378015,1.0
199,2,0.12085025,1.451545,-0.060407188,1.0
199,3,0.1198751,1.4593663,-0.063937515,1.0
199,4,0.12473446,1.4651992,-0.108262785,1.0
199,5,0.12987298,1.4613065,-0.12925062,1.0
199,6,0.13336004,1.4528861,-0.101539694,1.0
199,7,0.050381362,1.4683698,-0.015076652,1.0
199,8,0.04901672,1.4050901,-0.12549585,1.0
199,9,0.121922106,1.4303794,-0.034788955,1.0
199,10,0.12232059,1.3895811,-0.09445007,1.0
199,11,-0.008840583,1.3197505,0.14654315,1.0
199,12,0.07018857,1.3805664,-0.07951991,1.0
199,13,0.015564354,1.1523148,0.22005886,1.0
199,14,0.076363094,1.1068193,-0.1406442,1.0
199,15,0.14076275,1.023223,0.24962257,1.0
199,16,0.13355586,0.9610864,-0.07645665,1.0
199,17,0.1502492,1.0162112,0.25471553,1.0
199,18,0.17467329,0.9591286,-0.11036846,1.0
199,19,0.16345073,1.0022385,0.24229318,1.0
199,20,0.1965601,0.9905617,-0.09876514,1.0
199,21,0.15901883,0.9939983,0.24102965,1.0
199,22,0.1433264,0.97495544,-0.07487236,1.0
199,23,-0.019201962,0.81925404,0.11134468,1.0
199,24,0.019787872,0.8380164,-0.113435775,1.0
199,25,0.05419692,0.43199876,0.111965224,1.0
199,26,0.08205944,0.4704639,-0.07994858,1.0
199,27,0.043072358,0.047773957,0.18990365,1.0
199,28,-0.08962093,0.07892883,0.006196545,1.0
199,29,0.021854011,0.0068585873,0.20702143,1.0
199,30,-0.10593338,0.039257824,-0.022161756,1.0
199,31,0.12967238,0.01660484,0.23230012,1.0
199,32,-0.0019197892,0.04477191,-0.029383544,1.0
200,0,0.12991329,1.4354521,-0.09977167,1.0
200,1,0.117940255,1.4627963,-0.09212385,1.0
200,2,0.11694126,1.4584591,-0.08079031,1.0
200,3,0.11654371,1.4652681,-0.08388289,1.0
200,4,0.115819976,1.4717755,-0.12603955,1.0
200,5,0.12060531,1.4681237,-0.1466839,1.0
200,6,0.12425636,1.4590468,-0.11972845,1.0
200,7,0.051113453,1.4760473,-0.020996204,1.0
200,8,0.03230254,1.4117596,-0.12924261,1.0
200,9,0.11854458,1.4369617,-0.053921577,1.0
200,10,0.11294306,1.3959844,-0.10957431,1.0
200,11,-0.009423229,1.3261812,0.14566217,1.0
200,12,0.059174906,1.3870456,-0.08057421,1.0
200,13,0.0065898923,1.151333,0.204387,1.0
200,14,0.058842316,1.1153247,-0.14767824,1.0
200,15,0.13210386,0.9892182,0.24281004,1.0
200,16,0.11976939,0.9667887,-0.099500805,1.0
200,17,0.13897738,0.9834932,0.2455559,1.0
200,18,0.15806276,0.9616965,-0.13628392,1.0
200,19,0.15359288,0.9688943,0.2375281,1.0
200,20,0.18152766,0.9922731,-0.1327021,1.0
200,21,0.15117411,0.9597471,0.23451479,1.0
200,22,0.13104008,0.9791268,-0.101358406,1.0
200,23,-0.018433256,0.8251094,0.1119522,1.0
200,24,0.01934678,0.844507,-0.11320888,1.0
200,25,0.044127032,0.43200454,0.12213498,1.0
200,26,0.0797313,0.47534198,-0.07919078,1.0
200,27,0.016540755,0.058448613,0.20992006,1.0
200,28,-0.08828812,0.08153945,0.00578333,1.0
200,29,-0.0046136742,0.018210948,0.2283242,1.0
200,30,-0.104187645,0.042376578,-0.02302056,1.0
200,31,0.0987911,0.023775041,0.25336662,1.0
200,32,-0.00055253366,0.051076114,-0.035281923,1.0
201,0,0.103102304,1.4425185,-0.16525187,1.0
201,1,0.10076502,1.4716985,-0.14787726,1.0
201,2,0.1001619,1.4679446,-0.13627572,1.0
201,3,0.09998573,1.4735873,-0.13905402,1.0
201,4,0.0829491,1.4810092,-0.1780378,1.0
201,5,0.08722245,1.4777547,-0.19871569,1.0
201,6,0.090470195,1.4684975,-0.17107382,1.0
201,7,0.06448628,1.485205,-0.034871705,1.0
201,8,-0.014837863,1.4221367,-0.13111302,1.0
201,9,0.10647447,1.4449615,-0.105488986,1.0
201,10,0.081768386,1.4043899,-0.15570869,1.0
201,11,-0.010234708,1.3325089,0.14797445,1.0
201,12,0.040663,1.3940191,-0.0789122,1.0
201,13,-0.039917525,1.1353567,0.19611731,1.0
201,14,0.0074490258,1.1195095,-0.15227883,1.0
201,15,0.11918567,0.96733785,0.23192607,1.0
201,16,0.105488844,0.9632075,-0.14760935,1.0
201,17,0.11806606,0.9662223,0.23748998,1.0
201,18,0.13948685,0.96591413,-0.19053373,1.0
201,19,0.15052764,0.95313305,0.22766832,1.0
201,20,0.16656639,0.99548453,-0.1667327,1.0
201,21,0.14425561,0.93992865,0.22456278,1.0
201,22,0.12226539,0.97994125,-0.14194013,1.0
201,23,-0.017496873,0.83101445,0.11305135,1.0
201,24,0.018759485,0.8508407,-0.11331068,1.0
201,25,0.0049347333,0.436625,0.12479383,1.0
201,26,0.09160269,0.4813657,-0.09184834,1.0
201,27,0.00086716434,0.064421535,0.20712312,1.0
201,28,-0.09242901,0.09166157,-0.04188039,1.0
201,29,-0.017610086,0.022765696,0.22519013,1.0
201,30,-0.112503394,0.054228783,-0.071101665,1.0
201,31,0.09143966,0.032734394,0.24995604,1.0
201,32,-0.013840972,0.056693196,-0.06682256,1.0
202,0,0.08962467,1.447269,-0.2026187,1.0
202,1,0.091031805,1.4771936,-0.18324769,1.0
202,2,0.090394825,1.4742632,-0.1718578,1.0
202,3,0.09023694,1.4787898,-0.17433196,1.0
202,4,0.06784743,1.4868629,-0.213012,1.0
202,5,0.071997076,1.4839811,-0.23409924,1.0
202,6,0.074955784,1.4743028,-0.20644332,1.0
202,7,0.07119402,1.4903299,-0.05627082,1.0
202,8,-0.03399655,1.4286752,-0.13625728,1.0
202,9,0.09851246,1.450362,-0.13959582,1.0
202,10,0.06771387,1.4101377,-0.18889089,1.0
202,11,-0.0096,1.3372478,0.14697252,1.0
202,12,0.020936472,1.3982044,-0.08011295,1.0
202,13,-0.052204177,1.1362138,0.19361718,1.0
202,14,-0.027752597,1.121294,-0.16315116,1.0
202,15,0.08775542,0.9844879,0.21321177,1.0
202,16,0.041095447,0.9667343,-0.18381403,1.0
202,17,0.08427382,0.9812483,0.21631092,1.0
202,18,0.071054734,0.96827143,-0.22648403,1.0
202,19,0.114623584,0.97132903,0.2039537,1.0
202,20,0.09890477,0.99922276,-0.20471334,1.0
202,21,0.11000487,0.9583181,0.2069733,1.0
202,22,0.055412155,0.9811791,-0.17835543,1.0
202,23,-0.016429845,0.8350537,0.113824025,1.0
202,24,0.017929228,0.8547497,-0.11315002,1.0
202,25,-0.009068499,0.44043523,0.12139805,1.0
202,26,0.105698876,0.4910182,-0.09624866,1.0
202,27,-0.00577892,0.07173991,0.20387314,1.0
202,28,-0.09275135,0.11098659,-0.04916764,1.0
202,29,-0.02312277,0.029771864,0.22234735,1.0
202,30,-0.11354524,0.07551932,-0.07926781,1.0
202,31,0.08936169,0.048416793,0.24087702,1.0
202,32,-0.0152981775,0.069159806,-0.07283906,1.0
203,0,0.0728086,1.4494033,-0.25031126,1.0
203,1,0.077967025,1.4797168,-0.23043846,1.0
203,2,0.0771152,1.4776878,-0.21933945,1.0
203,3,0.076750875,1.4812227,-0.22122015,1.0
203,4,0.05167163,1.4896147,-0.25997537,1.0
203,5,0.055936124,1.4871511,-0.2819807,1.0
203,6,0.05827303,1.4770327,-0.25410527,1.0
203,7,0.069054574,1.4923785,-0.09673082,1.0
203,8,-0.05265351,1.4321692,-0.17200135,1.0
203,9,0.083306976,1.4530642,-0.18573444,1.0
203,10,0.049941417,1.4130509,-0.2355888,1.0
203,11,-0.008827189,1.3406105,0.118313126,1.0
203,12,-0.0057010087,1.3930055,-0.09499802,1.0
203,13,-0.050397947,1.1277133,0.14568506,1.0
203,14,-0.04954935,1.0948379,-0.19966881,1.0
203,15,0.04843054,0.9828018,0.13971688,1.0
203,16,-0.013662914,0.95966387,-0.22928357,1.0
203,17,0.044657692,0.9688945,0.14105432,1.0
203,18,0.016675707,0.95643336,-0.27352357,1.0
203,19,0.06434136,0.96146375,0.12919083,1.0
203,20,0.0476798,0.9909871,-0.26119593,1.0
203,21,0.063987,0.9553951,0.13280322,1.0
203,22,-0.0010021105,0.97299707,-0.22703554,1.0
203,23,-0.015730279,0.8388711,0.11365895,1.0
203,24,0.01769674,0.85771614,-0.11211036,1.0
203,25,-0.023847066,0.44434193,0.11771344,1.0
203,26,0.13144816,0.50497293,-0.09912349,1.0
203,27,-0.014086768,0.07743627,0.18113424,1.0
203,28,-0.09230735,0.14874107,-0.048654243,1.0
203,29,-0.030811701,0.035146475,0.19685256,1.0
203,30,-0.11370982,0.11756837,-0.07978516,1.0
203,31,0.07916596,0.055200815,0.21661818,1.0
203,32,-0.023512028,0.09901792,-0.075563654,1.0
204,0,0.054871522,1.4496357,-0.26608747,1.0
204,1,0.06134814,1.4798746,-0.24586323,1.0
204,2,0.060255717,1.4786433,-0.23563617,1.0
204,3,0.059799794,1.481449,-0.23689763,1.0
204,4,0.033282503,1.489024,-0.2741957,1.0
204,5,0.03770186,1.4871655,-0.29631767,1.0
204,6,0.03986158,1.4763455,-0.26875174,1.0
204,7,0.06799909,1.4924302,-0.11456222,1.0
204,8,-0.0683172,1.4308789,-0.18530393,1.0
204,9,0.06805269,1.4542123,-0.20225248,1.0
204,10,0.03418082,1.4138978,-0.2511126,1.0
204,11,0.0011594449,1.3426194,0.09894072,1.0
204,12,-0.031733803,1.3843288,-0.10301018,1.0
204,13,-0.02441575,1.121543,0.11217258,1.0
204,14,-0.077713154,1.0701891,-0.20916669,1.0
204,15,0.044912312,0.9700483,0.08686123,1.0
204,16,-0.061714765,0.94861436,-0.24771559,1.0
204,17,0.037367977,0.94953436,0.08568803,1.0
204,18,-0.035663415,0.94602674,-0.2938754,1.0
204,19,0.04883475,0.9438789,0.07424389,1.0
204,20,-0.0053778286,0.98272514,-0.28598052,1.0
204,21,0.05616056,0.94218886,0.07928587,1.0
204,22,-0.051316563,0.96135604,-0.24675818,1.0
204,23,-0.009441825,0.8410395,0.11282179,1.0
204,24,0.012111823,0.85891503,-0.11065934,1.0
204,25,-0.029785182,0.44734102,0.120562114,1.0
204,26,0.15162465,0.5130944,-0.11119293,1.0
204,27,-0.02866299,0.080930114,0.19082826,1.0
204,28,-0.09281409,0.17838603,-0.043519955,1.0
204,29,-0.046155673,0.038471997,0.20717303,1.0
204,30,-0.1162029,0.150787,-0.076460175,1.0
204,31,0.05601466,0.057385623,0.22658797,1.0
204,32,-0.039187852,0.11989635,-0.06698336,1.0
205,0,0.042919356,1.4474283,-0.26841733,1.0
205,1,0.049978152,1.4780285,-0.24758343,1.0
205,2,0.048518453,1.4772724,-0.23786841,1.0
205,3,0.048271433,1.4797173,-0.23859175,1.0
205,4,0.02191282,1.4867005,-0.27599242,1.0
205,5,0.026730679,1.485508,-0.29803255,1.0
205,6,0.028545134,1.4741607,-0.2710268,1.0
205,7,0.05980026,1.4900022,-0.11730219,1.0
205,8,-0.08054198,1.4298172,-0.19034977,1.0
205,9,0.05494823,1.4528394,-0.20476726,1.0
205,10,0.021932513,1.412704,-0.25486985,1.0
205,11,0.011927711,1.3419262,0.09003794,1.0
205,12,-0.06265758,1.3811892,-0.10665939,1.0
205,13,0.019498164,1.1038702,0.11085639,1.0
205,14,-0.09600666,1.0648578,-0.21258739,1.0
205,15,0.051325765,0.9189756,0.09956074,1.0
205,16,-0.09820793,0.93938243,-0.2577421,1.0
205,17,0.038774733,0.88734806,0.101707004,1.0
205,18,-0.07848888,0.9358947,-0.30506387,1.0
205,19,0.050196923,0.88151634,0.088911995,1.0
205,20,-0.04792097,0.9703263,-0.29909748,1.0
205,21,0.057010774,0.88917285,0.09151727,1.0
205,22,-0.08931933,0.9492459,-0.25776163,1.0
205,23,0.0016234231,0.84093547,0.110720105,1.0
205,24,0.0014906975,0.8578128,-0.10812304,1.0
205,25,-0.026542103,0.44746912,0.12122729,1.0
205,26,0.15798937,0.51982343,-0.1161294,1.0
205,27,-0.031160114,0.08774203,0.19279978,1.0
205,28,-0.09624011,0.19972003,-0.041569337,1.0
205,29,-0.048234276,0.044587195,0.20947972,1.0
205,30,-0.12291464,0.17375767,-0.07394912,1.0
205,31,0.048950464,0.06509507,0.22554497,1.0
205,32,-0.056177754,0.13473153,-0.06493475,1.0
206,0,0.04160938,1.4434321,-0.24100159,1.0
206,1,0.048892573,1.4743183,-0.22168016,1.0
206,2,0.04615294,1.4738302,-0.21223328,1.0
206,3,0.04665117,1.476344,-0.21278498,1.0
206,4,0.02007109,1.4826584,-0.2515965,1.0
206,5,0.025549706,1.4821044,-0.27387848,1.0
206,6,0.026869494,1.4705551,-0.24714944,1.0
206,7,0.054137915,1.484797,-0.11476173,1.0
206,8,-0.081767775,1.4255464,-0.1750736,1.0
206,9,0.051514424,1.4494983,-0.18009666,1.0
206,10,0.01990911,1.4094598,-0.23247404,1.0
206,11,0.018316515,1.3332405,0.09193896,1.0
206,12,-0.07148675,1.377954,-0.10102635,1.0
206,13,0.017697835,1.091943,0.11684354,1.0
206,14,-0.089710295,1.0666443,-0.25239635,1.0
206,15,0.04803129,0.90276015,0.11755401,1.0
206,16,-0.11292197,0.93841034,-0.3703867,1.0
206,17,0.0342185,0.8664315,0.12156614,1.0
206,18,-0.10941145,0.9338301,-0.43040857,1.0
206,19,0.03767909,0.8558626,0.108460896,1.0
206,20,-0.07369185,0.95707256,-0.42288163,1.0
206,21,0.052953694,0.8715367,0.10970311,1.0
206,22,-0.10690109,0.94435203,-0.37143037,1.0
206,23,0.008747436,0.8390626,0.106063694,1.0
206,24,-0.0057732016,0.8551418,-0.10279317,1.0
206,25,-0.029153693,0.4459013,0.08982873,1.0
206,26,0.16947222,0.5242784,-0.12208571,1.0
206,27,-0.040077563,0.085703194,0.16132012,1.0
206,28,-0.09526563,0.20902187,-0.030504536,1.0
206,29,-0.05813833,0.042442977,0.17868201,1.0
206,30,-0.12271726,0.18331361,-0.059629515,1.0
206,31,0.03402572,0.062861204,0.17232905,1.0
206,32,-0.055232164,0.14164114,-0.061017435,1.0
207,0,0.04173116,1.4441023,-0.2301407,1.0
207,1,0.050111596,1.4739547,-0.21031648,1.0
207,2,0.0464302,1.4734612,-0.20124364,1.0
207,3,0.047406983,1.4765315,-0.20148346,1.0
207,4,0.020094229,1.4818442,-0.24045588,1.0
207,5,0.02620747,1.4818465,-0.26292014,1.0
207,6,0.027160708,1.4700589,-0.23650353,1.0
207,7,0.053963766,1.4827287,-0.1084294,1.0
207,8,-0.07803159,1.4238379,-0.15812291,1.0
207,9,0.0522033,1.4491272,-0.16915299,1.0
207,10,0.021160971,1.409235,-0.2221909,1.0
207,11,0.035600387,1.3236558,0.094120026,1.0
207,12,-0.07176228,1.3764101,-0.09151161,1.0
207,13,0.028972682,1.0731803,0.12072236,1.0
207,14,-0.08857837,1.0684094,-0.25634035,1.0
207,15,0.04801664,0.88100874,0.11695996,1.0
207,16,-0.12327578,0.93828195,-0.39199558,1.0
207,17,0.035512313,0.84276307,0.11978891,1.0
207,18,-0.12488632,0.9324322,-0.45465082,1.0
207,19,0.036869995,0.8341256,0.10223694,1.0
207,20,-0.087959364,0.95623374,-0.44772592,1.0
207,21,0.054198947,0.8509876,0.107806444,1.0
207,22,-0.118065074,0.94292927,-0.39391398,1.0
207,23,0.017462544,0.8367632,0.10210533,1.0
207,24,-0.014871318,0.85318506,-0.09887333,1.0
207,25,-0.016143586,0.44422698,0.06977382,1.0
207,26,0.18904756,0.5363743,-0.12460789,1.0
207,27,-0.04678458,0.07576501,0.13547364,1.0
207,28,-0.07366316,0.20791173,-0.008315108,1.0
207,29,-0.06879498,0.031591892,0.15289064,1.0
207,30,-0.103434354,0.18009019,-0.03476133,1.0
207,31,-0.0035339661,0.033762455,0.12802075,1.0
207,32,-0.041893125,0.13107556,-0.054771706,1.0
208,0,0.044132035,1.4422078,-0.22381058,1.0
208,1,0.052756988,1.4716125,-0.20400105,1.0
208,2,0.048622087,1.4708148,-0.19529974,1.0
208,3,0.04987093,1.4745696,-0.19560362,1.0
208,4,0.02221446,1.479247,-0.23582274,1.0
208,5,0.028852258,1.4795787,-0.25828695,1.0
208,6,0.02935744,1.4679356,-0.23193148,1.0
208,7,0.05542282,1.4791567,-0.09494291,1.0
208,8,-0.07340492,1.4207406,-0.1414085,1.0
208,9,0.05484326,1.4469563,-0.16276897,1.0
208,10,0.023959063,1.407165,-0.21747907,1.0
208,11,0.05029467,1.3169718,0.09619663,1.0
208,12,-0.07043829,1.3743503,-0.0743471,1.0
208,13,0.045663264,1.0720553,0.12229237,1.0
208,14,-0.09605704,1.0729463,-0.25102723,1.0
208,15,0.050149884,0.88016284,0.123146735,1.0
208,16,-0.13174282,0.96248156,-0.40402955,1.0
208,17,0.036423773,0.84262985,0.12745328,1.0
208,18,-0.1332458,0.9612847,-0.470661,1.0
208,19,0.036705352,0.8338922,0.11110461,1.0
208,20,-0.09451958,0.9804056,-0.46289125,1.0
208,21,0.055098142,0.85043436,0.11460617,1.0
208,22,-0.12637098,0.96308535,-0.40637553,1.0
208,23,0.022253934,0.83359414,0.09767835,1.0
208,24,-0.020097217,0.8505422,-0.09482582,1.0
208,25,-0.008848653,0.44235045,0.06473643,1.0
208,26,0.19044322,0.5450864,-0.13079643,1.0
208,27,-0.054328125,0.07268524,0.14030606,1.0
208,28,-0.0448369,0.19668096,-0.0012542487,1.0
208,29,-0.0780767,0.028939247,0.15923972,1.0
208,30,-0.070290536,0.16654772,-0.027297296,1.0
208,31,-0.007849982,0.025915861,0.13736124,1.0
208,32,0.0051135058,0.1263007,-0.055692524,1.0
209,0,0.04294459,1.4385179,-0.22267126,1.0
209,1,0.051973466,1.4680507,-0.20132753,1.0
209,2,0.047360227,1.4668126,-0.19238754,1.0
209,3,0.04897161,1.4712529,-0.19240983,1.0
209,4,0.021340823,1.4760501,-0.22937495,1.0
209,5,0.028151968,1.4764957,-0.2517257,1.0
209,6,0.02846588,1.4653274,-0.22664995,1.0
209,7,0.054003038,1.4744744,-0.07720179,1.0
209,8,-0.074018605,1.4169984,-0.1330619,1.0
209,9,0.052624144,1.4428401,-0.15971965,1.0
209,10,0.02164196,1.4038193,-0.21204813,1.0
209,11,0.044405695,1.3113879,0.10907482,1.0
209,12,-0.06914789,1.3730373,-0.071747474,1.0
209,13,0.03967286,1.0721081,0.14769945,1.0
209,14,-0.08902889,1.1027076,-0.2632258,1.0
209,15,0.05164829,0.88962406,0.17191175,1.0
209,16,-0.12485198,0.9928309,-0.43479714,1.0
209,17,0.036319878,0.85378796,0.18097316,1.0
209,18,-0.13018833,0.99467117,-0.5067164,1.0
209,19,0.038060475,0.84298724,0.16189975,1.0
209,20,-0.08887108,1.0081422,-0.49732327,1.0
209,21,0.055531785,0.85952234,0.16457261,1.0
209,22,-0.12018323,0.990455,-0.4379777,1.0
209,23,0.02099194,0.8284142,0.096296184,1.0
209,24,-0.019339541,0.846457,-0.094333954,1.0
209,25,-0.011609349,0.44303384,0.06819855,1.0
209,26,0.18096907,0.54222214,-0.12850693,1.0
209,27,-0.07620056,0.068276286,0.14366719,1.0
209,28,-0.028200025,0.18866384,-0.005232,1.0
209,29,-0.099241875,0.025380194,0.1634372,1.0
209,30,-0.04768215,0.16001433,-0.03445401,1.0
209,31,-0.010475025,0.02222085,0.14510007,1.0
209,32,0.058242146,0.11763221,-0.08229262,1.0
210,0,0.03983448,1.4313045,-0.19998075,1.0
210,1,0.049178913,1.4611015,-0.17760025,1.0
210,2,0.043945428,1.4593779,-0.1678122,1.0
210,3,0.046079848,1.4643493,-0.1679496,1.0
210,4,0.01853507,1.4694974,-0.20239842,1.0
210,5,0.025536627,1.4698359,-0.22482753,1.0
210,6,0.025739899,1.4596707,-0.20076941,1.0
210,7,0.051526118,1.4644454,-0.04906527,1.0
210,8,-0.07560422,1.4104617,-0.113378026,1.0
210,9,0.048965007,1.4345486,-0.13551752,1.0
210,10,0.017957553,1.3967988,-0.18593073,1.0
210,11,0.04113376,1.3002845,0.14094485,1.0
210,12,-0.06452815,1.3683617,-0.06238026,1.0
210,13,0.033621453,1.0693674,0.21311706,1.0
210,14,-0.08371574,1.1181843,-0.27106616,1.0
210,15,0.04516474,0.8837824,0.28238487,1.0
210,16,-0.11273716,0.9980804,-0.4625786,1.0
210,17,0.031077895,0.84204376,0.29623768,1.0
210,18,-0.118084,0.99682784,-0.53588724,1.0
210,19,0.029946359,0.8287366,0.28467104,1.0
210,20,-0.07248939,1.0046834,-0.5263312,1.0
210,21,0.050316613,0.85185933,0.27964574,1.0
210,22,-0.10707526,0.99254173,-0.4674422,1.0
210,23,0.019909823,0.8218058,0.09575796,1.0
210,24,-0.01889644,0.8414725,-0.095028214,1.0
210,25,-0.007994417,0.43663538,0.06729836,1.0
210,26,0.17374691,0.5331981,-0.12702732,1.0
210,27,-0.088722385,0.061382532,0.13566588,1.0
210,28,-0.023214132,0.17289048,-0.025746837,1.0
210,29,-0.1128651,0.018282115,0.1555775,1.0
210,30,-0.038849566,0.14100403,-0.061244447,1.0
210,31,-0.018028975,0.016532421,0.12986164,1.0
210,32,0.08101247,0.109546185,-0.1263777,1.0
211,0,0.03470313,1.4238164,-0.18529192,1.0
211,1,0.044283345,1.453832,-0.16341087,1.0
211,2,0.038998872,1.4516861,-0.15317929,1.0
211,3,0.041317612,1.4565723,-0.15393238,1.0
211,4,0.013668337,1.4631958,-0.18791296,1.0
211,5,0.020711422,1.4629984,-0.21042857,1.0
211,6,0.021161675,1.4541463,-0.18640235,1.0
211,7,0.048163243,1.4559937,-0.034602743,1.0
211,8,-0.079811595,1.404751,-0.10164587,1.0
211,9,0.04402414,1.4261538,-0.12052748,1.0
211,10,0.01250257,1.3902605,-0.17035973,1.0
211,11,0.03758332,1.2918701,0.16447814,1.0
211,12,-0.06296321,1.3674512,-0.054177277,1.0
211,13,0.0084555,1.0666833,0.24530667,1.0
211,14,-0.08462342,1.1199932,-0.2664148,1.0
211,15,0.029816333,0.8745397,0.315465,1.0
211,16,-0.11242372,0.99295354,-0.45616755,1.0
211,17,0.018648652,0.8297631,0.32895848,1.0
211,18,-0.11690621,0.9897695,-0.5312668,1.0
211,19,0.018461287,0.8145017,0.31870115,1.0
211,20,-0.06632408,0.9968436,-0.51932937,1.0
211,21,0.037385207,0.84146863,0.3130733,1.0
211,22,-0.10494268,0.986577,-0.46182758,1.0
211,23,0.019516557,0.8156495,0.097824425,1.0
211,24,-0.019338766,0.8379966,-0.097192675,1.0
211,25,0.035072885,0.43102276,0.058458082,1.0
211,26,0.1606311,0.527138,-0.1261535,1.0
211,27,-0.07858639,0.05996245,0.11045121,1.0
211,28,-0.02100724,0.1478455,-0.0498052,1.0
211,29,-0.10362075,0.017032564,0.12979758,1.0
211,30,-0.031764314,0.11335319,-0.09018393,1.0
211,31,-0.005058958,0.025938869,0.102326825,1.0
211,32,0.096637785,0.10417491,-0.16140911,1.0
212,0,0.034958404,1.418631,-0.17451029,1.0
212,1,0.04222937,1.4482509,-0.15257876,1.0
212,2,0.03803646,1.4459263,-0.14266685,1.0
212,3,0.03968637,1.4503256,-0.1441508,1.0
212,4,0.013070568,1.4575472,-0.1797232,1.0
212,5,0.019867457,1.4566178,-0.20109299,1.0
212,6,0.020881273,1.4486161,-0.17700294,1.0
212,7,0.047106795,1.4520178,-0.02344922,1.0
212,8,-0.08131837,1.4004381,-0.09282298,1.0
212,9,0.04464754,1.4205056,-0.108532354,1.0
212,10,0.013032764,1.3851209,-0.15850192,1.0
212,11,0.037441142,1.2883428,0.17993781,1.0
212,12,-0.063986845,1.3667533,-0.035252772,1.0
212,13,0.013512494,1.0999851,0.24331641,1.0
212,14,-0.11123956,1.1120275,-0.21030915,1.0
212,15,0.054434653,0.9613549,0.27614713,1.0
212,16,-0.12147391,0.9843523,-0.36150318,1.0
212,17,0.04558005,0.93918407,0.28198102,1.0
212,18,-0.117688365,0.9785712,-0.42825696,1.0
212,19,0.041967448,0.9341656,0.2694166,1.0
212,20,-0.07065107,0.98962295,-0.4168492,1.0
212,21,0.06131393,0.9364568,0.2715844,1.0
212,22,-0.11271081,0.97927386,-0.36666808,1.0
212,23,0.019551752,0.812208,0.099513866,1.0
212,24,-0.020014348,0.8351102,-0.099438466,1.0
212,25,0.06791776,0.42751828,0.058307435,1.0
212,26,0.15215011,0.51257753,-0.12584996,1.0
212,27,-0.07705423,0.06106013,0.11313266,1.0
212,28,-0.0056527406,0.105229914,-0.067595325,1.0
212,29,-0.095556155,0.019531727,0.13262552,1.0
212,30,-0.013635397,0.067304134,-0.10721477,1.0
212,31,0.0015695055,0.024249017,0.10738036,1.0
212,32,0.10768124,0.07840198,-0.17772569,1.0
213,0,0.03599298,1.4151039,-0.17659026,1.0
213,1,0.04180737,1.4442139,-0.15521513,1.0
213,2,0.038270924,1.4422033,-0.1447259,1.0
213,3,0.03942235,1.445617,-0.14685008,1.0
213,4,0.0137444865,1.453474,-0.18276983,1.0
213,5,0.020122461,1.451953,-0.20356756,1.0
213,6,0.021700464,1.4444656,-0.17952615,1.0
213,7,0.046914257,1.4479595,-0.0285566,1.0
213,8,-0.080798395,1.3952116,-0.09863277,1.0
213,9,0.046128917,1.4157956,-0.111325316,1.0
213,10,0.015019672,1.380969,-0.1611888,1.0
213,11,0.035818823,1.2844738,0.17691348,1.0
213,12,-0.063396156,1.3626597,-0.037963115,1.0
213,13,0.03174495,1.116884,0.23374335,1.0
213,14,-0.10676961,1.1059172,-0.1971199,1.0
213,15,0.1141942,1.0067263,0.25571728,1.0
213,16,-0.11525254,0.9772856,-0.32449946,1.0
213,17,0.116880156,0.9918659,0.26350132,1.0
213,18,-0.110263035,0.96971625,-0.3875187,1.0
213,19,0.1123237,0.99125844,0.24977967,1.0
213,20,-0.06413833,0.98053366,-0.37967613,1.0
213,21,0.12290956,0.9841523,0.25130242,1.0
213,22,-0.10600875,0.9743773,-0.33027926,1.0
213,23,0.020085849,0.8083313,0.10185992,1.0
213,24,-0.020847287,0.83151513,-0.102202326,1.0
213,25,0.10504665,0.43548447,0.060440622,1.0
213,26,0.14138636,0.5032219,-0.12571143,1.0
213,27,-0.0330247,0.105107784,0.120462105,1.0
213,28,0.0132103,0.08384991,-0.07149177,1.0
213,29,-0.060287926,0.068090916,0.1419956,1.0
213,30,0.009549149,0.045037508,-0.11005216,1.0
213,31,0.021993505,0.05229032,0.12848984,1.0
213,32,0.12967856,0.056015193,-0.17596078,1.0
214,0,0.0374105,1.4131002,-0.1772791,1.0
214,1,0.042945005,1.4411792,-0.15594047,1.0
214,2,0.039684318,1.4398185,-0.145098,1.0
214,3,0.04064824,1.4422822,-0.14769547,1.0
214,4,0.015846867,1.4506714,-0.1837691,1.0
214,5,0.021608647,1.4487176,-0.2036786,1.0
214,6,0.02371985,1.4413154,-0.17988007,1.0
214,7,0.049912892,1.4441111,-0.028811673,1.0
214,8,-0.07930814,1.3916305,-0.09612166,1.0
214,9,0.04643029,1.4119446,-0.11245946,1.0
214,10,0.016598737,1.377887,-0.16095829,1.0
214,11,0.044406906,1.2791519,0.17884706,1.0
214,12,-0.06282317,1.3591306,-0.033069093,1.0
214,13,0.055919692,1.1094002,0.22617772,1.0
214,14,-0.10247954,1.0919659,-0.17675008,1.0
214,15,0.13567679,0.99114645,0.2355415,1.0
214,16,-0.110280305,0.94708025,-0.28902155,1.0
214,17,0.13963658,0.9754299,0.2305655,1.0
214,18,-0.105926484,0.93083787,-0.34615862,1.0
214,19,0.1349041,0.9769444,0.21316199,1.0
214,20,-0.060518675,0.95034045,-0.3425312,1.0
214,21,0.14369044,0.9694506,0.22691135,1.0
214,22,-0.10158769,0.94490427,-0.29589307,1.0
214,23,0.026433084,0.8060371,0.102824375,1.0
214,24,-0.027186425,0.82970273,-0.10308442,1.0
214,25,0.17591466,0.4389705,0.03552184,1.0
214,26,0.10157065,0.4933765,-0.123333596,1.0
214,27,-0.0011649772,0.12628525,0.08737843,1.0
214,28,0.009761073,0.066095054,-0.06795726,1.0
214,29,-0.036565717,0.092511594,0.10780384,1.0
214,30,0.008216803,0.027056873,-0.10602188,1.0
214,31,0.024641063,0.05432087,0.0940241,1.0
214,32,0.12683828,0.036016583,-0.17170888,1.0
215,0,0.03463539,1.4207898,-0.17812334,1.0
215,1,0.039538838,1.4475744,-0.15722023,1.0
215,2,0.036322176,1.4473023,-0.14590234,1.0
215,3,0.036867462,1.4487375,-0.1489979,1.0
215,4,0.012897627,1.4568605,-0.1852841,1.0
215,5,0.017870426,1.4546624,-0.20435676,1.0
215,6,0.02077012,1.4466643,-0.18104666,1.0
215,7,0.047823906,1.4505978,-0.031023439,1.0
215,8,-0.08196578,1.3950956,-0.09975287,1.0
215,9,0.046660364,1.4174142,-0.11375851,1.0
215,10,0.016168533,1.3831108,-0.16224559,1.0
215,11,0.04444859,1.2822843,0.17609718,1.0
215,12,-0.061197586,1.3607788,-0.0368709,1.0
215,13,0.06255818,1.1143547,0.23275676,1.0
215,14,-0.10009718,1.0893466,-0.18559867,1.0
215,15,0.14804085,1.0020856,0.24205135,1.0
215,16,-0.10900218,0.94493353,-0.30098465,1.0
215,17,0.15201019,0.9892993,0.24131104,1.0
215,18,-0.10543105,0.9293058,-0.3600516,1.0
215,19,0.14752293,0.9921009,0.22152321,1.0
215,20,-0.062903196,0.94870996,-0.35450527,1.0
215,21,0.15660974,0.9813174,0.2337814,1.0
215,22,-0.10025382,0.94295007,-0.30750227,1.0
215,23,0.030004935,0.8038941,0.10435018,1.0
215,24,-0.03070911,0.8277794,-0.10429564,1.0
215,25,0.2026457,0.44662195,0.036458857,1.0
215,26,0.08104419,0.49047604,-0.11300799,1.0
215,27,0.017981566,0.14330012,0.09716699,1.0
215,28,0.003604751,0.07029647,-0.04055036,1.0
215,29,-0.020142065,0.11146015,0.11813216,1.0
215,30,0.0015830654,0.033130407,-0.07728771,1.0
215,31,0.024481835,0.06338501,0.10516506,1.0
215,32,0.11530908,0.03824246,-0.14565404,1.0
216,0,0.035656814,1.420094,-0.17863227,1.0
216,1,0.040452912,1.4458759,-0.15819834,1.0
216,2,0.037404563,1.4467242,-0.14665195,1.0
216,3,0.037884574,1.447119,-0.14985561,1.0
216,4,0.014135607,1.4558035,-0.18640393,1.0
216,5,0.01862305,1.4533677,-0.20476794,1.0
216,6,0.021875538,1.4454267,-0.18189189,1.0
216,7,0.047956593,1.449419,-0.032035924,1.0
216,8,-0.081507966,1.394033,-0.101217695,1.0
216,9,0.04695268,1.4157885,-0.11489286,1.0
216,10,0.017119125,1.3815019,-0.16291708,1.0
216,11,0.047091097,1.2818526,0.17739765,1.0
216,12,-0.060117774,1.3584342,-0.038555864,1.0
216,13,0.06503058,1.1139278,0.23078948,1.0
216,14,-0.09800508,1.0761187,-0.18912385,1.0
216,15,0.14632663,1.0064238,0.18254143,1.0
216,16,-0.10922902,0.9255683,-0.30721447,1.0
216,17,0.15083946,0.9934654,0.17156333,1.0
216,18,-0.10469362,0.90771973,-0.36715135,1.0
216,19,0.14482245,0.99766654,0.15402818,1.0
216,20,-0.06309535,0.92851204,-0.36051762,1.0
216,21,0.15388806,0.9863318,0.17404914,1.0
216,22,-0.09983583,0.9229829,-0.31339946,1.0
216,23,0.032308605,0.8032702,0.10687542,1.0
216,24,-0.032593872,0.8274616,-0.106384344,1.0
216,25,0.21771327,0.4525001,0.026498768,1.0
216,26,0.09019276,0.48891106,-0.113011286,1.0
216,27,0.024017384,0.1635778,0.1031007,1.0
216,28,0.004689917,0.072444916,-0.04286205,1.0
216,29,-0.014161713,0.1330604,0.123717666,1.0
216,30,0.0033244924,0.03664249,-0.0799349,1.0
216,31,0.02964451,0.094429374,0.10775834,1.0
216,32,0.124118365,0.0419569,-0.14945693,1.0
217,0,0.03388687,1.419353,-0.18160357,1.0
217,1,0.039474823,1.4447544,-0.16143888,1.0
217,2,0.036630403,1.4465475,-0.14987105,1.0
217,3,0.037055574,1.4461614,-0.15298566,1.0
217,4,0.0128155025,1.4549325,-0.18989617,1.0
217,5,0.016796798,1.452544,-0.20789401,1.0
217,6,0.020295547,1.4445148,-0.18536161,1.0
217,7,0.047791578,1.4489858,-0.032870464,1.0
217,8,-0.08425875,1.3951794,-0.102307044,1.0
217,9,0.04683304,1.4142051,-0.1176684,1.0
217,10,0.015570357,1.3802916,-0.1647192,1.0
217,11,0.045316808,1.2826166,0.17518993,1.0
217,12,-0.06389368,1.3575308,-0.039094113,1.0
217,13,0.061571214,1.1113832,0.22025768,1.0
217,14,-0.10532709,1.0612596,-0.18131666,1.0
217,15,0.1461485,0.9960986,0.16911261,1.0
217,16,-0.1177448,0.90912807,-0.29411554,1.0
217,17,0.15258439,0.9829265,0.15955213,1.0
217,18,-0.110329755,0.8931335,-0.35372642,1.0
217,19,0.14697254,0.9864224,0.14108945,1.0
217,20,-0.069449864,0.9168725,-0.34941253,1.0
217,21,0.15389264,0.9753693,0.16064695,1.0
217,22,-0.1068008,0.90825796,-0.30160818,1.0
217,23,0.0346769,0.8047659,0.10685683,1.0
217,24,-0.03447993,0.82854944,-0.10618759,1.0
217,25,0.21424809,0.45819357,0.023055542,1.0
217,26,0.084543474,0.4878438,-0.104941875,1.0
217,27,0.045956798,0.14520419,0.08980156,1.0
217,28,0.0029683704,0.07438624,-0.032588694,1.0
217,29,0.010084303,0.11163944,0.11018396,1.0
217,30,-0.0023440989,0.03943342,-0.06938493,1.0
217,31,0.06615716,0.08280039,0.094748385,1.0
217,32,0.11601414,0.044751167,-0.14027548,1.0
218,0,0.03299011,1.4205517,-0.18655413,1.0
218,1,0.03914626,1.4456246,-0.16572288,1.0
218,2,0.03629368,1.4481757,-0.15412162,1.0
218,3,0.03676475,1.447242,-0.15715627,1.0
218,4,0.012021689,1.4556751,-0.19480546,1.0
218,5,0.01562468,1.4535133,-0.21215452,1.0
218,6,0.019222068,1.4455105,-0.19029625,1.0
218,7,0.047171295,1.4490683,-0.033839647,1.0
218,8,-0.08763758,1.3962462,-0.10474679,1.0
218,9,0.04662124,1.4147999,-0.12213334,1.0
218,10,0.014327982,1.3807184,-0.16927227,1.0
218,11,0.044708,1.2832795,0.1730952,1.0
218,12,-0.07422281,1.3568739,-0.03989988,1.0
218,13,0.07056854,1.1106297,0.21475309,1.0
218,14,-0.1180327,1.0612507,-0.18432686,1.0
218,15,0.1491697,0.99890953,0.17554902,1.0
218,16,-0.1359197,0.90543395,-0.29944336,1.0
218,17,0.15290342,0.9863463,0.16971746,1.0
218,18,-0.12997559,0.8891109,-0.35971615,1.0
218,19,0.14536805,0.9896624,0.15024932,1.0
218,20,-0.08924926,0.9123353,-0.35453045,1.0
218,21,0.15541345,0.9781588,0.16771516,1.0
218,22,-0.12440445,0.9043865,-0.30672932,1.0
218,23,0.037076123,0.80603826,0.10640803,1.0
218,24,-0.036632165,0.82884,-0.105605304,1.0
218,25,0.22119719,0.46525323,0.017768802,1.0
218,26,0.08352038,0.48493382,-0.10227153,1.0
218,27,0.06717621,0.1359725,0.08335496,1.0
218,28,-0.0024856902,0.072588205,-0.027984088,1.0
218,29,0.03252185,0.10153365,0.103717364,1.0
218,30,-0.006319657,0.038124263,-0.064130366,1.0
218,31,0.09248411,0.08184445,0.084841035,1.0
218,32,0.10390333,0.040972948,-0.13667913,1.0
219,0,0.023599831,1.4201632,-0.18608981,1.0
219,1,0.029972995,1.4447148,-0.16435742,1.0
219,2,0.027119122,1.4477711,-0.15293281,1.0
219,3,0.027864045,1.4465158,-0.1557885,1.0
219,4,0.0024910166,1.4544356,-0.19442135,1.0
219,5,0.006065119,1.4525367,-0.21131422,1.0
219,6,0.009686849,1.4447942,-0.19018157,1.0
219,7,0.03435324,1.447306,-0.031236116,1.0
219,8,-0.10097929,1.3958362,-0.10532728,1.0
219,9,0.035945296,1.4141142,-0.12143314,1.0
219,10,0.0034676604,1.3799236,-0.16941804,1.0
219,11,0.03653552,1.279582,0.1725288,1.0
219,12,-0.09357095,1.3509756,-0.037814353,1.0
219,13,0.06740857,1.1024874,0.1998841,1.0
219,14,-0.12061759,1.0495428,-0.18568198,1.0
219,15,0.14644183,0.98833835,0.16359067,1.0
219,16,-0.16867988,0.8925231,-0.30116305,1.0
219,17,0.14954689,0.97459805,0.1582787,1.0
219,18,-0.1733166,0.87871593,-0.36055464,1.0
219,19,0.14124915,0.9789868,0.13713129,1.0
219,20,-0.14167263,0.8998108,-0.3617859,1.0
219,21,0.1497216,0.96823853,0.15454862,1.0
219,22,-0.16338722,0.89110047,-0.31199563,1.0
219,23,0.03861373,0.80616957,0.10523804,1.0
219,24,-0.037876114,0.82880163,-0.10426268,1.0
219,25,0.20596322,0.4618096,-0.00022007822,1.0
219,26,0.08284764,0.48247606,-0.10445619,1.0
219,27,0.06241435,0.12700814,0.046704486,1.0
219,28,-0.023166139,0.07344514,-0.051201798,1.0
219,29,0.029362895,0.08931935,0.0649969,1.0
219,30,-0.02944796,0.039839327,-0.08934798,1.0
219,31,0.101045355,0.07331079,0.03556578,1.0
219,32,0.0823274,0.0412755,-0.16783845,1.0
220,0,0.009836135,1.4220486,-0.19188713,1.0
220,1,0.017409246,1.4457917,-0.16958137,1.0
220,2,0.013954043,1.4492407,-0.15797225,1.0
220,3,0.015199459,1.4476823,-0.16068786,1.0
220,4,-0.01088674,1.4551928,-0.19988488,1.0
220,5,-0.0073823472,1.4540932,-0.21652597,1.0
220,6,-0.0034924904,1.4467229,-0.19628963,1.0
220,7,0.01748294,1.4456797,-0.036168132,1.0
220,8,-0.11472289,1.3956742,-0.11591445,1.0
220,9,0.019754596,1.4151568,-0.12760411,1.0
220,10,-0.0111547,1.3810887,-0.17806676,1.0
220,11,0.020107783,1.2744155,0.14955238,1.0
220,12,-0.11097042,1.3460357,-0.042119242,1.0
220,13,0.050072346,1.0720303,0.18648826,1.0
220,14,-0.118934855,1.0457062,-0.20536923,1.0
220,15,0.09238045,0.89880174,0.16737658,1.0
220,16,-0.18262626,0.89405346,-0.3529569,1.0
220,17,0.08654914,0.87017107,0.16266946,1.0
220,18,-0.19511425,0.8838565,-0.41680846,1.0
220,19,0.07890474,0.86581314,0.14006677,1.0
220,20,-0.16875942,0.9046091,-0.41550696,1.0
220,21,0.096007094,0.8730206,0.15945688,1.0
220,22,-0.18180709,0.8933592,-0.36502534,1.0
220,23,0.039672814,0.8068052,0.10157049,1.0
220,24,-0.038889587,0.82887775,-0.10039894,1.0
220,25,0.19308914,0.46407297,-0.00057363336,1.0
220,26,0.049701247,0.4821388,-0.10194843,1.0
220,27,0.053017225,0.123773515,0.05254093,1.0
220,28,-0.050859127,0.07870662,-0.042577546,1.0
220,29,0.020166188,0.08783537,0.07175834,1.0
220,30,-0.058488317,0.047255218,-0.0797946,1.0
220,31,0.09424862,0.068272054,0.040634796,1.0
220,32,0.045405556,0.048467994,-0.16251199,1.0
221,0,0.0025440431,1.4210372,-0.19979534,1.0
221,1,0.011455878,1.443963,-0.1773783,1.0
221,2,0.007910421,1.4477587,-0.16592632,1.0
221,3,0.009428172,1.4456828,-0.16827315,1.0
221,4,-0.01785627,1.4526716,-0.20637375,1.0
221,5,-0.013862941,1.4518945,-0.22302301,1.0
221,6,-0.009741215,1.4451036,-0.20333003,1.0
221,7,0.015682358,1.4400158,-0.04556127,1.0
221,8,-0.11706243,1.3923597,-0.120332964,1.0
221,9,0.0134217525,1.4135602,-0.13640945,1.0
221,10,-0.016949788,1.3795054,-0.1866111,1.0
221,11,0.020295996,1.2683868,0.12953143,1.0
221,12,-0.119726494,1.3349156,-0.04213871,1.0
221,13,0.051630504,1.0569525,0.15547639,1.0
221,14,-0.11794148,1.0299542,-0.20811361,1.0
221,15,0.082514755,0.8791329,0.13233902,1.0
221,16,-0.18232624,0.8945604,-0.38506126,1.0
221,17,0.072462976,0.8481769,0.1308427,1.0
221,18,-0.19657105,0.8933548,-0.45401672,1.0
221,19,0.062675774,0.8446412,0.108891636,1.0
221,20,-0.17513835,0.91937494,-0.45400915,1.0
221,21,0.08471837,0.853952,0.12481045,1.0
221,22,-0.18412521,0.8927522,-0.39874604,1.0
221,23,0.04458826,0.80657494,0.09630206,1.0
221,24,-0.044047676,0.8270376,-0.09488018,1.0
221,25,0.21374726,0.4684126,-0.012273289,1.0
221,26,0.04801064,0.48013762,-0.0981778,1.0
221,27,0.05859707,0.12652254,0.051818874,1.0
221,28,-0.055714134,0.081209004,-0.036975063,1.0
221,29,0.024947338,0.09045613,0.07231773,1.0
221,30,-0.063965715,0.051167488,-0.073414445,1.0
221,31,0.10178719,0.07090372,0.03876403,1.0
221,32,0.035180144,0.055211246,-0.15890981,1.0
222,0,0.005529509,1.431113,-0.2017801,1.0
222,1,0.014002918,1.4513286,-0.17997107,1.0
222,2,0.011104749,1.455742,-0.16904776,1.0
222,3,0.012610611,1.4531617,-0.17083281,1.0
222,4,-0.014640512,1.4591442,-0.20835936,1.0
222,5,-0.010244214,1.458817,-0.22471559,1.0
222,6,-0.005989749,1.4521158,-0.20559296,1.0
222,7,0.017071482,1.4397613,-0.04981008,1.0
222,8,-0.11413139,1.3947637,-0.12094727,1.0
222,9,0.016631825,1.4190543,-0.13926971,1.0
222,10,-0.013618926,1.3871096,-0.18905112,1.0
222,11,0.037485406,1.2676576,0.11134733,1.0
222,12,-0.13217117,1.3303053,-0.028157417,1.0
222,13,0.08640286,1.0842417,0.091806926,1.0
222,14,-0.11855649,1.016748,-0.17572704,1.0
222,15,0.11741772,1.0088933,-0.006561961,1.0
222,16,-0.20707788,0.9364686,-0.38165557,1.0
222,17,0.11034975,1.0036094,-0.022850845,1.0
222,18,-0.22242346,0.95511883,-0.449443,1.0
222,19,0.097203374,1.0177805,-0.044578608,1.0
222,20,-0.21762107,1.0016377,-0.43890205,1.0
222,21,0.118348084,0.9951702,-0.017882261,1.0
222,22,-0.21466689,0.9514377,-0.3920593,1.0
222,23,0.05688166,0.8072358,0.08734375,1.0
222,24,-0.05641611,0.82180715,-0.08621077,1.0
222,25,0.26156893,0.48227844,-0.020308824,1.0
222,26,0.049062245,0.47706765,-0.09310398,1.0
222,27,0.10237558,0.14769667,0.07108424,1.0
222,28,-0.05863048,0.07882613,0.019654857,1.0
222,29,0.064176835,0.11356592,0.09774475,1.0
222,30,-0.06927506,0.04865402,-0.0076614576,1.0
222,31,0.10436286,0.06990397,0.058181442,1.0
222,32,0.0035936409,0.049244404,-0.08904957,1.0
223,0,-0.00027828477,1.4334807,-0.215118,1.0
223,1,0.010818152,1.452333,-0.19455776,1.0
223,2,0.008313566,1.4570677,-0.18477926,1.0
223,3,0.009666774,1.4546003,-0.18553792,1.0
223,4,-0.01733894,1.460119,-0.22125761,1.0
223,5,-0.012871844,1.4597456,-0.23737784,1.0
223,6,-0.007821491,1.4530858,-0.2187903,1.0
223,7,0.01914087,1.4380505,-0.06657374,1.0
223,8,-0.11227757,1.396104,-0.12762244,1.0
223,9,0.013291287,1.4191211,-0.15342903,1.0
223,10,-0.017474223,1.3886803,-0.20158124,1.0
223,11,0.04581602,1.2641798,0.08647169,1.0
223,12,-0.14680256,1.325428,-0.020365497,1.0
223,13,0.09842821,1.0813,0.04482575,1.0
223,14,-0.123744,1.0069258,-0.14195508,1.0
223,15,0.16191223,1.0891699,-0.08857046,1.0
223,16,-0.22375207,0.9964653,-0.33126128,1.0
223,17,0.16705513,1.108406,-0.11300576,1.0
223,18,-0.23641618,1.0302485,-0.39338186,1.0
223,19,0.16476247,1.1339924,-0.13056165,1.0
223,20,-0.24217182,1.0917826,-0.4052663,1.0
223,21,0.1692273,1.0851191,-0.1006222,1.0
223,22,-0.23402032,1.0226953,-0.34787226,1.0
223,23,0.066108406,0.80725527,0.08079504,1.0
223,24,-0.065669246,0.8155388,-0.08058945,1.0
223,25,0.27155304,0.4906728,-0.022908846,1.0
223,26,0.045552187,0.47410688,-0.08976231,1.0
223,27,0.1107065,0.16488636,0.09635587,1.0
223,28,-0.061960004,0.07888198,0.060984805,1.0
223,29,0.071824476,0.13260674,0.12658845,1.0
223,30,-0.07320684,0.049292803,0.039542805,1.0
223,31,0.10399133,0.0711022,0.093437135,1.0
223,32,0.0017307065,0.04504633,-0.035832148,1.0
224,0,-0.0015323756,1.4353273,-0.23280124,1.0
224,1,0.010346167,1.4529753,-0.21335658,1.0
224,2,0.008198306,1.4578853,-0.20421231,1.0
224,3,0.009371378,1.4558069,-0.20485954,1.0
224,4,-0.017408762,1.4611702,-0.24027848,1.0
224,5,-0.012627155,1.4609466,-0.2566354,1.0
224,6,-0.0073154885,1.4544477,-0.23819485,1.0
224,7,0.020524655,1.4354622,-0.08546719,1.0
224,8,-0.11153013,1.3970177,-0.14830223,1.0
224,9,0.010940352,1.4189022,-0.17121571,1.0
224,10,-0.019750398,1.3900514,-0.22091864,1.0
224,11,0.045785382,1.2597694,0.06510779,1.0
224,12,-0.16009659,1.3189248,-0.023086129,1.0
224,13,0.09853164,1.0778891,0.019050289,1.0
224,14,-0.13350415,1.006545,-0.15241691,1.0
224,15,0.19318259,1.1452632,-0.12589781,1.0
224,16,-0.23155007,1.0540248,-0.34126955,1.0
224,17,0.20640254,1.1815262,-0.15207708,1.0
224,18,-0.24261428,1.0996845,-0.40220934,1.0
224,19,0.21127638,1.2082293,-0.1663507,1.0
224,20,-0.2488875,1.166628,-0.4154383,1.0
224,21,0.20511311,1.1444328,-0.13817243,1.0
224,22,-0.2413408,1.0851787,-0.35696614,1.0
224,23,0.06970349,0.80845326,0.0783655,1.0
224,24,-0.0695387,0.8070329,-0.07863561,1.0
224,25,0.28937244,0.51677835,-0.021959852,1.0
224,26,0.035215992,0.46953925,-0.08209685,1.0
224,27,0.10179756,0.20977986,0.13533004,1.0
224,28,-0.079838015,0.07652867,0.0640069,1.0
224,29,0.06121435,0.18138349,0.16906784,1.0
224,30,-0.09289406,0.04713452,0.042292107,1.0
224,31,0.096807405,0.095730186,0.15178256,1.0
224,32,-0.022953589,0.04078132,-0.034962334,1.0
225,0,0.0003320967,1.4358845,-0.24286154,1.0
225,1,0.010763254,1.4531488,-0.22635213,1.0
225,2,0.00941184,1.4575914,-0.21765924,1.0
225,3,0.010496386,1.4565091,-0.21841969,1.0
225,4,-0.016885474,1.461153,-0.25336432,1.0
225,5,-0.01197551,1.4606363,-0.26995876,1.0
225,6,-0.00669215,1.4543254,-0.2517084,1.0
225,7,0.021308742,1.4347873,-0.104821734,1.0
225,8,-0.10732215,1.395746,-0.16906074,1.0
225,9,0.012739819,1.4191658,-0.1823924,1.0
225,10,-0.018025331,1.3898015,-0.23358595,1.0
225,11,0.04915816,1.258295,0.057750873,1.0
225,12,-0.1510466,1.3155344,-0.04532879,1.0
225,13,0.12481087,1.0898455,0.01804383,1.0
225,14,-0.13033476,1.0086564,-0.1944948,1.0
225,15,0.2141924,1.2033911,-0.12072595,1.0
225,16,-0.22598754,1.1238711,-0.37565053,1.0
225,17,0.221476,1.2480621,-0.1443593,1.0
225,18,-0.23845915,1.180959,-0.4303122,1.0
225,19,0.22483295,1.2756509,-0.15306364,1.0
225,20,-0.24952306,1.2417648,-0.43839717,1.0
225,21,0.22460142,1.2050344,-0.130427,1.0
225,22,-0.2382388,1.1544095,-0.3865226,1.0
225,23,0.06817151,0.8094808,0.0798106,1.0
225,24,-0.06823878,0.8035715,-0.08018933,1.0
225,25,0.27892303,0.5263205,-0.012425856,1.0
225,26,0.034496017,0.46794912,-0.08414705,1.0
225,27,0.09571848,0.21857059,0.16986436,1.0
225,28,-0.105017796,0.07749534,0.04689525,1.0
225,29,0.055482004,0.19021451,0.20255582,1.0
225,30,-0.12174392,0.048306823,0.023447959,1.0
225,31,0.09486476,0.109613776,0.18695755,1.0
225,32,-0.04054431,0.039819956,-0.053707294,1.0
226,0,0.0014107407,1.438386,-0.2539542,1.0
226,1,0.011269638,1.4546701,-0.23921618,1.0
226,2,0.010444356,1.4586083,-0.23028363,1.0
226,3,0.011369195,1.4585042,-0.23125108,1.0
226,4,-0.015918234,1.4627807,-0.26623067,1.0
226,5,-0.01078717,1.4625053,-0.28342837,1.0
226,6,-0.0054829977,1.4565654,-0.26493084,1.0
226,7,0.022573242,1.4332001,-0.11687549,1.0
226,8,-0.10640576,1.395055,-0.18595852,1.0
226,9,0.0134226475,1.4188176,-0.19344752,1.0
226,10,-0.01728814,1.3904396,-0.24615943,1.0
226,11,0.050707787,1.2596871,0.06056709,1.0
226,12,-0.14626922,1.307514,-0.068866335,1.0
226,13,0.16531469,1.1102933,0.038360596,1.0
226,14,-0.11115177,1.0179888,-0.2545022,1.0
226,15,0.24780174,1.2409565,-0.089986496,1.0
226,16,-0.22297303,1.1557938,-0.4341775,1.0
226,17,0.25024545,1.2903831,-0.11002885,1.0
226,18,-0.22869404,1.218349,-0.48652658,1.0
226,19,0.2465934,1.3170401,-0.114734426,1.0
226,20,-0.2294487,1.2687143,-0.485933,1.0
226,21,0.25486264,1.2424474,-0.09729516,1.0
226,22,-0.22516829,1.1823924,-0.44033745,1.0
226,23,0.06679618,0.8135757,0.08189322,1.0
226,24,-0.06717595,0.8044862,-0.082297385,1.0
226,25,0.26757225,0.51727337,0.004605874,1.0
226,26,0.019976929,0.4699461,-0.094358385,1.0
226,27,0.095200606,0.21524674,0.21797346,1.0
226,28,-0.116579495,0.08081293,0.037873693,1.0
226,29,0.05617971,0.18725646,0.2535597,1.0
226,30,-0.13245262,0.051289022,0.012673373,1.0
226,31,0.09348352,0.10897261,0.2414814,1.0
226,32,-0.050546378,0.0427112,-0.061500024,1.0
227,0,0.0029770061,1.4415245,-0.25016633,1.0
227,1,0.014885899,1.4585621,-0.23586692,1.0
227,2,0.013773594,1.461355,-0.22630365,1.0
227,3,0.014213291,1.4624381,-0.22769772,1.0
227,4,-0.011712192,1.4662662,-0.26231226,1.0
227,5,-0.0067351167,1.4651252,-0.27950624,1.0
227,6,-0.0013169571,1.4594698,-0.2607956,1.0
227,7,0.028545512,1.4359636,-0.11350459,1.0
227,8,-0.100214265,1.3980908,-0.1821385,1.0
227,9,0.0147249615,1.4226835,-0.1894775,1.0
227,10,-0.016596671,1.3931621,-0.24208963,1.0
227,11,0.06124542,1.2635311,0.06271656,1.0
227,12,-0.1429086,1.3107958,-0.066865705,1.0
227,13,0.19635758,1.1376739,0.050620053,1.0
227,14,-0.08218685,1.0498658,-0.25200042,1.0
227,15,0.260125,1.2858713,-0.057709858,1.0
227,16,-0.18200554,1.2097723,-0.41634122,1.0
227,17,0.2595652,1.3403275,-0.073537104,1.0
227,18,-0.1901402,1.2770218,-0.46829486,1.0
227,19,0.25248182,1.3656917,-0.079099014,1.0
227,20,-0.21907921,1.3247788,-0.46848252,1.0
227,21,0.26575974,1.2873805,-0.06457618,1.0
227,22,-0.19722645,1.2365246,-0.42187372,1.0
227,23,0.06749393,0.81822735,0.0827284,1.0
227,24,-0.06825597,0.807769,-0.0827306,1.0
227,25,0.2600816,0.5185293,0.016710455,1.0
227,26,0.015481633,0.47105753,-0.09740563,1.0
227,27,0.100642495,0.20730513,0.22534005,1.0
227,28,-0.10728044,0.08325291,0.03349462,1.0
227,29,0.06400008,0.17654842,0.25890353,1.0
227,30,-0.12215726,0.052901268,0.007970863,1.0
227,31,0.096561044,0.095419884,0.23565643,1.0
227,32,-0.04591973,0.044919074,-0.06347828,1.0
228,0,0.0031869388,1.448937,-0.23372807,1.0
228,1,0.015070947,1.4661963,-0.22076795,1.0
228,2,0.014277352,1.4677014,-0.21076763,1.0
228,3,0.014491256,1.4699696,-0.21201214,1.0
228,4,-0.011076963,1.4736264,-0.24875179,1.0
228,5,-0.0062819915,1.4713935,-0.2652722,1.0
228,6,-0.00066743663,1.465939,-0.24636212,1.0
228,7,0.028557718,1.4428353,-0.098849565,1.0
228,8,-0.09996447,1.4046795,-0.17178722,1.0
228,9,0.015400001,1.4296827,-0.17395598,1.0
228,10,-0.016132662,1.3997924,-0.22766832,1.0
228,11,0.0608859,1.2710925,0.064443514,1.0
228,12,-0.14630309,1.3185813,-0.04709348,1.0
228,13,0.18941803,1.1603513,0.06000813,1.0
228,14,-0.061922852,1.0961468,-0.23065513,1.0
228,15,0.2510589,1.3115332,-0.039589707,1.0
228,16,-0.123038605,1.2731897,-0.34871095,1.0
228,17,0.25239664,1.3700234,-0.054521233,1.0
228,18,-0.12192939,1.3452301,-0.39327082,1.0
228,19,0.24621783,1.3883002,-0.062334146,1.0
228,20,-0.15396209,1.3941982,-0.3888936,1.0
228,21,0.25710383,1.310363,-0.047049582,1.0
228,22,-0.1403835,1.3025897,-0.34898746,1.0
228,23,0.06725997,0.8253898,0.08171455,1.0
228,24,-0.06837388,0.8150456,-0.081756644,1.0
228,25,0.20196939,0.47273383,0.03400516,1.0
228,26,0.015541326,0.4749278,-0.097466245,1.0
228,27,0.09732659,0.15447563,0.21957466,1.0
228,28,-0.10379076,0.08376682,0.037137195,1.0
228,29,0.062188864,0.12105262,0.24980493,1.0
228,30,-0.11946113,0.050320745,0.012333894,1.0
228,31,0.101041965,0.05008638,0.22031556,1.0
228,32,-0.040258594,0.038854063,-0.06759633,1.0
229,0,-0.004614389,1.4606221,-0.19737662,1.0
229,1,0.0072390637,1.4769962,-0.18432489,1.0
229,2,0.0064308383,1.4777969,-0.17395994,1.0
229,3,0.006519812,1.4807639,-0.1758784,1.0
229,4,-0.017459624,1.484535,-0.20807394,1.0
229,5,-0.013250615,1.4814502,-0.22408736,1.0
229,6,-0.0072988896,1.4759026,-0.20543526,1.0
229,7,0.025016703,1.4548984,-0.07173599,1.0
229,8,-0.10131042,1.4145799,-0.12928255,1.0
229,9,0.009793993,1.4408119,-0.14151753,1.0
229,10,-0.021791492,1.4107087,-0.19064127,1.0
229,11,0.0696921,1.2857721,0.06654934,1.0
229,12,-0.15434717,1.3274454,-0.0173087,1.0
229,13,0.19508491,1.1736751,0.04627026,1.0
229,14,-0.051937606,1.1222779,-0.20541036,1.0
229,15,0.23399398,1.3143618,-0.08374108,1.0
229,16,-0.04244615,1.2919778,-0.33615068,1.0
229,17,0.24426974,1.3668694,-0.101850376,1.0
229,18,-0.021327462,1.3583573,-0.38673466,1.0
229,19,0.24261844,1.3896649,-0.10653033,1.0
229,20,-0.037094675,1.4159956,-0.3795016,1.0
229,21,0.24099368,1.3136711,-0.08929064,1.0
229,22,-0.050142158,1.3234606,-0.3346127,1.0
229,23,0.06888996,0.8347497,0.07304452,1.0
229,24,-0.070525385,0.8236247,-0.07351292,1.0
229,25,0.13471903,0.43502805,0.038610086,1.0
229,26,0.016820831,0.47625756,-0.09179873,1.0
229,27,0.0968067,0.09475577,0.21772802,1.0
229,28,-0.08837372,0.09271884,0.09230857,1.0
229,29,0.06698046,0.059378862,0.24705674,1.0
229,30,-0.10148007,0.059348106,0.07341982,1.0
229,31,0.108968705,0.009415746,0.21166918,1.0
229,32,-0.036807038,0.044685364,-0.008208895,1.0
230,0,-0.005582664,1.4598382,-0.17750597,1.0
230,1,0.0072770123,1.4739007,-0.16410239,1.0
230,2,0.0067861974,1.47452,-0.15302987,1.0
230,3,0.00698071,1.4774892,-0.15529174,1.0
230,4,-0.017091122,1.4823618,-0.18356057,1.0
230,5,-0.013952648,1.4783925,-0.19899195,1.0
230,6,-0.0074607725,1.4724874,-0.18019402,1.0
230,7,0.03238455,1.4554293,-0.04988457,1.0
230,8,-0.100808196,1.41507,-0.0900731,1.0
230,9,0.010505397,1.4397968,-0.121379875,1.0
230,10,-0.021440214,1.4107769,-0.16490269,1.0
230,11,0.097794466,1.288736,0.070561506,1.0
230,12,-0.15512116,1.3317536,0.033058874,1.0
230,13,0.1978048,1.1744037,0.012213171,1.0
230,14,-0.0342675,1.1386229,-0.13722561,1.0
230,15,0.19726509,1.3321247,-0.11125806,1.0
230,16,0.022910703,1.305868,-0.26145634,1.0
230,17,0.17632689,1.3903913,-0.12665977,1.0
230,18,0.061266094,1.3699186,-0.31293368,1.0
230,19,0.16933629,1.4171964,-0.12519437,1.0
230,20,0.05098787,1.4335419,-0.30278584,1.0
230,21,0.19810599,1.3333815,-0.11288157,1.0
230,22,0.021538856,1.3387371,-0.258329,1.0
230,23,0.07409715,0.8389637,0.053269763,1.0
230,24,-0.07625511,0.82770777,-0.05427989,1.0
230,25,0.12213243,0.42053267,0.01751224,1.0
230,26,0.012730667,0.47725883,-0.07593019,1.0
230,27,0.11418847,0.07036954,0.18970606,1.0
230,28,-0.029946672,0.09616512,0.11717429,1.0
230,29,0.09050124,0.035372615,0.21540314,1.0
230,30,-0.036471527,0.06279451,0.09717685,1.0
230,31,0.123042755,-0.004498303,0.15974277,1.0
230,32,-0.031900518,0.050031304,0.018231831,1.0
231,0,-0.008772476,1.4590454,-0.16027921,1.0
231,1,0.0052801627,1.4715768,-0.1470789,1.0
231,2,0.005254846,1.472284,-0.13554141,1.0
231,3,0.0055620056,1.4751906,-0.1381158,1.0
231,4,-0.0181745,1.481681,-0.16534272,1.0
231,5,-0.015999269,1.4769394,-0.18024883,1.0
231,6,-0.009209676,1.4706702,-0.16135208,1.0
231,7,0.033350613,1.4529809,-0.03619067,1.0
231,8,-0.10057635,1.4138422,-0.07288561,1.0
231,9,0.010095328,1.4383388,-0.10535086,1.0
231,10,-0.022557726,1.4104543,-0.1474466,1.0
231,11,0.10343268,1.2849573,0.07249807,1.0
231,12,-0.15542305,1.3319894,0.04431711,1.0
231,13,0.1860969,1.168495,0.005113378,1.0
231,14,-0.026783846,1.1504704,-0.11184756,1.0
231,15,0.15588297,1.3175281,-0.11635256,1.0
231,16,0.0638239,1.3044375,-0.21390006,1.0
231,17,0.12920502,1.3748823,-0.13063972,1.0
231,18,0.112873375,1.362903,-0.26381007,1.0
231,19,0.12243986,1.403038,-0.12894277,1.0
231,20,0.10745167,1.4290965,-0.2529389,1.0
231,21,0.15630125,1.319313,-0.11775788,1.0
231,22,0.066500336,1.3375908,-0.21051386,1.0
231,23,0.075094074,0.838607,0.046180278,1.0
231,24,-0.077594414,0.8275901,-0.047482856,1.0
231,25,0.1177003,0.42362532,0.004986138,1.0
231,26,0.009628589,0.47794202,-0.073878914,1.0
231,27,0.11464297,0.065562844,0.14444323,1.0
231,28,0.011552107,0.09515166,0.1009497,1.0
231,29,0.09060832,0.03133589,0.16648208,1.0
231,30,0.00894602,0.061389387,0.07860454,1.0
231,31,0.12352684,0.0076203346,0.11355318,1.0
231,32,-0.015940785,0.055380106,0.00073095784,1.0
232,0,-0.017711343,1.4543674,-0.1467385,1.0
232,1,-0.0033918875,1.4648521,-0.13392912,1.0
232,2,-0.0028946109,1.4658604,-0.12289126,1.0
232,3,-0.0022795247,1.4685028,-0.12461745,1.0
232,4,-0.026325332,1.4769983,-0.1514204,1.0
232,5,-0.025012067,1.471211,-0.16566908,1.0
232,6,-0.018065892,1.4644351,-0.1473015,1.0
232,7,0.03270537,1.4480753,-0.024216475,1.0
232,8,-0.10290082,1.4099431,-0.05544482,1.0
232,9,0.006363038,1.4340143,-0.09148576,1.0
232,10,-0.028317278,1.407255,-0.13163744,1.0
232,11,0.102128915,1.281512,0.078296624,1.0
232,12,-0.15760195,1.330199,0.062408168,1.0
232,13,0.18378657,1.1648942,0.006476325,1.0
232,14,-0.031888053,1.1385396,-0.08616806,1.0
232,15,0.12962894,1.3065569,-0.1102784,1.0
232,16,0.048085235,1.2936184,-0.18113196,1.0
232,17,0.1054997,1.366652,-0.12248486,1.0
232,18,0.09639865,1.3568186,-0.22543958,1.0
232,19,0.10166809,1.3942895,-0.11873506,1.0
232,20,0.0837063,1.4262475,-0.21495055,1.0
232,21,0.13183534,1.309093,-0.10991368,1.0
232,22,0.047388762,1.328802,-0.17699774,1.0
232,23,0.07540821,0.8366923,0.04547545,1.0
232,24,-0.078225926,0.82611835,-0.046926193,1.0
232,25,0.10489139,0.4267213,-0.008272133,1.0
232,26,0.0052694767,0.47914353,-0.07536908,1.0
232,27,0.113637656,0.068308055,0.10831579,1.0
232,28,0.009891059,0.102764666,0.0930997,1.0
232,29,0.086064644,0.03533554,0.12945274,1.0
232,30,0.0077712373,0.06983709,0.07056033,1.0
232,31,0.12077902,0.014603734,0.08447574,1.0
232,32,0.0044666887,0.07535946,-0.003177861,1.0
233,0,-0.026457915,1.4536963,-0.1568841,1.0
233,1,-0.007963467,1.4625955,-0.14325947,1.0
233,2,-0.0076863505,1.4639928,-0.13299817,1.0
233,3,-0.006425615,1.4664187,-0.13349405,1.0
233,4,-0.031884078,1.4766695,-0.1614372,1.0
233,5,-0.031283833,1.4706278,-0.17519826,1.0
233,6,-0.024191435,1.4630678,-0.15696755,1.0
233,7,0.03702423,1.4447172,-0.030592458,1.0
233,8,-0.10308664,1.4087772,-0.05947979,1.0
233,9,0.0026112178,1.4323964,-0.10066803,1.0
233,10,-0.03403128,1.4072105,-0.14137453,1.0
233,11,0.113518655,1.2752011,0.06279374,1.0
233,12,-0.16054934,1.3292696,0.06891583,1.0
233,13,0.17442022,1.137404,-0.0258806,1.0
233,14,-0.03805011,1.1365201,-0.07224092,1.0
233,15,0.11178185,1.2877452,-0.13707857,1.0
233,16,0.036405563,1.2706139,-0.2029745,1.0
233,17,0.08766442,1.3386667,-0.14939207,1.0
233,18,0.085287586,1.3295865,-0.2537276,1.0
233,19,0.087985404,1.3659463,-0.14641021,1.0
233,20,0.079131536,1.4013476,-0.24683732,1.0
233,21,0.11516557,1.286466,-0.1346137,1.0
233,22,0.039084014,1.3049073,-0.2009776,1.0
233,23,0.07906153,0.83563876,0.0368907,1.0
233,24,-0.08247514,0.8260714,-0.038058706,1.0
233,25,0.101865366,0.42675155,-0.016269881,1.0
233,26,-0.0010410798,0.4793598,-0.06928638,1.0
233,27,0.104890265,0.08083826,0.111368775,1.0
233,28,-0.0022330836,0.113051355,0.117279544,1.0
233,29,0.07923471,0.0490824,0.13094617,1.0
233,30,-0.0060269954,0.08159286,0.09786977,1.0
233,31,0.0830015,0.014700353,0.10181417,1.0
233,32,0.0014915647,0.07813054,0.02270831,1.0
234,0,-0.030802388,1.4528415,-0.15964517,1.0
234,1,-0.009828972,1.4606704,-0.14368564,1.0
234,2,-0.0093650725,1.4628289,-0.13401732,1.0
234,3,-0.0074736997,1.4648517,-0.13358684,1.0
234,4,-0.034237526,1.476449,-0.16796662,1.0
234,5,-0.03405206,1.4706342,-0.181071,1.0
234,6,-0.02667428,1.4619144,-0.16301905,1.0
234,7,0.04138111,1.4438609,-0.038326174,1.0
234,8,-0.10158739,1.4097302,-0.06504272,1.0
234,9,0.00052099815,1.4312747,-0.1030816,1.0
234,10,-0.036449164,1.4074436,-0.14752486,1.0
234,11,0.12409909,1.2744529,0.049999446,1.0
234,12,-0.1646487,1.3290375,0.073120005,1.0
234,13,0.171714,1.1132841,-0.03801806,1.0
234,14,-0.065762974,1.1084211,-0.055976667,1.0
234,15,0.10987047,1.2092774,-0.16422449,1.0
234,16,0.009230582,1.2622591,-0.21996711,1.0
234,17,0.08486828,1.2505978,-0.1808198,1.0
234,18,0.053058762,1.3236985,-0.27591348,1.0
234,19,0.08341351,1.2858742,-0.18282837,1.0
234,20,0.0507459,1.376736,-0.27199578,1.0
234,21,0.11121538,1.2097495,-0.16212887,1.0
234,22,0.011801484,1.2926154,-0.22013482,1.0
234,23,0.082117036,0.83427346,0.033246674,1.0
234,24,-0.086438596,0.8253251,-0.03413194,1.0
234,25,0.11173364,0.4194222,-0.013566447,1.0
234,26,-2.9932067e-05,0.47817373,-0.05516641,1.0
234,27,0.10455329,0.081647456,0.19115756,1.0
234,28,-0.0039157392,0.11070669,0.13249497,1.0
234,29,0.077411294,0.055036485,0.22328742,1.0
234,30,-0.0064245514,0.07952744,0.11354753,1.0
234,31,0.08287782,0.01572454,0.18390289,1.0
234,32,0.0079713985,0.07141811,0.027872078,1.0
235,0,-0.038717225,1.4476548,-0.16983432,1.0
235,1,-0.016028387,1.4547285,-0.15890636,1.0
235,2,-0.014969967,1.4578424,-0.14963835,1.0
235,3,-0.012551987,1.4590656,-0.14798513,1.0
235,4,-0.039936744,1.4718742,-0.17126381,1.0
235,5,-0.040821895,1.466672,-0.18295525,1.0
235,6,-0.03248737,1.4566696,-0.16601661,1.0
235,7,0.04120265,1.4396124,-0.05587304,1.0
235,8,-0.10202731,1.4063655,-0.070539474,1.0
235,9,-0.0050855633,1.4260256,-0.118173204,1.0
235,10,-0.042363383,1.402936,-0.14878854,1.0
235,11,0.12116221,1.2786489,0.026364999,1.0
235,12,-0.17163648,1.3240519,0.08868034,1.0
235,13,0.13792032,1.1118016,-0.050820388,1.0
235,14,-0.109844245,1.0744406,-0.02788342,1.0
235,15,0.028749948,1.1913518,-0.15902103,1.0
235,16,-0.028619884,1.1798122,-0.22011568,1.0
235,17,-0.01294221,1.2257817,-0.17331082,1.0
235,18,0.035507724,1.226278,-0.2770461,1.0
235,19,-0.013228185,1.2587007,-0.17325185,1.0
235,20,0.04846966,1.2971798,-0.27620092,1.0
235,21,0.02616038,1.1887345,-0.15371892,1.0
235,22,-0.018308403,1.2123152,-0.22155035,1.0
235,23,0.08383685,0.8295089,0.026473273,1.0
235,24,-0.08914942,0.8206588,-0.026752397,1.0
235,25,0.11754363,0.40458572,-0.026378868,1.0
235,26,-0.003369154,0.47912866,-0.046791643,1.0
235,27,0.10412355,0.15718132,0.29564875,1.0
235,28,-0.009332504,0.11461824,0.16124089,1.0
235,29,0.075293474,0.13885331,0.3438854,1.0
235,30,-0.012005738,0.08423388,0.14586927,1.0
235,31,0.07833761,0.060242116,0.34018114,1.0
235,32,0.0069005713,0.06558478,0.06825104,1.0
236,0,-0.04643694,1.4381754,-0.18507262,1.0
236,1,-0.021341356,1.444658,-0.1776714,1.0
236,2,-0.01963336,1.4488418,-0.16906726,1.0
236,3,-0.01675965,1.4488734,-0.16693789,1.0
236,4,-0.0445103,1.4635097,-0.18316202,1.0
236,5,-0.046404447,1.4586818,-0.19360793,1.0
236,6,-0.036803424,1.4475236,-0.17804517,1.0
236,7,0.042292427,1.4315672,-0.07865896,1.0
236,8,-0.101395935,1.3987,-0.07415414,1.0
236,9,-0.010124242,1.4170632,-0.13787043,1.0
236,10,-0.046839923,1.394485,-0.15973406,1.0
236,11,0.123250626,1.2738938,0.008742435,1.0
236,12,-0.17160074,1.3149831,0.09758715,1.0
236,13,0.12711018,1.1012914,-0.061259594,1.0
236,14,-0.13790782,1.0307643,0.0065511535,1.0
236,15,-0.0076576495,1.1408538,-0.16970567,1.0
236,16,-0.11304286,1.0805597,-0.21966006,1.0
236,17,-0.056635283,1.1608024,-0.18808469,1.0
236,18,-0.07074337,1.1128621,-0.28049764,1.0
236,19,-0.06283532,1.1972784,-0.18765303,1.0
236,20,-0.05750798,1.1870447,-0.28369263,1.0
236,21,-0.01562585,1.1368515,-0.16319871,1.0
236,22,-0.10434473,1.1103009,-0.22512698,1.0
236,23,0.08539114,0.8216836,0.024816303,1.0
236,24,-0.09153024,0.8129096,-0.024737366,1.0
236,25,0.12168632,0.38999176,-0.038825575,1.0
236,26,-0.010214915,0.4825333,-0.046019584,1.0
236,27,0.100504406,0.2246939,0.33185402,1.0
236,28,-0.011906856,0.116419196,0.14787436,1.0
236,29,0.073028125,0.2126497,0.38496578,1.0
236,30,-0.012484216,0.0866794,0.13018113,1.0
236,31,0.0778126,0.13882446,0.39550108,1.0
236,32,0.012564154,0.058341622,0.048602477,1.0
237,0,-0.049241334,1.4129634,-0.20893328,1.0
237,1,-0.02371163,1.4211354,-0.20312639,1.0
237,2,-0.021842677,1.4261744,-0.19461024,1.0
237,3,-0.018671243,1.4243863,-0.19241919,1.0
237,4,-0.04689358,1.4411235,-0.20790069,1.0
237,5,-0.04983078,1.436698,-0.21783717,1.0
237,6,-0.038963184,1.4243069,-0.20339997,1.0
237,7,0.042547926,1.4124106,-0.1029621,1.0
237,8,-0.101944275,1.3814371,-0.08695878,1.0
237,9,-0.012428475,1.3944312,-0.16341004,1.0
237,10,-0.04891511,1.372318,-0.18413351,1.0
237,11,0.12329905,1.2638407,-0.008571863,1.0
237,12,-0.1703342,1.2982869,0.090080425,1.0
237,13,0.12306107,1.0792601,-0.06942335,1.0
237,14,-0.14361705,1.0098432,0.0011760318,1.0
237,15,-0.018291209,1.0853782,-0.17617512,1.0
237,16,-0.16834305,1.049167,-0.22605872,1.0
237,17,-0.06836174,1.096237,-0.19535443,1.0
237,18,-0.14405368,1.0797523,-0.28680214,1.0
237,19,-0.080623835,1.1345725,-0.1946949,1.0
237,20,-0.12712184,1.1478374,-0.3001825,1.0
237,21,-0.029692162,1.08022,-0.16966844,1.0
237,22,-0.16193368,1.0747151,-0.22842407,1.0
237,23,0.08752584,0.81312215,0.02319384,1.0
237,24,-0.094240114,0.80442864,-0.022432413,1.0
237,25,0.120828636,0.3828957,-0.07942469,1.0
237,26,-0.019911269,0.47583407,-0.043312363,1.0
237,27,0.09943519,0.30818155,0.35170582,1.0
237,28,-0.015209927,0.107566774,0.14971182,1.0
237,29,0.072011575,0.30328542,0.41210085,1.0
237,30,-0.0129596535,0.07764572,0.1318169,1.0
237,31,0.070741236,0.22495955,0.44700733,1.0
237,32,0.007737604,0.048205197,0.05361506,1.0
238,0,-0.049469538,1.4050153,-0.21507299,1.0
238,1,-0.024189223,1.4131651,-0.2083808,1.0
238,2,-0.021964716,1.419368,-0.19992077,1.0
238,3,-0.01893036,1.4168947,-0.1985109,1.0
238,4,-0.045583617,1.4338745,-0.2149898,1.0
238,5,-0.049449116,1.429631,-0.22366554,1.0
238,6,-0.037484244,1.4160013,-0.21044299,1.0
238,7,0.04418739,1.402925,-0.11263942,1.0
238,8,-0.09719154,1.373084,-0.092460684,1.0
238,9,-0.012613014,1.3863648,-0.1716161,1.0
238,10,-0.047775526,1.3637443,-0.19249399,1.0
238,11,0.12543508,1.2530348,-0.028677348,1.0
238,12,-0.16818951,1.2855668,0.095338464,1.0
238,13,0.11925523,1.065653,-0.09261284,1.0
238,14,-0.14238425,0.99309516,0.038778566,1.0
238,15,-0.043836102,1.0727878,-0.1802746,1.0
238,16,-0.2727867,0.9835094,-0.17599322,1.0
238,17,-0.098096944,1.0854235,-0.19515415,1.0
238,18,-0.2783789,1.0020462,-0.22620991,1.0
238,19,-0.10815634,1.1218607,-0.19841778,1.0
238,20,-0.2801974,1.0534171,-0.24951163,1.0
238,21,-0.056170873,1.0692396,-0.17584628,1.0
238,22,-0.2801892,1.0011141,-0.1891974,1.0
238,23,0.08726619,0.8051298,0.014574413,1.0
238,24,-0.09410866,0.7970837,-0.013676455,1.0
238,25,0.11249051,0.37854546,-0.10949867,1.0
238,26,-0.022037797,0.46555683,-0.035055615,1.0
238,27,0.096184805,0.34843186,0.33379248,1.0
238,28,-0.019602709,0.095222116,0.14793622,1.0
238,29,0.071117595,0.3458471,0.39416674,1.0
238,30,-0.016507464,0.06437987,0.1291997,1.0
238,31,0.062427796,0.2646228,0.4453059,1.0
238,32,-0.010523252,0.024284303,0.06386365,1.0
239,0,-0.047288887,1.3982191,-0.24711818,1.0
239,1,-0.023036215,1.4056745,-0.240417,1.0
239,2,-0.020619666,1.4134479,-0.23153552,1.0
239,3,-0.01813418,1.409507,-0.23090242,1.0
239,4,-0.044405594,1.4277947,-0.24809831,1.0
239,5,-0.048839267,1.423204,-0.25641024,1.0
239,6,-0.036325656,1.4081508,-0.24355324,1.0
239,7,0.047563057,1.3959787,-0.14731891,1.0
239,8,-0.0924656,1.3655674,-0.12717544,1.0
239,9,-0.011888714,1.3791459,-0.20508529,1.0
239,10,-0.04718616,1.3561476,-0.22649682,1.0
239,11,0.124271825,1.2448906,-0.06384388,1.0
239,12,-0.16304411,1.2772484,0.08710611,1.0
239,13,0.11618434,1.0554984,-0.13384366,1.0
239,14,-0.14341247,0.98792756,0.016189551,1.0
239,15,-0.050699122,1.0643609,-0.2151979,1.0
239,16,-0.2973533,0.9617785,-0.1836237,1.0
239,17,-0.104708366,1.0839483,-0.22567588,1.0
239,18,-0.31151778,0.98065305,-0.23084347,1.0
239,19,-0.116110854,1.1155293,-0.23059937,1.0
239,20,-0.31282336,1.0259813,-0.25453165,1.0
239,21,-0.063985154,1.0619695,-0.21038412,1.0
239,22,-0.30771598,0.97673,-0.19791517,1.0
239,23,0.08740221,0.7978935,0.010709132,1.0
239,24,-0.09337339,0.78976053,-0.01017158,1.0
239,25,0.11467645,0.38206655,-0.104221165,1.0
239,26,-0.025202345,0.44321883,-0.010447811,1.0
239,27,0.09215035,0.52879757,0.33385995,1.0
239,28,-0.020416707,0.083328724,0.19214714,1.0
239,29,0.068684146,0.5433557,0.3959647,1.0
239,30,-0.016493281,0.05228108,0.17705743,1.0
239,31,0.05664472,0.49749464,0.48687422,1.0
239,32,-0.017137932,0.0012799501,0.15151708,1.0
240,0,-0.045436006,1.3997722,-0.23844476,1.0
240,1,-0.022077516,1.4076889,-0.23170921,1.0
240,2,-0.019590985,1.4166694,-0.22241043,1.0
240,3,-0.018011916,1.411737,-0.2230394,1.0
240,4,-0.04397955,1.4296265,-0.24150616,1.0
240,5,-0.048489213,1.4251564,-0.25004122,1.0
240,6,-0.036281068,1.4094551,-0.23741642,1.0
240,7,0.048177734,1.3971505,-0.13799807,1.0
240,8,-0.09105062,1.3674203,-0.12450583,1.0
240,9,-0.011154279,1.3811692,-0.1960384,1.0
240,10,-0.046772726,1.3568187,-0.21939169,1.0
240,11,0.12166272,1.246345,-0.051563874,1.0
240,12,-0.16327547,1.277403,0.08395743,1.0
240,13,0.10370912,1.0557982,-0.120221645,1.0
240,14,-0.1508072,0.98894477,0.026634658,1.0
240,15,-0.06206235,1.0668252,-0.19886874,1.0
240,16,-0.3242926,0.960396,-0.16267301,1.0
240,17,-0.11668332,1.0873718,-0.20894137,1.0
240,18,-0.33883494,0.9799039,-0.20710167,1.0
240,19,-0.12339426,1.1161715,-0.21175887,1.0
240,20,-0.34484068,1.0196389,-0.22997573,1.0
240,21,-0.07300152,1.0657244,-0.19496945,1.0
240,22,-0.33696124,0.9747207,-0.17813028,1.0
240,23,0.087563366,0.79869616,0.009106929,1.0
240,24,-0.09234614,0.7916068,-0.008701059,1.0
240,25,0.116719365,0.38703817,-0.105457015,1.0
240,26,-0.028822463,0.4358007,-0.011266571,1.0
240,27,0.09075977,0.51880753,0.32537267,1.0
240,28,-0.02511134,0.071650684,0.17937353,1.0
240,29,0.06760772,0.52964604,0.38534594,1.0
240,30,-0.022377092,0.039961636,0.1612298,1.0
240,31,0.055966705,0.48214862,0.46631366,1.0
240,32,-0.026709335,-0.010196805,0.12156572,1.0
241,0,-0.04770011,1.4074285,-0.25080213,1.0
241,1,-0.02438962,1.4163866,-0.24362253,1.0
241,2,-0.021882653,1.4258406,-0.233623,1.0
241,3,-0.021181984,1.4203352,-0.234759,1.0
241,4,-0.045527074,1.4365249,-0.25515786,1.0
241,5,-0.049725525,1.4328237,-0.2647958,1.0
241,6,-0.038400255,1.4171032,-0.25104502,1.0
241,7,0.044771858,1.3992119,-0.14872986,1.0
241,8,-0.09275897,1.3732144,-0.14166796,1.0
241,9,-0.014553283,1.3872714,-0.2087908,1.0
241,10,-0.048094947,1.3623492,-0.23413204,1.0
241,11,0.110241555,1.2460877,-0.062246464,1.0
241,12,-0.16930696,1.276773,0.07550588,1.0
241,13,0.09401854,1.0568913,-0.12886861,1.0
241,14,-0.16282056,0.97597265,0.012366903,1.0
241,15,-0.056022406,1.0730555,-0.21524753,1.0
241,16,-0.33898234,0.9519988,-0.17836858,1.0
241,17,-0.1042258,1.0938956,-0.22629358,1.0
241,18,-0.35628626,0.9753116,-0.2261306,1.0
241,19,-0.11355093,1.1262045,-0.2323406,1.0
241,20,-0.3663319,1.0207345,-0.23986532,1.0
241,21,-0.066426694,1.0731337,-0.21424448,1.0
241,22,-0.35138726,0.9690937,-0.18993556,1.0
241,23,0.08727331,0.80743176,0.010696878,1.0
241,24,-0.09122259,0.7996274,-0.010278529,1.0
241,25,0.1260934,0.41840115,-0.10102399,1.0
241,26,-0.03483426,0.44036013,-0.012866583,1.0
241,27,0.15397562,0.41602483,0.31983915,1.0
241,28,-0.04647572,0.0540393,0.1575063,1.0
241,29,0.1372484,0.40868923,0.37686172,1.0
241,30,-0.047877867,0.021341026,0.13629495,1.0
241,31,0.13953842,0.34927636,0.43083182,1.0
241,32,-0.051238336,-0.022147894,0.082755975,1.0
242,0,-0.054282952,1.4145645,-0.25810108,1.0
242,1,-0.029669758,1.4252138,-0.25045058,1.0
242,2,-0.027153825,1.4344196,-0.23976497,1.0
242,3,-0.02744453,1.4284927,-0.24129094,1.0
242,4,-0.05147118,1.4430933,-0.2616631,1.0
242,5,-0.055023156,1.4402292,-0.27251774,1.0
242,6,-0.044613067,1.4251485,-0.25705758,1.0
242,7,0.04032768,1.4059546,-0.15130025,1.0
242,8,-0.100155324,1.3803711,-0.14492434,1.0
242,9,-0.021801159,1.3935552,-0.21477251,1.0
242,10,-0.055065956,1.3683009,-0.2406909,1.0
242,11,0.09909057,1.2524298,-0.066753745,1.0
242,12,-0.18003891,1.2829394,0.07367165,1.0
242,13,0.083929606,1.0660484,-0.13916467,1.0
242,14,-0.17371987,0.9844032,0.003622324,1.0
242,15,-0.050748117,1.0896024,-0.23713733,1.0
242,16,-0.34548888,0.979928,-0.19948368,1.0
242,17,-0.095910795,1.1124358,-0.25353765,1.0
242,18,-0.35982567,1.0079471,-0.25182015,1.0
242,19,-0.10247891,1.1435184,-0.25910023,1.0
242,20,-0.37233943,1.0569885,-0.27621704,1.0
242,21,-0.059072975,1.090329,-0.23829003,1.0
242,22,-0.3574194,1.0004846,-0.21819508,1.0
242,23,0.087124966,0.8139566,0.0113209635,1.0
242,24,-0.09039831,0.8037712,-0.010742346,1.0
242,25,0.14972039,0.4379153,-0.09405726,1.0
242,26,-0.035027973,0.4469149,-0.014536956,1.0
242,27,0.19812094,0.38430202,0.33295894,1.0
242,28,-0.061632685,0.05608523,0.14092514,1.0
242,29,0.18376334,0.37170678,0.38959467,1.0
242,30,-0.06522128,0.023717105,0.11664262,1.0
242,31,0.20091015,0.31417495,0.43273777,1.0
242,32,-0.0690006,-0.01630038,0.05013942,1.0
243,0,-0.05703038,1.4205217,-0.28703976,1.0
243,1,-0.031225475,1.4325142,-0.2793866,1.0
243,2,-0.028753541,1.4411883,-0.26771694,1.0
243,3,-0.029776141,1.434937,-0.26977363,1.0
243,4,-0.053982485,1.4488518,-0.29184788,1.0
243,5,-0.05699775,1.4462332,-0.30457374,1.0
243,6,-0.047645487,1.4324553,-0.2869792,1.0
243,7,0.036306746,1.4121687,-0.17296271,1.0
243,8,-0.107695565,1.3892527,-0.17447582,1.0
243,9,-0.026939338,1.3994832,-0.24054503,1.0
243,10,-0.060925357,1.374482,-0.2701442,1.0
243,11,0.08155804,1.2582932,-0.07929695,1.0
243,12,-0.1992248,1.2913446,0.046418797,1.0
243,13,0.07415388,1.0718081,-0.14497934,1.0
243,14,-0.19703396,0.99275166,-0.012200088,1.0
243,15,-0.040613748,1.1005728,-0.2599746,1.0
243,16,-0.3470966,1.0033166,-0.22778997,1.0
243,17,-0.08143831,1.1255461,-0.28008893,1.0
243,18,-0.35911986,1.034828,-0.28845206,1.0
243,19,-0.08977196,1.1551062,-0.2877826,1.0
243,20,-0.3679464,1.0843863,-0.312337,1.0
243,21,-0.047613565,1.1015056,-0.2630847,1.0
243,22,-0.35591927,1.0258993,-0.24777259,1.0
243,23,0.08702278,0.820805,0.01203688,1.0
243,24,-0.08983962,0.8072104,-0.011306314,1.0
243,25,0.19358142,0.4397102,-0.05148829,1.0
243,26,-0.042575113,0.4540556,-0.016258616,1.0
243,27,0.27147287,0.34249154,0.3636764,1.0
243,28,-0.079220235,0.06419468,0.14174394,1.0
243,29,0.26041144,0.31990132,0.4185925,1.0
243,30,-0.083756834,0.031940877,0.11736175,1.0
243,31,0.2982362,0.2595557,0.44873497,1.0
243,32,-0.08199459,-0.009082019,0.048863214,1.0
244,0,-0.06291171,1.4239209,-0.2873035,1.0
244,1,-0.034524947,1.4373269,-0.27842462,1.0
244,2,-0.032334704,1.4447703,-0.26644096,1.0
244,3,-0.034124073,1.438581,-0.26848644,1.0
244,4,-0.059179768,1.4517686,-0.2908779,1.0
244,5,-0.061325982,1.4485512,-0.30473885,1.0
244,6,-0.052702717,1.4361401,-0.2853064,1.0
244,7,0.03441088,1.414226,-0.16833116,1.0
244,8,-0.1144712,1.3937676,-0.16988459,1.0
244,9,-0.033345826,1.4032179,-0.23913927,1.0
244,10,-0.068675965,1.3774343,-0.26910228,1.0
244,11,0.06909354,1.2551463,-0.07566522,1.0
244,12,-0.21033211,1.2954128,0.04300536,1.0
244,13,0.051401883,1.0666178,-0.15840206,1.0
244,14,-0.209346,0.997738,-0.03616397,1.0
244,15,-0.031377565,1.1070888,-0.2949674,1.0
244,16,-0.34002802,1.0144131,-0.26769704,1.0
244,17,-0.04629516,1.1323074,-0.32088578,1.0
244,18,-0.3474453,1.0637313,-0.33433,1.0
244,19,-0.043339293,1.1613204,-0.32987797,1.0
244,20,-0.35400182,1.1284895,-0.35305676,1.0
244,21,-0.026219117,1.1082554,-0.3016731,1.0
244,22,-0.34690127,1.046437,-0.2858923,1.0
244,23,0.08733828,0.8252779,0.012780136,1.0
244,24,-0.089737356,0.80906194,-0.0118009765,1.0
244,25,0.20841397,0.44008747,-0.046844933,1.0
244,26,-0.047232956,0.4563502,-0.017455397,1.0
244,27,0.34286895,0.24926347,0.31058836,1.0
244,28,-0.10063972,0.06852347,0.14156193,1.0
244,29,0.33652732,0.21720523,0.35292122,1.0
244,30,-0.107859954,0.036374092,0.116532795,1.0
244,31,0.37402153,0.15316397,0.34144315,1.0
244,32,-0.116823144,-0.0040665865,0.04385199,1.0
245,0,-0.0650885,1.422445,-0.23345485,1.0
245,1,-0.037259243,1.437408,-0.22059982,1.0
245,2,-0.035807457,1.4435024,-0.20916478,1.0
245,3,-0.037685104,1.4377375,-0.21106243,1.0
245,4,-0.062788576,1.4504873,-0.23687464,1.0
245,5,-0.06432268,1.4467978,-0.2514091,1.0
245,6,-0.05612245,1.4357669,-0.23154378,1.0
245,7,0.025210317,1.4134591,-0.10491199,1.0
245,8,-0.12433463,1.3938406,-0.11685836,1.0
245,9,-0.038172003,1.402036,-0.1819319,1.0
245,10,-0.07403443,1.3761346,-0.21525846,1.0
245,11,0.053234033,1.2537098,-0.023504,1.0
245,12,-0.22543651,1.2953411,0.07691733,1.0
245,13,0.04089219,1.0667803,-0.14424999,1.0
245,14,-0.22297096,0.9990308,-0.023761522,1.0
245,15,0.0039236993,1.1083204,-0.27044332,1.0
245,16,-0.32887062,1.045193,-0.2646765,1.0
245,17,0.0060602007,1.1339781,-0.2982462,1.0
245,18,-0.33014175,1.1006484,-0.32240054,1.0
245,19,0.0070209485,1.1633241,-0.30688217,1.0
245,20,-0.33338735,1.173455,-0.3383495,1.0
245,21,0.01327291,1.1096942,-0.27767146,1.0
245,22,-0.33322674,1.0817428,-0.2823188,1.0
245,23,0.088429466,0.82626486,0.013013636,1.0
245,24,-0.09056922,0.8069607,-0.011947068,1.0
245,25,0.23255393,0.4375205,-0.03973896,1.0
245,26,-0.0441299,0.4476669,-0.020868193,1.0
245,27,0.3968557,0.16666794,0.19638859,1.0
245,28,-0.118917,0.06466818,0.16258188,1.0
245,29,0.38973808,0.12657315,0.22619632,1.0
245,30,-0.12977287,0.03234607,0.13874991,1.0
245,31,0.3946227,0.07141894,0.17000555,1.0
245,32,-0.13302015,-0.0011957884,0.055529565,1.0
246,0,-0.071825534,1.4184666,-0.20087427,1.0
246,1,-0.04422625,1.4348629,-0.18786818,1.0
246,2,-0.043442607,1.4400535,-0.1766349,1.0
246,3,-0.04543279,1.4348614,-0.17862917,1.0
246,4,-0.07055354,1.4477266,-0.20466378,1.0
246,5,-0.07132476,1.4437704,-0.2195616,1.0
246,6,-0.06343411,1.434128,-0.19932117,1.0
246,7,0.011595538,1.4114132,-0.074160144,1.0
246,8,-0.13314955,1.3926588,-0.08955851,1.0
246,9,-0.047956582,1.3991034,-0.14968416,1.0
246,10,-0.08313188,1.3736837,-0.18347621,1.0
246,11,0.037696455,1.2511712,0.0067841057,1.0
246,12,-0.24170315,1.2949209,0.08747449,1.0
246,13,0.028575888,1.0612993,-0.104460604,1.0
246,14,-0.2490305,0.99916893,-0.024545956,1.0
246,15,0.04119286,1.0980519,-0.26559585,1.0
246,16,-0.31489936,1.0680139,-0.25614074,1.0
246,17,0.05103051,1.1235629,-0.28882197,1.0
246,18,-0.31484753,1.1184981,-0.31842694,1.0
246,19,0.05317738,1.1450022,-0.28946972,1.0
246,20,-0.30035132,1.1923089,-0.33098456,1.0
246,21,0.053512614,1.095597,-0.26878512,1.0
246,22,-0.33010882,1.1046199,-0.27396134,1.0
246,23,0.088969715,0.82732475,0.0126803275,1.0
246,24,-0.090868704,0.8045974,-0.011657845,1.0
246,25,0.23829931,0.43597737,-0.037427776,1.0
246,26,-0.04651174,0.44474033,-0.022869313,1.0
246,27,0.41691527,0.13522553,0.15696254,1.0
246,28,-0.12122076,0.06413537,0.1729121,1.0
246,29,0.4090088,0.09404892,0.18440422,1.0
246,30,-0.13189715,0.031378567,0.15057746,1.0
246,31,0.4000619,0.03288281,0.119939566,1.0
246,32,-0.14100912,0.00083321333,0.070389345,1.0
247,0,-0.08054187,1.4080405,-0.18607251,1.0
247,1,-0.053243097,1.4248958,-0.17368262,1.0
247,2,-0.05262576,1.429241,-0.16237442,1.0
247,3,-0.05457943,1.4249843,-0.1642261,1.0
247,4,-0.080089696,1.4384222,-0.19003469,1.0
247,5,-0.0806138,1.4341547,-0.20478,1.0
247,6,-0.07285291,1.4260366,-0.18459427,1.0
247,7,0.0024025533,1.4015971,-0.056582596,1.0
247,8,-0.14288713,1.3853233,-0.074702606,1.0
247,9,-0.057183173,1.3891453,-0.13352676,1.0
247,10,-0.09251234,1.3646209,-0.16766137,1.0
247,11,0.031111103,1.2372476,0.03647845,1.0
247,12,-0.25431624,1.2881951,0.102710485,1.0
247,13,0.026789416,1.0290351,-0.056475904,1.0
247,14,-0.26544964,0.99926376,-0.021528043,1.0
247,15,0.06280363,1.0856928,-0.20820737,1.0
247,16,-0.30310738,1.0794389,-0.24480426,1.0
247,17,0.0697766,1.1174073,-0.23889701,1.0
247,18,-0.27023453,1.1318336,-0.31442615,1.0
247,19,0.07693586,1.1371017,-0.24299635,1.0
247,20,-0.25292474,1.2039226,-0.31556273,1.0
247,21,0.07708728,1.0840464,-0.21624893,1.0
247,22,-0.2986285,1.1161001,-0.2561636,1.0
247,23,0.089230515,0.8276054,0.012082545,1.0
247,24,-0.09080751,0.8026335,-0.011343789,1.0
247,25,0.23846777,0.43101218,-0.03924389,1.0
247,26,-0.047929503,0.44434682,-0.024379186,1.0
247,27,0.4235535,0.10999,0.11886811,1.0
247,28,-0.12661378,0.064240575,0.17862417,1.0
247,29,0.41592157,0.06865108,0.14201275,1.0
247,30,-0.13914658,0.031021357,0.15676081,1.0
247,31,0.40920138,0.02231872,0.06716434,1.0
247,32,-0.16137408,0.0074881315,0.07874388,1.0
248,0,-0.091053106,1.3915517,-0.19274935,1.0
248,1,-0.065156735,1.4121193,-0.17997813,1.0
248,2,-0.0642157,1.4158194,-0.16907832,1.0
248,3,-0.066673264,1.4114751,-0.17024353,1.0
248,4,-0.09231151,1.4258106,-0.19679953,1.0
248,5,-0.092340715,1.421068,-0.21176895,1.0
248,6,-0.08440471,1.4142174,-0.19073845,1.0
248,7,-0.01469041,1.3923427,-0.060357865,1.0
248,8,-0.15887578,1.3773327,-0.082899004,1.0
248,9,-0.07034349,1.3750374,-0.13856485,1.0
248,10,-0.10568739,1.3506547,-0.17411236,1.0
248,11,0.01784927,1.2284962,0.049137063,1.0
248,12,-0.27957052,1.2803209,0.09722273,1.0
248,13,0.02924783,1.0141451,-0.015949657,1.0
248,14,-0.29016203,0.99475795,-0.03481083,1.0
248,15,0.085399896,1.0730121,-0.15190338,1.0
248,16,-0.2893106,1.074217,-0.2442781,1.0
248,17,0.092914,1.1057181,-0.17680073,1.0
248,18,-0.24342187,1.1245747,-0.31388822,1.0
248,19,0.10046621,1.1226587,-0.18794131,1.0
248,20,-0.22622003,1.1960721,-0.3147707,1.0
248,21,0.10075055,1.0703368,-0.16040216,1.0
248,22,-0.2744746,1.1124259,-0.25522566,1.0
248,23,0.08997891,0.8293847,0.015714351,1.0
248,24,-0.09114479,0.8001516,-0.014881571,1.0
248,25,0.23823965,0.43043867,-0.03996614,1.0
248,26,-0.052242525,0.44399083,-0.037715383,1.0
248,27,0.4210834,0.122778416,0.13326627,1.0
248,28,-0.13828704,0.0646714,0.17800209,1.0
248,29,0.41133654,0.08360207,0.15983285,1.0
248,30,-0.15256777,0.031224132,0.15860301,1.0
248,31,0.40201926,0.03341973,0.08272752,1.0
248,32,-0.1738522,0.019004226,0.07872118,1.0
249,0,-0.096752115,1.3795818,-0.21459343,1.0
249,1,-0.07138229,1.4029199,-0.2011275,1.0
249,2,-0.070057556,1.4057002,-0.19018193,1.0
249,3,-0.07277197,1.4014714,-0.19162075,1.0
249,4,-0.098984666,1.4160492,-0.22133893,1.0
249,5,-0.09870535,1.4106507,-0.23704322,1.0
249,6,-0.09064503,1.4048114,-0.21465339,1.0
249,7,-0.021676023,1.3857586,-0.06716413,1.0
249,8,-0.16658714,1.3689086,-0.10753821,1.0
249,9,-0.07661668,1.3645227,-0.1542146,1.0
249,10,-0.11204207,1.3400028,-0.1948294,1.0
249,11,0.012630712,1.2251487,0.03787396,1.0
249,12,-0.28753063,1.2739027,0.0765052,1.0
249,13,0.03460713,1.0052886,-0.020925898,1.0
249,14,-0.29464108,0.9902899,-0.046468407,1.0
249,15,0.09977316,1.0593016,-0.15386961,1.0
249,16,-0.27236074,1.0578861,-0.24618354,1.0
249,17,0.10579002,1.0910838,-0.17789741,1.0
249,18,-0.2236589,1.1034274,-0.31661382,1.0
249,19,0.111072734,1.109883,-0.18989183,1.0
249,20,-0.20880029,1.180712,-0.31684086,1.0
249,21,0.11457676,1.0576335,-0.16203237,1.0
249,22,-0.25559688,1.0962996,-0.25645953,1.0
249,23,0.090377666,0.8319229,0.017523665,1.0
249,24,-0.09099418,0.80039704,-0.016560065,1.0
249,25,0.24278341,0.4317589,-0.03689751,1.0
249,26,-0.05579142,0.4460066,-0.041223843,1.0
249,27,0.42854786,0.13065171,0.14329767,1.0
249,28,-0.14998126,0.066868305,0.17510977,1.0
249,29,0.4182447,0.092012644,0.17027095,1.0
249,30,-0.16575317,0.03309506,0.15554552,1.0
249,31,0.41179997,0.035360456,0.09483844,1.0
249,32,-0.18277422,0.023044765,0.07838463,1.0
250,0,-0.09894633,1.3796632,-0.21853888,1.0
250,1,-0.074166775,1.4040017,-0.2043474,1.0
250,2,-0.07270537,1.4057424,-0.19326688,1.0
250,3,-0.07558721,1.4017205,-0.19480468,1.0
250,4,-0.1017513,1.416418,-0.2253034,1.0
250,5,-0.101623,1.4107177,-0.2419098,1.0
250,6,-0.09321682,1.4054492,-0.21799402,1.0
250,7,-0.024613462,1.3851762,-0.070784055,1.0
250,8,-0.1678437,1.3651642,-0.11402834,1.0
250,9,-0.078131735,1.3649762,-0.15637024,1.0
250,10,-0.113604456,1.3396314,-0.19908065,1.0
250,11,0.013787318,1.2243122,0.03587892,1.0
250,12,-0.28755447,1.2705427,0.066611424,1.0
250,13,0.03729056,1.0018024,-0.017794078,1.0
250,14,-0.29304633,0.98826313,-0.054565813,1.0
250,15,0.103459015,1.0553839,-0.14528269,1.0
250,16,-0.25430605,1.0505873,-0.24969457,1.0
250,17,0.10766405,1.0856332,-0.16666761,1.0
250,18,-0.20640133,1.0933826,-0.32022065,1.0
250,19,0.112890705,1.1045281,-0.1790599,1.0
250,20,-0.19280349,1.1693931,-0.31930998,1.0
250,21,0.11813048,1.0545244,-0.15277913,1.0
250,22,-0.23879588,1.0876629,-0.25881115,1.0
250,23,0.09081391,0.8343949,0.019429944,1.0
250,24,-0.09088311,0.8017761,-0.018240817,1.0
250,25,0.24432068,0.43380222,-0.032875624,1.0
250,26,-0.059767812,0.44878805,-0.04546232,1.0
250,27,0.42009827,0.1315453,0.1527011,1.0
250,28,-0.15272304,0.070682585,0.17421733,1.0
250,29,0.4083816,0.09271306,0.18032256,1.0
250,30,-0.16872522,0.03671235,0.1546165,1.0
250,31,0.4114187,0.037055135,0.11041811,1.0
250,32,-0.18754995,0.03036648,0.07731466,1.0
251,0,-0.10096395,1.3843505,-0.24714875,1.0
251,1,-0.07489245,1.4092648,-0.23431474,1.0
251,2,-0.07377124,1.4095423,-0.22285852,1.0
251,3,-0.07656312,1.4061614,-0.22389944,1.0
251,4,-0.10319073,1.4208393,-0.25082934,1.0
251,5,-0.10314045,1.4151002,-0.26889503,1.0
251,6,-0.09432066,1.410095,-0.24302717,1.0
251,7,-0.020986544,1.389255,-0.1122073,1.0
251,8,-0.1633449,1.3669542,-0.1374654,1.0
251,9,-0.07684869,1.3704871,-0.18840554,1.0
251,10,-0.112414904,1.3445313,-0.22606623,1.0
251,11,0.016840769,1.2298235,0.009214114,1.0
251,12,-0.27645597,1.2762128,0.04333978,1.0
251,13,0.0422873,1.0110052,-0.05369303,1.0
251,14,-0.27940717,0.99298465,-0.06570867,1.0
251,15,0.09547948,1.0622759,-0.17766246,1.0
251,16,-0.25450477,1.0360345,-0.27135932,1.0
251,17,0.09418879,1.0902448,-0.19771838,1.0
251,18,-0.21491647,1.0724589,-0.3473557,1.0
251,19,0.09664178,1.1122676,-0.21280375,1.0
251,20,-0.2029857,1.145156,-0.34986806,1.0
251,21,0.10785062,1.0634209,-0.18521857,1.0
251,22,-0.24160224,1.070072,-0.2825761,1.0
251,23,0.091198206,0.8374846,0.019671373,1.0
251,24,-0.09104801,0.805911,-0.018211318,1.0
251,25,0.2405566,0.43725267,-0.026019296,1.0
251,26,-0.07151757,0.4577047,-0.04528077,1.0
251,27,0.4130016,0.129911,0.15137765,1.0
251,28,-0.16506161,0.0865469,0.17758726,1.0
251,29,0.40115085,0.091044664,0.17708252,1.0
251,30,-0.18117192,0.053429008,0.15738682,1.0
251,31,0.41297758,0.030310571,0.10970602,1.0
251,32,-0.20041206,0.044131458,0.08041084,1.0
252,0,-0.09976061,1.3920066,-0.25070167,1.0
252,1,-0.072714016,1.4167947,-0.2379112,1.0
252,2,-0.07211514,1.4157143,-0.22646204,1.0
252,3,-0.07452993,1.4134758,-0.22728997,1.0
252,4,-0.10138076,1.428659,-0.2530422,1.0
252,5,-0.10136884,1.4231155,-0.27225518,1.0
252,6,-0.09291958,1.4181205,-0.2454305,1.0
252,7,-0.01847804,1.3935379,-0.11802104,1.0
252,8,-0.16013259,1.373382,-0.138017,1.0
252,9,-0.073620796,1.377778,-0.19344349,1.0
252,10,-0.11043583,1.3521566,-0.22888593,1.0
252,11,0.028534798,1.2365831,0.0063580624,1.0
252,12,-0.2719851,1.281751,0.04316436,1.0
252,13,0.05952559,1.0162866,-0.058138017,1.0
252,14,-0.23622435,0.99767995,-0.06314458,1.0
252,15,0.09420563,1.0704428,-0.18325537,1.0
252,16,-0.2551354,1.0403712,-0.27082914,1.0
252,17,0.0900168,1.097326,-0.20156719,1.0
252,18,-0.2203298,1.0765647,-0.34555346,1.0
252,19,0.09135985,1.1218097,-0.21791959,1.0
252,20,-0.21540771,1.1461111,-0.3500122,1.0
252,21,0.1050559,1.0731126,-0.19073714,1.0
252,22,-0.24358676,1.0725876,-0.2826056,1.0
252,23,0.09146466,0.8412688,0.019742569,1.0
252,24,-0.09179907,0.81100273,-0.018169243,1.0
252,25,0.2380864,0.4405097,-0.026392667,1.0
252,26,-0.0733696,0.46889433,-0.04574615,1.0
252,27,0.4192086,0.13787949,0.14826798,1.0
252,28,-0.16828345,0.100111544,0.17878021,1.0
252,29,0.40819177,0.09992623,0.17330807,1.0
252,30,-0.184459,0.067868054,0.15775986,1.0
252,31,0.4169792,0.037137866,0.10669645,1.0
252,32,-0.20448714,0.05603534,0.084184065,1.0
253,0,-0.10503235,1.4177225,-0.21364799,1.0
253,1,-0.07485013,1.4414535,-0.19791895,1.0
253,2,-0.075453244,1.4380785,-0.18803233,1.0
253,3,-0.07718958,1.4382031,-0.18938023,1.0
253,4,-0.10581902,1.4510305,-0.2085175,1.0
253,5,-0.105410576,1.4466712,-0.22779226,1.0
253,6,-0.09760767,1.4413929,-0.20276785,1.0
253,7,-0.01853559,1.4189055,-0.08459023,1.0
253,8,-0.1584184,1.3911037,-0.0816826,1.0
253,9,-0.07334244,1.4049217,-0.16119866,1.0
253,10,-0.11172438,1.3768065,-0.18808694,1.0
253,11,0.0431471,1.2632668,0.019091608,1.0
253,12,-0.25639817,1.2902458,0.086178154,1.0
253,13,0.07654271,1.0463067,-0.059818268,1.0
253,14,-0.21887875,1.0039364,-0.009843282,1.0
253,15,0.08884324,1.0687045,-0.19520114,1.0
253,16,-0.27721,1.0478665,-0.2300874,1.0
253,17,0.08267603,1.0803018,-0.21571806,1.0
253,18,-0.2672298,1.0828134,-0.30629447,1.0
253,19,0.088317394,1.1051381,-0.23217762,1.0
253,20,-0.27001563,1.1538374,-0.31779966,1.0
253,21,0.09860134,1.0682433,-0.20189351,1.0
253,22,-0.27587473,1.0786073,-0.2453505,1.0
253,23,0.09149818,0.845647,0.017504863,1.0
253,24,-0.093886584,0.8164224,-0.015801419,1.0
253,25,0.23572053,0.44516978,-0.029152665,1.0
253,26,-0.08349393,0.47706464,-0.04542332,1.0
253,27,0.41858634,0.13864082,0.14171657,1.0
253,28,-0.18436085,0.103986144,0.17896552,1.0
253,29,0.40978456,0.099041045,0.1658323,1.0
253,30,-0.19994742,0.0744223,0.15733194,1.0
253,31,0.41407055,0.040475488,0.0994262,1.0
253,32,-0.21961395,0.05980456,0.08278052,1.0
254,0,-0.106638126,1.4316719,-0.21413985,1.0
254,1,-0.07430247,1.4518487,-0.19885844,1.0
254,2,-0.07635432,1.4459333,-0.19131728,1.0
254,3,-0.07763152,1.4502103,-0.19468933,1.0
254,4,-0.10825178,1.4608802,-0.20968404,1.0
254,5,-0.10571069,1.4585481,-0.22816852,1.0
254,6,-0.099781476,1.4532615,-0.20701173,1.0
254,7,-0.011702393,1.43344,-0.082454264,1.0
254,8,-0.15910582,1.4044969,-0.08012143,1.0
254,9,-0.07215112,1.4192122,-0.16436268,1.0
254,10,-0.11161536,1.3920102,-0.1900341,1.0
254,11,0.06824063,1.2824519,0.017440278,1.0
254,12,-0.23440424,1.3006274,0.08613823,1.0
254,13,0.104251206,1.0761348,-0.070409045,1.0
254,14,-0.19143791,1.0080318,-0.0025015047,1.0
254,15,0.087267645,1.0722694,-0.2113376,1.0
254,16,-0.28925827,1.0488609,-0.22619973,1.0
254,17,0.07680948,1.0810621,-0.229634,1.0
254,18,-0.29265693,1.0811706,-0.30222842,1.0
254,19,0.08573121,1.1084297,-0.24753818,1.0
254,20,-0.30067688,1.158022,-0.31523666,1.0
254,21,0.09377088,1.0685673,-0.2178216,1.0
254,22,-0.2935391,1.077939,-0.24187738,1.0
254,23,0.09139233,0.84389716,0.017144287,1.0
254,24,-0.09941471,0.81648576,-0.015692443,1.0
254,25,0.2316345,0.44379976,-0.029091991,1.0
254,26,-0.0882995,0.48208395,-0.043278117,1.0
254,27,0.41190144,0.1445821,0.14847828,1.0
254,28,-0.19507402,0.10153848,0.17860615,1.0
254,29,0.407043,0.10453558,0.17286533,1.0
254,30,-0.2095612,0.0776363,0.15752938,1.0
254,31,0.41160432,0.04436463,0.11038774,1.0
254,32,-0.22804892,0.05748093,0.08426294,1.0
255,0,-0.105479494,1.402772,-0.2711557,1.0
255,1,-0.072558224,1.4121207,-0.25768533,1.0
255,2,-0.07519901,1.4033868,-0.25618392,1.0
255,3,-0.0784124,1.4158969,-0.26178584,1.0
255,4,-0.10984036,1.4237233,-0.26457632,1.0
255,5,-0.102800794,1.4235127,-0.27862096,1.0
255,6,-0.09934563,1.4215927,-0.2639373,1.0
255,7,0.0031097443,1.3948811,-0.14337352,1.0
255,8,-0.15098247,1.3760105,-0.12408804,1.0
255,9,-0.06857312,1.3826632,-0.2274212,1.0
255,10,-0.10901549,1.3627529,-0.24753846,1.0
255,11,0.09667581,1.2333953,-0.0360232,1.0
255,12,-0.20484713,1.2641007,0.05283571,1.0
255,13,0.13860047,1.0460641,-0.13133046,1.0
255,14,-0.1642667,0.9702593,-0.02174841,1.0
255,15,0.0855338,1.0362,-0.26486394,1.0
255,16,-0.29992777,1.0114208,-0.26310995,1.0
255,17,0.058667593,1.0444622,-0.27991185,1.0
255,18,-0.31254512,1.0427661,-0.33663344,1.0
255,19,0.064211674,1.0802636,-0.29686883,1.0
255,20,-0.3245069,1.1299152,-0.34989125,1.0
255,21,0.08943899,1.0261412,-0.27373284,1.0
255,22,-0.3083875,1.0395257,-0.27987686,1.0
255,23,0.08974212,0.8069214,0.018489929,1.0
255,24,-0.10948678,0.7808057,-0.017032307,1.0
255,25,0.22309583,0.40115452,-0.028116213,1.0
255,26,-0.08420939,0.4509479,-0.039790906,1.0
255,27,0.4028547,0.107480764,0.15254025,1.0
255,28,-0.202206,0.05965197,0.17389074,1.0
255,29,0.40458173,0.06842613,0.17802887,1.0
255,30,-0.21634683,0.045598507,0.15702346,1.0
255,31,0.40478283,0.010002375,0.112178884,1.0
255,32,-0.23797208,0.014576256,0.07941955,1.0
256,0,-0.10390686,1.3800071,-0.26640937,1.0
256,1,-0.0789931,1.4062605,-0.25214973,1.0
256,2,-0.07271065,1.4096601,-0.24199262,1.0
256,3,-0.07819564,1.4162054,-0.2397443,1.0
256,4,-0.10736044,1.413031,-0.2598867,1.0
256,5,-0.10666275,1.4208417,-0.2802342,1.0
256,6,-0.09834041,1.3997539,-0.25808585,1.0
256,7,0.02021028,1.3962821,-0.15062954,1.0
256,8,-0.13600653,1.3431151,-0.12592046,1.0
256,9,-0.05898972,1.3822352,-0.22416092,1.0
256,10,-0.0973643,1.3407934,-0.2382537,1.0
256,11,0.12434244,1.2434468,-0.036036033,1.0
256,12,-0.18822199,1.2619562,0.05614234,1.0
256,13,0.159969,1.0180472,-0.12137555,1.0
256,14,-0.16609322,0.9792144,-0.019175824,1.0
256,15,0.083635256,1.0366923,-0.24925023,1.0
256,16,-0.3044628,1.016866,-0.25824785,1.0
256,17,0.050751157,1.0449136,-0.27126405,1.0
256,18,-0.3129039,1.0320122,-0.33369637,1.0
256,19,0.036522407,1.0914781,-0.28213933,1.0
256,20,-0.3224913,1.1102272,-0.34897155,1.0
256,21,0.08516702,1.0322447,-0.25792363,1.0
256,22,-0.3098685,1.0374321,-0.27920097,1.0
256,23,0.091419905,0.793727,0.016305123,1.0
256,24,-0.09402561,0.77907044,-0.014120644,1.0
256,25,0.21204259,0.3934765,-0.03341461,1.0
256,26,-0.09702348,0.44482884,-0.04178651,1.0
256,27,0.40187126,0.10465807,0.16105427,1.0
256,28,-0.210721,0.05246693,0.17703849,1.0
256,29,0.39705566,0.048691332,0.19325581,1.0
256,30,-0.21842884,0.032216907,0.15197673,1.0
256,31,0.4004104,-0.0038472414,0.13960434,1.0
256,32,-0.24687465,0.004971266,0.0805761,1.0
257,0,-0.10363543,1.423456,-0.27571893,1.0
257,1,-0.07649675,1.448983,-0.2638956,1.0
257,2,-0.071661025,1.444085,-0.2514291,1.0
257,3,-0.07790439,1.451612,-0.25387052,1.0
257,4,-0.102404766,1.4481508,-0.26764995,1.0
257,5,-0.10528138,1.4561012,-0.28640196,1.0
257,6,-0.09781125,1.4392288,-0.26027995,1.0
257,7,0.019931102,1.426681,-0.17247851,1.0
257,8,-0.12297096,1.3809923,-0.13335367,1.0
257,9,-0.054374285,1.4131753,-0.23260224,1.0
257,10,-0.090503804,1.3743056,-0.24674073,1.0
257,11,0.13906421,1.2710842,-0.057979394,1.0
257,12,-0.17042595,1.290066,0.044505686,1.0
257,13,0.17419308,1.0542272,-0.14240582,1.0
257,14,-0.15679847,1.0035651,-0.025069289,1.0
257,15,0.08346884,1.0682657,-0.2650125,1.0
257,16,-0.3013982,1.0343101,-0.2689413,1.0
257,17,0.046561565,1.0800235,-0.28624088,1.0
257,18,-0.30849266,1.058,-0.3397006,1.0
257,19,0.033461157,1.1210401,-0.2941892,1.0
257,20,-0.3154574,1.1306196,-0.35559914,1.0
257,21,0.08196212,1.0652813,-0.2720842,1.0
257,22,-0.3039027,1.059123,-0.28800082,1.0
257,23,0.092615336,0.8223941,0.013779838,1.0
257,24,-0.09527537,0.8151271,-0.013530539,1.0
257,25,0.19524592,0.41679332,-0.046467777,1.0
257,26,-0.10537569,0.476067,-0.03990778,1.0
257,27,0.39750087,0.13531613,0.1644205,1.0
257,28,-0.22393353,0.08662248,0.16479656,1.0
257,29,0.39303252,0.09156436,0.19234894,1.0
257,30,-0.23460238,0.061773956,0.1419759,1.0
257,31,0.39788935,0.032865345,0.14300331,1.0
257,32,-0.26649678,0.03549707,0.06219541,1.0
258,0,-0.10308733,1.4270396,-0.27040258,1.0
258,1,-0.075452834,1.4504741,-0.25875646,1.0
258,2,-0.071756475,1.4439578,-0.24651878,1.0
258,3,-0.07786578,1.4500899,-0.25023282,1.0
258,4,-0.10087582,1.4487941,-0.26431277,1.0
258,5,-0.10409841,1.4538023,-0.28201443,1.0
258,6,-0.09689823,1.440432,-0.25508833,1.0
258,7,0.020335358,1.4271402,-0.16560291,1.0
258,8,-0.117484435,1.3796539,-0.13253686,1.0
258,9,-0.05135837,1.4124752,-0.2237954,1.0
258,10,-0.08740281,1.3737196,-0.24232528,1.0
258,11,0.14607885,1.2630458,-0.051901817,1.0
258,12,-0.15741831,1.2876294,0.045692198,1.0
258,13,0.18191324,1.0513167,-0.13687338,1.0
258,14,-0.14966582,0.9964464,-0.02305623,1.0
258,15,0.089479126,1.065879,-0.25977248,1.0
258,16,-0.30033225,1.0253041,-0.26781985,1.0
258,17,0.050554223,1.0793995,-0.2821947,1.0
258,18,-0.30913222,1.056987,-0.33847672,1.0
258,19,0.03612454,1.121707,-0.28993163,1.0
258,20,-0.31425568,1.126556,-0.35070735,1.0
258,21,0.085072525,1.0652977,-0.26716125,1.0
258,22,-0.30297413,1.0532836,-0.2848922,1.0
258,23,0.09401553,0.81671315,0.01376654,1.0
258,24,-0.097024344,0.8147065,-0.0131811695,1.0
258,25,0.19281343,0.4115148,-0.046686873,1.0
258,26,-0.1091714,0.47056958,-0.03717597,1.0
258,27,0.393415,0.12559837,0.16587931,1.0
258,28,-0.2404953,0.082959116,0.15942264,1.0
258,29,0.3900155,0.08802813,0.19250964,1.0
258,30,-0.25392094,0.054074228,0.13778071,1.0
258,31,0.38976824,0.0282467,0.14430405,1.0
258,32,-0.28376555,0.029458284,0.05487688,1.0
259,0,-0.10317097,1.4241171,-0.2706985,1.0
259,1,-0.07552934,1.4451349,-0.26136178,1.0
259,2,-0.07268518,1.4391341,-0.25034556,1.0
259,3,-0.07823296,1.4436529,-0.25327718,1.0
259,4,-0.10100109,1.4458004,-0.26492745,1.0
259,5,-0.10298596,1.4480941,-0.28189403,1.0
259,6,-0.09653086,1.4371247,-0.25569728,1.0
259,7,0.020178761,1.4210453,-0.17259015,1.0
259,8,-0.114049986,1.3755541,-0.13169812,1.0
259,9,-0.051763684,1.4076343,-0.22564092,1.0
259,10,-0.087622724,1.3705127,-0.24341282,1.0
259,11,0.14516048,1.2545052,-0.056007035,1.0
259,12,-0.1542493,1.2852205,0.04264635,1.0
259,13,0.18549529,1.0441055,-0.13984363,1.0
259,14,-0.14459553,0.98825514,-0.028918413,1.0
259,15,0.10231797,1.061306,-0.26383957,1.0
259,16,-0.29912162,1.0166969,-0.27443635,1.0
259,17,0.067762785,1.0775273,-0.28825217,1.0
259,18,-0.30547455,1.0525143,-0.34425968,1.0
259,19,0.052337527,1.1202073,-0.2974537,1.0
259,20,-0.3086043,1.1201605,-0.35956067,1.0
259,21,0.097178236,1.0616133,-0.272156,1.0
259,22,-0.30233777,1.0457436,-0.29318517,1.0
259,23,0.095201686,0.80834776,0.0144558735,1.0
259,24,-0.09844553,0.81146264,-0.012982761,1.0
259,25,0.18771115,0.4024495,-0.046124235,1.0
259,26,-0.11644072,0.46216747,-0.036160853,1.0
259,27,0.3750745,0.10955489,0.16930422,1.0
259,28,-0.25715894,0.07677263,0.15760516,1.0
259,29,0.36912248,0.07432896,0.19581947,1.0
259,30,-0.27293366,0.04551661,0.13723789,1.0
259,31,0.35947913,0.010472238,0.1448792,1.0
259,32,-0.30526033,0.019846022,0.05334271,1.0
260,0,-0.10277819,1.4208143,-0.30261022,1.0
260,1,-0.07535738,1.4404649,-0.29492417,1.0
260,2,-0.073121354,1.4357002,-0.28480086,1.0
260,3,-0.07794162,1.4387562,-0.28642714,1.0
260,4,-0.10185076,1.4436382,-0.29626277,1.0
260,5,-0.10210952,1.4440148,-0.31344616,1.0
260,6,-0.096700326,1.434541,-0.28769186,1.0
260,7,0.020916482,1.418227,-0.20046596,1.0
260,8,-0.115337044,1.3728027,-0.15379718,1.0
260,9,-0.05178554,1.4048808,-0.25633,1.0
260,10,-0.08777703,1.3686984,-0.27350938,1.0
260,11,0.14225397,1.2510622,-0.071173556,1.0
260,12,-0.15739723,1.2843521,0.02046613,1.0
260,13,0.17841813,1.0402347,-0.1467468,1.0
260,14,-0.14854299,0.9851946,-0.054479524,1.0
260,15,0.12834679,1.0457163,-0.28472513,1.0
260,16,-0.29578903,1.0162222,-0.3016022,1.0
260,17,0.10928975,1.0617712,-0.31612015,1.0
260,18,-0.30424345,1.0540618,-0.3772626,1.0
260,19,0.09430111,1.0996699,-0.3315093,1.0
260,20,-0.30683035,1.1218733,-0.39535004,1.0
260,21,0.12623748,1.0431628,-0.29642498,1.0
260,22,-0.2994389,1.0456643,-0.3235778,1.0
260,23,0.09646321,0.80492485,0.015414039,1.0
260,24,-0.099950574,0.8111239,-0.013087858,1.0
260,25,0.18957467,0.39309943,-0.045660876,1.0
260,26,-0.122591816,0.45773327,-0.034793466,1.0
260,27,0.36253682,0.08784455,0.17239973,1.0
260,28,-0.27530938,0.069511,0.15339935,1.0
260,29,0.35450634,0.052603424,0.19935524,1.0
260,30,-0.29271415,0.037040174,0.13308293,1.0
260,31,0.33949432,-0.011065066,0.14463128,1.0
260,32,-0.32090616,0.014022052,0.04191505,1.0
261,0,-0.10400952,1.4202487,-0.30025828,1.0
261,1,-0.07670875,1.4389071,-0.29168338,1.0
261,2,-0.07477472,1.4350486,-0.28242862,1.0
261,3,-0.07898032,1.4372567,-0.2832428,1.0
261,4,-0.10413774,1.4429669,-0.2940008,1.0
261,5,-0.10297892,1.4423505,-0.31089133,1.0
261,6,-0.09869403,1.433526,-0.28619662,1.0
261,7,0.020550448,1.4177005,-0.19284098,1.0
261,8,-0.11702264,1.3736191,-0.15071347,1.0
261,9,-0.053008568,1.4050753,-0.25288004,1.0
261,10,-0.08944844,1.3696282,-0.2713902,1.0
261,11,0.13610075,1.249623,-0.064569466,1.0
261,12,-0.1631132,1.2868986,0.021222902,1.0
261,13,0.17120285,1.0396154,-0.14071788,1.0
261,14,-0.15273856,0.9840301,-0.056958176,1.0
261,15,0.13417909,1.0404719,-0.27975816,1.0
261,16,-0.28503048,1.0181617,-0.30298278,1.0
261,17,0.12192617,1.0564637,-0.31194752,1.0
261,18,-0.29191115,1.0573949,-0.38083902,1.0
261,19,0.10594642,1.0905082,-0.32825196,1.0
261,20,-0.28963864,1.1274283,-0.39845327,1.0
261,21,0.13354294,1.0360813,-0.2915056,1.0
261,22,-0.28672332,1.0484685,-0.32487634,1.0
261,23,0.09750293,0.80340475,0.016241383,1.0
261,24,-0.10104073,0.8109884,-0.013304146,1.0
261,25,0.19069555,0.39066967,-0.043277893,1.0
261,26,-0.12767565,0.45510876,-0.034603626,1.0
261,27,0.3490386,0.07882601,0.17232206,1.0
261,28,-0.288699,0.06825209,0.15057047,1.0
261,29,0.3390559,0.04291731,0.19960389,1.0
261,30,-0.3075879,0.03523749,0.13048343,1.0
261,31,0.32008407,-0.01778388,0.14176598,1.0
261,32,-0.33671033,0.013261735,0.0365175,1.0
262,0,-0.103999734,1.4196804,-0.3153647,1.0
262,1,-0.07701233,1.4379175,-0.30676752,1.0
262,2,-0.07542499,1.4348123,-0.29756257,1.0
262,3,-0.07903741,1.4363656,-0.29798406,1.0
262,4,-0.105190784,1.442689,-0.31043664,1.0
262,5,-0.10290176,1.4415402,-0.32750046,1.0
262,6,-0.09927634,1.4329665,-0.30317807,1.0
262,7,0.020612815,1.4174204,-0.20307331,1.0
262,8,-0.12088696,1.3742292,-0.16700469,1.0
262,9,-0.054050952,1.4050337,-0.26628533,1.0
262,10,-0.090777814,1.3701892,-0.28708252,1.0
262,11,0.13323157,1.2482553,-0.07140174,1.0
262,12,-0.16646999,1.2903075,0.005265887,1.0
262,13,0.16286832,1.0370872,-0.14328887,1.0
262,14,-0.15559706,0.98760813,-0.084908046,1.0
262,15,0.14081348,1.0494891,-0.28450048,1.0
262,16,-0.2621103,1.0273106,-0.3262938,1.0
262,17,0.1364745,1.0742904,-0.31728,1.0
262,18,-0.26285294,1.0649077,-0.4031688,1.0
262,19,0.12795208,1.1057637,-0.33387685,1.0
262,20,-0.2529636,1.1352627,-0.41747352,1.0
262,21,0.1452817,1.0447817,-0.29663068,1.0
262,22,-0.259443,1.057587,-0.34612936,1.0
262,23,0.09806919,0.80334234,0.016890861,1.0
262,24,-0.101537414,0.8114349,-0.013631213,1.0
262,25,0.18971244,0.38985372,-0.034555063,1.0
262,26,-0.12863782,0.4543099,-0.03450577,1.0
262,27,0.3426365,0.07496488,0.17410825,1.0
262,28,-0.2975456,0.06833458,0.14964405,1.0
262,29,0.3323729,0.038695633,0.20098507,1.0
262,30,-0.31761238,0.03496778,0.12970781,1.0
262,31,0.30919507,-0.025235772,0.14124328,1.0
262,32,-0.35047942,0.013258398,0.035072915,1.0
263,0,-0.10616693,1.4191821,-0.32149148,1.0
263,1,-0.07946655,1.4372122,-0.3122629,1.0
263,2,-0.07816523,1.4345796,-0.30310932,1.0
263,3,-0.081299834,1.4356031,-0.30368373,1.0
263,4,-0.1084706,1.4421908,-0.31593847,1.0
263,5,-0.10537389,1.4408247,-0.33311155,1.0
263,6,-0.10228727,1.432296,-0.30928698,1.0
263,7,0.01781465,1.416959,-0.20707603,1.0
263,8,-0.12696151,1.3741094,-0.17239714,1.0
263,9,-0.056950003,1.404727,-0.27219617,1.0
263,10,-0.094128765,1.3702544,-0.29351327,1.0
263,11,0.13159472,1.2449074,-0.07319927,1.0
263,12,-0.17181876,1.2910172,-0.005222934,1.0
263,13,0.14090072,1.0222288,-0.14119083,1.0
263,14,-0.17141472,0.9878521,-0.098492295,1.0
263,15,0.14480375,1.0282104,-0.2818365,1.0
263,16,-0.24665557,1.0275626,-0.33954105,1.0
263,17,0.14638531,1.0504534,-0.3148979,1.0
263,18,-0.23722619,1.0644035,-0.41969347,1.0
263,19,0.14102416,1.0802897,-0.3331313,1.0
263,20,-0.21900266,1.1351857,-0.4330158,1.0
263,21,0.15209052,1.0222571,-0.29463574,1.0
263,22,-0.23859757,1.0577526,-0.35909417,1.0
263,23,0.0989899,0.80328214,0.017411334,1.0
263,24,-0.10239595,0.8112215,-0.013986563,1.0
263,25,0.18643592,0.38982618,-0.030746052,1.0
263,26,-0.13416891,0.4538737,-0.034023333,1.0
263,27,0.33175173,0.076900184,0.1740952,1.0
263,28,-0.30442506,0.06904113,0.15301447,1.0
263,29,0.32090297,0.040326357,0.20116436,1.0
263,30,-0.32493332,0.03548062,0.13371645,1.0
263,31,0.29813743,-0.02506423,0.13970625,1.0
263,32,-0.362131,0.013852239,0.038970146,1.0
264,0,-0.10685181,1.4181477,-0.31549233,1.0
264,1,-0.08016545,1.4361713,-0.30560482,1.0
264,2,-0.07899801,1.4338353,-0.29679522,1.0
264,3,-0.08180532,1.4344561,-0.29726595,1.0
264,4,-0.109380566,1.4412992,-0.3094847,1.0
264,5,-0.10585888,1.4398215,-0.326267,1.0
264,6,-0.10279532,1.4313655,-0.30320755,1.0
264,7,0.017488515,1.4160478,-0.20158708,1.0
264,8,-0.12781554,1.373564,-0.16744037,1.0
264,9,-0.058172334,1.4037611,-0.26690403,1.0
264,10,-0.09523848,1.3696618,-0.28818566,1.0
264,11,0.12911846,1.2396793,-0.06923196,1.0
264,12,-0.17584832,1.2906401,-0.0021642884,1.0
264,13,0.14109014,1.0141923,-0.13116439,1.0
264,14,-0.19682096,0.98758775,-0.09480814,1.0
264,15,0.17491896,1.0243003,-0.27251282,1.0
264,16,-0.23955813,1.0268213,-0.33746797,1.0
264,17,0.18171132,1.0476484,-0.30948517,1.0
264,18,-0.22246388,1.0611725,-0.4186103,1.0
264,19,0.17724797,1.0769315,-0.3317615,1.0
264,20,-0.19683608,1.1342926,-0.43087566,1.0
264,21,0.18396424,1.0185194,-0.28786016,1.0
264,22,-0.22701918,1.0570716,-0.35614413,1.0
264,23,0.09982871,0.80294687,0.018825566,1.0
264,24,-0.103157796,0.8103704,-0.015328224,1.0
264,25,0.18630657,0.3896576,-0.026777476,1.0
264,26,-0.13832249,0.4531734,-0.03404531,1.0
264,27,0.3273808,0.078513086,0.18220632,1.0
264,28,-0.31233704,0.06902164,0.15353279,1.0
264,29,0.31653154,0.04208529,0.2098992,1.0
264,30,-0.33298382,0.035335958,0.13444968,1.0
264,31,0.2965953,-0.023558855,0.14652663,1.0
264,32,-0.36715984,0.013744175,0.040057216,1.0
265,0,-0.10622588,1.4175931,-0.31115153,1.0
265,1,-0.07925952,1.4353311,-0.30080792,1.0
265,2,-0.078186214,1.4331921,-0.292108,1.0
265,3,-0.08075939,1.4337268,-0.29256865,1.0
265,4,-0.1087492,1.4406962,-0.30505326,1.0
265,5,-0.10502237,1.4392021,-0.3215693,1.0
265,6,-0.10193103,1.4308099,-0.29904604,1.0
265,7,0.017819587,1.4149516,-0.19742489,1.0
265,8,-0.12770914,1.3733332,-0.16427813,1.0
265,9,-0.05797338,1.4030583,-0.2628287,1.0
265,10,-0.094996914,1.3696289,-0.2843465,1.0
265,11,0.12725215,1.2368778,-0.066825,1.0
265,12,-0.17752759,1.2907794,0.0010997631,1.0
265,13,0.13921466,1.0112896,-0.12972333,1.0
265,14,-0.20091718,0.98835325,-0.09104363,1.0
265,15,0.18132134,1.0207529,-0.27088448,1.0
265,16,-0.23956792,1.0241778,-0.330851,1.0
265,17,0.19041364,1.0428905,-0.3059144,1.0
265,18,-0.22391906,1.0533637,-0.4100835,1.0
265,19,0.18643282,1.0717759,-0.32672995,1.0
265,20,-0.20016098,1.1277282,-0.42399192,1.0
265,21,0.19102822,1.0147781,-0.28511283,1.0
265,22,-0.22791293,1.0538435,-0.3496617,1.0
265,23,0.10057223,0.8024481,0.01909303,1.0
265,24,-0.10374464,0.8093615,-0.015601406,1.0
265,25,0.18678762,0.3891474,-0.025565343,1.0
265,26,-0.13836153,0.45233405,-0.033678055,1.0
265,27,0.32575893,0.079265475,0.1840221,1.0
265,28,-0.31051898,0.068134665,0.1544396,1.0
265,29,0.31496933,0.042840302,0.21172774,1.0
265,30,-0.33145255,0.03433329,0.13529219,1.0
265,31,0.29713175,-0.022627056,0.148249,1.0
265,32,-0.3700986,0.013285875,0.04142936,1.0
266,0,-0.0968267,1.4167767,-0.30665413,1.0
266,1,-0.06931313,1.4342852,-0.295518,1.0
266,2,-0.06841307,1.4322748,-0.28673768,1.0
266,3,-0.070736445,1.4328039,-0.28779072,1.0
266,4,-0.09867662,1.4399712,-0.2999521,1.0
266,5,-0.094903946,1.4384019,-0.31654546,1.0
266,6,-0.091893375,1.4300718,-0.2941746,1.0
266,7,0.025261166,1.4138756,-0.19106568,1.0
266,8,-0.12029009,1.3733451,-0.1574253,1.0
266,9,-0.049901087,1.402071,-0.25858212,1.0
266,10,-0.08720741,1.3691282,-0.27966332,1.0
266,11,0.12807485,1.2360141,-0.05957557,1.0
266,12,-0.17639962,1.2914876,0.0024426486,1.0
266,13,0.13946141,1.01123,-0.11786713,1.0
266,14,-0.19862722,0.991279,-0.08745971,1.0
266,15,0.19415706,1.0215182,-0.25755993,1.0
266,16,-0.24086837,1.0295986,-0.32682106,1.0
266,17,0.2063329,1.0438771,-0.29318234,1.0
266,18,-0.22723094,1.057987,-0.40421784,1.0
266,19,0.20380518,1.0728066,-0.31570017,1.0
266,20,-0.20748287,1.1336815,-0.41930512,1.0
266,21,0.2053962,1.015757,-0.27312765,1.0
266,22,-0.23116527,1.0595417,-0.3454934,1.0
266,23,0.10102131,0.8018654,0.01930774,1.0
266,24,-0.104051486,0.80839187,-0.015800865,1.0
266,25,0.18726614,0.38912567,-0.025275355,1.0
266,26,-0.1361994,0.4517719,-0.03350564,1.0
266,27,0.3288921,0.07943517,0.18402597,1.0
266,28,-0.30474332,0.06783193,0.15464486,1.0
266,29,0.3186435,0.043080926,0.21180885,1.0
266,30,-0.3257718,0.033975124,0.13534477,1.0
266,31,0.30205855,-0.02211219,0.14802614,1.0
266,32,-0.36635694,0.015051782,0.042112697,1.0
267,0,-0.07135129,1.4167796,-0.3046966,1.0
267,1,-0.04270231,1.4339327,-0.29372942,1.0
267,2,-0.04188324,1.4319777,-0.28496757,1.0
267,3,-0.044041734,1.4325918,-0.28610918,1.0
267,4,-0.07233486,1.4400134,-0.29820606,1.0
267,5,-0.06862927,1.4382765,-0.31462246,1.0
267,6,-0.06536029,1.4299954,-0.29252,1.0
267,7,0.05034603,1.4135327,-0.19075893,1.0
267,8,-0.0985785,1.3739755,-0.15648517,1.0
267,9,-0.025832755,1.401753,-0.25698128,1.0
267,10,-0.063912846,1.3691099,-0.27808705,1.0
267,11,0.14315376,1.2348802,-0.05719463,1.0
267,12,-0.1605692,1.2936509,0.004972402,1.0
267,13,0.1441487,1.0114684,-0.11818449,1.0
267,14,-0.1836682,0.9936081,-0.08538037,1.0
267,15,0.18758063,1.0337721,-0.26301312,1.0
267,16,-0.2380881,1.0294582,-0.3238234,1.0
267,17,0.19424884,1.0611641,-0.29853675,1.0
267,18,-0.2279072,1.0559494,-0.40039274,1.0
267,19,0.19171175,1.0912126,-0.3194212,1.0
267,20,-0.21035866,1.1297324,-0.41596547,1.0
267,21,0.19749387,1.029243,-0.27764785,1.0
267,22,-0.23006453,1.0586224,-0.3423172,1.0
267,23,0.10135716,0.8014822,0.020311043,1.0
267,24,-0.10430048,0.8084376,-0.016815323,1.0
267,25,0.18969677,0.3892667,-0.02190969,1.0
267,26,-0.1351842,0.45224127,-0.03347738,1.0
267,27,0.32986265,0.07886839,0.1875555,1.0
267,28,-0.2988467,0.068865895,0.15491211,1.0
267,29,0.3199481,0.042653322,0.21543509,1.0
267,30,-0.31954417,0.035400093,0.13541007,1.0
267,31,0.30556548,-0.021501005,0.15155995,1.0
267,32,-0.35742342,0.018502593,0.04248298,1.0
268,0,-0.0563898,1.4169679,-0.3228089,1.0
268,1,-0.026931675,1.4337096,-0.31225976,1.0
268,2,-0.026166761,1.4316332,-0.30367076,1.0
268,3,-0.028099194,1.4325258,-0.30425122,1.0
268,4,-0.056616656,1.4401332,-0.31572795,1.0
268,5,-0.05287089,1.4381483,-0.3324193,1.0
268,6,-0.049153842,1.4297149,-0.3102249,1.0
268,7,0.069860816,1.4136263,-0.20857614,1.0
268,8,-0.08085482,1.3743889,-0.1697462,1.0
268,9,-0.009368863,1.4014332,-0.27402726,1.0
268,10,-0.04725535,1.36902,-0.29424164,1.0
268,11,0.16044173,1.2347903,-0.073615775,1.0
268,12,-0.14044535,1.2960172,0.0011685818,1.0
268,13,0.15679267,1.0115007,-0.15058848,1.0
268,14,-0.16274218,0.99460196,-0.08601801,1.0
268,15,0.18165499,1.0318142,-0.30098948,1.0
268,16,-0.23854655,1.0302155,-0.32220477,1.0
268,17,0.18445094,1.0584521,-0.33494496,1.0
268,18,-0.23570672,1.0575504,-0.3975614,1.0
268,19,0.1813114,1.0900775,-0.35542428,1.0
268,20,-0.22308935,1.1306129,-0.4141775,1.0
268,21,0.19011651,1.0281037,-0.31471288,1.0
268,22,-0.23297653,1.0592206,-0.3409446,1.0
268,23,0.10134226,0.8006742,0.01981222,1.0
268,24,-0.10429797,0.81007177,-0.016326798,1.0
268,25,0.18715492,0.3903491,-0.029140195,1.0
268,26,-0.13442345,0.45330286,-0.032006867,1.0
268,27,0.33048198,0.08003014,0.17693868,1.0
268,28,-0.29593343,0.07065475,0.15514328,1.0
268,29,0.3213133,0.044129014,0.20454772,1.0
268,30,-0.3163371,0.037709117,0.13539472,1.0
268,31,0.30629107,-0.020891786,0.1424754,1.0
268,32,-0.35258362,0.021005034,0.04278069,1.0
269,0,-0.037832234,1.4176385,-0.31868458,1.0
269,1,-0.0076694842,1.4339336,-0.30815843,1.0
269,2,-0.0066180713,1.4318008,-0.29962575,1.0
269,3,-0.00851521,1.4329889,-0.30034256,1.0
269,4,-0.036828782,1.4409301,-0.3119839,1.0
269,5,-0.033438377,1.4386857,-0.32854426,1.0
269,6,-0.029456435,1.4300137,-0.3065207,1.0
269,7,0.092584625,1.4138298,-0.2048614,1.0
269,8,-0.058539398,1.3761649,-0.16884165,1.0
269,9,0.010933797,1.4015735,-0.2703388,1.0
269,10,-0.02732835,1.3693957,-0.2909906,1.0
269,11,0.18261638,1.2350773,-0.07099401,1.0
269,12,-0.115657635,1.3017396,0.0044330284,1.0
269,13,0.18170583,1.0130911,-0.15034994,1.0
269,14,-0.13468058,1.002312,-0.077458754,1.0
269,15,0.18115227,1.0324622,-0.30040193,1.0
269,16,-0.24010292,1.0403467,-0.31074932,1.0
269,17,0.17970245,1.0589828,-0.33351707,1.0
269,18,-0.2372649,1.0706401,-0.38371,1.0
269,19,0.17540492,1.0919408,-0.35273555,1.0
269,20,-0.22929671,1.1402823,-0.40411538,1.0
269,21,0.18749374,1.0294144,-0.31322092,1.0
269,22,-0.23456323,1.0679953,-0.33081427,1.0
269,23,0.10128043,0.798716,0.019484043,1.0
269,24,-0.10423066,0.8113242,-0.015983533,1.0
269,25,0.18561113,0.3913022,-0.031969488,1.0
269,26,-0.1338863,0.45623672,-0.029682565,1.0
269,27,0.33095372,0.08718288,0.17593694,1.0
269,28,-0.2911628,0.07842088,0.15567014,1.0
269,29,0.32268053,0.052924454,0.20391741,1.0
269,30,-0.3097453,0.046427608,0.13546637,1.0
269,31,0.3124444,-0.009504974,0.14281952,1.0
269,32,-0.3446162,0.030582368,0.045082342,1.0
270,0,-0.030656861,1.4146839,-0.3447788,1.0
270,1,-0.0007275258,1.4304252,-0.33720604,1.0
270,2,0.0003469648,1.4278816,-0.32863492,1.0
270,3,-0.0015005931,1.4296019,-0.3289729,1.0
270,4,-0.029487984,1.4377308,-0.3381853,1.0
270,5,-0.026053848,1.4351232,-0.35508716,1.0
270,6,-0.022113828,1.4259188,-0.3328166,1.0
270,7,0.10209164,1.4106216,-0.23926815,1.0
270,8,-0.047502942,1.3745996,-0.18956499,1.0
270,9,0.020105489,1.3980212,-0.29744628,1.0
270,10,-0.01766564,1.3661271,-0.31489822,1.0
270,11,0.2001022,1.2347467,-0.09390706,1.0
270,12,-0.099035986,1.3034638,-0.010763675,1.0
270,13,0.212405,1.0132285,-0.17538859,1.0
270,14,-0.1147981,1.0039166,-0.09184079,1.0
270,15,0.18062998,1.0208738,-0.3217598,1.0
270,16,-0.24129146,1.0432909,-0.32836375,1.0
270,17,0.17647952,1.0428572,-0.35312447,1.0
270,18,-0.24330346,1.0751622,-0.40142763,1.0
270,19,0.1747545,1.0800576,-0.3736325,1.0
270,20,-0.23839511,1.1430357,-0.4246574,1.0
270,21,0.18452054,1.0189623,-0.33425453,1.0
270,22,-0.23535994,1.0701979,-0.3498037,1.0
270,23,0.10102826,0.7977801,0.018792266,1.0
270,24,-0.10403229,0.815115,-0.015303529,1.0
270,25,0.17630489,0.39232397,-0.04185417,1.0
270,26,-0.13459031,0.45819843,-0.023060959,1.0
270,27,0.3325862,0.089004755,0.15772924,1.0
270,28,-0.28830197,0.08261573,0.16038083,1.0
270,29,0.323993,0.055449843,0.18468241,1.0
270,30,-0.3056926,0.05104685,0.13937914,1.0
270,31,0.31360102,-0.0062410235,0.124875054,1.0
270,32,-0.34184405,0.034756362,0.05460494,1.0
271,0,-0.016750405,1.4151392,-0.35238406,1.0
271,1,0.011808537,1.4305468,-0.345667,1.0
271,2,0.013001148,1.4278517,-0.3371907,1.0
271,3,0.011271512,1.4299574,-0.3373497,1.0
271,4,-0.016232554,1.4377973,-0.34606618,1.0
271,5,-0.012887853,1.4349928,-0.36309224,1.0
271,6,-0.009110618,1.4252918,-0.3408764,1.0
271,7,0.113992654,1.4102955,-0.25073645,1.0
271,8,-0.03405514,1.3735682,-0.19813558,1.0
271,9,0.035111055,1.3977224,-0.30603772,1.0
271,10,-0.0029729274,1.3654466,-0.32282135,1.0
271,11,0.21525693,1.2343956,-0.104925275,1.0
271,12,-0.08611203,1.3050263,-0.017624743,1.0
271,13,0.23039249,1.014885,-0.1834961,1.0
271,14,-0.108950876,1.0056322,-0.097770266,1.0
271,15,0.18348657,1.0150328,-0.32766932,1.0
271,16,-0.2416611,1.0446602,-0.33768046,1.0
271,17,0.17422216,1.0346081,-0.35859367,1.0
271,18,-0.24444807,1.0768201,-0.41084656,1.0
271,19,0.17249626,1.0737958,-0.37836584,1.0
271,20,-0.24089438,1.1445845,-0.4359611,1.0
271,21,0.18419093,1.0134751,-0.3397413,1.0
271,22,-0.23639941,1.0715239,-0.36015615,1.0
271,23,0.10100459,0.7972467,0.018826883,1.0
271,24,-0.104079366,0.8190196,-0.015347588,1.0
271,25,0.170612,0.39239022,-0.041428674,1.0
271,26,-0.13795254,0.4607905,-0.018051432,1.0
271,27,0.32531926,0.090759456,0.16109347,1.0
271,28,-0.2875457,0.089630306,0.17441338,1.0
271,29,0.31783533,0.057627678,0.1891624,1.0
271,30,-0.3048975,0.058675885,0.15371369,1.0
271,31,0.31235504,-0.0042977333,0.13207816,1.0
271,32,-0.33237204,0.036940873,0.070971206,1.0
272,0,-0.0077108894,1.4163973,-0.35095763,1.0
272,1,0.020535832,1.4315428,-0.34130475,1.0
272,2,0.022582497,1.4287479,-0.3325597,1.0
272,3,0.02070963,1.4311028,-0.33309555,1.0
272,4,-0.006524351,1.4391176,-0.3439276,1.0
272,5,-0.003561784,1.4359627,-0.36155406,1.0
272,6,7.4920245e-06,1.4261136,-0.33879822,1.0
272,7,0.12295829,1.4106739,-0.2415343,1.0
272,8,-0.025780188,1.374838,-0.1937426,1.0
272,9,0.044297878,1.3984643,-0.30314118,1.0
272,10,0.0050346833,1.3662418,-0.3202869,1.0
272,11,0.2198181,1.2358217,-0.10106112,1.0
272,12,-0.07650821,1.3063928,-0.006137599,1.0
272,13,0.24612258,1.0204678,-0.17211716,1.0
272,14,-0.1057034,1.0063808,-0.07222253,1.0
272,15,0.1874746,1.0159851,-0.31317604,1.0
272,16,-0.2421908,1.0446255,-0.30680826,1.0
272,17,0.17354603,1.0337973,-0.3449491,1.0
272,18,-0.24552183,1.0767865,-0.37846857,1.0
272,19,0.17196858,1.0733522,-0.36400747,1.0
272,20,-0.24355282,1.1432943,-0.40759158,1.0
272,21,0.18461153,1.014072,-0.32452646,1.0
272,22,-0.23708181,1.0708157,-0.33110395,1.0
272,23,0.10073871,0.79699296,0.01912197,1.0
272,24,-0.10379822,0.82165587,-0.015734535,1.0
272,25,0.16404235,0.39205894,-0.041079406,1.0
272,26,-0.14146024,0.46284676,-0.01725287,1.0
272,27,0.31510535,0.089327216,0.16232134,1.0
272,28,-0.29362193,0.09101856,0.16978604,1.0
272,29,0.30815807,0.057385802,0.1906004,1.0
272,30,-0.31013265,0.05979079,0.14677843,1.0
272,31,0.31081453,-0.0022694468,0.13294126,1.0
272,32,-0.33315775,0.037870347,0.060046114,1.0
273,0,-0.007331524,1.4187509,-0.34758472,1.0
273,1,0.020188496,1.4338008,-0.33994064,1.0
273,2,0.022693776,1.4308832,-0.33102274,1.0
273,3,0.020594448,1.4334015,-0.33135992,1.0
273,4,-0.006336059,1.441534,-0.34287348,1.0
273,5,-0.00362554,1.4380472,-0.35994193,1.0
273,6,-0.00025899406,1.4280386,-0.3374965,1.0
273,7,0.12176337,1.4124863,-0.23607323,1.0
273,8,-0.026641462,1.3771254,-0.19066586,1.0
273,9,0.044774693,1.4002666,-0.30207804,1.0
273,10,0.004763916,1.3681495,-0.31590948,1.0
273,11,0.21855442,1.2381324,-0.09672902,1.0
273,12,-0.0736867,1.3084515,-0.00092865014,1.0
273,13,0.2562876,1.0304031,-0.16032062,1.0
273,14,-0.10664117,1.0070624,-0.06239284,1.0
273,15,0.20263751,1.018931,-0.29695362,1.0
273,16,-0.24252266,1.0446942,-0.2923855,1.0
273,17,0.18610753,1.0371561,-0.3288689,1.0
273,18,-0.24651253,1.0761417,-0.36287138,1.0
273,19,0.17357938,1.0763648,-0.34721106,1.0
273,20,-0.24541105,1.1419095,-0.39202788,1.0
273,21,0.19669707,1.016921,-0.3087287,1.0
273,22,-0.23841165,1.070455,-0.31672361,1.0
273,23,0.100449674,0.79734904,0.019509638,1.0
273,24,-0.103385925,0.8239351,-0.016259406,1.0
273,25,0.16200386,0.39232576,-0.036571704,1.0
273,26,-0.14494176,0.46583992,-0.015242033,1.0
273,27,0.30144984,0.08653289,0.16286108,1.0
273,28,-0.29962763,0.09423828,0.16956829,1.0
273,29,0.29335836,0.055530727,0.19150808,1.0
273,30,-0.31566823,0.06255102,0.1465973,1.0
273,31,0.3052739,-0.00012212992,0.13360646,1.0
273,32,-0.33830816,0.041761816,0.059975848,1.0
274,0,-0.006641397,1.4254261,-0.33800945,1.0
274,1,0.02096472,1.4397284,-0.33123612,1.0
274,2,0.023743201,1.4368025,-0.32248652,1.0
274,3,0.021352611,1.4393383,-0.3230529,1.0
274,4,-0.0055063535,1.4481361,-0.3345164,1.0
274,5,-0.0028869524,1.4442868,-0.35106993,1.0
274,6,0.0002042395,1.4343061,-0.32889777,1.0
274,7,0.11995074,1.4148037,-0.23162128,1.0
274,8,-0.028836701,1.382628,-0.18404672,1.0
274,9,0.04412555,1.4048953,-0.29387498,1.0
274,10,0.003435315,1.3737378,-0.3077538,1.0
274,11,0.21436661,1.2399249,-0.08645101,1.0
274,12,-0.078356184,1.3109572,0.001768759,1.0
274,13,0.25796267,1.0368319,-0.14980847,1.0
274,14,-0.11158968,1.0085082,-0.05980665,1.0
274,15,0.21282364,1.0217279,-0.29022077,1.0
274,16,-0.24337064,1.0452318,-0.28967118,1.0
274,17,0.19703388,1.0396354,-0.3225063,1.0
274,18,-0.24835297,1.0753506,-0.36100188,1.0
274,19,0.17964636,1.0783446,-0.34114462,1.0
274,20,-0.24634519,1.1402102,-0.3889238,1.0
274,21,0.20623949,1.01941,-0.30272695,1.0
274,22,-0.24075553,1.0705051,-0.31342858,1.0
274,23,0.10037655,0.79829913,0.019960538,1.0
274,24,-0.103167735,0.8255075,-0.016871627,1.0
274,25,0.15964885,0.39359617,-0.029605055,1.0
274,26,-0.15367241,0.46808535,-0.015259542,1.0
274,27,0.28983003,0.084064126,0.16808553,1.0
274,28,-0.30855316,0.099407315,0.16945326,1.0
274,29,0.2805354,0.053378105,0.19558081,1.0
274,30,-0.32409146,0.067821205,0.14637996,1.0
274,31,0.2961068,0.0020352006,0.13890338,1.0
274,32,-0.34901333,0.050293565,0.060023725,1.0
275,0,-0.0071611796,1.4283271,-0.33673868,1.0
275,1,0.01940776,1.4425211,-0.3297752,1.0
275,2,0.022336239,1.4395456,-0.32100484,1.0
275,3,0.019651486,1.4420989,-0.32138202,1.0
275,4,-0.007370196,1.4509702,-0.33344802,1.0
275,5,-0.0046172393,1.4469194,-0.3501685,1.0
275,6,-0.0017377208,1.4371083,-0.3276452,1.0
275,7,0.11547031,1.4169586,-0.23013662,1.0
275,8,-0.033477716,1.3858871,-0.18622687,1.0
275,9,0.04210635,1.4076055,-0.2910878,1.0
275,10,0.0010045995,1.376879,-0.30771875,1.0
275,11,0.20910348,1.2421411,-0.08424879,1.0
275,12,-0.08386375,1.3150156,-0.0055610775,1.0
275,13,0.2492309,1.0438205,-0.14952488,1.0
275,14,-0.112020865,1.0099009,-0.0735079,1.0
275,15,0.22063693,1.0339888,-0.29001504,1.0
275,16,-0.24210885,1.0401988,-0.3039734,1.0
275,17,0.20896596,1.0526528,-0.32231507,1.0
275,18,-0.24777935,1.0684782,-0.3767531,1.0
275,19,0.19247837,1.0920405,-0.34063894,1.0
275,20,-0.24572583,1.1320118,-0.4050416,1.0
275,21,0.2160352,1.0312701,-0.3025365,1.0
275,22,-0.24110126,1.0647823,-0.32848668,1.0
275,23,0.10041514,0.79972,0.022247883,1.0
275,24,-0.103078976,0.8267128,-0.019396333,1.0
275,25,0.15989777,0.3952144,-0.010495228,1.0
275,26,-0.16187422,0.46957847,-0.015461564,1.0
275,27,0.2728583,0.079824686,0.18749163,1.0
275,28,-0.31721964,0.10097742,0.16898952,1.0
275,29,0.26111883,0.04920453,0.21393721,1.0
275,30,-0.33229575,0.06904501,0.14561172,1.0
275,31,0.28002736,0.0031039119,0.15581019,1.0
275,32,-0.35681248,0.05300176,0.057429954,1.0
276,0,-0.0062102536,1.432961,-0.32183224,1.0
276,1,0.018945154,1.4475179,-0.31340176,1.0
276,2,0.022140067,1.4448345,-0.30471253,1.0
276,3,0.019358661,1.4471402,-0.30516052,1.0
276,4,-0.008106123,1.456061,-0.32065314,1.0
276,5,-0.0054452503,1.4517382,-0.33721775,1.0
276,6,-0.0026386469,1.442239,-0.31467947,1.0
276,7,0.11213968,1.4225626,-0.20703407,1.0
276,8,-0.035231993,1.3922191,-0.17831987,1.0
276,9,0.04095075,1.4126713,-0.2730693,1.0
276,10,-0.00089454395,1.3821695,-0.29452443,1.0
276,11,0.20660014,1.2477572,-0.060479097,1.0
276,12,-0.08480028,1.3198345,-0.003062296,1.0
276,13,0.24272299,1.0515661,-0.11899265,1.0
276,14,-0.116130464,1.0110216,-0.07256193,1.0
276,15,0.22367367,1.0350044,-0.26456815,1.0
276,16,-0.24114524,1.0410357,-0.30211198,1.0
276,17,0.21713102,1.0528665,-0.2983708,1.0
276,18,-0.24490018,1.0689536,-0.37573013,1.0
276,19,0.19977383,1.09173,-0.3181939,1.0
276,20,-0.24073693,1.1331551,-0.4031992,1.0
276,21,0.21990734,1.031988,-0.27924135,1.0
276,22,-0.24049905,1.0659587,-0.32619447,1.0
276,23,0.100765035,0.800632,0.024783598,1.0
276,24,-0.1032856,0.8272332,-0.022019528,1.0
276,25,0.16011237,0.3958318,-0.006846789,1.0
276,26,-0.16550565,0.4704781,-0.022537176,1.0
276,27,0.25921893,0.07738364,0.20249346,1.0
276,28,-0.3311688,0.10494906,0.16821739,1.0
276,29,0.24541694,0.04686904,0.23001571,1.0
276,30,-0.34687135,0.073123455,0.14515182,1.0
276,31,0.26231745,0.0009417534,0.17308348,1.0
276,32,-0.36522028,0.05695218,0.054909863,1.0
277,0,-0.008000884,1.4390819,-0.30073512,1.0
277,1,0.016772939,1.4537045,-0.29034173,1.0
277,2,0.020152245,1.4514872,-0.28152496,1.0
277,3,0.017261932,1.4533869,-0.28240407,1.0
277,4,-0.01036863,1.4627936,-0.30023065,1.0
277,5,-0.0077118333,1.4580295,-0.31691983,1.0
277,6,-0.004964006,1.4493177,-0.2939221,1.0
277,7,0.10828773,1.4275594,-0.17961195,1.0
277,8,-0.04181804,1.3988265,-0.16243424,1.0
277,9,0.038097687,1.4189172,-0.25017798,1.0
277,10,-0.0033663784,1.3888576,-0.27564043,1.0
277,11,0.19008839,1.2511605,-0.03501696,1.0
277,12,-0.10102237,1.3239167,0.0047344095,1.0
277,13,0.23608385,1.0547785,-0.08671707,1.0
277,14,-0.12856884,1.0132743,-0.071578264,1.0
277,15,0.23818424,1.036207,-0.23624459,1.0
277,16,-0.22493906,1.0422001,-0.30190465,1.0
277,17,0.24025753,1.0525595,-0.27187607,1.0
277,18,-0.2180207,1.0684825,-0.37635228,1.0
277,19,0.22505823,1.0898787,-0.29311764,1.0
277,20,-0.20689097,1.1342756,-0.4028211,1.0
277,21,0.23713553,1.0324079,-0.2528488,1.0
277,22,-0.2209605,1.0675751,-0.32547393,1.0
277,23,0.10110828,0.80186063,0.026402194,1.0
277,24,-0.10340483,0.8277611,-0.023722997,1.0
277,25,0.16065583,0.3964891,-0.0029760837,1.0
277,26,-0.16874503,0.47157434,-0.028181454,1.0
277,27,0.24460089,0.067769766,0.19987339,1.0
277,28,-0.34049776,0.106557906,0.16070314,1.0
277,29,0.22807714,0.036655307,0.22731765,1.0
277,30,-0.3570992,0.074218035,0.13747163,1.0
277,31,0.24800515,-0.0021030307,0.1725341,1.0
277,32,-0.379653,0.062081993,0.04470238,1.0
278,0,-0.010178842,1.4476922,-0.29408485,1.0
278,1,0.015311624,1.4625101,-0.28156167,1.0
278,2,0.01869463,1.4607704,-0.27247876,1.0
278,3,0.015786476,1.4622349,-0.27357715,1.0
278,4,-0.011314077,1.4719491,-0.29244557,1.0
278,5,-0.008762596,1.4667947,-0.3095832,1.0
278,6,-0.0056589246,1.4589887,-0.28596956,1.0
278,7,0.095577106,1.4334005,-0.16786562,1.0
278,8,-0.05661054,1.4039518,-0.15696418,1.0
278,9,0.036670767,1.426882,-0.24275978,1.0
278,10,-0.006738551,1.396569,-0.27027103,1.0
278,11,0.17221959,1.2534355,-0.028220318,1.0
278,12,-0.123370714,1.3261604,0.004803399,1.0
278,13,0.22715822,1.0568074,-0.083854094,1.0
278,14,-0.14751637,1.0164484,-0.08194011,1.0
278,15,0.2381535,1.0355074,-0.23386689,1.0
278,16,-0.19842114,1.0237308,-0.32126385,1.0
278,17,0.23923731,1.0488465,-0.26992396,1.0
278,18,-0.18053092,1.0365336,-0.40178666,1.0
278,19,0.22396678,1.0861167,-0.29113576,1.0
278,20,-0.15743256,1.1036661,-0.42231688,1.0
278,21,0.23703042,1.0307906,-0.250099,1.0
278,22,-0.18790264,1.0483727,-0.34266973,1.0
278,23,0.10147131,0.80426157,0.027240532,1.0
278,24,-0.103474885,0.82904744,-0.024595264,1.0
278,25,0.15761691,0.39864558,0.0021483547,1.0
278,26,-0.17994198,0.47383666,-0.033650428,1.0
278,27,0.2220048,0.06250304,0.19865282,1.0
278,28,-0.35549325,0.1090191,0.15441525,1.0
278,29,0.20301998,0.031214654,0.22650069,1.0
278,30,-0.37307984,0.07626122,0.13131437,1.0
278,31,0.22364429,-0.0028285384,0.16454653,1.0
278,32,-0.4013745,0.065306604,0.03612427,1.0
279,0,-0.013909595,1.4502933,-0.30344778,1.0
279,1,0.008772482,1.4651673,-0.2895139,1.0
279,2,0.012757089,1.4635637,-0.28033808,1.0
279,3,0.0094107855,1.4645808,-0.28247565,1.0
279,4,-0.018681673,1.4746172,-0.30291134,1.0
279,5,-0.015990848,1.4692631,-0.32039824,1.0
279,6,-0.013894975,1.461957,-0.296081,1.0
279,7,0.078845784,1.4363022,-0.16996993,1.0
279,8,-0.072354935,1.4059308,-0.17089044,1.0
279,9,0.02680308,1.4301314,-0.2502541,1.0
279,10,-0.016459428,1.3991692,-0.2814502,1.0
279,11,0.15718383,1.2563473,-0.032000393,1.0
279,12,-0.14738925,1.3281527,-0.010922197,1.0
279,13,0.22546645,1.0626112,-0.08376205,1.0
279,14,-0.2148269,1.0221056,-0.09200696,1.0
279,15,0.24071981,1.0265949,-0.23601407,1.0
279,16,-0.17029786,1.01426,-0.32155505,1.0
279,17,0.23899704,1.0328325,-0.27237487,1.0
279,18,-0.12245162,1.022924,-0.40403417,1.0
279,19,0.22107287,1.0637326,-0.29249886,1.0
279,20,-0.07911892,1.0945811,-0.4202061,1.0
279,21,0.23730522,1.0173105,-0.25145307,1.0
279,22,-0.14585511,1.0408366,-0.34149656,1.0
279,23,0.10177664,0.80757046,0.029136471,1.0
279,24,-0.103462055,0.83030576,-0.026425494,1.0
279,25,0.1567366,0.40032986,0.0016072168,1.0
279,26,-0.19174147,0.476494,-0.033912666,1.0
279,27,0.20645943,0.06176436,0.19752452,1.0
279,28,-0.37985522,0.11096555,0.14662492,1.0
279,29,0.18624419,0.031770945,0.22450179,1.0
279,30,-0.39888504,0.07776934,0.124038495,1.0
279,31,0.20909518,0.00042182207,0.16332346,1.0
279,32,-0.431065,0.06964004,0.020818116,1.0
280,0,-0.021321755,1.4525793,-0.29164264,1.0
280,1,-0.0016954977,1.4680393,-0.27669057,1.0
280,2,0.0033792586,1.4666245,-0.2679177,1.0
280,3,-0.0004474133,1.467222,-0.27047092,1.0
280,4,-0.029204354,1.4775746,-0.2904429,1.0
280,5,-0.026656276,1.4722182,-0.30741587,1.0
280,6,-0.024747094,1.4653889,-0.28344584,1.0
280,7,0.067341715,1.4398941,-0.15936716,1.0
280,8,-0.08536875,1.4082043,-0.15865973,1.0
280,9,0.017836131,1.4339225,-0.23813531,1.0
280,10,-0.026284806,1.4019153,-0.2690399,1.0
280,11,0.15150514,1.267197,-0.003927516,1.0
280,12,-0.15629242,1.3300765,-0.003954779,1.0
280,13,0.24305293,1.0790452,-0.033148885,1.0
280,14,-0.25029975,1.0295613,-0.077247895,1.0
280,15,0.23944496,1.004527,-0.16717303,1.0
280,16,-0.1513979,0.9919214,-0.27873203,1.0
280,17,0.23421478,0.99369526,-0.19930404,1.0
280,18,-0.0836668,0.9880313,-0.3576467,1.0
280,19,0.21192992,1.0224792,-0.21458164,1.0
280,20,-0.036412187,1.0608706,-0.36317798,1.0
280,21,0.2331847,0.99164444,-0.17892264,1.0
280,22,-0.121124856,1.0180986,-0.2916683,1.0
280,23,0.10060491,0.8111424,0.032662984,1.0
280,24,-0.1017978,0.83000016,-0.029928425,1.0
280,25,0.15149376,0.40299314,0.010523902,1.0
280,26,-0.19318509,0.48322672,-0.041009802,1.0
280,27,0.18953834,0.065945506,0.20878565,1.0
280,28,-0.39605713,0.11382997,0.13721474,1.0
280,29,0.16953352,0.03657198,0.23405452,1.0
280,30,-0.41630706,0.079972506,0.11589216,1.0
280,31,0.20997539,0.004285097,0.17616452,1.0
280,32,-0.44466937,0.074517846,0.014258679,1.0
281,0,-0.023182103,1.4586493,-0.29048148,1.0
281,1,-0.0048616924,1.4745566,-0.2757243,1.0
281,2,0.00068729825,1.4731033,-0.2667458,1.0
281,3,-0.0034679233,1.4735572,-0.26962772,1.0
281,4,-0.031249516,1.4850848,-0.2895187,1.0
281,5,-0.028739423,1.4794526,-0.3063808,1.0
281,6,-0.027336655,1.4730489,-0.2823882,1.0
281,7,0.063178,1.4438772,-0.1639664,1.0
281,8,-0.086560875,1.411988,-0.158727,1.0
281,9,0.015268922,1.4412618,-0.23832923,1.0
281,10,-0.028264772,1.4081209,-0.2688114,1.0
281,11,0.15086856,1.2762499,-0.007893711,1.0
281,12,-0.15716314,1.3330843,-0.0037428958,1.0
281,13,0.28061992,1.1044339,-0.012858218,1.0
281,14,-0.2735276,1.0542411,-0.070250906,1.0
281,15,0.23966257,0.9895343,-0.09603687,1.0
281,16,-0.15259892,0.98006016,-0.227771,1.0
281,17,0.22669114,0.96625614,-0.117287666,1.0
281,18,-0.07726495,0.9656008,-0.2934358,1.0
281,19,0.18779089,0.9924972,-0.1303743,1.0
281,20,-0.034764297,1.0323478,-0.29538444,1.0
281,21,0.23056693,0.97402006,-0.105046116,1.0
281,22,-0.122845866,1.0033357,-0.23771694,1.0
281,23,0.09803847,0.81499404,0.034001343,1.0
281,24,-0.0986324,0.8301703,-0.031106787,1.0
281,25,0.13894998,0.4052598,0.012902251,1.0
281,26,-0.19560751,0.48733798,-0.043851983,1.0
281,27,0.17934293,0.07043356,0.20724227,1.0
281,28,-0.39795488,0.11184925,0.110561006,1.0
281,29,0.16085339,0.041409433,0.23138838,1.0
281,30,-0.4185587,0.076568246,0.087369435,1.0
281,31,0.2071214,0.014208794,0.1757228,1.0
281,32,-0.45970345,0.078619,-0.009316793,1.0
282,0,-0.02661584,1.4615054,-0.30729103,1.0
282,1,-0.010907801,1.4779537,-0.2941461,1.0
282,2,-0.005472987,1.4767392,-0.28439468,1.0
282,3,-0.009775799,1.4771278,-0.2887468,1.0
282,4,-0.035773467,1.4886146,-0.3090869,1.0
282,5,-0.03303402,1.4835907,-0.3253364,1.0
282,6,-0.032439217,1.4770675,-0.30139208,1.0
282,7,0.054791115,1.4480222,-0.18949898,1.0
282,8,-0.09006988,1.4160981,-0.18781093,1.0
282,9,0.011229817,1.4457409,-0.2559776,1.0
282,10,-0.030652033,1.4119444,-0.28752312,1.0
282,11,0.14717853,1.2907104,-0.023041103,1.0
282,12,-0.1583857,1.3374941,-0.02140759,1.0
282,13,0.3127095,1.1483867,0.002521843,1.0
282,14,-0.29092088,1.075509,-0.07795657,1.0
282,15,0.2596651,0.99453855,-0.0022364112,1.0
282,16,-0.16118775,0.98170185,-0.22713266,1.0
282,17,0.22972059,0.96751916,-0.005720402,1.0
282,18,-0.08716594,0.96977615,-0.29006228,1.0
282,19,0.18817002,0.98622143,-0.01957902,1.0
282,20,-0.046394337,1.0299064,-0.28962523,1.0
282,21,0.24305873,0.97586155,-0.008566137,1.0
282,22,-0.13352107,1.002883,-0.23651053,1.0
282,23,0.09464125,0.82015485,0.035410993,1.0
282,24,-0.09489076,0.8317317,-0.031969924,1.0
282,25,0.13081725,0.4083091,0.01832776,1.0
282,26,-0.19570361,0.49054533,-0.04794426,1.0
282,27,0.16510735,0.07416731,0.20649469,1.0
282,28,-0.40347707,0.11235219,0.09269373,1.0
282,29,0.14554548,0.04497856,0.23045242,1.0
282,30,-0.42501667,0.07685822,0.06985821,1.0
282,31,0.19008963,0.018063962,0.17375496,1.0
282,32,-0.46533263,0.082615495,-0.023239773,1.0
283,0,-0.028534465,1.4652506,-0.31418228,1.0
283,1,-0.013162853,1.4824317,-0.30142012,1.0
283,2,-0.008507579,1.4813681,-0.29150102,1.0
283,3,-0.012764633,1.4819087,-0.29627305,1.0
283,4,-0.038739078,1.493156,-0.31560192,1.0
283,5,-0.03525543,1.4889258,-0.3324136,1.0
283,6,-0.035465,1.4822361,-0.30834344,1.0
283,7,0.052825924,1.4532037,-0.20045865,1.0
283,8,-0.09142055,1.4200649,-0.19461,1.0
283,9,0.009471106,1.4506015,-0.2640997,1.0
283,10,-0.03167697,1.4168769,-0.2949356,1.0
283,11,0.14590803,1.3069336,-0.03503828,1.0
283,12,-0.1559075,1.3432562,-0.03547393,1.0
283,13,0.33611503,1.1914198,-0.020457033,1.0
283,14,-0.30714783,1.1127197,-0.12241219,1.0
283,15,0.29201064,1.0146145,-0.058897007,1.0
283,16,-0.1675672,1.0067167,-0.25733918,1.0
283,17,0.25798768,0.9881864,-0.06913503,1.0
283,18,-0.10038742,0.9870402,-0.31120047,1.0
283,19,0.20817061,1.0090933,-0.08329137,1.0
283,20,-0.056614883,1.054705,-0.30040258,1.0
283,21,0.27102,0.98264307,-0.06701707,1.0
283,22,-0.14377278,1.0177842,-0.25719607,1.0
283,23,0.090852246,0.8277941,0.037631,1.0
283,24,-0.09084966,0.83333594,-0.03325661,1.0
283,25,0.12217034,0.41224363,0.021163149,1.0
283,26,-0.19398713,0.49462634,-0.04925322,1.0
283,27,0.15744288,0.078695774,0.20787396,1.0
283,28,-0.40297323,0.11416966,0.08959314,1.0
283,29,0.13877484,0.04878515,0.23094186,1.0
283,30,-0.42436513,0.0794785,0.0676218,1.0
283,31,0.18158716,0.01909703,0.18254775,1.0
283,32,-0.4553961,0.082434595,-0.019049717,1.0
284,0,-0.02819923,1.4641311,-0.30102816,1.0
284,1,-0.0122199785,1.4822965,-0.28804064,1.0
284,2,-0.008165279,1.4811487,-0.2782318,1.0
284,3,-0.012103525,1.4820611,-0.28336197,1.0
284,4,-0.038557522,1.4929214,-0.30153483,1.0
284,5,-0.034474377,1.4895632,-0.31833515,1.0
284,6,-0.035407405,1.482425,-0.29509422,1.0
284,7,0.054591913,1.4552639,-0.1880179,1.0
284,8,-0.09071424,1.4211419,-0.18345164,1.0
284,9,0.009604248,1.452404,-0.25127566,1.0
284,10,-0.031397037,1.4176273,-0.2823583,1.0
284,11,0.1469642,1.3221241,-0.020997223,1.0
284,12,-0.15314808,1.3468275,-0.03179204,1.0
284,13,0.35896638,1.2403584,0.0063353525,1.0
284,14,-0.30907452,1.1513904,-0.14261153,1.0
284,15,0.35642913,1.0796483,-0.030143647,1.0
284,16,-0.1707435,1.0879612,-0.29715312,1.0
284,17,0.33511904,1.0423791,-0.039506026,1.0
284,18,-0.10853564,1.0800562,-0.35803336,1.0
284,19,0.2798827,1.0383561,-0.05422596,1.0
284,20,-0.06268043,1.1269306,-0.33911616,1.0
284,21,0.33643672,1.0455403,-0.039150305,1.0
284,22,-0.14944951,1.0985448,-0.29795164,1.0
284,23,0.089305386,0.8324513,0.0443198,1.0
284,24,-0.0892811,0.83211094,-0.038649656,1.0
284,25,0.12358768,0.41109952,0.02056874,1.0
284,26,-0.17856067,0.49566188,-0.06985194,1.0
284,27,0.16256058,0.07465124,0.20760232,1.0
284,28,-0.40149152,0.12570906,0.08996108,1.0
284,29,0.14525776,0.04305929,0.23063329,1.0
284,30,-0.42318237,0.095015824,0.07097604,1.0
284,31,0.18856089,0.01415807,0.18378787,1.0
284,32,-0.4495619,0.087314785,-0.013486223,1.0
285,0,-0.026986867,1.4613822,-0.2593778,1.0
285,1,-0.011523447,1.4802266,-0.2458743,1.0
285,2,-0.008113424,1.4788709,-0.23648338,1.0
285,3,-0.011381111,1.4801675,-0.24199085,1.0
285,4,-0.038441416,1.490802,-0.2608213,1.0
285,5,-0.033844404,1.4884722,-0.27675128,1.0
285,6,-0.035306826,1.4807289,-0.25501794,1.0
285,7,0.053338673,1.4579326,-0.14145495,1.0
285,8,-0.0923083,1.4205594,-0.14296377,1.0
285,9,0.009632422,1.4514906,-0.20884562,1.0
285,10,-0.030974183,1.4156932,-0.24124631,1.0
285,11,0.14498377,1.3366158,0.016901162,1.0
285,12,-0.15298305,1.3471601,-0.021463199,1.0
285,13,0.346234,1.2930286,0.03986852,1.0
285,14,-0.31880498,1.1824884,-0.15011986,1.0
285,15,0.40167904,1.1725157,0.008410828,1.0
285,16,-0.18235312,1.2199041,-0.30937445,1.0
285,17,0.39892876,1.1421436,0.0028042519,1.0
285,18,-0.114386745,1.2358572,-0.36863694,1.0
285,19,0.3577697,1.1316415,-0.013935928,1.0
285,20,-0.07310173,1.284404,-0.34577656,1.0
285,21,0.39052218,1.1391237,-0.003598573,1.0
285,22,-0.15416087,1.236764,-0.3096266,1.0
285,23,0.08836249,0.8331254,0.04924759,1.0
285,24,-0.088352025,0.82794225,-0.042405095,1.0
285,25,0.12260685,0.40168026,0.021343695,1.0
285,26,-0.15212534,0.48965704,-0.091512434,1.0
285,27,0.1492017,0.067628264,0.20734295,1.0
285,28,-0.40239248,0.14334184,0.09411217,1.0
285,29,0.13134477,0.03415829,0.23050037,1.0
285,30,-0.42654917,0.11582321,0.07616144,1.0
285,31,0.17850779,0.004415214,0.18530087,1.0
285,32,-0.4466995,0.08922696,0.003920982,1.0
286,0,-0.025959035,1.4691772,-0.26085162,1.0
286,1,-0.010016577,1.4873285,-0.24810857,1.0
286,2,-0.008074406,1.4869747,-0.23836443,1.0
286,3,-0.010416636,1.4884925,-0.2439877,1.0
286,4,-0.037738953,1.4978805,-0.26011893,1.0
286,5,-0.032355547,1.4975555,-0.27536148,1.0
286,6,-0.03444925,1.4883666,-0.25449434,1.0
286,7,0.054207113,1.4622334,-0.14480838,1.0
286,8,-0.09102162,1.4216685,-0.13831863,1.0
286,9,0.010604237,1.458916,-0.21181636,1.0
286,10,-0.02907646,1.4214671,-0.24258226,1.0
286,11,0.14683232,1.3325746,0.0064799306,1.0
286,12,-0.15128869,1.3531709,-0.023196906,1.0
286,13,0.33050945,1.3278906,0.025018185,1.0
286,14,-0.31835058,1.2507653,-0.1779278,1.0
286,15,0.45643672,1.3147988,0.018867148,1.0
286,16,-0.21865292,1.3793948,-0.3453529,1.0
286,17,0.47368932,1.3145864,0.01911316,1.0
286,18,-0.1567315,1.4189306,-0.40735066,1.0
286,19,0.4558462,1.3123356,0.0025577408,1.0
286,20,-0.108011976,1.4749593,-0.38974065,1.0
286,21,0.46028712,1.289885,0.0038983966,1.0
286,22,-0.19265877,1.4025905,-0.34733537,1.0
286,23,0.087610126,0.8302422,0.049893253,1.0
286,24,-0.08785389,0.8231047,-0.042204693,1.0
286,25,0.12075104,0.3946833,0.007914567,1.0
286,26,-0.09620007,0.48489177,-0.13162102,1.0
286,27,0.12889686,0.039046347,0.163156,1.0
286,28,-0.3979689,0.2188204,0.10511782,1.0
286,29,0.1091897,0.00094145536,0.18505009,1.0
286,30,-0.42188123,0.20106006,0.102987796,1.0
286,31,0.14908263,-0.024774075,0.13975632,1.0
286,32,-0.44323167,0.17067689,0.066758096,1.0
287,0,-0.01934063,1.4512776,-0.2320717,1.0
287,1,-0.0043010553,1.4698908,-0.21871333,1.0
287,2,-0.004193632,1.4705383,-0.20951207,1.0
287,3,-0.005641742,1.4729478,-0.2146452,1.0
287,4,-0.032135524,1.4802978,-0.23206581,1.0
287,5,-0.02625321,1.481993,-0.24589574,1.0
287,6,-0.028631032,1.4713386,-0.22659934,1.0
287,7,0.05644676,1.4527402,-0.10650882,1.0
287,8,-0.091565005,1.4111605,-0.109378725,1.0
287,9,0.016198283,1.443768,-0.18097565,1.0
287,10,-0.02390101,1.4062464,-0.21410713,1.0
287,11,0.14729322,1.3189408,0.050493676,1.0
287,12,-0.14379546,1.3598828,-0.012595195,1.0
287,13,0.33984286,1.3040007,0.05293512,1.0
287,14,-0.3029206,1.2860682,-0.17521936,1.0
287,15,0.47378168,1.4273891,0.019437311,1.0
287,16,-0.2427652,1.4845963,-0.35167012,1.0
287,17,0.4841478,1.4665023,0.012968589,1.0
287,18,-0.20046188,1.5447567,-0.41542742,1.0
287,19,0.46762878,1.4806414,0.004241269,1.0
287,20,-0.16149835,1.6033336,-0.39783052,1.0
287,21,0.47836414,1.4168255,0.0046728905,1.0
287,22,-0.22599792,1.5098059,-0.35193783,1.0
287,23,0.082349196,0.82293534,0.058673047,1.0
287,24,-0.0827872,0.8146748,-0.05078097,1.0
287,25,0.121230595,0.38738206,0.008955888,1.0
287,26,-0.054591253,0.4777839,-0.16713999,1.0
287,27,0.11703139,0.038445234,0.16539466,1.0
287,28,-0.34180796,0.3209011,0.13772775,1.0
287,29,0.09617183,-8.124113e-05,0.18825206,1.0
287,30,-0.37312812,0.31588614,0.14747708,1.0
287,31,0.11706303,-0.030651748,0.14307813,1.0
287,32,-0.38874626,0.2644025,0.15163688,1.0
288,0,-0.011070082,1.4330702,-0.24068908,1.0
288,1,0.0014891315,1.452389,-0.2239919,1.0
288,2,-0.0004403505,1.4535038,-0.21409717,1.0
288,3,-0.0010603133,1.4571524,-0.21818991,1.0
288,4,-0.026254075,1.4623687,-0.24645808,1.0
288,5,-0.019457955,1.4659002,-0.260483,1.0
288,6,-0.02244414,1.4540298,-0.24041948,1.0
288,7,0.05664178,1.4367526,-0.11211193,1.0
288,8,-0.09139992,1.3923352,-0.15014678,1.0
288,9,0.020628244,1.4276178,-0.18582387,1.0
288,10,-0.017076612,1.3893738,-0.23368101,1.0
288,11,0.14707996,1.307158,0.03616603,1.0
288,12,-0.14002652,1.3552744,-0.08500344,1.0
288,13,0.35060546,1.3696105,0.046584345,1.0
288,14,-0.24604133,1.3505399,-0.32351625,1.0
288,15,0.4930825,1.548554,0.04997352,1.0
288,16,-0.2379068,1.5826039,-0.5176606,1.0
288,17,0.5027498,1.5940986,0.057339754,1.0
288,18,-0.20925537,1.6460453,-0.5892131,1.0
288,19,0.4847962,1.6133585,0.043689277,1.0
288,20,-0.17405209,1.695729,-0.56956446,1.0
288,21,0.5002105,1.5399668,0.03336545,1.0
288,22,-0.22422469,1.6039462,-0.5176051,1.0
288,23,0.07926583,0.81374556,0.067522444,1.0
288,24,-0.08024462,0.8040601,-0.05979961,1.0
288,25,0.118253276,0.38606748,0.01971286,1.0
288,26,-0.030176796,0.4766578,-0.18122207,1.0
288,27,0.10663294,0.033309698,0.16815399,1.0
288,28,-0.28055197,0.3693682,0.17991245,1.0
288,29,0.085928865,-0.007871032,0.19328976,1.0
288,30,-0.3083293,0.36832395,0.19493824,1.0
288,31,0.11015064,-0.039109528,0.1673283,1.0
288,32,-0.31316784,0.3105983,0.21594907,1.0
289,0,-0.010165638,1.4057546,-0.30458957,1.0
289,1,0.0013915878,1.4262296,-0.29198036,1.0
289,2,-0.0006753892,1.4264414,-0.28096288,1.0
289,3,-0.0005360467,1.432188,-0.28605178,1.0
289,4,-0.025450781,1.4337983,-0.3107747,1.0
289,5,-0.018362558,1.4381733,-0.32437527,1.0
289,6,-0.021155825,1.4241748,-0.30483115,1.0
289,7,0.055195726,1.410527,-0.18502377,1.0
289,8,-0.09156408,1.3587562,-0.2152934,1.0
289,9,0.021806147,1.4001036,-0.253022,1.0
289,10,-0.01454006,1.3606229,-0.29748547,1.0
289,11,0.14453569,1.2950552,-0.026199665,1.0
289,12,-0.12861632,1.3478354,-0.13545783,1.0
289,13,0.34272122,1.3933362,0.027769208,1.0
289,14,-0.21546112,1.4251162,-0.30909476,1.0
289,15,0.45956582,1.5994486,0.018810753,1.0
289,16,-0.26307178,1.6660881,-0.4460393,1.0
289,17,0.46321386,1.6462593,0.021660466,1.0
289,18,-0.25436112,1.7226003,-0.51188505,1.0
289,19,0.44708893,1.6693459,0.007376372,1.0
289,20,-0.222073,1.7720897,-0.5008593,1.0
289,21,0.46553826,1.5909358,0.0004571327,1.0
289,22,-0.25567257,1.6870413,-0.4487641,1.0
289,23,0.07495989,0.80482924,0.07016619,1.0
289,24,-0.07633731,0.7938763,-0.063254215,1.0
289,25,0.11702135,0.38736713,0.019247094,1.0
289,26,0.022081267,0.47232333,-0.17212749,1.0
289,27,0.09842334,0.040700316,0.17091249,1.0
289,28,-0.21224466,0.40124452,0.18764791,1.0
289,29,0.07908648,0.00031608343,0.19617198,1.0
289,30,-0.23873904,0.40466782,0.2009158,1.0
289,31,0.10320821,-0.03665203,0.1790815,1.0
289,32,-0.25421515,0.3482205,0.23695205,1.0
290,0,-0.011044728,1.3965317,-0.30227873,1.0
290,1,0.0008571469,1.4182007,-0.28837398,1.0
290,2,-0.0010130953,1.417517,-0.27703533,1.0
290,3,-0.000536805,1.4249375,-0.28158966,1.0
290,4,-0.02569702,1.4251331,-0.30967823,1.0
290,5,-0.01841393,1.4304259,-0.32246864,1.0
290,6,-0.020867499,1.4157195,-0.30278453,1.0
290,7,0.052210085,1.4004731,-0.18187167,1.0
290,8,-0.092159845,1.3500962,-0.20352454,1.0
290,9,0.021783158,1.390863,-0.2507414,1.0
290,10,-0.014354762,1.352217,-0.29360184,1.0
290,11,0.1372938,1.2906357,-0.024149274,1.0
290,12,-0.121400885,1.3468485,-0.12407419,1.0
290,13,0.31725094,1.4216757,0.039572857,1.0
290,14,-0.18242343,1.4190414,-0.3109793,1.0
290,15,0.43473396,1.6280508,0.057449088,1.0
290,16,-0.2562457,1.6543112,-0.4484181,1.0
290,17,0.4347998,1.6695073,0.063673355,1.0
290,18,-0.24992344,1.7070752,-0.5108627,1.0
290,19,0.416929,1.6908802,0.046649385,1.0
290,20,-0.21842472,1.756408,-0.5031903,1.0
290,21,0.4382957,1.6159716,0.03681921,1.0
290,22,-0.24870707,1.674623,-0.45145288,1.0
290,23,0.06975171,0.79668856,0.073434874,1.0
290,24,-0.07117142,0.78347045,-0.06689984,1.0
290,25,0.103605986,0.389642,0.01929865,1.0
290,26,0.039388213,0.46656615,-0.17582813,1.0
290,27,0.07866112,0.05584705,0.17180413,1.0
290,28,-0.20120838,0.42623925,0.18392836,1.0
290,29,0.059681576,0.015779078,0.1990109,1.0
290,30,-0.22830404,0.43432772,0.19588368,1.0
290,31,0.07831342,-0.036601305,0.20671439,1.0
290,32,-0.25545448,0.37333548,0.24406342,1.0
291,0,-0.007637424,1.3918164,-0.2615579,1.0
291,1,0.002278733,1.413621,-0.2490555,1.0
291,2,2.9850286e-05,1.4132564,-0.2371532,1.0
291,3,0.0005718396,1.4218259,-0.24179721,1.0
291,4,-0.022855327,1.4200597,-0.27110893,1.0
291,5,-0.015288562,1.4261525,-0.28385812,1.0
291,6,-0.0171885,1.4108124,-0.26492363,1.0
291,7,0.0415939,1.3960327,-0.13963628,1.0
291,8,-0.0930585,1.3411722,-0.19416463,1.0
291,9,0.021803444,1.3863337,-0.2097233,1.0
291,10,-0.012385385,1.3468248,-0.2593836,1.0
291,11,0.11621959,1.296326,0.014346043,1.0
291,12,-0.118802,1.348763,-0.120241895,1.0
291,13,0.28502947,1.4399049,0.099413544,1.0
291,14,-0.13461621,1.3942969,-0.3608063,1.0
291,15,0.41697425,1.65553,0.13920377,1.0
291,16,-0.21876907,1.638471,-0.5274533,1.0
291,17,0.4299088,1.6958671,0.14855173,1.0
291,18,-0.24445294,1.6936743,-0.58968914,1.0
291,19,0.40767476,1.7148108,0.1318315,1.0
291,20,-0.20083408,1.741416,-0.5815309,1.0
291,21,0.4317128,1.6410143,0.11893455,1.0
291,22,-0.22241622,1.6588987,-0.5290623,1.0
291,23,0.061749145,0.78801924,0.08287725,1.0
291,24,-0.06296041,0.77458155,-0.07646079,1.0
291,25,0.09763075,0.38590878,0.02806294,1.0
291,26,0.07523875,0.4713127,-0.18084583,1.0
291,27,0.0742497,0.050094545,0.17332666,1.0
291,28,-0.17700145,0.44179752,0.17706226,1.0
291,29,0.055139743,0.009170175,0.2004794,1.0
291,30,-0.2062518,0.45122248,0.18603261,1.0
291,31,0.07526187,-0.04319215,0.21127231,1.0
291,32,-0.2355807,0.38664258,0.24290231,1.0
292,0,0.011681318,1.389379,-0.25562808,1.0
292,1,0.016081396,1.4115994,-0.24508487,1.0
292,2,0.013424894,1.4104655,-0.23313397,1.0
292,3,0.014181758,1.4205458,-0.23747636,1.0
292,4,-0.0057457536,1.4173741,-0.26882175,1.0
292,5,0.0019397694,1.4232903,-0.28259784,1.0
292,6,0.0007120846,1.4080472,-0.26355487,1.0
292,7,0.034966975,1.3947241,-0.13715588,1.0
292,8,-0.09183813,1.338922,-0.19906574,1.0
292,9,0.029550752,1.3832216,-0.20320494,1.0
292,10,0.0014206845,1.3446381,-0.25705254,1.0
292,11,0.09742997,1.3019586,0.012575594,1.0
292,12,-0.11887855,1.3476801,-0.13817853,1.0
292,13,0.26072475,1.4438902,0.08246956,1.0
292,14,-0.10717689,1.3912373,-0.3905993,1.0
292,15,0.36843225,1.6574597,0.10903007,1.0
292,16,-0.17537795,1.6439414,-0.54947245,1.0
292,17,0.3740662,1.6976333,0.11472489,1.0
292,18,-0.18901429,1.7039173,-0.61210227,1.0
292,19,0.35414034,1.718612,0.09906928,1.0
292,20,-0.1672462,1.7513719,-0.6045774,1.0
292,21,0.37854615,1.6428249,0.08921204,1.0
292,22,-0.1779185,1.6664269,-0.5515855,1.0
292,23,0.057335738,0.7858314,0.08610684,1.0
292,24,-0.058354057,0.771915,-0.08026555,1.0
292,25,0.09787404,0.38484567,0.026680654,1.0
292,26,0.09228325,0.4782931,-0.17145605,1.0
292,27,0.07587898,0.041378498,0.14664187,1.0
292,28,-0.15845317,0.41339114,0.17473672,1.0
292,29,0.056995578,-0.00087559223,0.16901553,1.0
292,30,-0.18829106,0.41806313,0.17964923,1.0
292,31,0.080533,-0.057345986,0.18190987,1.0
292,32,-0.21237,0.3603981,0.22174177,1.0
293,0,0.012540598,1.3911288,-0.24861029,1.0
293,1,0.015440501,1.4139057,-0.23823959,1.0
293,2,0.0134735,1.4127243,-0.2263205,1.0
293,3,0.013949126,1.4235499,-0.22992046,1.0
293,4,-0.0057261153,1.418074,-0.26338872,1.0
293,5,0.0014225706,1.4233484,-0.27838942,1.0
293,6,0.0013502771,1.4080455,-0.2589471,1.0
293,7,0.023052065,1.3990571,-0.13094012,1.0
293,8,-0.09463334,1.3391707,-0.19827878,1.0
293,9,0.029384293,1.3844492,-0.19496647,1.0
293,10,0.0018213264,1.3456454,-0.2517421,1.0
293,11,0.08277072,1.3088288,0.0147709595,1.0
293,12,-0.120284006,1.3452268,-0.13767686,1.0
293,13,0.23169042,1.4394805,0.08339473,1.0
293,14,-0.07868129,1.3740431,-0.38014323,1.0
293,15,0.3152589,1.645258,0.114400074,1.0
293,16,-0.12056889,1.6343137,-0.518486,1.0
293,17,0.31555182,1.6872121,0.122571774,1.0
293,18,-0.11843536,1.7007643,-0.57916695,1.0
293,19,0.2956255,1.7062113,0.10857945,1.0
293,20,-0.10445466,1.7494559,-0.5704679,1.0
293,21,0.3214102,1.6301286,0.0962976,1.0
293,22,-0.12147047,1.6601473,-0.51921636,1.0
293,23,0.05555784,0.78745645,0.086979665,1.0
293,24,-0.056329988,0.7720604,-0.08215834,1.0
293,25,0.08339998,0.3887213,0.027073758,1.0
293,26,0.107478596,0.48079234,-0.16981348,1.0
293,27,0.06860274,0.03936541,0.1475187,1.0
293,28,-0.14505303,0.37303358,0.15467976,1.0
293,29,0.050230227,-0.0029675364,0.17035061,1.0
293,30,-0.17583911,0.37077516,0.15991335,1.0
293,31,0.06824158,-0.063197434,0.17977951,1.0
293,32,-0.18980704,0.31473324,0.2027487,1.0
294,0,0.009667225,1.3962243,-0.24869101,1.0
294,1,0.011027032,1.4184363,-0.23664108,1.0
294,2,0.009958632,1.4167686,-0.2252864,1.0
294,3,0.009788638,1.427953,-0.22816977,1.0
294,4,-0.009562133,1.4222486,-0.2606116,1.0
294,5,-0.0032982961,1.4262555,-0.27696723,1.0
294,6,-0.0016936847,1.4113495,-0.25689605,1.0
294,7,0.019121457,1.4023603,-0.12833019,1.0
294,8,-0.10250806,1.3421603,-0.19729634,1.0
294,9,0.022923555,1.3878052,-0.19430391,1.0
294,10,-0.004769496,1.3503611,-0.24951702,1.0
294,11,0.08194011,1.3084722,0.013380326,1.0
294,12,-0.12599637,1.348098,-0.12652908,1.0
294,13,0.22401357,1.411783,0.065888025,1.0
294,14,-0.05923606,1.3666155,-0.34375638,1.0
294,15,0.27792227,1.6158628,0.05238567,1.0
294,16,-0.057588607,1.6287444,-0.45232606,1.0
294,17,0.26936567,1.6606536,0.051121064,1.0
294,18,-0.040605027,1.6967272,-0.51178664,1.0
294,19,0.24625233,1.6825402,0.045036785,1.0
294,20,-0.023174461,1.7501915,-0.4990201,1.0
294,21,0.27726305,1.6037021,0.03711246,1.0
294,22,-0.053476464,1.6575594,-0.44973743,1.0
294,23,0.056416165,0.7923574,0.08443658,1.0
294,24,-0.056823302,0.7759829,-0.08043559,1.0
294,25,0.07611998,0.39149553,0.025881443,1.0
294,26,0.0984537,0.4851988,-0.16589165,1.0
294,27,0.0677386,0.037994623,0.14800385,1.0
294,28,-0.1360348,0.34151316,0.12791109,1.0
294,29,0.05095659,-0.0034018755,0.17185013,1.0
294,30,-0.16468,0.32867232,0.12857533,1.0
294,31,0.07727241,-0.059873044,0.17824371,1.0
294,32,-0.16808058,0.2587468,0.15406749,1.0
295,0,0.006608699,1.404299,-0.23082705,1.0
295,1,0.007274077,1.4256213,-0.2157358,1.0
295,2,0.007574614,1.4234668,-0.2047555,1.0
295,3,0.006656159,1.4341617,-0.20676482,1.0
295,4,-0.012924285,1.4290845,-0.23912278,1.0
295,5,-0.00820733,1.4309621,-0.25616896,1.0
295,6,-0.004546929,1.4164617,-0.23617895,1.0
295,7,0.019333335,1.4073522,-0.10504744,1.0
295,8,-0.10748053,1.3452635,-0.17060275,1.0
295,9,0.01958478,1.3932893,-0.17501947,1.0
295,10,-0.009952845,1.35726,-0.22859791,1.0
295,11,0.08256528,1.3091438,0.039513327,1.0
295,12,-0.12643221,1.3495247,-0.11813439,1.0
295,13,0.22120173,1.4086471,0.0720716,1.0
295,14,-0.008348819,1.364444,-0.28467238,1.0
295,15,0.24043958,1.5803576,0.051488265,1.0
295,16,0.025238004,1.60848,-0.3081046,1.0
295,17,0.21934555,1.6278358,0.049165476,1.0
295,18,0.049010146,1.6739829,-0.3605507,1.0
295,19,0.19641593,1.6511996,0.043073747,1.0
295,20,0.060231574,1.7264509,-0.3457445,1.0
295,21,0.23530136,1.5709851,0.03754173,1.0
295,22,0.028477537,1.637635,-0.3025778,1.0
295,23,0.0560163,0.7970604,0.08323542,1.0
295,24,-0.055798676,0.7792596,-0.08012922,1.0
295,25,0.06216919,0.4155979,0.026299175,1.0
295,26,0.10202688,0.48885235,-0.16394936,1.0
295,27,0.047193196,0.061169803,0.1488703,1.0
295,28,-0.099054344,0.2779361,0.122422695,1.0
295,29,0.028333751,0.022443116,0.17315114,1.0
295,30,-0.12430461,0.25793093,0.12177722,1.0
295,31,0.054027937,-0.03005439,0.17861867,1.0
295,32,-0.11475763,0.18840635,0.14135762,1.0
296,0,-0.008775884,1.4227643,-0.17611139,1.0
296,1,-0.006123235,1.4414048,-0.16122125,1.0
296,2,-0.004129445,1.4388947,-0.15072101,1.0
296,3,-0.005794685,1.4481875,-0.15222421,1.0
296,4,-0.024455745,1.4462256,-0.18291987,1.0
296,5,-0.02134483,1.4455543,-0.20011011,1.0
296,6,-0.01579688,1.4315982,-0.18083829,1.0
296,7,0.008799467,1.4163578,-0.05932253,1.0
296,8,-0.11319665,1.3598932,-0.116906196,1.0
296,9,0.0059179375,1.4073201,-0.12325507,1.0
296,10,-0.023959698,1.3751566,-0.17404436,1.0
296,11,0.07778777,1.3141966,0.072635196,1.0
296,12,-0.12793575,1.3538244,-0.0631967,1.0
296,13,0.22234246,1.360309,0.07491996,1.0
296,14,0.027012553,1.3627336,-0.19260544,1.0
296,15,0.21481797,1.5827808,0.032840893,1.0
296,16,0.087978825,1.5934155,-0.1937049,1.0
296,17,0.1877136,1.6054499,0.023719916,1.0
296,18,0.119252525,1.6456282,-0.23924337,1.0
296,19,0.16408147,1.62549,0.02551989,1.0
296,20,0.12311947,1.7009568,-0.22643325,1.0
296,21,0.20684294,1.5575384,0.022900209,1.0
296,22,0.08969697,1.6218786,-0.1881174,1.0
296,23,0.056241572,0.80347633,0.08189398,1.0
296,24,-0.055089246,0.786364,-0.079444,1.0
296,25,0.056019306,0.4294538,0.022176238,1.0
296,26,0.091033824,0.46955988,-0.13490082,1.0
296,27,0.04337433,0.07379115,0.15055546,1.0
296,28,-0.09603713,0.19605047,0.124517925,1.0
296,29,0.024337023,0.036958456,0.17480405,1.0
296,30,-0.11913759,0.16941303,0.12183574,1.0
296,31,0.053042125,-0.012236655,0.17905095,1.0
296,32,-0.103614524,0.124417484,0.11879319,1.0
297,0,-0.03272455,1.4356147,-0.17805606,1.0
297,1,-0.02881767,1.4536247,-0.16418222,1.0
297,2,-0.025776614,1.4512601,-0.1533363,1.0
297,3,-0.02799649,1.4590783,-0.15482481,1.0
297,4,-0.048630983,1.4584389,-0.18568188,1.0
297,5,-0.045974538,1.4563122,-0.2038253,1.0
297,6,-0.03956323,1.4430447,-0.18369865,1.0
297,7,-0.010785233,1.4295908,-0.058471885,1.0
297,8,-0.1341477,1.372992,-0.11431042,1.0
297,9,-0.015266071,1.4189739,-0.12258232,1.0
297,10,-0.046257325,1.388064,-0.17312188,1.0
297,11,0.068843536,1.3142062,0.07671367,1.0
297,12,-0.14371258,1.3585539,-0.0387226,1.0
297,13,0.21277678,1.2756991,0.060525957,1.0
297,14,0.018890511,1.3129687,-0.1838229,1.0
297,15,0.19883947,1.4643644,-0.05031142,1.0
297,16,0.084514245,1.4981375,-0.22895665,1.0
297,17,0.17418729,1.5142839,-0.0695739,1.0
297,18,0.11854511,1.5547379,-0.27758682,1.0
297,19,0.15488057,1.5434241,-0.066991135,1.0
297,20,0.11733393,1.604121,-0.26680166,1.0
297,21,0.19225767,1.4600422,-0.05947553,1.0
297,22,0.085331306,1.525533,-0.22541294,1.0
297,23,0.05739222,0.8156095,0.0765278,1.0
297,24,-0.055438172,0.79824823,-0.07427314,1.0
297,25,0.04811121,0.4384831,0.017635508,1.0
297,26,0.046110723,0.46142447,-0.1002742,1.0
297,27,0.027019955,0.08596212,0.1509819,1.0
297,28,-0.11344925,0.1273557,0.12028242,1.0
297,29,0.0057490366,0.048988104,0.17489813,1.0
297,30,-0.13134544,0.09412718,0.109676585,1.0
297,31,0.04498698,-0.00077164173,0.17414026,1.0
297,32,-0.11417014,0.06733215,0.059268083,1.0
298,0,-0.050148997,1.4457066,-0.18342954,1.0
298,1,-0.04379543,1.4629846,-0.1693221,1.0
298,2,-0.040488236,1.4609485,-0.15809673,1.0
298,3,-0.04333682,1.4672713,-0.159636,1.0
298,4,-0.06538534,1.4680203,-0.1904522,1.0
298,5,-0.06311216,1.4649723,-0.20879288,1.0
298,6,-0.056394584,1.4522171,-0.18790324,1.0
298,7,-0.020224843,1.439169,-0.059728503,1.0
298,8,-0.14921959,1.3835576,-0.11352239,1.0
298,9,-0.030113576,1.4277958,-0.126227,1.0
298,10,-0.06286537,1.3977087,-0.17585877,1.0
298,11,0.06223752,1.3072445,0.080296785,1.0
298,12,-0.15733533,1.3603184,-0.024588697,1.0
298,13,0.20598076,1.2268519,0.05590249,1.0
298,14,0.012344006,1.2880427,-0.16634078,1.0
298,15,0.20387602,1.4009159,-0.06703164,1.0
298,16,0.09313678,1.4597182,-0.2102094,1.0
298,17,0.18275705,1.4560993,-0.08536942,1.0
298,18,0.13292,1.5164025,-0.25612816,1.0
298,19,0.16795978,1.4847146,-0.08414044,1.0
298,20,0.1283299,1.5652685,-0.24421291,1.0
298,21,0.19958587,1.3996507,-0.075705335,1.0
298,22,0.09446758,1.4879947,-0.20594744,1.0
298,23,0.060236983,0.82456,0.069968164,1.0
298,24,-0.057649232,0.8065917,-0.06785304,1.0
298,25,0.05392923,0.44561672,0.011920578,1.0
298,26,0.0011073935,0.46359017,-0.08778095,1.0
298,27,0.03303081,0.09318417,0.15244153,1.0
298,28,-0.11000305,0.12349433,0.1219764,1.0
298,29,0.009009897,0.056223214,0.17599003,1.0
298,30,-0.12288125,0.08979821,0.11248151,1.0
298,31,0.04631552,0.0057403445,0.16515389,1.0
298,32,-0.11470414,0.069072664,0.057687715,1.0
299,0,-0.06396298,1.4541237,-0.1794375,1.0
299,1,-0.058272555,1.4708327,-0.16530158,1.0
299,2,-0.054848745,1.4693255,-0.15400451,1.0
299,3,-0.05781603,1.4739716,-0.1556356,1.0
299,4,-0.07943232,1.4759632,-0.18651657,1.0
299,5,-0.077412516,1.4723811,-0.20480955,1.0
299,6,-0.07013965,1.4601462,-0.18316466,1.0
299,7,-0.033518877,1.4478823,-0.0570301,1.0
299,8,-0.15994453,1.3924909,-0.110015415,1.0
299,9,-0.042499606,1.4353056,-0.121835575,1.0
299,10,-0.07429306,1.4056294,-0.17106408,1.0
299,11,0.05205121,1.3030187,0.088426195,1.0
299,12,-0.16453503,1.3593602,-0.020027021,1.0
299,13,0.18232803,1.1826596,0.058988698,1.0
299,14,0.0079096705,1.2440497,-0.14295429,1.0
299,15,0.19955339,1.330179,-0.04983019,1.0
299,16,0.09570599,1.3904028,-0.1755485,1.0
299,17,0.18380521,1.3834906,-0.06387056,1.0
299,18,0.13661812,1.4442635,-0.21828292,1.0
299,19,0.17476556,1.4124147,-0.06473839,1.0
299,20,0.13056767,1.496088,-0.20719287,1.0
299,21,0.1992901,1.3297997,-0.05819396,1.0
299,22,0.096514046,1.4201671,-0.17108946,1.0
299,23,0.06201782,0.8311372,0.06883027,1.0
299,24,-0.058849208,0.81357616,-0.06673524,1.0
299,25,0.05606681,0.45137408,0.014816197,1.0
299,26,-0.005552166,0.46981224,-0.08958447,1.0
299,27,0.026116842,0.0960533,0.16751724,1.0
299,28,-0.11466152,0.13356042,0.12280905,1.0
299,29,-0.00031217653,0.05887705,0.19145375,1.0
299,30,-0.12819305,0.099906206,0.112320915,1.0
299,31,0.04016489,0.006881237,0.17440717,1.0
299,32,-0.11458487,0.07905811,0.055415336,1.0
300,0,-0.07363026,1.45687,-0.17504796,1.0
300,1,-0.065479375,1.4741601,-0.1608447,1.0
300,2,-0.062334448,1.4727347,-0.14995572,1.0
300,3,-0.06523768,1.4758337,-0.15134405,1.0
300,4,-0.08775518,1.479612,-0.18103771,1.0
300,5,-0.08543303,1.4760022,-0.19953702,1.0
300,6,-0.07820451,1.4650269,-0.17676492,1.0
300,7,-0.03517551,1.4539452,-0.05398321,1.0
300,8,-0.1607961,1.4007316,-0.10028071,1.0
300,9,-0.05105666,1.4392301,-0.11803386,1.0
300,10,-0.08221585,1.409883,-0.16517192,1.0
300,11,0.050066125,1.2942297,0.092705026,1.0
300,12,-0.1747961,1.3528075,-0.013946702,1.0
300,13,0.17090556,1.1500449,0.05858705,1.0
300,14,-0.0104762735,1.176195,-0.14924254,1.0
300,15,0.20363927,1.2816803,-0.062307682,1.0
300,16,0.0970468,1.3047534,-0.21567598,1.0
300,17,0.19210202,1.3320591,-0.07851966,1.0
300,18,0.14484179,1.3562226,-0.2639488,1.0
300,19,0.18529463,1.361821,-0.07864854,1.0
300,20,0.14096063,1.4160668,-0.2519162,1.0
300,21,0.2060427,1.281703,-0.06957888,1.0
300,22,0.1002049,1.3360515,-0.21108584,1.0
300,23,0.064436935,0.83723706,0.06888735,1.0
300,24,-0.06103772,0.82035667,-0.066435955,1.0
300,25,0.054876808,0.4570029,0.018425616,1.0
300,26,-0.004607454,0.47670215,-0.09330197,1.0
300,27,0.031045157,0.09705132,0.17562594,1.0
300,28,-0.12059029,0.12474805,0.107962444,1.0
300,29,0.004690717,0.059477568,0.1987836,1.0
300,30,-0.13529453,0.08994675,0.093065225,1.0
300,31,0.044993844,0.013426006,0.17460585,1.0
300,32,-0.111779675,0.07561523,0.017423913,1.0
301,0,-0.06999982,1.4590394,-0.15802778,1.0
301,1,-0.060332768,1.4759037,-0.14198571,1.0
301,2,-0.05803163,1.4747066,-0.13169491,1.0
301,3,-0.060468182,1.4765339,-0.133125,1.0
301,4,-0.083549105,1.4810603,-0.16169773,1.0
301,5,-0.0808098,1.4781907,-0.17996404,1.0
301,6,-0.07393187,1.4682149,-0.15659975,1.0
301,7,-0.029568596,1.4562172,-0.035673592,1.0
301,8,-0.1549869,1.40414,-0.077785335,1.0
301,9,-0.047132943,1.4416363,-0.10221762,1.0
301,10,-0.078034215,1.4117781,-0.14778371,1.0
301,11,0.05440194,1.2875141,0.10733726,1.0
301,12,-0.17988653,1.3421985,0.0048838155,1.0
301,13,0.17668863,1.1306665,0.061862633,1.0
301,14,-0.04035966,1.1252685,-0.14142679,1.0
301,15,0.21518682,1.2437608,-0.06116286,1.0
301,16,0.07453204,1.2256904,-0.2370805,1.0
301,17,0.19442713,1.2890728,-0.07869557,1.0
301,18,0.12454445,1.2686745,-0.28901923,1.0
301,19,0.19647454,1.3192815,-0.08098263,1.0
301,20,0.1295722,1.3324684,-0.27657878,1.0
301,21,0.21412352,1.2426775,-0.069045074,1.0
301,22,0.08127031,1.2555552,-0.23272167,1.0
301,23,0.06658775,0.8417351,0.069090195,1.0
301,24,-0.06312701,0.8241053,-0.06602628,1.0
301,25,0.060085785,0.46173617,0.018664818,1.0
301,26,0.023573365,0.4820988,-0.10493577,1.0
301,27,0.035124995,0.094992876,0.17702171,1.0
301,28,-0.11516864,0.13437527,0.094215535,1.0
301,29,0.008627883,0.056316555,0.19975226,1.0
301,30,-0.13336234,0.10054129,0.08076331,1.0
301,31,0.046196446,0.00563097,0.17451467,1.0
301,32,-0.11077742,0.0733816,0.013940529,1.0
302,0,-0.065161295,1.4600123,-0.15033475,1.0
302,1,-0.05494698,1.4761868,-0.13221939,1.0
302,2,-0.05374999,1.4753675,-0.12283983,1.0
302,3,-0.055264656,1.4759911,-0.124846704,1.0
302,4,-0.07923129,1.4810891,-0.15219992,1.0
302,5,-0.0757312,1.4793085,-0.17032531,1.0
302,6,-0.069603205,1.4698321,-0.14640166,1.0
302,7,-0.02848781,1.457121,-0.027058864,1.0
302,8,-0.14948069,1.4046642,-0.06517292,1.0
302,9,-0.042459365,1.4425899,-0.095876835,1.0
302,10,-0.07383775,1.411849,-0.140721,1.0
302,11,0.064394645,1.2854133,0.11891436,1.0
302,12,-0.1755477,1.343779,0.0027312208,1.0
302,13,0.18188131,1.1236781,0.060804605,1.0
302,14,-0.11387449,1.1230061,-0.15702717,1.0
302,15,0.2657812,1.2365481,-0.079544105,1.0
302,16,0.056626733,1.2080351,-0.2948938,1.0
302,17,0.26350588,1.2748138,-0.101340145,1.0
302,18,0.10570884,1.236107,-0.35480025,1.0
302,19,0.2671547,1.305252,-0.10496236,1.0
302,20,0.1274385,1.301254,-0.33813444,1.0
302,21,0.27263,1.2339654,-0.0880325,1.0
302,22,0.063977204,1.2328283,-0.28725147,1.0
302,23,0.06546137,0.8412316,0.072305426,1.0
302,24,-0.062123016,0.82514536,-0.068341985,1.0
302,25,0.052638542,0.45324367,0.022806274,1.0
302,26,0.09897922,0.4826124,-0.14264861,1.0
302,27,0.03590591,0.083090305,0.1774796,1.0
302,28,-0.10619808,0.15638685,0.03955652,1.0
302,29,0.012491682,0.043789685,0.19927491,1.0
302,30,-0.13110581,0.12637895,0.027427146,1.0
302,31,0.057274744,0.007091105,0.17550413,1.0
302,32,-0.11409868,0.07845312,-0.013560563,1.0
303,0,-0.062858135,1.4570696,-0.15626489,1.0
303,1,-0.05186085,1.4726613,-0.13582578,1.0
303,2,-0.05143143,1.472167,-0.12844713,1.0
303,3,-0.05174896,1.471798,-0.1312166,1.0
303,4,-0.07700927,1.4776127,-0.15562595,1.0
303,5,-0.07262827,1.4771602,-0.17352156,1.0
303,6,-0.06713441,1.4677522,-0.14997847,1.0
303,7,-0.01727719,1.4544363,-0.029769197,1.0
303,8,-0.14228638,1.4019699,-0.07766264,1.0
303,9,-0.039701425,1.4401498,-0.10269078,1.0
303,10,-0.07110726,1.4080862,-0.14443828,1.0
303,11,0.08296081,1.2841675,0.11040478,1.0
303,12,-0.17377171,1.3423911,-0.0021683332,1.0
303,13,0.18439457,1.1221226,0.049092546,1.0
303,14,-0.19646034,1.1215233,-0.16333392,1.0
303,15,0.29249674,1.2374823,-0.08040358,1.0
303,16,-0.006792879,1.1809659,-0.30669993,1.0
303,17,0.29137778,1.2746654,-0.098369025,1.0
303,18,0.06645237,1.1978672,-0.36612704,1.0
303,19,0.29780152,1.2983115,-0.10288764,1.0
303,20,0.11554741,1.2567315,-0.34603873,1.0
303,21,0.30306017,1.231593,-0.0882504,1.0
303,22,0.021146277,1.1996592,-0.29767463,1.0
303,23,0.064500466,0.83739996,0.07275171,1.0
303,24,-0.061584923,0.8205073,-0.06776109,1.0
303,25,0.05436318,0.43555495,0.023426395,1.0
303,26,0.15229456,0.5084261,-0.1741261,1.0
303,27,0.047364082,0.07951504,0.19556801,1.0
303,28,-0.09314144,0.2017237,0.04583534,1.0
303,29,0.02773573,0.040727675,0.22034499,1.0
303,30,-0.12505177,0.17668337,0.039346024,1.0
303,31,0.06151339,0.0050380826,0.21485366,1.0
303,32,-0.12203057,0.08865011,0.0123314215,1.0
304,0,-0.065153524,1.4450622,-0.15576829,1.0
304,1,-0.052688874,1.4603174,-0.13612585,1.0
304,2,-0.052144185,1.460425,-0.12775162,1.0
304,3,-0.05168581,1.4592623,-0.13077125,1.0
304,4,-0.07836793,1.4663177,-0.15615918,1.0
304,5,-0.07284229,1.4672029,-0.171216,1.0
304,6,-0.067984104,1.4578049,-0.14918384,1.0
304,7,-0.016304739,1.4414343,-0.026401576,1.0
304,8,-0.14187549,1.3917191,-0.0663782,1.0
304,9,-0.040427446,1.4283795,-0.10299918,1.0
304,10,-0.07205863,1.3958492,-0.14529334,1.0
304,11,0.084797285,1.2669331,0.11424793,1.0
304,12,-0.18250962,1.3346039,0.017386295,1.0
304,13,0.20138559,1.1236792,0.070987746,1.0
304,14,-0.2716725,1.1415902,-0.14950763,1.0
304,15,0.30402035,1.2554703,-0.022740792,1.0
304,16,-0.09029889,1.1613289,-0.30183005,1.0
304,17,0.2976488,1.293547,-0.033956148,1.0
304,18,-0.019899597,1.1617525,-0.3577715,1.0
304,19,0.30045977,1.3120475,-0.033382908,1.0
304,20,0.047312062,1.204735,-0.3336768,1.0
304,21,0.3140031,1.2485471,-0.027369332,1.0
304,22,-0.058102757,1.1681426,-0.28992292,1.0
304,23,0.06374667,0.8270315,0.074481234,1.0
304,24,-0.06139908,0.81137115,-0.068379335,1.0
304,25,0.05548813,0.4170813,0.0246298,1.0
304,26,0.17910458,0.54418886,-0.24811548,1.0
304,27,0.047078654,0.056499004,0.19427215,1.0
304,28,-0.096364394,0.3107481,-0.0012770775,1.0
304,29,0.029301466,0.017248213,0.2178235,1.0
304,30,-0.13016258,0.29450923,-0.0023234906,1.0
304,31,0.06761125,-0.009657621,0.21328744,1.0
304,32,-0.12824182,0.21226877,-0.00082056783,1.0
305,0,-0.06490264,1.423007,-0.16012935,1.0
305,1,-0.052479792,1.4395294,-0.1429145,1.0
305,2,-0.051719006,1.4399745,-0.13372545,1.0
305,3,-0.050424617,1.4387684,-0.13682938,1.0
305,4,-0.07799869,1.4479052,-0.16322854,1.0
305,5,-0.07160345,1.4495497,-0.17734833,1.0
305,6,-0.06733395,1.4399341,-0.15608637,1.0
305,7,-0.012059104,1.4234314,-0.03363899,1.0
305,8,-0.14171846,1.3776001,-0.07207649,1.0
305,9,-0.039586686,1.4080088,-0.10829905,1.0
305,10,-0.071094416,1.3756789,-0.15155816,1.0
305,11,0.08795937,1.2537167,0.108231954,1.0
305,12,-0.18162136,1.3310667,0.018653296,1.0
305,13,0.22520438,1.1356399,0.071930684,1.0
305,14,-0.30596992,1.1398045,-0.14753492,1.0
305,15,0.30591795,1.2623228,0.0058883177,1.0
305,16,-0.15194944,1.1579791,-0.29922494,1.0
305,17,0.29338124,1.3089261,-0.00196418,1.0
305,18,-0.09028004,1.1456704,-0.35239327,1.0
305,19,0.2917397,1.3327448,-9.0220885e-05,1.0
305,20,-0.017049346,1.1782521,-0.32705107,1.0
305,21,0.31425506,1.2610053,0.0023326888,1.0
305,22,-0.119402125,1.1565468,-0.2866564,1.0
305,23,0.061034452,0.8145628,0.075534575,1.0
305,24,-0.05925604,0.8038724,-0.068535395,1.0
305,25,0.056749083,0.40374407,0.0252114,1.0
305,26,0.19648801,0.59931386,-0.25650498,1.0
305,27,0.047175147,0.042909026,0.18358596,1.0
305,28,-0.0896911,0.39156786,-0.020047538,1.0
305,29,0.030688515,0.0036118627,0.20566374,1.0
305,30,-0.1274213,0.37885606,-0.021237608,1.0
305,31,0.06896311,-0.020225763,0.21112818,1.0
305,32,-0.12977394,0.2990315,-0.001715,1.0
306,0,-0.063977614,1.4068911,-0.18811294,1.0
306,1,-0.052868355,1.4242386,-0.17213471,1.0
306,2,-0.0512907,1.4248979,-0.16262996,1.0
306,3,-0.049861006,1.424063,-0.16580951,1.0
306,4,-0.07767528,1.434498,-0.19298117,1.0
306,5,-0.070623465,1.4365125,-0.20531604,1.0
306,6,-0.066883765,1.4262991,-0.18447746,1.0
306,7,-0.0074501843,1.4106394,-0.060894873,1.0
306,8,-0.13806191,1.3662477,-0.09844444,1.0
306,9,-0.039202683,1.3933736,-0.13616104,1.0
306,10,-0.07030794,1.3606377,-0.1790778,1.0
306,11,0.089965366,1.2463293,0.08887371,1.0
306,12,-0.18010102,1.334527,0.0064506438,1.0
306,13,0.24487525,1.1545308,0.07170729,1.0
306,14,-0.31287405,1.1689515,-0.16525403,1.0
306,15,0.30636746,1.3284869,0.051746715,1.0
306,16,-0.18510629,1.151306,-0.3178167,1.0
306,17,0.2891509,1.3687246,0.052661628,1.0
306,18,-0.13266458,1.1308215,-0.37081227,1.0
306,19,0.28478873,1.3823775,0.052562162,1.0
306,20,-0.054712985,1.156045,-0.3453951,1.0
306,21,0.31316173,1.321975,0.048603296,1.0
306,22,-0.1526076,1.1439817,-0.30688792,1.0
306,23,0.055639364,0.80493593,0.07891166,1.0
306,24,-0.054680206,0.7983508,-0.07159393,1.0
306,25,0.057768792,0.3955915,0.034849554,1.0
306,26,0.20994903,0.61530846,-0.2381997,1.0
306,27,0.04886861,0.040309608,0.18357798,1.0
306,28,-0.091155246,0.43042383,-0.011664899,1.0
306,29,0.03390464,0.0031511784,0.20561579,1.0
306,30,-0.12981062,0.42103115,-0.013834125,1.0
306,31,0.07426655,-0.013739467,0.21159773,1.0
306,32,-0.13133465,0.33712965,0.008921869,1.0
307,0,-0.05956295,1.4004567,-0.21349397,1.0
307,1,-0.04677698,1.417995,-0.19899587,1.0
307,2,-0.044360653,1.4191293,-0.18861727,1.0
307,3,-0.043431535,1.4189675,-0.1917364,1.0
307,4,-0.07120125,1.4296093,-0.2195732,1.0
307,5,-0.06421531,1.4318037,-0.23125547,1.0
307,6,-0.060852934,1.4210894,-0.21093337,1.0
307,7,0.0016289514,1.4049035,-0.084544316,1.0
307,8,-0.13225128,1.3599024,-0.12281602,1.0
307,9,-0.03458281,1.3874323,-0.16112073,1.0
307,10,-0.065758854,1.3542011,-0.20376259,1.0
307,11,0.09348573,1.2430611,0.061188735,1.0
307,12,-0.18039319,1.3461939,-0.0032378435,1.0
307,13,0.2569624,1.2088612,0.07072065,1.0
307,14,-0.33279616,1.2203944,-0.16785266,1.0
307,15,0.30276245,1.3859949,0.09125541,1.0
307,16,-0.23782335,1.15867,-0.32380196,1.0
307,17,0.2843139,1.420762,0.098527975,1.0
307,18,-0.19555072,1.1342244,-0.37978336,1.0
307,19,0.27178332,1.4331484,0.09499586,1.0
307,20,-0.11098168,1.1529393,-0.3584725,1.0
307,21,0.309131,1.3776042,0.088005766,1.0
307,22,-0.20405303,1.148213,-0.3161989,1.0
307,23,0.053943373,0.7995844,0.07922747,1.0
307,24,-0.05401564,0.7963941,-0.07164645,1.0
307,25,0.062602475,0.39057484,0.03500501,1.0
307,26,0.20358211,0.6134128,-0.24250406,1.0
307,27,0.055166114,0.035405457,0.18257216,1.0
307,28,-0.094674915,0.42074403,-0.009409172,1.0
307,29,0.039303906,-0.0017313957,0.20457324,1.0
307,30,-0.13075987,0.41082707,-0.011157214,1.0
307,31,0.0738897,-0.018982112,0.20937942,1.0
307,32,-0.14998823,0.3245607,0.01393811,1.0
308,0,-0.058286466,1.3983457,-0.22571659,1.0
308,1,-0.045292366,1.4157331,-0.21268184,1.0
308,2,-0.041980073,1.4172263,-0.20207122,1.0
308,3,-0.041699354,1.4180385,-0.20488493,1.0
308,4,-0.06892889,1.4281197,-0.23146735,1.0
308,5,-0.062353276,1.4301922,-0.2432403,1.0
308,6,-0.059036225,1.4190469,-0.22316033,1.0
308,7,0.008821413,1.4034338,-0.10150823,1.0
308,8,-0.12663361,1.3568243,-0.13082309,1.0
308,9,-0.031046577,1.3862637,-0.1743794,1.0
308,10,-0.061979264,1.3518739,-0.21466342,1.0
308,11,0.099233925,1.2532303,0.037194375,1.0
308,12,-0.17987858,1.3563521,-0.004768153,1.0
308,13,0.2576811,1.2738564,0.061621945,1.0
308,14,-0.34883642,1.2694528,-0.15413716,1.0
308,15,0.2725986,1.4496367,0.085948564,1.0
308,16,-0.30365086,1.1803861,-0.30416718,1.0
308,17,0.23598854,1.4821179,0.08973579,1.0
308,18,-0.27375764,1.1621164,-0.3622035,1.0
308,19,0.21199842,1.4952917,0.087404564,1.0
308,20,-0.19144146,1.1800097,-0.34735227,1.0
308,21,0.2692591,1.4411042,0.08259381,1.0
308,22,-0.2727254,1.1740373,-0.3013759,1.0
308,23,0.05361238,0.7982413,0.078321576,1.0
308,24,-0.054672927,0.7967638,-0.0707757,1.0
308,25,0.07371335,0.38457713,0.027962448,1.0
308,26,0.18612094,0.61094594,-0.2498574,1.0
308,27,0.058972154,0.028822184,0.16373602,1.0
308,28,-0.11052321,0.4028538,-0.008472789,1.0
308,29,0.041575197,-0.009089589,0.18401584,1.0
308,30,-0.15247026,0.39134693,-0.010475723,1.0
308,31,0.07209083,-0.0359087,0.1818651,1.0
308,32,-0.17375837,0.3096864,0.010533029,1.0
309,0,-0.053028677,1.398579,-0.22512257,1.0
309,1,-0.040708296,1.4158498,-0.21270907,1.0
309,2,-0.036369666,1.417541,-0.20244068,1.0
309,3,-0.036848143,1.4193721,-0.20476013,1.0
309,4,-0.06311919,1.4288551,-0.23111022,1.0
309,5,-0.057256903,1.4302571,-0.24354672,1.0
309,6,-0.05350019,1.418277,-0.2237342,1.0
309,7,0.017448327,1.4066043,-0.10353468,1.0
309,8,-0.119953744,1.3560458,-0.12895475,1.0
309,9,-0.023116447,1.3875309,-0.17404662,1.0
309,10,-0.05364585,1.3522499,-0.21308638,1.0
309,11,0.111298546,1.2751013,0.03543461,1.0
309,12,-0.1755072,1.3658162,-0.0048620007,1.0
309,13,0.26617134,1.3122699,0.020235902,1.0
309,14,-0.33807757,1.3138065,-0.115964,1.0
309,15,0.24079101,1.4806925,0.037854016,1.0
309,16,-0.35774362,1.2210035,-0.20648648,1.0
309,17,0.19469823,1.5130557,0.037044182,1.0
309,18,-0.3434295,1.1687564,-0.2526188,1.0
309,19,0.1631263,1.5233498,0.04511296,1.0
309,20,-0.2739741,1.211488,-0.2449717,1.0
309,21,0.22879173,1.4705381,0.039373554,1.0
309,22,-0.3355768,1.196223,-0.20669226,1.0
309,23,0.053177644,0.7996301,0.078232735,1.0
309,24,-0.05473291,0.79926664,-0.07112696,1.0
309,25,0.08280943,0.38353008,0.013863284,1.0
309,26,0.1846337,0.5933664,-0.23771204,1.0
309,27,0.064589314,0.028530896,0.14290342,1.0
309,28,-0.11607996,0.37474558,0.00021482422,1.0
309,29,0.046460956,-0.009414732,0.16270778,1.0
309,30,-0.1592274,0.3622667,-0.004820976,1.0
309,31,0.07672882,-0.03823918,0.16362582,1.0
309,32,-0.17400199,0.2799934,0.021138137,1.0
310,0,-0.05193371,1.4005464,-0.22151007,1.0
310,1,-0.039389443,1.4179128,-0.20914468,1.0
310,2,-0.034187544,1.4195427,-0.19887444,1.0
310,3,-0.035733268,1.4223392,-0.20098382,1.0
310,4,-0.060167875,1.4316821,-0.22781645,1.0
310,5,-0.055315614,1.4319022,-0.24133143,1.0
310,6,-0.051226288,1.4191093,-0.22109844,1.0
310,7,0.02099324,1.4123564,-0.100460686,1.0
310,8,-0.11497107,1.3599609,-0.12727578,1.0
310,9,-0.02023134,1.390823,-0.17061342,1.0
310,10,-0.05043664,1.355006,-0.21071239,1.0
310,11,0.114205964,1.2963924,0.036100432,1.0
310,12,-0.17028095,1.3768747,0.001493346,1.0
310,13,0.26406625,1.362838,0.008286685,1.0
310,14,-0.33824435,1.365366,-0.07770334,1.0
310,15,0.19948044,1.5223392,0.025248641,1.0
310,16,-0.4356212,1.312073,-0.12758565,1.0
310,17,0.14878966,1.5498309,0.023257067,1.0
310,18,-0.43798736,1.2882699,-0.16473241,1.0
310,19,0.11450356,1.5600766,0.0353284,1.0
310,20,-0.38332185,1.2926791,-0.16327126,1.0
310,21,0.18296097,1.5113213,0.027618337,1.0
310,22,-0.42298955,1.2951744,-0.13054283,1.0
310,23,0.052460976,0.80180717,0.076987326,1.0
310,24,-0.054086797,0.80243486,-0.07084096,1.0
310,25,0.08750825,0.3873797,0.0032582434,1.0
310,26,0.17670502,0.5622846,-0.2226174,1.0
310,27,0.06437895,0.02959907,0.13384955,1.0
310,28,-0.13256745,0.3659429,0.028551012,1.0
310,29,0.044976287,-0.008347511,0.15511756,1.0
310,30,-0.17541802,0.34866315,0.02518377,1.0
310,31,0.07770123,-0.034980536,0.15738937,1.0
310,32,-0.18135417,0.27368963,0.056872886,1.0
311,0,-0.05978695,1.408395,-0.22875819,1.0
311,1,-0.044314515,1.4260025,-0.21844046,1.0
311,2,-0.038787175,1.427522,-0.2086046,1.0
311,3,-0.041165184,1.4317214,-0.20999344,1.0
311,4,-0.06495781,1.4400055,-0.23356979,1.0
311,5,-0.060840152,1.4389926,-0.24827904,1.0
311,6,-0.056906268,1.4254645,-0.22820562,1.0
311,7,0.020232787,1.4227883,-0.117139876,1.0
311,8,-0.11488602,1.3701642,-0.12587018,1.0
311,9,-0.023131877,1.3987023,-0.17962463,1.0
311,10,-0.053913392,1.3629451,-0.21388514,1.0
311,11,0.116644375,1.3190193,0.005363907,1.0
311,12,-0.17048685,1.3850615,0.004338824,1.0
311,13,0.26309505,1.4029288,-0.080685526,1.0
311,14,-0.34294707,1.4020543,-0.077753104,1.0
311,15,0.16662115,1.5542558,-0.1061877,1.0
311,16,-0.5108697,1.406916,-0.13553329,1.0
311,17,0.118316405,1.5790238,-0.118486874,1.0
311,18,-0.5259935,1.4070506,-0.17315573,1.0
311,19,0.08455231,1.5946552,-0.10977782,1.0
311,20,-0.49022356,1.4163904,-0.17864048,1.0
311,21,0.14875226,1.5441535,-0.10919719,1.0
311,22,-0.50678754,1.4011719,-0.14361188,1.0
311,23,0.053451836,0.8095322,0.068381205,1.0
311,24,-0.05488869,0.8084968,-0.063775055,1.0
311,25,0.09647256,0.3997747,-0.0038655063,1.0
311,26,0.14788152,0.51144433,-0.19519603,1.0
311,27,0.0663967,0.034976542,0.11858266,1.0
311,28,-0.14517659,0.25656533,0.029745696,1.0
311,29,0.04524805,-0.002066791,0.13917832,1.0
311,30,-0.18246265,0.24036008,0.025213072,1.0
311,31,0.08347957,-0.026821434,0.12279055,1.0
311,32,-0.17866184,0.17333102,0.037719537,1.0
312,0,-0.067548804,1.4128873,-0.23943661,1.0
312,1,-0.049142074,1.4310956,-0.23033288,1.0
312,2,-0.043570984,1.432081,-0.22055839,1.0
312,3,-0.046893444,1.4375067,-0.22175352,1.0
312,4,-0.069999516,1.4450572,-0.24182433,1.0
312,5,-0.06660939,1.4429619,-0.25805044,1.0
312,6,-0.06276997,1.4291575,-0.23764552,1.0
312,7,0.021521917,1.4276412,-0.13497785,1.0
312,8,-0.11407728,1.3746496,-0.12527117,1.0
312,9,-0.026433606,1.4034305,-0.19206914,1.0
312,10,-0.058255024,1.36755,-0.22062403,1.0
312,11,0.12072113,1.3235602,-0.020085316,1.0
312,12,-0.17040859,1.3856931,0.009833628,1.0
312,13,0.26200968,1.4039123,-0.12724087,1.0
312,14,-0.35847837,1.415458,-0.06840265,1.0
312,15,0.14943826,1.5412332,-0.16703963,1.0
312,16,-0.57124424,1.4792714,-0.13505003,1.0
312,17,0.10270605,1.5649291,-0.1830401,1.0
312,18,-0.59237015,1.5005894,-0.17465475,1.0
312,19,0.06871021,1.5845246,-0.17412305,1.0
312,20,-0.56843156,1.5205925,-0.18492661,1.0
312,21,0.13033508,1.5320491,-0.1710962,1.0
312,22,-0.5725416,1.483419,-0.14725202,1.0
312,23,0.057188723,0.81597173,0.058276415,1.0
312,24,-0.05854057,0.81305206,-0.054886617,1.0
312,25,0.11274326,0.40480664,-0.008163927,1.0
312,26,0.109417506,0.49021873,-0.15284304,1.0
312,27,0.07898304,0.03569144,0.11817323,1.0
312,28,-0.1455214,0.2031672,0.057567533,1.0
312,29,0.055644855,-0.001855135,0.14017865,1.0
312,30,-0.17915268,0.18406993,0.045709405,1.0
312,31,0.09922264,-0.0354985,0.11299001,1.0
312,32,-0.16524115,0.118932426,0.03718048,1.0
313,0,-0.07572969,1.4262784,-0.24006586,1.0
313,1,-0.05537764,1.4440715,-0.23166856,1.0
313,2,-0.050179616,1.4447231,-0.22182094,1.0
313,3,-0.054727055,1.4516722,-0.22312224,1.0
313,4,-0.07555662,1.4574069,-0.24143547,1.0
313,5,-0.07330717,1.4547802,-0.2586351,1.0
313,6,-0.06930355,1.4403925,-0.23760718,1.0
313,7,0.020548925,1.4377629,-0.14254564,1.0
313,8,-0.11285697,1.3853445,-0.1245965,1.0
313,9,-0.030973274,1.4149292,-0.19437535,1.0
313,10,-0.063001,1.3790185,-0.22061627,1.0
313,11,0.12244074,1.3351622,-0.040353037,1.0
313,12,-0.1718962,1.3902702,0.016634207,1.0
313,13,0.2611443,1.4401188,-0.15224741,1.0
313,14,-0.38292798,1.467933,-0.06625009,1.0
313,15,0.14500393,1.545888,-0.18487503,1.0
313,16,-0.61717284,1.5878187,-0.14171238,1.0
313,17,0.099608734,1.5628548,-0.20149751,1.0
313,18,-0.6395305,1.6276565,-0.18302184,1.0
313,19,0.06276345,1.5858958,-0.19171467,1.0
313,20,-0.62419987,1.656209,-0.19553894,1.0
313,21,0.124398164,1.5357821,-0.18976717,1.0
313,22,-0.6218976,1.6001986,-0.15585159,1.0
313,23,0.06604337,0.8200836,0.044354107,1.0
313,24,-0.06754135,0.8144307,-0.04190415,1.0
313,25,0.12019318,0.40735915,-0.0113796685,1.0
313,26,0.05670554,0.45509532,-0.11733629,1.0
313,27,0.08507494,0.048811376,0.12824978,1.0
313,28,-0.16724296,0.13282919,0.1025327,1.0
313,29,0.05854923,0.013566017,0.15353966,1.0
313,30,-0.19297649,0.10916448,0.0888232,1.0
313,31,0.09829431,-0.029774368,0.12356444,1.0
313,32,-0.17203097,0.05974847,0.045004617,1.0
314,0,-0.07449239,1.4271495,-0.24320938,1.0
314,1,-0.054338664,1.4458177,-0.23549214,1.0
314,2,-0.049076907,1.4456913,-0.22546664,1.0
314,3,-0.054664537,1.4534485,-0.22702311,1.0
314,4,-0.074429005,1.4594053,-0.24362685,1.0
314,5,-0.07302485,1.4553919,-0.2615647,1.0
314,6,-0.068598434,1.4416203,-0.23986626,1.0
314,7,0.024001414,1.4386815,-0.14668114,1.0
314,8,-0.1093787,1.3863679,-0.12414714,1.0
314,9,-0.030273495,1.4165754,-0.19786152,1.0
314,10,-0.063546345,1.3806019,-0.22186805,1.0
314,11,0.13013111,1.3380754,-0.035179053,1.0
314,12,-0.17054303,1.3891354,0.018848382,1.0
314,13,0.26132768,1.4411546,-0.13275744,1.0
314,14,-0.3771635,1.4715163,-0.06519234,1.0
314,15,0.15165628,1.5266156,-0.16723399,1.0
314,16,-0.6041529,1.622592,-0.14729302,1.0
314,17,0.10643498,1.5444698,-0.18339619,1.0
314,18,-0.62391883,1.6710296,-0.19196673,1.0
314,19,0.06730455,1.5661836,-0.17644389,1.0
314,20,-0.60967946,1.706202,-0.2035121,1.0
314,21,0.12937221,1.5163038,-0.17256366,1.0
314,22,-0.6086473,1.6400579,-0.16125728,1.0
314,23,0.07235114,0.8221127,0.039914805,1.0
314,24,-0.07384055,0.8158146,-0.038012538,1.0
314,25,0.14257748,0.40877244,-0.016734999,1.0
314,26,0.0040467395,0.45007387,-0.09663427,1.0
314,27,0.123059176,0.054151893,0.12919684,1.0
314,28,-0.17857987,0.107767224,0.12766784,1.0
314,29,0.09511606,0.020065486,0.15533732,1.0
314,30,-0.19745126,0.081546605,0.11209953,1.0
314,31,0.123567574,-0.024641037,0.1058833,1.0
314,32,-0.17203464,0.034848213,0.04934388,1.0
315,0,-0.07144514,1.4293438,-0.25430125,1.0
315,1,-0.04995367,1.4484427,-0.2475861,1.0
315,2,-0.045865633,1.4474277,-0.23722129,1.0
315,3,-0.051576994,1.4561356,-0.23864597,1.0
315,4,-0.071678564,1.461695,-0.25400215,1.0
315,5,-0.07087994,1.4566994,-0.27317962,1.0
315,6,-0.06653311,1.4431148,-0.25051323,1.0
315,7,0.03213754,1.4404035,-0.15983872,1.0
315,8,-0.10482079,1.3883369,-0.1304193,1.0
315,9,-0.02342794,1.4191256,-0.20938703,1.0
315,10,-0.05886577,1.3830621,-0.23127955,1.0
315,11,0.13969304,1.3408487,-0.04586657,1.0
315,12,-0.16276294,1.3897531,0.017971575,1.0
315,13,0.26126653,1.4383276,-0.14253616,1.0
315,14,-0.36545455,1.4805298,-0.06930259,1.0
315,15,0.14559387,1.5290122,-0.17372352,1.0
315,16,-0.5814718,1.6403936,-0.15250263,1.0
315,17,0.09703193,1.5206746,-0.18795295,1.0
315,18,-0.5983844,1.6916368,-0.19964245,1.0
315,19,0.053448725,1.541007,-0.17897567,1.0
315,20,-0.58141196,1.7247531,-0.20923777,1.0
315,21,0.12019547,1.5100095,-0.17685653,1.0
315,22,-0.58390564,1.6578231,-0.16589005,1.0
315,23,0.07624758,0.8246827,0.03970701,1.0
315,24,-0.07766529,0.81924415,-0.038330328,1.0
315,25,0.1466345,0.40953118,-0.014649632,1.0
315,26,-0.015166294,0.4639045,-0.06302504,1.0
315,27,0.13971777,0.057046235,0.13164094,1.0
315,28,-0.17749716,0.09234184,0.1475574,1.0
315,29,0.11220077,0.023207009,0.1576954,1.0
315,30,-0.19441552,0.0632689,0.1277574,1.0
315,31,0.13920093,-0.020287871,0.1084347,1.0
315,32,-0.16426437,0.026673913,0.049680542,1.0
316,0,-0.058371037,1.4298427,-0.2736735,1.0
316,1,-0.035195503,1.4483801,-0.26812023,1.0
316,2,-0.032461658,1.4458358,-0.25766733,1.0
316,3,-0.038114913,1.456095,-0.25907534,1.0
316,4,-0.059594017,1.4613538,-0.27249333,1.0
316,5,-0.058642,1.4557333,-0.29276016,1.0
316,6,-0.054885104,1.4420521,-0.26909345,1.0
316,7,0.052132957,1.4397762,-0.18294886,1.0
316,8,-0.08995821,1.3883508,-0.14435184,1.0
316,9,-0.0075585353,1.4193146,-0.22968848,1.0
316,10,-0.04521846,1.383827,-0.24847242,1.0
316,11,0.15852638,1.3462058,-0.064985454,1.0
316,12,-0.14181949,1.3925481,0.010390065,1.0
316,13,0.2734027,1.4289693,-0.16810614,1.0
316,14,-0.3650948,1.4800644,-0.07317083,1.0
316,15,0.15581903,1.4887447,-0.20433539,1.0
316,16,-0.55509955,1.6448996,-0.15595695,1.0
316,17,0.10909338,1.4787438,-0.21678573,1.0
316,18,-0.5713438,1.6975904,-0.20415139,1.0
316,19,0.06644111,1.4987772,-0.20888637,1.0
316,20,-0.5567467,1.7318999,-0.21357062,1.0
316,21,0.13104284,1.4701934,-0.20672646,1.0
316,22,-0.557937,1.6622319,-0.16926216,1.0
316,23,0.078808516,0.82913977,0.03905819,1.0
316,24,-0.08056861,0.82506067,-0.03812846,1.0
316,25,0.15564963,0.41253722,-0.01537392,1.0
316,26,-0.018398415,0.47260845,-0.038708534,1.0
316,27,0.16597402,0.060920537,0.124740526,1.0
316,28,-0.15663168,0.08223885,0.15481976,1.0
316,29,0.13909931,0.027912617,0.14909154,1.0
316,30,-0.15939014,0.052245736,0.13093977,1.0
316,31,0.16040069,-0.014708996,0.08112866,1.0
316,32,-0.11761923,0.023880422,0.048788838,1.0
317,0,-0.042008214,1.4363091,-0.26789,1.0
317,1,-0.014854912,1.4541819,-0.25863624,1.0
317,2,-0.013489169,1.4500291,-0.24914196,1.0
317,3,-0.018938193,1.4624391,-0.25176907,1.0
317,4,-0.041763157,1.4679894,-0.26836687,1.0
317,5,-0.040306635,1.4625415,-0.28774187,1.0
317,6,-0.037425805,1.4489973,-0.2642511,1.0
317,7,0.07702018,1.4430209,-0.1698111,1.0
317,8,-0.069814384,1.3961356,-0.13370393,1.0
317,9,0.009765432,1.4249682,-0.22225259,1.0
317,10,-0.030624285,1.3917527,-0.2472028,1.0
317,11,0.17962538,1.3504736,-0.05572109,1.0
317,12,-0.11981506,1.3967814,0.018610869,1.0
317,13,0.292627,1.4275709,-0.15793005,1.0
317,14,-0.34505618,1.4907447,-0.04976789,1.0
317,15,0.16155955,1.4535496,-0.19221833,1.0
317,16,-0.5370027,1.6540849,-0.123518564,1.0
317,17,0.113932125,1.4417883,-0.20239705,1.0
317,18,-0.55157304,1.7034692,-0.17327866,1.0
317,19,0.06921838,1.4596379,-0.19387758,1.0
317,20,-0.5341847,1.738276,-0.18304409,1.0
317,21,0.13557349,1.4343612,-0.19275817,1.0
317,22,-0.53828573,1.6691087,-0.1378566,1.0
317,23,0.08062152,0.8339378,0.038462304,1.0
317,24,-0.08406903,0.8311892,-0.037930865,1.0
317,25,0.15760575,0.41188732,-0.0197169,1.0
317,26,-0.033223502,0.47538692,-0.027871639,1.0
317,27,0.1685545,0.05619794,0.11058097,1.0
317,28,-0.14411889,0.06975603,0.16047768,1.0
317,29,0.14155732,0.023369372,0.13279429,1.0
317,30,-0.14246911,0.04029095,0.13425697,1.0
317,31,0.16208005,-0.016784787,0.058974456,1.0
317,32,-0.10346692,0.005075276,0.047654044,1.0
318,0,-0.034898326,1.4379971,-0.26471654,1.0
318,1,-0.0043699555,1.4528706,-0.25178748,1.0
318,2,-0.0046104398,1.4465904,-0.24493915,1.0
318,3,-0.010417804,1.4627213,-0.24949957,1.0
318,4,-0.033340923,1.4679759,-0.2658513,1.0
318,5,-0.029614266,1.464177,-0.28267452,1.0
318,6,-0.02862224,1.4508672,-0.26210997,1.0
318,7,0.08876971,1.4392725,-0.16825588,1.0
318,8,-0.053487938,1.4009476,-0.1274528,1.0
318,9,0.0171314,1.4241209,-0.21893476,1.0
318,10,-0.023389416,1.3957574,-0.24516086,1.0
318,11,0.19057398,1.3458867,-0.06613824,1.0
318,12,-0.102061436,1.3957485,0.023237862,1.0
318,13,0.29974207,1.4243637,-0.17925355,1.0
318,14,-0.31595433,1.4965355,-0.040195066,1.0
318,15,0.16469465,1.4296937,-0.21163596,1.0
318,16,-0.52190185,1.6595855,-0.11573334,1.0
318,17,0.11525512,1.4159441,-0.22039583,1.0
318,18,-0.5356536,1.7048459,-0.16422182,1.0
318,19,0.07392942,1.4331871,-0.2109551,1.0
318,20,-0.5198374,1.7438405,-0.17507261,1.0
318,21,0.13782673,1.4068635,-0.21155572,1.0
318,22,-0.5235973,1.6714826,-0.1311703,1.0
318,23,0.080936484,0.83288395,0.03717368,1.0
318,24,-0.08900851,0.8309639,-0.037334137,1.0
318,25,0.15828831,0.4080941,-0.026251247,1.0
318,26,-0.047355965,0.47376096,-0.015107103,1.0
318,27,0.1766003,0.05113721,0.090605475,1.0
318,28,-0.13692302,0.05775225,0.15917452,1.0
318,29,0.15426603,0.017120123,0.11189058,1.0
318,30,-0.1327099,0.033506453,0.13176596,1.0
318,31,0.18123657,-0.017935157,0.030778594,1.0
318,32,-0.09326243,-0.009173512,0.042485677,1.0
319,0,-0.031242516,1.4090452,-0.26189277,1.0
319,1,0.0013710173,1.4161773,-0.24601915,1.0
319,2,0.0011458998,1.4071859,-0.24557999,1.0
319,3,-0.008210022,1.4302428,-0.25283122,1.0
319,4,-0.030415628,1.4341614,-0.26417106,1.0
319,5,-0.022392888,1.4326909,-0.27424872,1.0
319,6,-0.023094242,1.4228394,-0.2598773,1.0
319,7,0.096780315,1.4012282,-0.16783132,1.0
319,8,-0.041272357,1.3781655,-0.12135272,1.0
319,9,0.020705342,1.3866029,-0.21810088,1.0
319,10,-0.019026667,1.3691702,-0.24398404,1.0
319,11,0.1968056,1.299397,-0.08164275,1.0
319,12,-0.09082179,1.3612716,0.027134078,1.0
319,13,0.2979262,1.3900595,-0.20371711,1.0
319,14,-0.29311585,1.4610916,-0.036801714,1.0
319,15,0.16642115,1.3846264,-0.23270345,1.0
319,16,-0.5124065,1.6289957,-0.1152151,1.0
319,17,0.11177328,1.3745626,-0.24402553,1.0
319,18,-0.52321136,1.6726856,-0.16257375,1.0
319,19,0.08257357,1.3888807,-0.23410158,1.0
319,20,-0.5074545,1.7244444,-0.17239708,1.0
319,21,0.13999355,1.3519311,-0.23693298,1.0
319,22,-0.5141576,1.6401113,-0.13223238,1.0
319,23,0.07961052,0.79825836,0.035421927,1.0
319,24,-0.09759039,0.7943104,-0.03629892,1.0
319,25,0.1522966,0.3682776,-0.027688412,1.0
319,26,-0.04611931,0.43963608,-0.021751042,1.0
319,27,0.15720949,0.014184415,0.079803176,1.0
319,28,-0.11929945,0.00415504,0.14596453,1.0
319,29,0.1427487,-0.020953476,0.10368369,1.0
319,30,-0.11334941,-0.010332465,0.110104434,1.0
319,31,0.1770543,-0.049914062,0.017988902,1.0
319,32,-0.080968365,-0.06035322,-0.009105158,1.0
320,0,-0.029360631,1.413687,-0.26180458,1.0
320,1,-0.004792126,1.4372199,-0.24928457,1.0
320,2,0.0011449151,1.4399111,-0.2376368,1.0
320,3,-0.0043155104,1.4510388,-0.2369967,1.0
320,4,-0.02840423,1.4438031,-0.2594195,1.0
320,5,-0.024457032,1.4527469,-0.2780597,1.0
320,6,-0.018135373,1.4264357,-0.26077735,1.0
320,7,0.106959276,1.4301593,-0.1822404,1.0
320,8,-0.037720088,1.3710012,-0.11647715,1.0
320,9,0.024585158,1.4117217,-0.22268836,1.0
320,10,-0.014692936,1.3692482,-0.23698154,1.0
320,11,0.19958009,1.3259101,-0.09074825,1.0
320,12,-0.08568081,1.3811193,0.037817556,1.0
320,13,0.29538915,1.3944957,-0.22719212,1.0
320,14,-0.2807249,1.4969242,-0.023556761,1.0
320,15,0.16761704,1.3919132,-0.29034635,1.0
320,16,-0.50055027,1.6612542,-0.09841558,1.0
320,17,0.12432453,1.3853755,-0.30559525,1.0
320,18,-0.5170041,1.6950884,-0.15180768,1.0
320,19,0.08172362,1.4046637,-0.29986882,1.0
320,20,-0.503794,1.7396867,-0.16271979,1.0
320,21,0.14565147,1.372236,-0.29329407,1.0
320,22,-0.5088653,1.6721096,-0.11744655,1.0
320,23,0.07780471,0.8073675,0.03261352,1.0
320,24,-0.07968861,0.8107213,-0.027829802,1.0
320,25,0.121312074,0.38227275,-0.03823665,1.0
320,26,-0.05746471,0.45076588,-0.020988312,1.0
320,27,0.11991921,0.01796019,0.07044495,1.0
320,28,-0.10693188,0.009572804,0.14180054,1.0
320,29,0.10075566,-0.033896267,0.091037065,1.0
320,30,-0.1006925,-0.014671385,0.09206923,1.0
320,31,0.15280302,-0.049877703,0.019526822,1.0
320,32,-0.07488538,-0.06059879,-0.013378566,1.0
321,0,-0.027493933,1.4613078,-0.2547727,1.0
321,1,0.0019750262,1.482504,-0.24843593,1.0
321,2,0.0053638197,1.4763765,-0.2345935,1.0
321,3,-0.0005250678,1.490732,-0.239004,1.0
321,4,-0.019446218,1.4854572,-0.24997208,1.0
321,5,-0.018958826,1.4936577,-0.26774397,1.0
321,6,-0.013874774,1.4711078,-0.24809892,1.0
321,7,0.10968852,1.4622514,-0.18119341,1.0
321,8,-0.022640212,1.4171089,-0.1088082,1.0
321,9,0.029444342,1.4456916,-0.21736912,1.0
321,10,-0.008197826,1.4090668,-0.22688922,1.0
321,11,0.20753643,1.3491622,-0.10101556,1.0
321,12,-0.06376119,1.4165938,0.035073534,1.0
321,13,0.2693314,1.3990815,-0.26464292,1.0
321,14,-0.26194206,1.5361017,-0.026893547,1.0
321,15,0.18664116,1.3869693,-0.35455018,1.0
321,16,-0.4734252,1.7023702,-0.10040524,1.0
321,17,0.16386154,1.3810356,-0.37367463,1.0
321,18,-0.4921176,1.7391183,-0.14897172,1.0
321,19,0.14266536,1.3918393,-0.37001634,1.0
321,20,-0.4787604,1.7837061,-0.16148473,1.0
321,21,0.16959564,1.3673948,-0.36012992,1.0
321,22,-0.47927493,1.7171121,-0.119165614,1.0
321,23,0.07785214,0.84125155,0.021403035,1.0
321,24,-0.08033242,0.84805036,-0.019661691,1.0
321,25,0.0901042,0.4129728,-0.04221474,1.0
321,26,-0.05027201,0.483287,-0.012214433,1.0
321,27,0.09287137,0.05339235,0.07375258,1.0
321,28,-0.09177319,0.06309205,0.14013276,1.0
321,29,0.07214599,0.012477219,0.09304974,1.0
321,30,-0.08727566,0.03748089,0.10160524,1.0
321,31,0.117744386,-0.008303702,0.027225588,1.0
321,32,-0.0657062,-0.0073177814,-0.011203535,1.0
322,0,-0.025633855,1.462841,-0.21722957,1.0
322,1,0.005065199,1.4814886,-0.21485855,1.0
322,2,0.0068557663,1.4733517,-0.20122495,1.0
322,3,0.0013642143,1.487159,-0.20722866,1.0
322,4,-0.016589526,1.4863714,-0.20993315,1.0
322,5,-0.01715479,1.4905689,-0.22615594,1.0
322,6,-0.012336246,1.4719042,-0.20707603,1.0
322,7,0.11166106,1.4612451,-0.15744421,1.0
322,8,-0.023190975,1.4198635,-0.06835346,1.0
322,9,0.032894667,1.4438057,-0.18326966,1.0
322,10,-0.006070311,1.4092641,-0.18603982,1.0
322,11,0.21102849,1.3338914,-0.09219082,1.0
322,12,-0.05526844,1.4167733,0.06349522,1.0
322,13,0.22271843,1.3514166,-0.25493455,1.0
322,14,-0.24712284,1.5247302,-0.0024796305,1.0
322,15,0.15837595,1.3486092,-0.34624657,1.0
322,16,-0.444672,1.6956534,-0.073640615,1.0
322,17,0.1401673,1.3503742,-0.36318946,1.0
322,18,-0.4618252,1.7398239,-0.12162496,1.0
322,19,0.13594401,1.3586091,-0.36018386,1.0
322,20,-0.4442335,1.7858021,-0.13301422,1.0
322,21,0.14554022,1.3312343,-0.35103694,1.0
322,22,-0.44934288,1.7145798,-0.09267025,1.0
322,23,0.07826003,0.8403399,0.013301203,1.0
322,24,-0.08110418,0.851444,-0.01187726,1.0
322,25,0.077669844,0.41250724,-0.05384047,1.0
322,26,-0.06045624,0.4824739,-0.015869755,1.0
322,27,0.0718236,0.05252081,0.05282673,1.0
322,28,-0.09021718,0.07724142,0.13579579,1.0
322,29,0.049586833,0.016099453,0.07036195,1.0
322,30,-0.0874768,0.04947442,0.103059046,1.0
322,31,0.080175556,-0.0049442053,0.0052386373,1.0
322,32,-0.07460843,0.007938147,-0.007317767,1.0
323,0,-0.026846355,1.4727162,-0.21486337,1.0
323,1,0.005692535,1.4891926,-0.21377788,1.0
323,2,0.0063138623,1.4819115,-0.20155981,1.0
323,3,0.0015104576,1.4948802,-0.20667559,1.0
323,4,-0.01640615,1.4982843,-0.2076781,1.0
323,5,-0.016326416,1.4996163,-0.22285216,1.0
323,6,-0.011653851,1.4817748,-0.20461933,1.0
323,7,0.1151178,1.4644263,-0.15765955,1.0
323,8,-0.016204828,1.4313757,-0.0674299,1.0
323,9,0.030948639,1.4497702,-0.18267974,1.0
323,10,-0.007475544,1.4185286,-0.18494686,1.0
323,11,0.20862907,1.3256919,-0.10276487,1.0
323,12,-0.044909462,1.4239082,0.066062845,1.0
323,13,0.20334281,1.3297597,-0.3090032,1.0
323,14,-0.2319174,1.5255735,0.0018201682,1.0
323,15,0.16210921,1.3492868,-0.42228818,1.0
323,16,-0.42534724,1.7063426,-0.0657967,1.0
323,17,0.16057356,1.357696,-0.44324556,1.0
323,18,-0.4409771,1.7528231,-0.11217253,1.0
323,19,0.16127163,1.3668909,-0.44305092,1.0
323,20,-0.42093796,1.8008456,-0.12726872,1.0
323,21,0.15910918,1.3341684,-0.42922443,1.0
323,22,-0.42939404,1.7272844,-0.08699292,1.0
323,23,0.07884726,0.83802503,0.0008788885,1.0
323,24,-0.08154251,0.85239494,0.00023027937,1.0
323,25,0.064732544,0.41120553,-0.06931934,1.0
323,26,-0.066911146,0.48038483,-0.0005964278,1.0
323,27,0.044035174,0.050289273,0.033553366,1.0
323,28,-0.090836674,0.08528644,0.1541547,1.0
323,29,0.021959739,0.0152000785,0.05032306,1.0
323,30,-0.089442976,0.056565106,0.1267057,1.0
323,31,0.052751157,-0.0031679869,-0.011096387,1.0
323,32,-0.07660183,0.010170221,0.048381142,1.0
324,0,-0.024324508,1.4720044,-0.20386147,1.0
324,1,0.009911507,1.4869616,-0.2023522,1.0
324,2,0.009965709,1.4810565,-0.19176604,1.0
324,3,0.0060221925,1.4930384,-0.19549206,1.0
324,4,-0.013130676,1.4987528,-0.19598688,1.0
324,5,-0.011988185,1.4981084,-0.21043791,1.0
324,6,-0.007967638,1.4807066,-0.19352926,1.0
324,7,0.120070465,1.463277,-0.14736448,1.0
324,8,-0.014029161,1.4318464,-0.05602353,1.0
324,9,0.033935223,1.4491143,-0.17316219,1.0
324,10,-0.005332499,1.4188356,-0.17481495,1.0
324,11,0.21251926,1.3143691,-0.09487902,1.0
324,12,-0.043589484,1.4233358,0.07309098,1.0
324,13,0.20292518,1.2987373,-0.2868213,1.0
324,14,-0.21847989,1.5187104,0.0014023775,1.0
324,15,0.16592222,1.3257494,-0.40459108,1.0
324,16,-0.39217538,1.70135,-0.07529999,1.0
324,17,0.1666568,1.3386056,-0.42668545,1.0
324,18,-0.4043203,1.7494553,-0.12286215,1.0
324,19,0.16488834,1.3516589,-0.4273397,1.0
324,20,-0.3796989,1.7979863,-0.13734026,1.0
324,21,0.16603121,1.3130915,-0.41048202,1.0
324,22,-0.39386237,1.7226516,-0.09590553,1.0
324,23,0.07982759,0.83509964,0.00014124485,1.0
324,24,-0.08233333,0.85278875,0.00094845414,1.0
324,25,0.06324293,0.4093957,-0.06527693,1.0
324,26,-0.0802538,0.47686368,-0.001623261,1.0
324,27,0.045302063,0.05805385,0.04144808,1.0
324,28,-0.09431581,0.08856332,0.16248399,1.0
324,29,0.02430683,0.027004123,0.06178141,1.0
324,30,-0.095591255,0.059393466,0.13884498,1.0
324,31,0.04762719,0.015447378,-0.000654726,1.0
324,32,-0.09573656,0.01928997,0.06625554,1.0
325,0,-0.024579242,1.4766228,-0.19864017,1.0
325,1,0.009407645,1.4909708,-0.19809406,1.0
325,2,0.008893681,1.4863334,-0.18876712,1.0
325,3,0.0059635937,1.4978037,-0.19119087,1.0
325,4,-0.014113225,1.5035113,-0.19156401,1.0
325,5,-0.011790279,1.5018566,-0.20531487,1.0
325,6,-0.008158275,1.4840791,-0.18970013,1.0
325,7,0.118751325,1.4665593,-0.14661817,1.0
325,8,-0.013475374,1.4334149,-0.05390162,1.0
325,9,0.03344511,1.4530714,-0.17020203,1.0
325,10,-0.005174451,1.4226179,-0.17110611,1.0
325,11,0.21350792,1.3121488,-0.091289885,1.0
325,12,-0.038500737,1.4228046,0.07971449,1.0
325,13,0.19340785,1.2794676,-0.28833982,1.0
325,14,-0.20487781,1.5167935,0.013346318,1.0
325,15,0.15487158,1.2952453,-0.408763,1.0
325,16,-0.37252405,1.7123587,-0.06787691,1.0
325,17,0.15223446,1.3080959,-0.43079516,1.0
325,18,-0.38320068,1.7636924,-0.11769836,1.0
325,19,0.1616787,1.3220661,-0.43325973,1.0
325,20,-0.35664922,1.8137786,-0.13290894,1.0
325,21,0.15296787,1.2830472,-0.41412333,1.0
325,22,-0.37314466,1.7349856,-0.08898902,1.0
325,23,0.08033958,0.8332185,-0.004623276,1.0
325,24,-0.0826211,0.85334486,0.0055371816,1.0
325,25,0.061685123,0.40811408,-0.06379263,1.0
325,26,-0.08855548,0.47558162,0.004973939,1.0
325,27,0.044931512,0.06232673,0.05435324,1.0
325,28,-0.095638186,0.08886099,0.15787351,1.0
325,29,0.025074894,0.032770097,0.07726078,1.0
325,30,-0.09934906,0.058736324,0.1351655,1.0
325,31,0.039630968,0.022631526,0.016181359,1.0
325,32,-0.11732109,0.020137846,0.06260615,1.0
326,0,-0.026074167,1.4788823,-0.19573756,1.0
326,1,0.009011952,1.4936384,-0.19682264,1.0
326,2,0.007848969,1.4896992,-0.188344,1.0
326,3,0.0057696,1.5009332,-0.18969552,1.0
326,4,-0.015970206,1.5060084,-0.18920204,1.0
326,5,-0.012570729,1.5039808,-0.20251237,1.0
326,6,-0.008847889,1.4856391,-0.1879353,1.0
326,7,0.11779652,1.4687561,-0.14913295,1.0
326,8,-0.011170265,1.4334197,-0.052849963,1.0
326,9,0.0315117,1.4546678,-0.1701769,1.0
326,10,-0.0063778847,1.4239423,-0.16908754,1.0
326,11,0.21252644,1.3118951,-0.09878892,1.0
326,12,-0.032654982,1.4209199,0.08054131,1.0
326,13,0.17621005,1.2866262,-0.30629203,1.0
326,14,-0.19634923,1.5182306,0.010739611,1.0
326,15,0.120909475,1.2877636,-0.425444,1.0
326,16,-0.3613717,1.7263552,-0.07175565,1.0
326,17,0.11057003,1.2962788,-0.4467686,1.0
326,18,-0.3716118,1.7793546,-0.120767,1.0
326,19,0.10955991,1.3047018,-0.4473547,1.0
326,20,-0.3425174,1.8276391,-0.13560112,1.0
326,21,0.113945365,1.27193,-0.42882502,1.0
326,22,-0.36065075,1.748098,-0.09202293,1.0
326,23,0.081118084,0.8318917,-0.005269813,1.0
326,24,-0.08320061,0.8526815,0.0055306526,1.0
326,25,0.06505945,0.40922722,-0.061152115,1.0
326,26,-0.08988672,0.47506118,0.0042586853,1.0
326,27,0.050296456,0.07713902,0.102349535,1.0
326,28,-0.09768175,0.08933514,0.15562636,1.0
326,29,0.030060755,0.048603117,0.12794036,1.0
326,30,-0.09936483,0.059610844,0.13330162,1.0
326,31,0.050425787,0.032012165,0.07230316,1.0
326,32,-0.11357536,0.021781385,0.06007792,1.0
327,0,-0.027650638,1.4768698,-0.1944776,1.0
327,1,0.00876867,1.4917085,-0.19601174,1.0
327,2,0.007105916,1.487994,-0.18797381,1.0
327,3,0.0059145195,1.4991868,-0.1886122,1.0
327,4,-0.016969146,1.5037118,-0.18754293,1.0
327,5,-0.0127663575,1.5015774,-0.20053804,1.0
327,6,-0.008869626,1.4829028,-0.18674569,1.0
327,7,0.118322134,1.4673892,-0.15068038,1.0
327,8,-0.011833498,1.4317163,-0.05058976,1.0
327,9,0.030154517,1.4528823,-0.17044973,1.0
327,10,-0.0071929526,1.4222769,-0.16806492,1.0
327,11,0.21342349,1.3052107,-0.10230065,1.0
327,12,-0.030312907,1.4187719,0.0816119,1.0
327,13,0.1774884,1.2710485,-0.30941582,1.0
327,14,-0.18870477,1.5155221,0.006788813,1.0
327,15,0.12756135,1.2758632,-0.43015105,1.0
327,16,-0.35113317,1.7187593,-0.08510203,1.0
327,17,0.11488188,1.2869254,-0.45232868,1.0
327,18,-0.36216322,1.7702948,-0.1407846,1.0
327,19,0.11026187,1.3006774,-0.45223022,1.0
327,20,-0.33211133,1.8176775,-0.15679199,1.0
327,21,0.11988161,1.2623453,-0.4327662,1.0
327,22,-0.35025978,1.7386242,-0.10755041,1.0
327,23,0.082141384,0.83014137,-0.004434491,1.0
327,24,-0.0841065,0.8519658,0.0037003784,1.0
327,25,0.06832541,0.40805575,-0.060575664,1.0
327,26,-0.093188226,0.4736974,0.0012739631,1.0
327,27,0.051082868,0.0793066,0.13323373,1.0
327,28,-0.09905826,0.089706,0.15825956,1.0
327,29,0.031457983,0.050590456,0.15966459,1.0
327,30,-0.09987621,0.05982858,0.1360181,1.0
327,31,0.056274142,0.02826196,0.104846686,1.0
327,32,-0.11109426,0.018567443,0.06063889,1.0
328,0,-0.027975217,1.4719617,-0.17186292,1.0
328,1,0.008114811,1.4869792,-0.1735252,1.0
328,2,0.005897863,1.4830554,-0.16574685,1.0
328,3,0.005548906,1.4945234,-0.16595106,1.0
328,4,-0.017893352,1.4987705,-0.16510431,1.0
328,5,-0.013008267,1.4964073,-0.1766792,1.0
328,6,-0.008710388,1.4774866,-0.16415493,1.0
328,7,0.11850111,1.4634249,-0.128938,1.0
328,8,-0.01405226,1.4275011,-0.025510173,1.0
328,9,0.029504096,1.4485087,-0.1475417,1.0
328,10,-0.007854398,1.4182024,-0.14444381,1.0
328,11,0.21185376,1.2949779,-0.080318585,1.0
328,12,-0.027086493,1.4143684,0.117103875,1.0
328,13,0.17574608,1.2512167,-0.27762833,1.0
328,14,-0.1817761,1.5111506,0.03964256,1.0
328,15,0.13972872,1.2938029,-0.42291212,1.0
328,16,-0.3336867,1.7107028,-0.071528696,1.0
328,17,0.14023796,1.3019035,-0.4466002,1.0
328,18,-0.34314469,1.7613734,-0.12598172,1.0
328,19,0.1475018,1.3099632,-0.44649544,1.0
328,20,-0.31368437,1.8082182,-0.13998549,1.0
328,21,0.14234771,1.2806795,-0.42220238,1.0
328,22,-0.3328577,1.7299879,-0.09181257,1.0
328,23,0.08215939,0.82656467,-0.005967352,1.0
328,24,-0.08429136,0.84847206,0.0043972717,1.0
328,25,0.08007271,0.40096635,-0.058794115,1.0
328,26,-0.09286518,0.46982554,-0.0016895109,1.0
328,27,0.06760514,0.07350868,0.13301715,1.0
328,28,-0.099812254,0.08288175,0.15667954,1.0
328,29,0.04913268,0.04455501,0.15910412,1.0
328,30,-0.100731365,0.05189264,0.13503861,1.0
328,31,0.0601281,0.021950781,0.10519492,1.0
328,32,-0.11073244,0.003495574,0.05906536,1.0
329,0,-0.025501225,1.464225,-0.15738714,1.0
329,1,0.008530926,1.4794769,-0.1595713,1.0
329,2,0.0062646726,1.4753864,-0.15202333,1.0
329,3,0.0069120657,1.4872706,-0.15220138,1.0
329,4,-0.016093977,1.4909811,-0.152473,1.0
329,5,-0.011048453,1.488436,-0.162669,1.0
329,6,-0.0073243715,1.469249,-0.15135518,1.0
329,7,0.12065449,1.4560866,-0.11608263,1.0
329,8,-0.01299284,1.4199758,-0.016076406,1.0
329,9,0.033002857,1.4407248,-0.13315853,1.0
329,10,-0.0054175304,1.4108434,-0.13098368,1.0
329,11,0.21159866,1.2862806,-0.061279137,1.0
329,12,-0.021000884,1.4061805,0.13270193,1.0
329,13,0.17423612,1.2339089,-0.22768064,1.0
329,14,-0.16610155,1.5036829,0.06129427,1.0
329,15,0.14476785,1.2965784,-0.34225228,1.0
329,16,-0.3059129,1.7090701,-0.047872808,1.0
329,17,0.14756596,1.2988805,-0.35742566,1.0
329,18,-0.31390214,1.7604696,-0.09927673,1.0
329,19,0.15794258,1.3140695,-0.35874254,1.0
329,20,-0.28513804,1.8078139,-0.1111069,1.0
329,21,0.15164533,1.2832634,-0.34143445,1.0
329,22,-0.30551505,1.7293236,-0.06593266,1.0
329,23,0.08191242,0.8200316,-0.00749335,1.0
329,24,-0.084434144,0.841492,0.0048977383,1.0
329,25,0.09535726,0.3938129,-0.057962634,1.0
329,26,-0.08959322,0.4628827,-0.0040620263,1.0
329,27,0.10245214,0.06929988,0.12937543,1.0
329,28,-0.082414255,0.07591975,0.15535808,1.0
329,29,0.0878473,0.04264742,0.15473752,1.0
329,30,-0.078445114,0.04457134,0.1330003,1.0
329,31,0.09190116,0.021218836,0.10389366,1.0
329,32,-0.089595385,-0.0013751984,0.0566613,1.0
330,0,-0.015407212,1.4547634,-0.122973904,1.0
330,1,0.013367418,1.4703965,-0.123168394,1.0
330,2,0.011438284,1.4658618,-0.11596614,1.0
330,3,0.012977027,1.4781449,-0.116052166,1.0
330,4,-0.007958195,1.4808742,-0.118794195,1.0
330,5,-0.0032024365,1.4780223,-0.12687433,1.0
330,6,1.8126331e-05,1.4586413,-0.11681741,1.0
330,7,0.122570954,1.4462016,-0.07733438,1.0
330,8,-0.011033881,1.4076662,0.013016121,1.0
330,9,0.042097304,1.4310114,-0.09809293,1.0
330,10,0.0029195186,1.4011374,-0.098189324,1.0
330,11,0.21112716,1.268428,-0.026210763,1.0
330,12,-0.017651701,1.3916001,0.16952994,1.0
330,13,0.14488222,1.201443,-0.16452758,1.0
330,14,-0.15422761,1.4919708,0.104365766,1.0
330,15,0.13592504,1.2890024,-0.2436205,1.0
330,16,-0.27451795,1.7051723,0.00057191926,1.0
330,17,0.13600874,1.2959275,-0.25492367,1.0
330,18,-0.2791403,1.7584507,-0.04943645,1.0
330,19,0.15380539,1.3099972,-0.256987,1.0
330,20,-0.24762006,1.8051302,-0.058333702,1.0
330,21,0.14334704,1.2779287,-0.24299005,1.0
330,22,-0.2733034,1.7266021,-0.01509385,1.0
330,23,0.08164043,0.8118355,-0.01188423,1.0
330,24,-0.084685475,0.8322949,0.008758492,1.0
330,25,0.09870906,0.38472125,-0.060765628,1.0
330,26,-0.08514372,0.4526414,-0.005278549,1.0
330,27,0.1250045,0.059811115,0.13035104,1.0
330,28,-0.072018065,0.048614442,0.11323145,1.0
330,29,0.11236155,0.034138322,0.1560236,1.0
330,30,-0.0694148,0.01449281,0.0877959,1.0
330,31,0.101651795,0.011355221,0.1098691,1.0
330,32,-0.09225631,-0.018103182,0.009389887,1.0
331,0,-0.0060632685,1.4439011,-0.12202837,1.0
331,1,0.01916919,1.4594889,-0.12335843,1.0
331,2,0.01733395,1.4551759,-0.116532244,1.0
331,3,0.019583698,1.4672921,-0.115862146,1.0
331,4,0.0008543965,1.4688718,-0.119317636,1.0
331,5,0.0053622397,1.4659064,-0.12598808,1.0
331,6,0.00879194,1.4461808,-0.11685796,1.0
331,7,0.12527665,1.4361622,-0.07865701,1.0
331,8,-0.005565655,1.3951802,0.0099611515,1.0
331,9,0.0504271,1.4201537,-0.09793543,1.0
331,10,0.011833775,1.390243,-0.09773773,1.0
331,11,0.21112816,1.2556322,-0.02960052,1.0
331,12,-0.007987123,1.3806763,0.17916891,1.0
331,13,0.13057524,1.1787188,-0.14723228,1.0
331,14,-0.13298747,1.4821017,0.12479823,1.0
331,15,0.13444056,1.2812352,-0.20742854,1.0
331,16,-0.23514952,1.7092924,0.01775693,1.0
331,17,0.13402194,1.3070065,-0.21514732,1.0
331,18,-0.23771818,1.7648841,-0.029581824,1.0
331,19,0.15302485,1.32406,-0.21907668,1.0
331,20,-0.20473203,1.8105656,-0.037581477,1.0
331,21,0.14219007,1.2711585,-0.20657837,1.0
331,22,-0.23388761,1.731581,0.0040615895,1.0
331,23,0.08040297,0.8029493,-0.020700715,1.0
331,24,-0.08406849,0.8225841,0.017736265,1.0
331,25,0.09035338,0.37468585,-0.08566284,1.0
331,26,-0.07380094,0.44315577,-0.002743074,1.0
331,27,0.15946311,0.106395245,0.17344105,1.0
331,28,-0.04441426,0.041822672,0.11219275,1.0
331,29,0.15339252,0.08813232,0.21001524,1.0
331,30,-0.040834535,0.009474516,0.08854767,1.0
331,31,0.1117429,0.042347074,0.19627093,1.0
331,32,-0.08566026,-0.024397194,0.014891328,1.0
332,0,-0.008570114,1.4317807,-0.12735307,1.0
332,1,0.01773976,1.4468853,-0.12993278,1.0
332,2,0.01539318,1.4431913,-0.12345387,1.0
332,3,0.018429197,1.454376,-0.12246096,1.0
332,4,-0.0003871204,1.456991,-0.12558661,1.0
332,5,0.003537926,1.4541117,-0.13082781,1.0
332,6,0.008012496,1.4339685,-0.12275559,1.0
332,7,0.12536961,1.4211102,-0.08775638,1.0
332,8,-0.0053725243,1.3835802,0.0024156203,1.0
332,9,0.048325624,1.4071267,-0.105193324,1.0
332,10,0.010105286,1.3789617,-0.10411616,1.0
332,11,0.2033657,1.236365,-0.034523804,1.0
332,12,-0.008819153,1.3714657,0.180545,1.0
332,13,0.11007687,1.1425611,-0.14882374,1.0
332,14,-0.1269406,1.4748198,0.1362475,1.0
332,15,0.1162318,1.2665656,-0.19381712,1.0
332,16,-0.20395407,1.7167668,0.03209145,1.0
332,17,0.114789166,1.3069428,-0.19998626,1.0
332,18,-0.19873124,1.7769728,-0.012957184,1.0
332,19,0.14426242,1.3250227,-0.20083347,1.0
332,20,-0.15916884,1.821039,-0.01731751,1.0
332,21,0.124546655,1.2595239,-0.19163272,1.0
332,22,-0.1995829,1.739588,0.02175111,1.0
332,23,0.07778503,0.79313475,-0.028645558,1.0
332,24,-0.081770785,0.8118199,0.0254985,1.0
332,25,0.041894045,0.36564553,-0.11298208,1.0
332,26,-0.07264353,0.4331588,0.008789061,1.0
332,27,0.18140246,0.17066354,0.20086473,1.0
332,28,-0.040611908,0.033730805,0.11390878,1.0
332,29,0.18485291,0.15841562,0.24386033,1.0
332,30,-0.037600342,0.002717793,0.09069183,1.0
332,31,0.1445681,0.100135565,0.26050556,1.0
332,32,-0.086263254,-0.03292626,0.03616584,1.0
333,0,-0.010475129,1.4091094,-0.12873468,1.0
333,1,0.016745312,1.4245403,-0.13588221,1.0
333,2,0.014189391,1.4217328,-0.12829988,1.0
333,3,0.017676089,1.431514,-0.12658909,1.0
333,4,-0.001300545,1.4369366,-0.13043801,1.0
333,5,0.0017419398,1.4337265,-0.13307893,1.0
333,6,0.0073552933,1.4136443,-0.12561324,1.0
333,7,0.12147512,1.4028337,-0.0929165,1.0
333,8,-0.005730532,1.3692491,-0.008506276,1.0
333,9,0.04760515,1.3869073,-0.10942067,1.0
333,10,0.009497717,1.3599988,-0.10903212,1.0
333,11,0.19269152,1.2167325,-0.05094591,1.0
333,12,-0.010178038,1.3622558,0.16585024,1.0
333,13,0.0912904,1.1062968,-0.15770106,1.0
333,14,-0.12295368,1.4626849,0.1115119,1.0
333,15,0.09057808,1.2496884,-0.18872975,1.0
333,16,-0.16593921,1.7135983,0.0085794525,1.0
333,17,0.08203781,1.3013908,-0.19211142,1.0
333,18,-0.15458938,1.7752411,-0.036475964,1.0
333,19,0.11401599,1.3228703,-0.19246545,1.0
333,20,-0.10720011,1.8239305,-0.042036135,1.0
333,21,0.09870348,1.2461396,-0.18710743,1.0
333,22,-0.15808873,1.7388757,-0.0013856513,1.0
333,23,0.06862215,0.7821625,-0.035376314,1.0
333,24,-0.07236449,0.79964805,0.031921722,1.0
333,25,-0.017696097,0.37673578,-0.1251962,1.0
333,26,-0.04072009,0.42048842,0.01929187,1.0
333,27,0.1734567,0.24908847,0.18157147,1.0
333,28,-0.025373813,0.0149873495,0.110462315,1.0
333,29,0.18087108,0.24272102,0.21680151,1.0
333,30,-0.024578542,-0.018281698,0.08616025,1.0
333,31,0.14588754,0.18850857,0.24017651,1.0
333,32,-0.087155595,-0.050512612,0.03727243,1.0
334,0,-0.012540793,1.3911033,-0.13596414,1.0
334,1,0.012009083,1.4070885,-0.13994537,1.0
334,2,0.011191689,1.4056127,-0.1332364,1.0
334,3,0.014072973,1.4140613,-0.13189718,1.0
334,4,-0.0035200922,1.4211416,-0.13645227,1.0
334,5,-0.0019864067,1.4181707,-0.13924232,1.0
334,6,0.003945439,1.3981643,-0.13270019,1.0
334,7,0.108100586,1.3863837,-0.091475956,1.0
334,8,-0.020164497,1.3568935,-0.011778006,1.0
334,9,0.040728167,1.3697866,-0.114518985,1.0
334,10,0.0024630623,1.3434933,-0.11536078,1.0
334,11,0.16616292,1.2002604,-0.04986746,1.0
334,12,-0.0155740315,1.3520021,0.16522951,1.0
334,13,0.07240915,1.0781323,-0.1436939,1.0
334,14,-0.12300529,1.4514251,0.102505535,1.0
334,15,0.029578472,1.2161894,-0.1593513,1.0
334,16,-0.12524122,1.6962144,0.0023093019,1.0
334,17,0.006359069,1.2835152,-0.15935585,1.0
334,18,-0.10189022,1.7559795,-0.043035556,1.0
334,19,0.029173762,1.3041592,-0.15802161,1.0
334,20,-0.052257624,1.8054231,-0.043702748,1.0
334,21,0.032485314,1.2153901,-0.15579173,1.0
334,22,-0.114852585,1.7212844,-0.004259914,1.0
334,23,0.06207954,0.7741831,-0.036615465,1.0
334,24,-0.06514846,0.78774166,0.033068202,1.0
334,25,-0.05653574,0.41198802,-0.1300577,1.0
334,26,-0.026965598,0.41010174,0.016136462,1.0
334,27,0.17934611,0.31391332,0.17887588,1.0
334,28,-0.02303613,-0.0054993033,0.100757785,1.0
334,29,0.19323288,0.3094871,0.20723759,1.0
334,30,-0.024576174,-0.040451527,0.07627004,1.0
334,31,0.17062695,0.2663017,0.23076789,1.0
334,32,-0.09006818,-0.069456935,0.037530906,1.0
335,0,-0.01610859,1.3898742,-0.1370024,1.0
335,1,0.0067694467,1.4048911,-0.1399373,1.0
335,2,0.0075062728,1.4052489,-0.13325554,1.0
335,3,0.009319673,1.4116843,-0.13248354,1.0
335,4,-0.0077956067,1.4209893,-0.13722295,1.0
335,5,-0.0077775274,1.4185406,-0.14012614,1.0
335,6,-0.0012066336,1.399014,-0.13407676,1.0
335,7,0.097934484,1.3810964,-0.08869395,1.0
335,8,-0.027240628,1.3542962,-0.01257481,1.0
335,9,0.03395216,1.3681564,-0.11495305,1.0
335,10,-0.0032289482,1.3416959,-0.11726519,1.0
335,11,0.14962664,1.1952943,-0.04933088,1.0
335,12,-0.01814823,1.3476635,0.16189724,1.0
335,13,0.056713603,1.0950727,-0.1303852,1.0
335,14,-0.107534364,1.4306788,0.07611217,1.0
335,15,-0.01323561,1.213773,-0.12796652,1.0
335,16,-0.06679769,1.6541643,-0.060877584,1.0
335,17,-0.046618894,1.2775431,-0.12229973,1.0
335,18,-0.03411141,1.7083097,-0.111923866,1.0
335,19,-0.028433582,1.2955483,-0.121382944,1.0
335,20,0.013148114,1.7571485,-0.1019398,1.0
335,21,-0.011771149,1.2112827,-0.1229703,1.0
335,22,-0.054777797,1.6793203,-0.062019005,1.0
335,23,0.05564225,0.7685176,-0.036383193,1.0
335,24,-0.058095198,0.77908164,0.033232816,1.0
335,25,-0.08100627,0.43634722,-0.12459317,1.0
335,26,-0.024006847,0.40290937,0.016736593,1.0
335,27,0.18574741,0.37052438,0.1705719,1.0
335,28,-0.015468802,-0.009173691,0.10298094,1.0
335,29,0.20401447,0.36815655,0.20071265,1.0
335,30,-0.016757801,-0.043510854,0.07810717,1.0
335,31,0.1984038,0.31347108,0.2524979,1.0
335,32,-0.09047784,-0.07644808,0.04520955,1.0
336,0,-0.022881368,1.3906379,-0.13575432,1.0
336,1,-0.0025239578,1.4046695,-0.13825914,1.0
336,2,-0.00018095924,1.4070868,-0.13128836,1.0
336,3,0.00014878629,1.411437,-0.13122042,1.0
336,4,-0.016282002,1.4221978,-0.13701466,1.0
336,5,-0.017560415,1.4201565,-0.14039756,1.0
336,6,-0.010378177,1.4008082,-0.13450573,1.0
336,7,0.080545194,1.3801715,-0.08265799,1.0
336,8,-0.04146058,1.3548002,-0.014217791,1.0
336,9,0.02328451,1.3692979,-0.11213473,1.0
336,10,-0.012603984,1.3420727,-0.11761047,1.0
336,11,0.12707318,1.1921256,-0.044189587,1.0
336,12,-0.03628484,1.3448851,0.16066825,1.0
336,13,0.033026055,1.092927,-0.12203777,1.0
336,14,-0.1103961,1.4084468,0.029766295,1.0
336,15,-0.050294027,1.1980841,-0.11723614,1.0
336,16,-0.03561726,1.6101215,-0.10120105,1.0
336,17,-0.087380484,1.2577598,-0.10834323,1.0
336,18,0.0069506466,1.6587932,-0.14982912,1.0
336,19,-0.070024416,1.2693207,-0.10722091,1.0
336,20,0.051565394,1.705267,-0.13618878,1.0
336,21,-0.048107512,1.1939963,-0.112446904,1.0
336,22,-0.023030566,1.6340499,-0.100333765,1.0
336,23,0.05064185,0.76716834,-0.034542948,1.0
336,24,-0.052265815,0.77209204,0.0317201,1.0
336,25,-0.1174643,0.4686088,-0.1211602,1.0
336,26,-0.01950378,0.3983001,0.017234737,1.0
336,27,0.17833589,0.40186635,0.14509061,1.0
336,28,-0.01854243,-0.015948594,0.10573231,1.0
336,29,0.19681068,0.39767405,0.17865732,1.0
336,30,-0.02101912,-0.051250875,0.08026276,1.0
336,31,0.1990552,0.33682185,0.2327877,1.0
336,32,-0.09788137,-0.08598685,0.053370256,1.0
337,0,-0.03260041,1.3919954,-0.1377493,1.0
337,1,-0.012286656,1.4049346,-0.14028779,1.0
337,2,-0.008545292,1.4089317,-0.13310516,1.0
337,3,-0.009664314,1.4114386,-0.13354594,1.0
337,4,-0.02749265,1.4231575,-0.13844542,1.0
337,5,-0.030130237,1.4213593,-0.14294545,1.0
337,6,-0.02194567,1.4023662,-0.13684484,1.0
337,7,0.07106902,1.3804522,-0.0797325,1.0
337,8,-0.059168976,1.3551264,-0.015205557,1.0
337,9,0.012515187,1.3706768,-0.11386307,1.0
337,10,-0.025313504,1.3426337,-0.11946093,1.0
337,11,0.10909867,1.1933948,-0.041274216,1.0
337,12,-0.051957473,1.3449838,0.15771303,1.0
337,13,0.026480041,1.0952556,-0.11207948,1.0
337,14,-0.11325904,1.4013177,0.025587063,1.0
337,15,-0.054394957,1.1914821,-0.091607645,1.0
337,16,-0.019034754,1.5735712,-0.098730676,1.0
337,17,-0.093698286,1.2481518,-0.08054939,1.0
337,18,0.029376289,1.614373,-0.14656995,1.0
337,19,-0.07600528,1.2566372,-0.079499654,1.0
337,20,0.07443739,1.6570435,-0.1344814,1.0
337,21,-0.05220288,1.1864046,-0.086257204,1.0
337,22,-0.004454139,1.5950146,-0.09844555,1.0
337,23,0.046196386,0.76790917,-0.034469154,1.0
337,24,-0.04721991,0.7676024,0.032146264,1.0
337,25,-0.12994017,0.4753173,-0.12012105,1.0
337,26,-0.021759065,0.39657086,0.019231664,1.0
337,27,0.17436671,0.40782222,0.14193809,1.0
337,28,-0.01895184,-0.01973015,0.10694184,1.0
337,29,0.19240552,0.40203676,0.17631301,1.0
337,30,-0.022380179,-0.055894017,0.08069293,1.0
337,31,0.19911584,0.34813195,0.23781866,1.0
337,32,-0.104500376,-0.087019265,0.057077955,1.0
338,0,-0.06443329,1.405576,-0.13197067,1.0
338,1,-0.04306819,1.4178234,-0.13438022,1.0
338,2,-0.038088165,1.4226426,-0.12663034,1.0
338,3,-0.040370345,1.4236991,-0.12798947,1.0
338,4,-0.05260076,1.4365003,-0.13255885,1.0
338,5,-0.05626891,1.4336686,-0.13717349,1.0
338,6,-0.047045596,1.4139194,-0.13130401,1.0
338,7,0.047903363,1.3893061,-0.08052827,1.0
338,8,-0.07158265,1.3653356,-0.0141245555,1.0
338,9,-0.016240546,1.3825331,-0.10852648,1.0
338,10,-0.050624333,1.3542798,-0.11431753,1.0
338,11,0.0919249,1.2050567,-0.041537397,1.0
338,12,-0.06320608,1.3593884,0.15862252,1.0
338,13,0.026298087,1.1000625,-0.10742182,1.0
338,14,-0.117772706,1.4588866,0.10733474,1.0
338,15,-0.07463595,1.1938293,-0.055803675,1.0
338,16,-0.026658412,1.587177,0.13255864,1.0
338,17,-0.11657249,1.2482239,-0.04033987,1.0
338,18,0.026565365,1.6290026,0.10772498,1.0
338,19,-0.105814226,1.2541676,-0.037887264,1.0
338,20,0.07382082,1.665388,0.11836988,1.0
338,21,-0.07517611,1.1880937,-0.050656497,1.0
338,22,-0.01161955,1.610534,0.13519335,1.0
338,23,0.045387287,0.76925296,-0.03421165,1.0
338,24,-0.04538507,0.76412934,0.03208118,1.0
338,25,-0.13972637,0.48976538,-0.12414806,1.0
338,26,-0.0240167,0.39552665,0.017688043,1.0
338,27,0.17376241,0.38806432,0.11231856,1.0
338,28,-0.018953104,-0.024049222,0.10789459,1.0
338,29,0.18509454,0.3785784,0.14150998,1.0
338,30,-0.023077255,-0.060612977,0.08155803,1.0
338,31,0.18857601,0.32193854,0.23753457,1.0
338,32,-0.10782561,-0.0921998,0.07308713,1.0
339,0,-0.06667041,1.4103596,-0.12733209,1.0
339,1,-0.0465218,1.4222236,-0.1253488,1.0
339,2,-0.040940948,1.4275038,-0.117386244,1.0
339,3,-0.044496756,1.4268914,-0.11929417,1.0
339,4,-0.054371886,1.4400282,-0.12720437,1.0
339,5,-0.058984943,1.4366516,-0.1317772,1.0
339,6,-0.04929448,1.4167321,-0.12604943,1.0
339,7,0.03949316,1.3934941,-0.067090265,1.0
339,8,-0.08493356,1.3669631,-0.013390208,1.0
339,9,-0.019407405,1.3865496,-0.10067053,1.0
339,10,-0.05587312,1.3579074,-0.109688915,1.0
339,11,0.09005526,1.2179033,-0.025995497,1.0
339,12,-0.086581744,1.3604131,0.15815966,1.0
339,13,0.027911387,1.1242656,-0.07140114,1.0
339,14,-0.12915881,1.4683642,0.13976464,1.0
339,15,-0.056749605,1.1878352,0.01876571,1.0
339,16,-0.033173785,1.5897257,0.23268192,1.0
339,17,-0.105838016,1.2309821,0.038506072,1.0
339,18,0.028673688,1.6212909,0.2171118,1.0
339,19,-0.106284305,1.2353873,0.03792774,1.0
339,20,0.073662706,1.6513052,0.22986329,1.0
339,21,-0.06307506,1.1794605,0.02243098,1.0
339,22,-0.01914556,1.6094339,0.23614916,1.0
339,23,0.047242142,0.77584684,-0.032498967,1.0
339,24,-0.046236746,0.7645728,0.031520084,1.0
339,25,-0.14023907,0.49951157,-0.12741098,1.0
339,26,-0.025008127,0.3996059,0.010101467,1.0
339,27,0.17149156,0.35378826,0.08269401,1.0
339,28,-0.018774489,-0.024719656,0.1054647,1.0
339,29,0.18309179,0.33912507,0.10509572,1.0
339,30,-0.023505595,-0.061053514,0.07996618,1.0
339,31,0.18380073,0.28712776,0.18324564,1.0
339,32,-0.11343537,-0.08922118,0.074288554,1.0
340,0,-0.06542224,1.4181895,-0.12759064,1.0
340,1,-0.044776928,1.430098,-0.12290514,1.0
340,2,-0.039104685,1.4355545,-0.114128925,1.0
340,3,-0.043318808,1.4332957,-0.11701148,1.0
340,4,-0.053374548,1.4473679,-0.12731205,1.0
340,5,-0.058583636,1.4438174,-0.13239153,1.0
340,6,-0.04871157,1.4242808,-0.12642695,1.0
340,7,0.03769121,1.4013801,-0.058647238,1.0
340,8,-0.09290113,1.3741659,-0.014206985,1.0
340,9,-0.019046292,1.3934822,-0.099466026,1.0
340,10,-0.057147827,1.3652123,-0.11032523,1.0
340,11,0.09580814,1.2393452,-0.011295869,1.0
340,12,-0.10711622,1.3665061,0.15677394,1.0
340,13,0.10461266,1.1897987,-0.041461058,1.0
340,14,-0.1580473,1.4782144,0.13743728,1.0
340,15,-0.03477763,1.1888558,0.04933671,1.0
340,16,-0.063165896,1.5850735,0.23045878,1.0
340,17,-0.0836555,1.2110546,0.06770805,1.0
340,18,-0.007415434,1.6073527,0.2159343,1.0
340,19,-0.09387928,1.2137527,0.0639334,1.0
340,20,0.03412128,1.6345537,0.22555697,1.0
340,21,-0.041837532,1.175454,0.049850594,1.0
340,22,-0.051278766,1.6015201,0.23221272,1.0
340,23,0.04915049,0.78431153,-0.030712185,1.0
340,24,-0.046962555,0.77057385,0.031357516,1.0
340,25,-0.15503842,0.48960236,-0.12947379,1.0
340,26,-0.026628442,0.40520856,0.009417076,1.0
340,27,0.15255831,0.3503567,0.060856644,1.0
340,28,-0.017101243,-0.018351614,0.09597167,1.0
340,29,0.16677216,0.34370178,0.07879474,1.0
340,30,-0.021800885,-0.053086877,0.06916458,1.0
340,31,0.15064448,0.28887653,0.14190081,1.0
340,32,-0.11543962,-0.081632376,0.073460035,1.0
341,0,-0.06991111,1.4319085,-0.1312893,1.0
341,1,-0.049795125,1.444143,-0.124493025,1.0
341,2,-0.044807125,1.4495313,-0.11496308,1.0
341,3,-0.04927037,1.4458902,-0.11700374,1.0
341,4,-0.061416462,1.4610314,-0.13152076,1.0
341,5,-0.06631638,1.4572685,-0.1377032,1.0
341,6,-0.05645926,1.4381231,-0.13107027,1.0
341,7,0.024540788,1.4172937,-0.06360146,1.0
341,8,-0.10416246,1.3851911,-0.024000198,1.0
341,9,-0.025379121,1.40787,-0.10160458,1.0
341,10,-0.06253026,1.3785121,-0.11703835,1.0
341,11,0.09298416,1.2810202,-0.013149472,1.0
341,12,-0.12202525,1.3708231,0.12974787,1.0
341,13,0.14992106,1.2516954,-0.059768327,1.0
341,14,-0.17954595,1.4861887,0.12145673,1.0
341,15,-0.010804728,1.1686711,-0.04875032,1.0
341,16,-0.07179697,1.5666142,0.16508856,1.0
341,17,-0.0810878,1.1573093,-0.04563171,1.0
341,18,-0.030734736,1.5772322,0.14354521,1.0
341,19,-0.07344977,1.1559839,-0.06395454,1.0
341,20,0.01087616,1.6062708,0.14647678,1.0
341,21,-0.040688746,1.1459559,-0.05776317,1.0
341,22,-0.062133078,1.5803728,0.16260414,1.0
341,23,0.05072805,0.79906607,-0.029401695,1.0
341,24,-0.04721868,0.78110296,0.031580057,1.0
341,25,-0.15234438,0.49097273,-0.1459175,1.0
341,26,-0.03553041,0.41686594,0.009134248,1.0
341,27,0.1366364,0.29873607,0.024970409,1.0
341,28,-0.018780757,-5.364418e-07,0.097217366,1.0
341,29,0.14893213,0.2743503,0.04092787,1.0
341,30,-0.022653159,-0.03124386,0.070471376,1.0
341,31,0.121050045,0.21404278,0.08077685,1.0
341,32,-0.11434986,-0.055722833,0.07359863,1.0
342,0,-0.07258936,1.4480312,-0.15001503,1.0
342,1,-0.051519834,1.4607353,-0.14198227,1.0
342,2,-0.046988543,1.4653786,-0.13098864,1.0
342,3,-0.051390745,1.461179,-0.13566577,1.0
342,4,-0.06427407,1.4760337,-0.15402022,1.0
342,5,-0.06865638,1.4722182,-0.16171645,1.0
342,6,-0.058877308,1.4535178,-0.1535825,1.0
342,7,0.015290236,1.4352026,-0.07369332,1.0
342,8,-0.10949482,1.4011581,-0.05203309,1.0
342,9,-0.031831622,1.4249458,-0.1186207,1.0
342,10,-0.06712461,1.3946118,-0.13814662,1.0
342,11,0.07938221,1.3120418,-0.031163767,1.0
342,12,-0.1314906,1.38507,0.110089704,1.0
342,13,0.16490886,1.3071345,-0.09283492,1.0
342,14,-0.19051264,1.4975464,0.11343493,1.0
342,15,0.038540967,1.1873404,-0.11531965,1.0
342,16,-0.07326251,1.553561,0.17840542,1.0
342,17,-0.011919009,1.1672022,-0.11904447,1.0
342,18,-0.041546095,1.5587823,0.16012558,1.0
342,19,-0.047975376,1.1596035,-0.13473757,1.0
342,20,-0.00065958314,1.5877748,0.1565768,1.0
342,21,0.013271716,1.160775,-0.12540878,1.0
342,22,-0.06821008,1.5669549,0.17342444,1.0
342,23,0.051497944,0.8139013,-0.029428635,1.0
342,24,-0.047185123,0.7944716,0.032386016,1.0
342,25,-0.13996652,0.48922497,-0.1434545,1.0
342,26,-0.03895262,0.43021873,0.012776025,1.0
342,27,0.09704283,0.19391721,0.020830927,1.0
342,28,-0.023907157,0.017068744,0.1128765,1.0
342,29,0.09932655,0.15856212,0.033259068,1.0
342,30,-0.028773366,-0.011774063,0.087801896,1.0
342,31,0.05811531,0.10145426,0.057368886,1.0
342,32,-0.12039337,-0.03260976,0.093877524,1.0
343,0,-0.07379063,1.4577391,-0.17864016,1.0
343,1,-0.050897356,1.4713693,-0.17070737,1.0
343,2,-0.04668985,1.4752948,-0.15805368,1.0
343,3,-0.05101331,1.4705555,-0.16401882,1.0
343,4,-0.06667654,1.4859328,-0.18352817,1.0
343,5,-0.070069395,1.4818563,-0.1916812,1.0
343,6,-0.06096434,1.463829,-0.18174051,1.0
343,7,0.013969611,1.4470773,-0.0909567,1.0
343,8,-0.115390055,1.4122739,-0.07453432,1.0
343,9,-0.035821944,1.435683,-0.14364512,1.0
343,10,-0.070734024,1.4051397,-0.16462998,1.0
343,11,0.0725212,1.3351004,-0.046213254,1.0
343,12,-0.13824242,1.3959386,0.096363544,1.0
343,13,0.19103083,1.4002991,-0.117487565,1.0
343,14,-0.19603172,1.4988468,0.08918981,1.0
343,15,0.131416,1.27555,-0.1223363,1.0
343,16,-0.08303719,1.5438392,0.156183,1.0
343,17,0.10271037,1.214184,-0.12419753,1.0
343,18,-0.046057545,1.5484405,0.12593466,1.0
343,19,0.07329537,1.1979241,-0.13920677,1.0
343,20,-0.0053452817,1.5734234,0.13503201,1.0
343,21,0.12070086,1.2359124,-0.13256457,1.0
343,22,-0.071965456,1.5562602,0.15132624,1.0
343,23,0.0499209,0.82343763,-0.032653395,1.0
343,24,-0.045466043,0.8033687,0.03586185,1.0
343,25,-0.13314359,0.45576185,-0.14069709,1.0
343,26,-0.03983341,0.4405149,0.012766281,1.0
343,27,0.092686795,0.1425913,-0.02629647,1.0
343,28,-0.014336946,0.027118564,0.09020319,1.0
343,29,0.09205992,0.10667896,-0.01996125,1.0
343,30,-0.016943458,-0.0016088486,0.06149497,1.0
343,31,0.037194557,0.047233522,-0.0011402202,1.0
343,32,-0.1186744,-0.022785783,0.07099487,1.0
344,0,-0.07428741,1.4668291,-0.20890509,1.0
344,1,-0.049207214,1.4804935,-0.20117584,1.0
344,2,-0.04553634,1.4829388,-0.18749422,1.0
344,3,-0.049453232,1.4783512,-0.19334497,1.0
344,4,-0.066790044,1.4949934,-0.21274371,1.0
344,5,-0.06944697,1.490494,-0.22008143,1.0
344,6,-0.060989346,1.4733521,-0.20859095,1.0
344,7,0.018611463,1.4551792,-0.11440279,1.0
344,8,-0.11527718,1.42169,-0.09417208,1.0
344,9,-0.037470017,1.4447596,-0.17098022,1.0
344,10,-0.07255678,1.4155223,-0.19073357,1.0
344,11,0.06965531,1.3433453,-0.066497386,1.0
344,12,-0.1457524,1.4031355,0.09253144,1.0
344,13,0.19351298,1.4428114,-0.119729914,1.0
344,14,-0.22696179,1.4986951,0.08440691,1.0
344,15,0.20779857,1.3782628,-0.107495576,1.0
344,16,-0.11799368,1.532995,0.14550844,1.0
344,17,0.2015054,1.35373,-0.108410165,1.0
344,18,-0.063638896,1.5343504,0.11172073,1.0
344,19,0.18139037,1.3243405,-0.1285404,1.0
344,20,-0.0115485545,1.560703,0.12876949,1.0
344,21,0.20740207,1.3440437,-0.121146895,1.0
344,22,-0.09670038,1.5455034,0.14306095,1.0
344,23,0.050323084,0.82895267,-0.038281694,1.0
344,24,-0.04584384,0.80843854,0.041802812,1.0
344,25,-0.09812043,0.44275022,-0.13824074,1.0
344,26,-0.04001109,0.46257216,0.012447357,1.0
344,27,0.087114304,0.09766066,-0.11981882,1.0
344,28,-0.010296516,0.046280622,0.07144343,1.0
344,29,0.07811938,0.05957496,-0.12399271,1.0
344,30,-0.012542809,0.017636955,0.042096622,1.0
344,31,-0.0020867803,0.030405581,-0.1430999,1.0
344,32,-0.11917761,0.0022670627,0.045169663,1.0
345,0,-0.08019807,1.4856589,-0.21596473,1.0
345,1,-0.054028615,1.4969492,-0.20963472,1.0
345,2,-0.05187047,1.4984955,-0.1968358,1.0
345,3,-0.05549828,1.4944696,-0.2009833,1.0
345,4,-0.072497755,1.512105,-0.22132611,1.0
345,5,-0.07400963,1.5081304,-0.22952162,1.0
345,6,-0.065586306,1.4906108,-0.21611391,1.0
345,7,0.012123806,1.4695151,-0.134106,1.0
345,8,-0.11475086,1.4373665,-0.108817816,1.0
345,9,-0.04600999,1.460879,-0.18073472,1.0
345,10,-0.07724652,1.4344673,-0.20004319,1.0
345,11,0.054901853,1.3491676,-0.10109829,1.0
345,12,-0.14767134,1.4134014,0.07013783,1.0
345,13,0.16401516,1.4351131,-0.24474609,1.0
345,14,-0.25665054,1.4750556,0.07792873,1.0
345,15,0.22828929,1.4493822,-0.3329524,1.0
345,16,-0.15715063,1.5191983,0.13385414,1.0
345,17,0.24961245,1.4618993,-0.35171583,1.0
345,18,-0.09550545,1.5224876,0.10424594,1.0
345,19,0.24249862,1.4440897,-0.3719837,1.0
345,20,-0.03741437,1.5600505,0.111415975,1.0
345,21,0.23767784,1.4256244,-0.35170487,1.0
345,22,-0.13294609,1.5346707,0.12906535,1.0
345,23,0.04984115,0.8393141,-0.044018764,1.0
345,24,-0.045823477,0.8195746,0.047949456,1.0
345,25,-0.0764048,0.41309327,-0.12658863,1.0
345,26,-0.038986817,0.4793562,0.07691454,1.0
345,27,0.081438154,0.06252104,-0.068824746,1.0
345,28,-0.0002446913,0.07569522,0.19414231,1.0
345,29,0.06976888,0.023670137,-0.06613161,1.0
345,30,-0.0018037027,0.0488773,0.17304693,1.0
345,31,-0.027212437,0.0006814599,-0.08128698,1.0
345,32,-0.118074134,0.039978147,0.18135539,1.0
346,0,-0.07863454,1.491517,-0.20839603,1.0
346,1,-0.05230419,1.5032529,-0.2028258,1.0
346,2,-0.0500902,1.5046165,-0.1900772,1.0
346,3,-0.05304905,1.5012953,-0.19363096,1.0
346,4,-0.07114249,1.517394,-0.2142813,1.0
346,5,-0.071769714,1.51479,-0.22195502,1.0
346,6,-0.064328104,1.4965756,-0.20772816,1.0
346,7,0.012953764,1.4783115,-0.12750573,1.0
346,8,-0.11174958,1.4427332,-0.105608955,1.0
346,9,-0.042167686,1.4683089,-0.17341423,1.0
346,10,-0.07359858,1.4412977,-0.19294101,1.0
346,11,0.056422073,1.3513637,-0.09357674,1.0
346,12,-0.14823227,1.4157352,0.06714248,1.0
346,13,0.1590633,1.4647474,-0.21363254,1.0
346,14,-0.26892376,1.4462191,0.028749999,1.0
346,15,0.30487278,1.5649562,-0.26014712,1.0
346,16,-0.15622844,1.4769156,0.022764985,1.0
346,17,0.33536378,1.5987246,-0.27473366,1.0
346,18,-0.09507124,1.4750316,-0.01114613,1.0
346,19,0.3343057,1.5838044,-0.2908942,1.0
346,20,-0.037098836,1.5103192,-0.014102169,1.0
346,21,0.32199103,1.5464659,-0.27526402,1.0
346,22,-0.13208449,1.4905548,0.015335877,1.0
346,23,0.049979057,0.84322506,-0.044170726,1.0
346,24,-0.046374872,0.8228116,0.04716158,1.0
346,25,-0.002538549,0.3996365,-0.10476228,1.0
346,26,-0.038172886,0.48248455,0.09364094,1.0
346,27,0.0842658,0.033479095,-0.042964473,1.0
346,28,0.0075151343,0.08406347,0.22533171,1.0
346,29,0.08158136,-0.0046117306,-0.037115082,1.0
346,30,0.008653053,0.056870878,0.20486665,1.0
346,31,-0.016558852,-0.026230335,-0.061623853,1.0
346,32,-0.10532819,0.04689771,0.20154978,1.0
347,0,-0.06573621,1.4954826,-0.20225084,1.0
347,1,-0.04379972,1.5082126,-0.19762647,1.0
347,2,-0.044388495,1.5099447,-0.18519028,1.0
347,3,-0.04657168,1.5075536,-0.18848394,1.0
347,4,-0.06602881,1.5211102,-0.20750716,1.0
347,5,-0.06637796,1.5203906,-0.21461241,1.0
347,6,-0.058969535,1.502246,-0.19999948,1.0
347,7,0.0159786,1.4878634,-0.11759627,1.0
347,8,-0.109177805,1.4448419,-0.09755061,1.0
347,9,-0.034864206,1.4754264,-0.16810933,1.0
347,10,-0.06563308,1.4460635,-0.18603362,1.0
347,11,0.059623886,1.3557781,-0.08992796,1.0
347,12,-0.1537603,1.4178821,0.071769424,1.0
347,13,0.18922672,1.5019184,-0.1364001,1.0
347,14,-0.28091392,1.4088326,-0.03487138,1.0
347,15,0.37007403,1.6402454,-0.11452308,1.0
347,16,-0.16453059,1.4165807,-0.14517704,1.0
347,17,0.3982964,1.6796708,-0.12275215,1.0
347,18,-0.1060479,1.4080467,-0.19190104,1.0
347,19,0.39986172,1.6757283,-0.1464647,1.0
347,20,-0.046686497,1.4454138,-0.19536854,1.0
347,21,0.39086625,1.6267042,-0.13299002,1.0
347,22,-0.13921574,1.4286336,-0.15379818,1.0
347,23,0.051661503,0.84365004,-0.04377591,1.0
347,24,-0.049357895,0.8237443,0.0463862,1.0
347,25,0.034220964,0.39380804,-0.09677557,1.0
347,26,-0.033359516,0.48018742,0.09164162,1.0
347,27,0.088914864,0.025967479,-0.02943426,1.0
347,28,0.013209036,0.0849185,0.24730772,1.0
347,29,0.0844982,-0.011598349,-0.020471185,1.0
347,30,0.014706654,0.056864142,0.22821832,1.0
347,31,-0.01818028,-0.033185482,-0.062178157,1.0
347,32,-0.10035159,0.047595143,0.21084024,1.0
348,0,-0.05863551,1.4935515,-0.19882476,1.0
348,1,-0.04019249,1.5068059,-0.19472684,1.0
348,2,-0.0425157,1.5089438,-0.18259734,1.0
348,3,-0.044093475,1.507722,-0.18582922,1.0
348,4,-0.064367965,1.5190175,-0.20366608,1.0
348,5,-0.064314395,1.5199566,-0.21064092,1.0
348,6,-0.057238735,1.5024085,-0.1954166,1.0
348,7,0.016126549,1.4885767,-0.10774576,1.0
348,8,-0.10866716,1.4431032,-0.094411954,1.0
348,9,-0.031411234,1.4751596,-0.16640522,1.0
348,10,-0.061520897,1.4457577,-0.1821818,1.0
348,11,0.061343946,1.3579649,-0.07139952,1.0
348,12,-0.16705205,1.417159,0.06558076,1.0
348,13,0.19654697,1.5193969,-0.08968746,1.0
348,14,-0.2927754,1.3795435,-0.106976256,1.0
348,15,0.39385006,1.6763654,-0.04739314,1.0
348,16,-0.167183,1.3803415,-0.26758295,1.0
348,17,0.42548308,1.7200739,-0.04943262,1.0
348,18,-0.11056336,1.3701361,-0.3214993,1.0
348,19,0.42965096,1.7162311,-0.075435385,1.0
348,20,-0.049611226,1.4058994,-0.3222901,1.0
348,21,0.41800666,1.6626353,-0.065635554,1.0
348,22,-0.14098045,1.3904638,-0.27545527,1.0
348,23,0.05516176,0.84327435,-0.0383924,1.0
348,24,-0.054273013,0.8237856,0.041328005,1.0
348,25,0.044926487,0.39424467,-0.096466266,1.0
348,26,-0.03093399,0.4786524,0.08592912,1.0
348,27,0.09448736,0.023580432,-0.026951011,1.0
348,28,0.020929419,0.087531626,0.24611647,1.0
348,29,0.08856777,-0.013742328,-0.018388739,1.0
348,30,0.023233356,0.058586895,0.22608265,1.0
348,31,-0.007970875,-0.037362933,-0.080331735,1.0
348,32,-0.087784626,0.051505506,0.20211552,1.0
349,0,-0.05616741,1.4778382,-0.1979658,1.0
349,1,-0.03958642,1.4932255,-0.19296922,1.0
349,2,-0.042436138,1.4956717,-0.1802876,1.0
349,3,-0.043593477,1.495398,-0.18409683,1.0
349,4,-0.06445225,1.5035348,-0.20312034,1.0
349,5,-0.064369366,1.5056016,-0.21015435,1.0
349,6,-0.05766966,1.4891607,-0.19416392,1.0
349,7,0.015099229,1.4852023,-0.10654642,1.0
349,8,-0.109110266,1.4280143,-0.09428119,1.0
349,9,-0.02982903,1.4651282,-0.16318734,1.0
349,10,-0.059380163,1.4319122,-0.18119885,1.0
349,11,0.06280631,1.3559895,-0.06318861,1.0
349,12,-0.16794689,1.4052017,0.061933625,1.0
349,13,0.20498767,1.5143176,-0.08349695,1.0
349,14,-0.2979788,1.3534895,-0.120077826,1.0
349,15,0.40480635,1.6711375,-0.03966751,1.0
349,16,-0.17014988,1.3529806,-0.28515497,1.0
349,17,0.43707225,1.7163782,-0.039564464,1.0
349,18,-0.11457985,1.3441871,-0.34102017,1.0
349,19,0.44076875,1.7110159,-0.064977705,1.0
349,20,-0.050205782,1.379027,-0.3398854,1.0
349,21,0.42923248,1.6558044,-0.056518957,1.0
349,22,-0.14208926,1.3624656,-0.2922561,1.0
349,23,0.056427393,0.84353995,-0.035471536,1.0
349,24,-0.056405716,0.8240174,0.038714025,1.0
349,25,0.0415661,0.39496303,-0.09757927,1.0
349,26,-0.030286808,0.4739514,0.07602206,1.0
349,27,0.09981168,0.032612026,-0.028462684,1.0
349,28,0.045288056,0.08952671,0.21989362,1.0
349,29,0.091522075,-0.0027886033,-0.019709656,1.0
349,30,0.05014749,0.060103893,0.199201,1.0
349,31,-0.0021185428,-0.023400187,-0.08355649,1.0
349,32,-0.06144189,0.056297123,0.18661207,1.0
350,0,-0.051791318,1.4676969,-0.2008274,1.0
350,1,-0.037412267,1.483258,-0.19360664,1.0
350,2,-0.040996395,1.4863551,-0.18040273,1.0
350,3,-0.041767552,1.486598,-0.1849451,1.0
350,4,-0.063287035,1.4922271,-0.2054538,1.0
350,5,-0.062901415,1.4951851,-0.21267278,1.0
350,6,-0.056540992,1.4798445,-0.19623508,1.0
350,7,0.015999187,1.4770637,-0.105987474,1.0
350,8,-0.10864067,1.4126673,-0.09647828,1.0
350,9,-0.02502105,1.4558883,-0.16257106,1.0
350,10,-0.054730766,1.4204279,-0.18440239,1.0
350,11,0.070075706,1.353406,-0.05584375,1.0
350,12,-0.16785684,1.3869562,0.05345609,1.0
350,13,0.21695955,1.5179279,-0.075495906,1.0
350,14,-0.31260505,1.3304787,-0.13391852,1.0
350,15,0.41213986,1.6757469,-0.030053202,1.0
350,16,-0.18156262,1.3442693,-0.29812574,1.0
350,17,0.44318357,1.7205048,-0.029144945,1.0
350,18,-0.123284936,1.3422465,-0.3539465,1.0
350,19,0.44452626,1.7153773,-0.051508237,1.0
350,20,-0.058181934,1.3810112,-0.35150984,1.0
350,21,0.43491518,1.6590105,-0.045529503,1.0
350,22,-0.15176713,1.3563554,-0.30494487,1.0
350,23,0.05912663,0.8446778,-0.026441785,1.0
350,24,-0.05976617,0.8253133,0.029929055,1.0
350,25,0.05346618,0.39477876,-0.093299806,1.0
350,26,-0.02579471,0.47443107,0.039303206,1.0
350,27,0.09859876,0.027617812,-0.025306014,1.0
350,28,0.07713673,0.108566284,0.20849022,1.0
350,29,0.07923038,-0.00812,-0.014629979,1.0
350,30,0.08594446,0.08093107,0.18660484,1.0
350,31,0.004253742,-0.03216064,-0.07602035,1.0
350,32,0.0066743772,0.06690109,0.18105447,1.0
351,0,-0.044579104,1.4623255,-0.20465134,1.0
351,1,-0.033230968,1.4781017,-0.19506729,1.0
351,2,-0.03723284,1.4819748,-0.1818304,1.0
351,3,-0.0375585,1.4825665,-0.18654472,1.0
351,4,-0.059789278,1.4861794,-0.20951308,1.0
351,5,-0.058844034,1.4895989,-0.21698451,1.0
351,6,-0.0530852,1.4751685,-0.20048527,1.0
351,7,0.01639968,1.4721426,-0.105779864,1.0
351,8,-0.10862606,1.4044483,-0.10321667,1.0
351,9,-0.018328372,1.4503784,-0.16304386,1.0
351,10,-0.04840368,1.413523,-0.18975748,1.0
351,11,0.07449078,1.3519777,-0.045265533,1.0
351,12,-0.1736624,1.3733683,0.034652676,1.0
351,13,0.22165865,1.5145512,-0.061816648,1.0
351,14,-0.31826383,1.3014283,-0.16679753,1.0
351,15,0.4034166,1.6726489,-0.018725809,1.0
351,16,-0.19233967,1.3427613,-0.33149195,1.0
351,17,0.43211168,1.7176925,-0.018633556,1.0
351,18,-0.13343373,1.351172,-0.39002082,1.0
351,19,0.4289405,1.7192669,-0.039131813,1.0
351,20,-0.07524221,1.3989134,-0.38460764,1.0
351,21,0.42330232,1.6572163,-0.033638358,1.0
351,22,-0.1638115,1.3607982,-0.3377091,1.0
351,23,0.06280361,0.84639174,-0.0068097557,1.0
351,24,-0.06401337,0.82693094,0.010305228,1.0
351,25,0.04732414,0.39782435,-0.07207526,1.0
351,26,-0.0033823545,0.47566918,0.0046014297,1.0
351,27,0.08028225,0.012133241,-0.019466251,1.0
351,28,0.07710899,0.10815358,0.1658797,1.0
351,29,0.055328615,-0.024954319,-0.010846258,1.0
351,30,0.0854518,0.07905561,0.14518067,1.0
351,31,0.008028834,-0.05730903,-0.07134876,1.0
351,32,0.054724187,0.06813079,0.08825968,1.0
352,0,-0.039380506,1.4528556,-0.21223746,1.0
352,1,-0.030423066,1.4681857,-0.20163004,1.0
352,2,-0.034674495,1.4728792,-0.18811843,1.0
352,3,-0.034636114,1.4735034,-0.1932329,1.0
352,4,-0.056325592,1.4753437,-0.21826334,1.0
352,5,-0.055371918,1.4792643,-0.22596511,1.0
352,6,-0.049844686,1.4648135,-0.20960312,1.0
352,7,0.014520427,1.4631884,-0.1089066,1.0
352,8,-0.1087789,1.3922741,-0.11812107,1.0
352,9,-0.0139134,1.4412997,-0.16854595,1.0
352,10,-0.043056414,1.4033487,-0.19934075,1.0
352,11,0.07522416,1.3523986,-0.044780146,1.0
352,12,-0.17433973,1.3604448,0.018856768,1.0
352,13,0.22053136,1.513886,-0.06579374,1.0
352,14,-0.3220192,1.2842696,-0.17238669,1.0
352,15,0.39195508,1.6632841,-0.02947366,1.0
352,16,-0.19338097,1.3305106,-0.32127684,1.0
352,17,0.41795617,1.7049937,-0.030137273,1.0
352,18,-0.13219485,1.3401487,-0.3778726,1.0
352,19,0.4117284,1.7034845,-0.05030615,1.0
352,20,-0.073850095,1.389581,-0.370463,1.0
352,21,0.40979874,1.6455572,-0.04385896,1.0
352,22,-0.16432333,1.3488883,-0.32611248,1.0
352,23,0.062943645,0.8482694,-0.004722461,1.0
352,24,-0.06441032,0.8286347,0.008222688,1.0
352,25,0.03699337,0.4021987,-0.07668537,1.0
352,26,0.004933303,0.491092,0.011557039,1.0
352,27,0.060156688,0.019296229,-0.033324044,1.0
352,28,0.067124136,0.13583678,0.20735274,1.0
352,29,0.03530268,-0.017258108,-0.024567604,1.0
352,30,0.07272089,0.10602367,0.19284578,1.0
352,31,-0.0029014535,-0.058087707,-0.08928788,1.0
352,32,0.026461417,0.077983856,0.15780458,1.0
353,0,-0.037602235,1.4526863,-0.21258141,1.0
353,1,-0.029234197,1.4675696,-0.20208356,1.0
353,2,-0.0332017,1.4730093,-0.18878393,1.0
353,3,-0.033066258,1.4738096,-0.19372359,1.0
353,4,-0.054430664,1.4748269,-0.2187654,1.0
353,5,-0.05347533,1.479114,-0.22633877,1.0
353,6,-0.047976393,1.465055,-0.21027538,1.0
353,7,0.012454764,1.4605291,-0.10968189,1.0
353,8,-0.108585864,1.390651,-0.12033191,1.0
353,9,-0.01219814,1.4407935,-0.1687637,1.0
353,10,-0.04042235,1.4028547,-0.2002794,1.0
353,11,0.07593845,1.3507829,-0.04501008,1.0
353,12,-0.17125024,1.3571112,0.018624974,1.0
353,13,0.2179827,1.5092794,-0.06784114,1.0
353,14,-0.31243807,1.2792122,-0.16769111,1.0
353,15,0.37435097,1.6509476,-0.034289174,1.0
353,16,-0.18993446,1.3234004,-0.32293212,1.0
353,17,0.3966009,1.6894033,-0.03614014,1.0
353,18,-0.12994735,1.3308614,-0.38277778,1.0
353,19,0.38951394,1.6902697,-0.057834122,1.0
353,20,-0.07147951,1.3836315,-0.37675777,1.0
353,21,0.3904351,1.6329764,-0.04873244,1.0
353,22,-0.16129461,1.3430655,-0.32850847,1.0
353,23,0.06215032,0.8474813,-0.006030582,1.0
353,24,-0.06394876,0.82756567,0.009433653,1.0
353,25,0.0025923266,0.406192,-0.08001766,1.0
353,26,0.03003852,0.49685463,0.0056330715,1.0
353,27,0.06263249,0.03442478,-0.030633744,1.0
353,28,0.071416914,0.12991416,0.16360298,1.0
353,29,0.041954037,-0.0009186864,-0.020521276,1.0
353,30,0.074643426,0.098287046,0.1454842,1.0
353,31,0.00094829383,-0.05441338,-0.07913228,1.0
353,32,0.023265233,0.075336576,0.107205234,1.0
354,0,-0.03782359,1.4504102,-0.20158009,1.0
354,1,-0.030501116,1.4663569,-0.1910517,1.0
354,2,-0.033820387,1.4726532,-0.17819507,1.0
354,3,-0.033995774,1.4729455,-0.18266273,1.0
354,4,-0.054789446,1.4718364,-0.20980915,1.0
354,5,-0.054297086,1.4764801,-0.21702188,1.0
354,6,-0.048467822,1.4633559,-0.2014584,1.0
354,7,0.0040436434,1.4583204,-0.098781124,1.0
354,8,-0.110849164,1.3902109,-0.11990345,1.0
354,9,-0.013010952,1.4392371,-0.1575413,1.0
354,10,-0.040577006,1.4003817,-0.19240418,1.0
354,11,0.07662944,1.3516793,-0.037135255,1.0
354,12,-0.1767481,1.3571142,0.026342751,1.0
354,13,0.21383965,1.5151515,-0.05581095,1.0
354,14,-0.3064896,1.2798598,-0.1523048,1.0
354,15,0.36057976,1.664506,-0.023146627,1.0
354,16,-0.19154753,1.3264589,-0.3065718,1.0
354,17,0.38093543,1.7029002,-0.026771655,1.0
354,18,-0.13477808,1.3323715,-0.36642122,1.0
354,19,0.3743857,1.7079257,-0.051159523,1.0
354,20,-0.07738069,1.3861988,-0.36343828,1.0
354,21,0.37594882,1.6479588,-0.038950954,1.0
354,22,-0.16365084,1.347177,-0.31329998,1.0
354,23,0.061909772,0.8447967,-0.0072317133,1.0
354,24,-0.06366817,0.82269347,0.010515321,1.0
354,25,-0.028950676,0.45132434,-0.092441194,1.0
354,26,0.041588232,0.4898305,-0.017830374,1.0
354,27,0.06199384,0.07240403,-0.03177308,1.0
354,28,0.08353762,0.11310011,0.08581247,1.0
354,29,0.04418125,0.03580761,-0.019871755,1.0
354,30,0.08609639,0.07834256,0.061623935,1.0
354,31,0.0027458877,-0.053275406,-0.0764786,1.0
354,32,0.026970634,0.04512024,0.020163398,1.0
355,0,-0.044774424,1.4587963,-0.19398245,1.0
355,1,-0.036908727,1.475379,-0.18289806,1.0
355,2,-0.038817465,1.4825287,-0.17037156,1.0
355,3,-0.039645247,1.4821925,-0.1742546,1.0
355,4,-0.060467754,1.4814081,-0.20091355,1.0
355,5,-0.060866363,1.4858853,-0.20817205,1.0
355,6,-0.054455213,1.4731854,-0.19292367,1.0
355,7,-0.002312217,1.4648135,-0.086961955,1.0
355,8,-0.118098825,1.3952549,-0.108698934,1.0
355,9,-0.018808477,1.4471068,-0.14876147,1.0
355,10,-0.047168165,1.406754,-0.18388695,1.0
355,11,0.07646108,1.359401,-0.029487032,1.0
355,12,-0.18692164,1.3571211,0.030873183,1.0
355,13,0.21345554,1.5270071,-0.041666944,1.0
355,14,-0.30265197,1.2835215,-0.13699846,1.0
355,15,0.35277486,1.6807678,-0.004592933,1.0
355,16,-0.19910565,1.3276684,-0.28587043,1.0
355,17,0.37199673,1.7219064,-0.008005979,1.0
355,18,-0.14638099,1.3346076,-0.3443153,1.0
355,19,0.36653912,1.7281729,-0.032977726,1.0
355,20,-0.09472784,1.3875281,-0.34400475,1.0
355,21,0.36806414,1.6651405,-0.020359144,1.0
355,22,-0.17306352,1.349359,-0.29390356,1.0
355,23,0.062204733,0.8431633,-0.007485781,1.0
355,24,-0.06359738,0.8177225,0.010910696,1.0
355,25,-0.030540943,0.49034694,-0.097662054,1.0
355,26,0.033776395,0.47230598,-0.029091649,1.0
355,27,0.06574563,0.14367443,0.00856817,1.0
355,28,0.077769674,0.07795751,0.077901065,1.0
355,29,0.044599827,0.110762596,0.030008426,1.0
355,30,0.07804385,0.040753722,0.054990735,1.0
355,31,0.026618538,0.013062954,0.014749592,1.0
355,32,0.014048917,-0.0021876097,0.013161896,1.0
356,0,-0.04545431,1.4681795,-0.19087756,1.0
356,1,-0.037103858,1.4844723,-0.18000919,1.0
356,2,-0.038489897,1.4917896,-0.16748409,1.0
356,3,-0.03995695,1.4910307,-0.1710988,1.0
356,4,-0.06015008,1.4915581,-0.19774936,1.0
356,5,-0.061343808,1.4957318,-0.20580961,1.0
356,6,-0.054691233,1.4830791,-0.19029212,1.0
356,7,-0.0033539268,1.4732797,-0.08175132,1.0
356,8,-0.11986324,1.4079845,-0.106625475,1.0
356,9,-0.019774325,1.4561467,-0.144579,1.0
356,10,-0.04844737,1.415947,-0.18070763,1.0
356,11,0.07694855,1.3715936,-0.024212409,1.0
356,12,-0.19333905,1.359267,0.03371417,1.0
356,13,0.21130875,1.5350859,-0.02894802,1.0
356,14,-0.28100628,1.2662872,-0.12710185,1.0
356,15,0.34840435,1.6929333,0.005362629,1.0
356,16,-0.19748835,1.3210723,-0.2688977,1.0
356,17,0.36817372,1.7375546,0.001049325,1.0
356,18,-0.14799233,1.3353946,-0.32411435,1.0
356,19,0.36267066,1.7480278,-0.023382518,1.0
356,20,-0.10666506,1.3926998,-0.32271454,1.0
356,21,0.36353046,1.680018,-0.010617631,1.0
356,22,-0.17412204,1.3473155,-0.2760278,1.0
356,23,0.06360318,0.844367,-0.006342732,1.0
356,24,-0.06428101,0.81805617,0.010202029,1.0
356,25,-0.02888984,0.492721,-0.102054,1.0
356,26,0.03011525,0.46860367,-0.02809738,1.0
356,27,0.06736209,0.14639968,0.014320728,1.0
356,28,0.0725286,0.07608932,0.08725132,1.0
356,29,0.04738207,0.11307353,0.036781132,1.0
356,30,0.07350711,0.03856051,0.064884536,1.0
356,31,0.039703757,0.026713908,0.019563286,1.0
356,32,0.012148662,-0.0012348294,0.022369903,1.0
357,0,-0.053073157,1.4814036,-0.19716622,1.0
357,1,-0.04175328,1.4971817,-0.18732458,1.0
357,2,-0.042375185,1.5042024,-0.17447919,1.0
357,3,-0.044544205,1.5032978,-0.17798394,1.0
357,4,-0.06495023,1.5053279,-0.20471634,1.0
357,5,-0.06702814,1.5089747,-0.21380718,1.0
357,6,-0.0601421,1.4963665,-0.19747168,1.0
357,7,-0.008091679,1.4855051,-0.083135694,1.0
357,8,-0.12846021,1.4254348,-0.11014765,1.0
357,9,-0.027649261,1.4689645,-0.14878067,1.0
357,10,-0.056983575,1.4297483,-0.18607903,1.0
357,11,0.07292629,1.388171,-0.025821876,1.0
357,12,-0.19614746,1.3632208,0.035676315,1.0
357,13,0.20703898,1.5432019,-0.036278717,1.0
357,14,-0.23229794,1.2517955,-0.123543,1.0
357,15,0.34657922,1.6990644,-0.0064462856,1.0
357,16,-0.19586459,1.3321565,-0.26121002,1.0
357,17,0.3660294,1.7436934,-0.010517521,1.0
357,18,-0.14641577,1.3491151,-0.31784043,1.0
357,19,0.36084116,1.7557359,-0.03311811,1.0
357,20,-0.11588256,1.4047902,-0.3198236,1.0
357,21,0.36223525,1.6872693,-0.021348208,1.0
357,22,-0.17205115,1.359747,-0.27022633,1.0
357,23,0.063935556,0.8475275,-0.0061342428,1.0
357,24,-0.06427039,0.82100034,0.010452743,1.0
357,25,-0.02801266,0.4889303,-0.10091373,1.0
357,26,0.026914777,0.47186777,-0.02177366,1.0
357,27,0.068862066,0.14170808,0.01371046,1.0
357,28,0.06907514,0.07938194,0.082699515,1.0
357,29,0.0499158,0.107910395,0.034783043,1.0
357,30,0.0711318,0.041522324,0.0577509,1.0
357,31,0.037892144,0.038568377,0.015201718,1.0
357,32,0.0050972253,0.008001804,0.018206079,1.0
358,0,-0.057165984,1.4947307,-0.18712625,1.0
358,1,-0.045356702,1.5079967,-0.17678922,1.0
358,2,-0.0463505,1.5148582,-0.16333467,1.0
358,3,-0.048605025,1.5141585,-0.16721812,1.0
358,4,-0.06836082,1.5165946,-0.19464687,1.0
358,5,-0.071045615,1.5201563,-0.20465377,1.0
358,6,-0.06392968,1.507417,-0.18771812,1.0
358,7,-0.016705902,1.4922931,-0.070073664,1.0
358,8,-0.13635765,1.4334902,-0.10564433,1.0
358,9,-0.033556413,1.4799389,-0.13720715,1.0
358,10,-0.06233125,1.440934,-0.17767353,1.0
358,11,0.0666901,1.3926141,-0.010655045,1.0
358,12,-0.20041792,1.3684692,0.03688407,1.0
358,13,0.20381078,1.5525331,-0.009927011,1.0
358,14,-0.18683635,1.2293317,-0.13776414,1.0
358,15,0.34443477,1.7153127,0.022328133,1.0
358,16,-0.19449033,1.3274629,-0.31068915,1.0
358,17,0.36382958,1.7617433,0.023651952,1.0
358,18,-0.15440987,1.3562621,-0.37275702,1.0
358,19,0.35991898,1.7751393,-0.0022521855,1.0
358,20,-0.13986868,1.4127817,-0.37707648,1.0
358,21,0.3598002,1.7058098,0.005208156,1.0
358,22,-0.17394666,1.3577844,-0.321774,1.0
358,23,0.06422004,0.8514092,-0.003888599,1.0
358,24,-0.06471204,0.82541883,0.008842845,1.0
358,25,-0.026252111,0.49109218,-0.09472756,1.0
358,26,0.03159306,0.4768427,-0.018922772,1.0
358,27,0.018156916,0.10517055,0.0109840045,1.0
358,28,0.07737106,0.08520526,0.0898624,1.0
358,29,-0.009522116,0.0650149,0.030127488,1.0
358,30,0.08021874,0.046816528,0.064926475,1.0
358,31,-0.05213111,0.011423945,-0.007539554,1.0
358,32,0.011904586,0.026968837,0.03160538,1.0
359,0,-0.059039287,1.5003724,-0.17829849,1.0
359,1,-0.047520816,1.5117368,-0.1662634,1.0
359,2,-0.0490221,1.5186478,-0.15216477,1.0
359,3,-0.051195994,1.5184835,-0.15679806,1.0
359,4,-0.070427,1.520812,-0.18526453,1.0
359,5,-0.07324088,1.5239177,-0.19647233,1.0
359,6,-0.0659575,1.5114797,-0.17877576,1.0
359,7,-0.023239352,1.4944603,-0.05778204,1.0
359,8,-0.14171116,1.4366422,-0.10243638,1.0
359,9,-0.036851425,1.4838065,-0.12694208,1.0
359,10,-0.0648084,1.4447849,-0.17054398,1.0
359,11,0.060150534,1.3932416,0.011192374,1.0
359,12,-0.20099702,1.363445,0.026922796,1.0
359,13,0.20160346,1.5503259,0.017373238,1.0
359,14,-0.16160616,1.1940796,-0.17257696,1.0
359,15,0.33959156,1.7216485,0.05044209,1.0
359,16,-0.19738258,1.2853609,-0.35143995,1.0
359,17,0.36208177,1.7701519,0.052239787,1.0
359,18,-0.18082596,1.3233852,-0.41214457,1.0
359,19,0.35729554,1.7865252,0.03015459,1.0
359,20,-0.18049036,1.3853415,-0.417928,1.0
359,21,0.35566404,1.7142756,0.033673465,1.0
359,22,-0.1929804,1.3168863,-0.36337215,1.0
359,23,0.064709425,0.85419804,0.008356913,1.0
359,24,-0.065654814,0.82868254,-0.0028883389,1.0
359,25,-0.009143084,0.46167627,-0.07008883,1.0
359,26,0.03226662,0.4824054,-0.02292062,1.0
359,27,-0.004314351,0.06623542,0.01037712,1.0
359,28,0.075417414,0.117724,0.11815416,1.0
359,29,-0.03666369,0.023940802,0.028492574,1.0
359,30,0.078980915,0.082410395,0.097722925,1.0
359,31,-0.05598534,-0.03470695,-0.013293588,1.0
359,32,0.025041794,0.058441162,0.055308323,1.0
360,0,-0.06094372,1.5012523,-0.1736993,1.0
360,1,-0.05007206,1.5111613,-0.16036661,1.0
360,2,-0.051810384,1.5181694,-0.1456101,1.0
360,3,-0.053921584,1.5182719,-0.15090603,1.0
360,4,-0.07274744,1.520555,-0.17969288,1.0
360,5,-0.075753555,1.5228121,-0.19167916,1.0
360,6,-0.068169996,1.5110416,-0.17337334,1.0
360,7,-0.0274982,1.4921212,-0.049612,1.0
360,8,-0.14819865,1.4333878,-0.09918281,1.0
360,9,-0.039762612,1.4833009,-0.12079106,1.0
360,10,-0.06769951,1.4442575,-0.16579293,1.0
360,11,0.05061034,1.3915312,0.026099522,1.0
360,12,-0.20103286,1.3517339,0.023304634,1.0
360,13,0.1993107,1.5474095,0.04012473,1.0
360,14,-0.14377956,1.1750091,-0.1684425,1.0
360,15,0.3298868,1.713191,0.07502269,1.0
360,16,-0.19590554,1.2661958,-0.32922903,1.0
360,17,0.352193,1.762149,0.07900892,1.0
360,18,-0.17692237,1.3067372,-0.38689986,1.0
360,19,0.3454017,1.7788777,0.059339084,1.0
360,20,-0.17886327,1.3682566,-0.3916762,1.0
360,21,0.34525225,1.7070735,0.059296496,1.0
360,22,-0.19051398,1.2973893,-0.33984825,1.0
360,23,0.06478534,0.8538343,0.014321845,1.0
360,24,-0.06634249,0.82963824,-0.008724496,1.0
360,25,0.004273255,0.43906793,-0.07217305,1.0
360,26,0.0308265,0.49907684,-0.025727592,1.0
360,27,-0.020706832,0.044575214,-0.008163357,1.0
360,28,0.07554853,0.16843736,0.15668626,1.0
360,29,-0.05661428,0.0018741488,0.0068225614,1.0
360,30,0.0805092,0.13608772,0.1399551,1.0
360,31,-0.068146884,-0.07127881,-0.047849253,1.0
360,32,0.04488761,0.09587234,0.1113142,1.0
361,0,-0.064428315,1.4989668,-0.16825907,1.0
361,1,-0.05478759,1.5073091,-0.1546211,1.0
361,2,-0.05562582,1.5142792,-0.13979319,1.0
361,3,-0.05822208,1.514327,-0.14553274,1.0
361,4,-0.07633644,1.5171001,-0.17480792,1.0
361,5,-0.07956195,1.518122,-0.18751104,1.0
361,6,-0.0716277,1.5071979,-0.16850574,1.0
361,7,-0.033509303,1.4877117,-0.0415721,1.0
361,8,-0.15580502,1.4289479,-0.09585722,1.0
361,9,-0.044821627,1.4798424,-0.113630705,1.0
361,10,-0.07288739,1.4414003,-0.16005574,1.0
361,11,0.042273566,1.3830614,0.046088867,1.0
361,12,-0.20283663,1.3421247,0.024863943,1.0
361,13,0.19902208,1.5098519,0.049605493,1.0
361,14,-0.122696966,1.1495013,-0.16298898,1.0
361,15,0.29208684,1.7060124,0.06268104,1.0
361,16,-0.17208233,1.2552263,-0.31174976,1.0
361,17,0.29904416,1.7513173,0.063243635,1.0
361,18,-0.16954316,1.305151,-0.35899752,1.0
361,19,0.28870884,1.7665093,0.050741244,1.0
361,20,-0.16514163,1.3640265,-0.3602606,1.0
361,21,0.30129462,1.696424,0.04992694,1.0
361,22,-0.18136534,1.2872527,-0.31659123,1.0
361,23,0.06477448,0.8530059,0.020098565,1.0
361,24,-0.06696104,0.8297107,-0.014933682,1.0
361,25,0.036005486,0.4302642,-0.06034245,1.0
361,26,0.019389862,0.4989058,-0.025266621,1.0
361,27,-0.010441273,0.056145847,0.02857226,1.0
361,28,0.07066595,0.15401465,0.15407363,1.0
361,29,-0.0469509,0.017053723,0.04718034,1.0
361,30,0.07587283,0.12032527,0.13580906,1.0
361,31,-0.055986088,-0.051560998,0.0018180502,1.0
361,32,0.03629852,0.08773774,0.10440671,1.0
362,0,-0.07118573,1.498718,-0.1615103,1.0
362,1,-0.06056465,1.5052936,-0.14781858,1.0
362,2,-0.060485035,1.5123127,-0.13299362,1.0
362,3,-0.06376036,1.5121076,-0.13901667,1.0
362,4,-0.08142695,1.5164502,-0.16553615,1.0
362,5,-0.08510025,1.5162704,-0.17899552,1.0
362,6,-0.07688086,1.5058239,-0.15942772,1.0
362,7,-0.031312708,1.4854418,-0.035977133,1.0
362,8,-0.156933,1.4283526,-0.079457805,1.0
362,9,-0.049529087,1.4781603,-0.106566384,1.0
362,10,-0.07921384,1.4412926,-0.15005963,1.0
362,11,0.044375926,1.3720208,0.052206613,1.0
362,12,-0.2043186,1.3392435,0.04426595,1.0
362,13,0.19866888,1.4770393,0.047003314,1.0
362,14,-0.1207942,1.1240152,-0.11835588,1.0
362,15,0.2405959,1.702357,0.063965306,1.0
362,16,-0.12999827,1.2381827,-0.2463292,1.0
362,17,0.23289801,1.7461627,0.06259092,1.0
362,18,-0.11308879,1.297321,-0.2900221,1.0
362,19,0.22230698,1.7605038,0.06374638,1.0
362,20,-0.13153058,1.3568428,-0.2838619,1.0
362,21,0.24600784,1.6915891,0.057132423,1.0
362,22,-0.13738553,1.2722269,-0.24629463,1.0
362,23,0.06658853,0.85155654,0.021576006,1.0
362,24,-0.06922996,0.8308017,-0.016789962,1.0
362,25,0.06189251,0.42181873,-0.04956723,1.0
362,26,0.009713642,0.4990432,-0.024152268,1.0
362,27,-0.0044414895,0.062392235,0.06986696,1.0
362,28,0.067101,0.15742397,0.17744367,1.0
362,29,-0.042134434,0.025131226,0.09287554,1.0
362,30,0.0737473,0.12469697,0.16092785,1.0
362,31,-0.048699148,-0.041106045,0.052363668,1.0
362,32,0.039446536,0.09534305,0.123905785,1.0
363,0,-0.071605094,1.4981602,-0.1549278,1.0
363,1,-0.06110639,1.503011,-0.14318125,1.0
363,2,-0.060335156,1.5102406,-0.12822843,1.0
363,3,-0.06426112,1.5096505,-0.13523185,1.0
363,4,-0.08061721,1.5160537,-0.15931515,1.0
363,5,-0.08420816,1.5142922,-0.17305955,1.0
363,6,-0.07627852,1.5042367,-0.15357824,1.0
363,7,-0.029067798,1.482807,-0.037785955,1.0
363,8,-0.15522781,1.428659,-0.073926546,1.0
363,9,-0.048763026,1.4769247,-0.10166757,1.0
363,10,-0.078427985,1.4414636,-0.14252678,1.0
363,11,0.04612051,1.3568592,0.06647726,1.0
363,12,-0.2031472,1.3351347,0.057896778,1.0
363,13,0.2104752,1.4107434,0.0841376,1.0
363,14,-0.13833225,1.1034341,-0.071955666,1.0
363,15,0.19846515,1.593106,0.111754365,1.0
363,16,-0.090967044,1.2070401,-0.16238922,1.0
363,17,0.16965151,1.6477466,0.11065054,1.0
363,18,-0.04790429,1.2668724,-0.19815879,1.0
363,19,0.15074262,1.6634243,0.12185903,1.0
363,20,-0.06151759,1.325027,-0.18677916,1.0
363,21,0.19576359,1.591166,0.11115542,1.0
363,22,-0.08994617,1.2411647,-0.15823002,1.0
363,23,0.06768515,0.851249,0.02709208,1.0
363,24,-0.07037291,0.8320217,-0.022511885,1.0
363,25,0.07928828,0.42341176,-0.046262883,1.0
363,26,-0.0040028193,0.498404,-0.031015996,1.0
363,27,0.01932661,0.065045,0.07182189,1.0
363,28,0.06076926,0.1538096,0.17063479,1.0
363,29,-0.021620348,0.029236674,0.09417882,1.0
363,30,0.06927379,0.12142426,0.15327542,1.0
363,31,-0.00761447,-0.03495741,0.055655688,1.0
363,32,0.04485564,0.095639825,0.119162664,1.0
364,0,-0.07330213,1.4874241,-0.1462577,1.0
364,1,-0.06253348,1.4916503,-0.1351708,1.0
364,2,-0.061330933,1.4992222,-0.11996679,1.0
364,3,-0.06564433,1.4979548,-0.12825347,1.0
364,4,-0.08126442,1.506655,-0.14883885,1.0
364,5,-0.08445245,1.5033898,-0.16189523,1.0
364,6,-0.076813646,1.4932468,-0.14300105,1.0
364,7,-0.028466264,1.4736794,-0.035362985,1.0
364,8,-0.15457104,1.4225004,-0.05963722,1.0
364,9,-0.04868635,1.4666342,-0.09463506,1.0
364,10,-0.07859975,1.4325687,-0.13177773,1.0
364,11,0.053058803,1.3335388,0.06580025,1.0
364,12,-0.20253572,1.3284547,0.0844986,1.0
364,13,0.22111586,1.3374227,0.08192719,1.0
364,14,-0.14808479,1.0879551,-0.028239947,1.0
364,15,0.17219563,1.487883,0.1246651,1.0
364,16,-0.095391184,1.1633395,-0.11207548,1.0
364,17,0.1341807,1.5388721,0.12870713,1.0
364,18,-0.040725943,1.2162192,-0.14763767,1.0
364,19,0.11821904,1.5542306,0.14436032,1.0
364,20,-0.04007217,1.2730602,-0.1335929,1.0
364,21,0.16871628,1.4866014,0.12845463,1.0
364,22,-0.086879864,1.1955483,-0.10711738,1.0
364,23,0.068476014,0.85111344,0.026492937,1.0
364,24,-0.07095813,0.834154,-0.020940453,1.0
364,25,0.08114414,0.42000958,-0.04957179,1.0
364,26,-0.038996737,0.494234,-0.050571747,1.0
364,27,0.020826118,0.06318551,0.066468865,1.0
364,28,0.04738335,0.16420096,0.16706799,1.0
364,29,-0.019158663,0.028211415,0.08876063,1.0
364,30,0.059145108,0.1359083,0.15121901,1.0
364,31,-0.0084700165,-0.038559437,0.061673522,1.0
364,32,0.043983582,0.102134824,0.13308445,1.0
365,0,-0.07476722,1.4758912,-0.14451261,1.0
365,1,-0.062121406,1.4796675,-0.13156101,1.0
365,2,-0.06111372,1.4877663,-0.11670461,1.0
365,3,-0.06515528,1.4856371,-0.12506321,1.0
365,4,-0.08077783,1.4981112,-0.14383575,1.0
365,5,-0.08361737,1.4938368,-0.15517697,1.0
365,6,-0.076287046,1.4839716,-0.1387284,1.0
365,7,-0.022449229,1.4599271,-0.031672556,1.0
365,8,-0.15372163,1.4192638,-0.05114372,1.0
365,9,-0.04883104,1.4525776,-0.093054235,1.0
365,10,-0.080342144,1.4245497,-0.12812434,1.0
365,11,0.05876768,1.3129534,0.09088934,1.0
365,12,-0.20440483,1.3302647,0.0873144,1.0
365,13,0.22106755,1.2914089,0.13330151,1.0
365,14,-0.21653296,1.0876808,-0.030502178,1.0
365,15,0.16105004,1.4095165,0.19848654,1.0
365,16,-0.10364145,1.1240149,-0.13375448,1.0
365,17,0.118636966,1.4623713,0.20099552,1.0
365,18,-0.046042584,1.166181,-0.16054936,1.0
365,19,0.10952013,1.4789321,0.22119135,1.0
365,20,-0.031360358,1.2220383,-0.14197534,1.0
365,21,0.15871628,1.4098887,0.20560552,1.0
365,22,-0.08985839,1.1529726,-0.12449204,1.0
365,23,0.0691634,0.8492087,0.027454201,1.0
365,24,-0.07113167,0.8332237,-0.020267114,1.0
365,25,0.077235736,0.4170379,-0.04930238,1.0
365,26,-0.061515447,0.48525438,-0.0596606,1.0
365,27,0.01925754,0.07855153,0.08870782,1.0
365,28,0.011283335,0.25326812,0.23455267,1.0
365,29,-0.02071571,0.047142208,0.11755643,1.0
365,30,0.020590965,0.23791426,0.23511462,1.0
365,31,-0.033858016,-0.024218023,0.08720234,1.0
365,32,0.015644232,0.2089361,0.25548965,1.0
366,0,-0.07445409,1.4647869,-0.14362943,1.0
366,1,-0.062100273,1.4677715,-0.12936528,1.0
366,2,-0.061313163,1.4768548,-0.115132,1.0
366,3,-0.06533165,1.4732659,-0.1237092,1.0
366,4,-0.081490144,1.4858172,-0.14180113,1.0
366,5,-0.08346349,1.4805745,-0.15517968,1.0
366,6,-0.076267466,1.4713439,-0.13740954,1.0
366,7,-0.020050034,1.4517099,-0.027072374,1.0
366,8,-0.15384956,1.407342,-0.048961777,1.0
366,9,-0.048749644,1.4436771,-0.09310671,1.0
366,10,-0.080172025,1.41449,-0.12772211,1.0
366,11,0.06476475,1.2894409,0.0996996,1.0
366,12,-0.20390125,1.3279381,0.096522495,1.0
366,13,0.2208684,1.2019014,0.103286065,1.0
366,14,-0.24426714,1.0853572,-0.009749517,1.0
366,15,0.17257322,1.3262784,0.06909416,1.0
366,16,-0.11005563,1.0769122,-0.13959481,1.0
366,17,0.13615838,1.371118,0.06131006,1.0
366,18,-0.058342487,1.0991089,-0.17499462,1.0
366,19,0.12706153,1.3945673,0.08155383,1.0
366,20,-0.042736147,1.1562138,-0.16418704,1.0
366,21,0.17094144,1.328384,0.081353016,1.0
366,22,-0.09980268,1.1012993,-0.13451825,1.0
366,23,0.07362816,0.84874946,0.030065257,1.0
366,24,-0.07372367,0.83417475,-0.02171598,1.0
366,25,0.07174651,0.41824815,-0.05130382,1.0
366,26,-0.06917372,0.48481804,-0.07431512,1.0
366,27,0.018643819,0.09791863,0.08769108,1.0
366,28,-0.016085528,0.28948307,0.2500302,1.0
366,29,-0.02116419,0.06256586,0.11433912,1.0
366,30,-0.009663332,0.27793187,0.2535782,1.0
366,31,-0.040360827,-0.005182326,0.09085244,1.0
366,32,-0.015504779,0.25051814,0.27820808,1.0
367,0,-0.07397774,1.4579865,-0.1456003,1.0
367,1,-0.0618184,1.4625995,-0.13123329,1.0
367,2,-0.061324354,1.4723873,-0.117045715,1.0
367,3,-0.06508723,1.4674246,-0.12508604,1.0
367,4,-0.08196586,1.4805346,-0.14486869,1.0
367,5,-0.08301216,1.4754305,-0.15754315,1.0
367,6,-0.07599561,1.4654686,-0.13940364,1.0
367,7,-0.01994543,1.4471191,-0.02817911,1.0
367,8,-0.15318659,1.4053807,-0.051828504,1.0
367,9,-0.04894043,1.437911,-0.09545413,1.0
367,10,-0.079978555,1.4098632,-0.13010594,1.0
367,11,0.06544784,1.2756608,0.10424915,1.0
367,12,-0.20880313,1.3281133,0.09183605,1.0
367,13,0.21061867,1.1469972,0.0909406,1.0
367,14,-0.24632245,1.0753047,-0.0121955685,1.0
367,15,0.18672414,1.2689707,0.0010218595,1.0
367,16,-0.110317335,1.031747,-0.12907284,1.0
367,17,0.15959233,1.3147459,-0.018856244,1.0
367,18,-0.04923583,1.0423977,-0.16926095,1.0
367,19,0.15104596,1.3416352,-0.008946329,1.0
367,20,-0.02730147,1.1003073,-0.16186486,1.0
367,21,0.1878151,1.2731827,0.0023065398,1.0
367,22,-0.09417889,1.0544426,-0.12597282,1.0
367,23,0.075922675,0.84786475,0.03693671,1.0
367,24,-0.074893095,0.83414733,-0.02792487,1.0
367,25,0.06874107,0.41790032,-0.04892996,1.0
367,26,-0.06443296,0.48446062,-0.07612712,1.0
367,27,0.01807668,0.10390359,0.10887064,1.0
367,28,-0.053923868,0.28378183,0.2619502,1.0
367,29,-0.020360686,0.067411244,0.13612036,1.0
367,30,-0.05244393,0.27228355,0.26473197,1.0
367,31,-0.039789837,0.007357955,0.111248165,1.0
367,32,-0.057245567,0.25198996,0.2817761,1.0
368,0,-0.0730991,1.4521513,-0.18802118,1.0
368,1,-0.059516612,1.4588758,-0.17410631,1.0
368,2,-0.05946561,1.4693342,-0.16051231,1.0
368,3,-0.06268252,1.4633558,-0.16789886,1.0
368,4,-0.081078626,1.4770033,-0.19154815,1.0
368,5,-0.08060226,1.4726868,-0.20488374,1.0
368,6,-0.0739475,1.4614978,-0.18641111,1.0
368,7,-0.01925122,1.4435451,-0.061157554,1.0
368,8,-0.1529481,1.4044518,-0.09907016,1.0
368,9,-0.048697308,1.4329548,-0.13433959,1.0
368,10,-0.07930913,1.4063373,-0.17328382,1.0
368,11,0.06596855,1.272276,0.09422924,1.0
368,12,-0.21391094,1.3272378,0.037140496,1.0
368,13,0.18332931,1.1130731,0.065402456,1.0
368,14,-0.2582298,1.0605755,-0.032712083,1.0
368,15,0.21197297,1.2139518,-0.07114398,1.0
368,16,-0.11982656,1.0140145,-0.1644397,1.0
368,17,0.20887868,1.2519127,-0.096915536,1.0
368,18,-0.05106245,1.0196341,-0.21657936,1.0
368,19,0.21300223,1.2744482,-0.100923054,1.0
368,20,-0.038595874,1.0814017,-0.21487494,1.0
368,21,0.22364992,1.2137479,-0.081012525,1.0
368,22,-0.09556627,1.0377613,-0.16496807,1.0
368,23,0.07669582,0.84584695,0.048173923,1.0
368,24,-0.07472608,0.8316649,-0.03823224,1.0
368,25,0.06896849,0.41682848,-0.038700216,1.0
368,26,-0.0185327,0.49056372,-0.119902246,1.0
368,27,0.017579325,0.10234964,0.12606114,1.0
368,28,-0.09226283,0.34416085,0.24857025,1.0
368,29,-0.019386288,0.0640831,0.15287231,1.0
368,30,-0.10158348,0.34137344,0.25083962,1.0
368,31,-0.025359206,0.003963411,0.1269215,1.0
368,32,-0.10814849,0.31148756,0.27024955,1.0
369,0,-0.07156217,1.4473233,-0.22454691,1.0
369,1,-0.05373424,1.4553941,-0.20728903,1.0
369,2,-0.05398977,1.465831,-0.19495133,1.0
369,3,-0.056745976,1.4596618,-0.20054266,1.0
369,4,-0.07842441,1.4732311,-0.22697337,1.0
369,5,-0.076570645,1.4698145,-0.24028765,1.0
369,6,-0.06980868,1.4574938,-0.22090723,1.0
369,7,-0.011902075,1.4394844,-0.08420896,1.0
369,8,-0.1513412,1.400857,-0.124382555,1.0
369,9,-0.04678989,1.42927,-0.16739239,1.0
369,10,-0.07791683,1.4016542,-0.2079073,1.0
369,11,0.06680047,1.2755065,0.091670424,1.0
369,12,-0.21261437,1.3279638,0.0015566112,1.0
369,13,0.16507092,1.0927742,0.039162725,1.0
369,14,-0.24972521,1.0625275,-0.06600002,1.0
369,15,0.26338646,1.1484549,-0.09388895,1.0
369,16,-0.24252594,1.0059458,-0.20856234,1.0
369,17,0.28332043,1.1689363,-0.11425354,1.0
369,18,-0.22838357,1.0063132,-0.26309577,1.0
369,19,0.29037157,1.189702,-0.1318839,1.0
369,20,-0.21094936,1.057184,-0.27590874,1.0
369,21,0.28148246,1.1423244,-0.11108278,1.0
369,22,-0.2348938,1.0223933,-0.2173599,1.0
369,23,0.076922245,0.84066594,0.057165388,1.0
369,24,-0.07452125,0.826631,-0.047399994,1.0
369,25,0.0685463,0.42872915,-3.1993288e-05,1.0
369,26,0.034668576,0.49230376,-0.13958068,1.0
369,27,0.017109873,0.09803361,0.1412888,1.0
369,28,-0.12209407,0.39957395,0.22651349,1.0
369,29,-0.018471489,0.057242334,0.16428524,1.0
369,30,-0.14251769,0.40481466,0.23888272,1.0
369,31,-0.005197973,-0.0012272,0.14258008,1.0
369,32,-0.16277935,0.36078867,0.24693625,1.0
370,0,-0.06447986,1.442893,-0.22150011,1.0
370,1,-0.04166953,1.4516921,-0.20227292,1.0
370,2,-0.042064328,1.4614189,-0.19088528,1.0
370,3,-0.044340298,1.4560919,-0.19535235,1.0
370,4,-0.06810891,1.4694602,-0.2219423,1.0
370,5,-0.06544586,1.4666274,-0.23484549,1.0
370,6,-0.058189668,1.4534112,-0.21539658,1.0
370,7,0.0043711057,1.4359965,-0.07991133,1.0
370,8,-0.1388962,1.4029856,-0.11696247,1.0
370,9,-0.038345475,1.4251146,-0.16498305,1.0
370,10,-0.07015797,1.3965166,-0.20413767,1.0
370,11,0.0725693,1.2783012,0.08488411,1.0
370,12,-0.20624718,1.3307571,0.0059568034,1.0
370,13,0.16106915,1.0980736,0.04818634,1.0
370,14,-0.22789326,1.0459659,-0.06436742,1.0
370,15,0.31870452,1.0918711,-0.054829985,1.0
370,16,-0.2782635,0.9705054,-0.20164768,1.0
370,17,0.35395733,1.0961998,-0.071044914,1.0
370,18,-0.28274152,0.9678111,-0.25348756,1.0
370,19,0.3629087,1.108075,-0.07411647,1.0
370,20,-0.27587655,1.0117824,-0.26524723,1.0
370,21,0.3413968,1.0776395,-0.06380102,1.0
370,22,-0.28014413,0.98256254,-0.21536466,1.0
370,23,0.07704098,0.8337918,0.059749678,1.0
370,24,-0.07458902,0.8241211,-0.050282985,1.0
370,25,0.06703037,0.41063553,0.0005362206,1.0
370,26,0.070424944,0.5037496,-0.15458414,1.0
370,27,0.012682592,0.060369372,0.14818227,1.0
370,28,-0.12604594,0.42103055,0.190573,1.0
370,29,-0.01941458,0.01293689,0.17159483,1.0
370,30,-0.15025917,0.42635787,0.19807851,1.0
370,31,-3.5302714e-05,-0.037742376,0.15657327,1.0
370,32,-0.17529471,0.37927556,0.23473045,1.0
371,0,-0.046590645,1.4375303,-0.2137695,1.0
371,1,-0.021855347,1.4470611,-0.19794603,1.0
371,2,-0.022120938,1.4557654,-0.18567272,1.0
371,3,-0.023988709,1.4516019,-0.19086508,1.0
371,4,-0.048098538,1.4645641,-0.2173863,1.0
371,5,-0.04454053,1.4620727,-0.23111336,1.0
371,6,-0.037230365,1.4482975,-0.21150996,1.0
371,7,0.023128651,1.4325788,-0.07083817,1.0
371,8,-0.11774984,1.4031198,-0.1108624,1.0
371,9,-0.021723144,1.4203467,-0.16035083,1.0
371,10,-0.052398928,1.3910471,-0.19918387,1.0
371,11,0.08322826,1.2773967,0.08798499,1.0
371,12,-0.18802956,1.3300061,0.013651086,1.0
371,13,0.16447036,1.0785853,0.07629072,1.0
371,14,-0.20473646,1.031334,-0.0565531,1.0
371,15,0.3471224,1.0170848,0.0035920483,1.0
371,16,-0.28760955,0.9595102,-0.1885516,1.0
371,17,0.38281995,1.0068486,0.0042363238,1.0
371,18,-0.29897016,0.9594276,-0.23770323,1.0
371,19,0.39074734,1.0112711,-0.02994582,1.0
371,20,-0.29106766,1.0023315,-0.26138067,1.0
371,21,0.36918342,0.9961245,-0.018792795,1.0
371,22,-0.29208815,0.9707062,-0.20435627,1.0
371,23,0.07610677,0.82560015,0.061752312,1.0
371,24,-0.07362211,0.82265335,-0.05294569,1.0
371,25,0.049148776,0.3853596,0.0015978441,1.0
371,26,0.10666359,0.5346377,-0.16472514,1.0
371,27,0.005610967,0.03138721,0.15583886,1.0
371,28,-0.12975495,0.4313543,0.14162718,1.0
371,29,-0.022679808,-0.016789734,0.18057086,1.0
371,30,-0.15831624,0.43475646,0.13976133,1.0
371,31,-0.0006702398,-0.064112484,0.17484805,1.0
371,32,-0.18890923,0.3860019,0.19993971,1.0
372,0,-0.034817446,1.4313931,-0.19712992,1.0
372,1,-0.010438554,1.4432893,-0.17450817,1.0
372,2,-0.010253214,1.4501469,-0.16514236,1.0
372,3,-0.012206079,1.4472908,-0.1680496,1.0
372,4,-0.036833536,1.4602149,-0.19507608,1.0
372,5,-0.032653775,1.4586282,-0.20752133,1.0
372,6,-0.025464205,1.444113,-0.18828471,1.0
372,7,0.03774135,1.4317106,-0.049713135,1.0
372,8,-0.102959655,1.401726,-0.08324489,1.0
372,9,-0.008748721,1.418349,-0.1422997,1.0
372,10,-0.039132454,1.388618,-0.17994438,1.0
372,11,0.100034155,1.2810026,0.09649374,1.0
372,12,-0.16902123,1.3300266,0.017007448,1.0
372,13,0.18461674,1.0911987,0.08937832,1.0
372,14,-0.19013432,1.0291413,-0.047634814,1.0
372,15,0.34932306,0.9832164,0.03175038,1.0
372,16,-0.29390818,0.9534695,-0.17679773,1.0
372,17,0.37900627,0.95473206,0.036897305,1.0
372,18,-0.3077812,0.94956076,-0.22445877,1.0
372,19,0.38073194,0.9515846,0.0014978502,1.0
372,20,-0.29614156,0.98933166,-0.24864398,1.0
372,21,0.36750582,0.9555154,0.00923669,1.0
372,22,-0.29902065,0.96196085,-0.1912632,1.0
372,23,0.07448102,0.8177689,0.062022693,1.0
372,24,-0.07199929,0.82005143,-0.054195598,1.0
372,25,0.04374368,0.37726545,0.0017545689,1.0
372,26,0.12698993,0.56113195,-0.16618036,1.0
372,27,0.0066883536,0.01860851,0.15043408,1.0
372,28,-0.14746633,0.44058523,0.109605215,1.0
372,29,-0.020963315,-0.029358268,0.17529342,1.0
372,30,-0.18076268,0.44210285,0.102944605,1.0
372,31,0.00537992,-0.072086096,0.17414884,1.0
372,32,-0.21375874,0.39078653,0.1664245,1.0
373,0,-0.020773688,1.4284549,-0.19571398,1.0
373,1,0.00104673,1.4413209,-0.17322066,1.0
373,2,0.001999861,1.4467766,-0.1642643,1.0
373,3,-0.00032562506,1.4451357,-0.16637896,1.0
373,4,-0.024235241,1.4580343,-0.1946755,1.0
373,5,-0.019643014,1.4562883,-0.20761809,1.0
373,6,-0.013075691,1.4414694,-0.18821315,1.0
373,7,0.046472825,1.4327914,-0.04983564,1.0
373,8,-0.09090211,1.3998944,-0.08366539,1.0
373,9,0.0049479287,1.4168502,-0.1414006,1.0
373,10,-0.02461202,1.3863431,-0.17907251,1.0
373,11,0.11175973,1.286659,0.09227311,1.0
373,12,-0.16108347,1.3296006,0.020439163,1.0
373,13,0.1964798,1.0847278,0.085095696,1.0
373,14,-0.18816523,1.0249166,-0.03978543,1.0
373,15,0.34638914,0.9584841,0.030971501,1.0
373,16,-0.3142218,0.9377885,-0.15038684,1.0
373,17,0.3741153,0.9282609,0.03316953,1.0
373,18,-0.33151242,0.9322161,-0.19148886,1.0
373,19,0.37309045,0.92523366,0.000634596,1.0
373,20,-0.32526174,0.96953666,-0.21191761,1.0
373,21,0.3625748,0.9298009,0.007962015,1.0
373,22,-0.3221223,0.9453064,-0.16314134,1.0
373,23,0.073821224,0.8144818,0.062324107,1.0
373,24,-0.071424894,0.81890696,-0.056004588,1.0
373,25,0.04163137,0.37611654,0.008568019,1.0
373,26,0.12964344,0.5521757,-0.17069978,1.0
373,27,0.0061616586,0.021064162,0.16793668,1.0
373,28,-0.15328564,0.39690572,0.096708246,1.0
373,29,-0.020038169,-0.02505362,0.195159,1.0
373,30,-0.18643242,0.3942414,0.08935904,1.0
373,31,0.008698681,-0.06305152,0.19025654,1.0
373,32,-0.21470925,0.34599102,0.13440156,1.0
374,0,-0.01206189,1.4278353,-0.19472696,1.0
374,1,0.0067557283,1.4424391,-0.17239894,1.0
374,2,0.008352088,1.4464055,-0.16345344,1.0
374,3,0.0053797318,1.4460998,-0.16504158,1.0
374,4,-0.01677638,1.4585481,-0.19417602,1.0
374,5,-0.011844071,1.4566674,-0.20779471,1.0
374,6,-0.0059615127,1.441561,-0.18792461,1.0
374,7,0.049058598,1.4354196,-0.050566614,1.0
374,8,-0.081534535,1.398711,-0.0842939,1.0
374,9,0.013749684,1.4170504,-0.1409327,1.0
374,10,-0.014313866,1.386147,-0.17821088,1.0
374,11,0.11952298,1.2902528,0.08967227,1.0
374,12,-0.15687847,1.3301698,0.022681756,1.0
374,13,0.19777189,1.0774745,0.0759611,1.0
374,14,-0.19392438,1.0224185,-0.030968843,1.0
374,15,0.33340162,0.95946616,0.008592291,1.0
374,16,-0.3492782,0.93398374,-0.13419124,1.0
374,17,0.35708213,0.93184644,0.004098508,1.0
374,18,-0.36825612,0.9290727,-0.17236769,1.0
374,19,0.3539992,0.9342076,-0.022244662,1.0
374,20,-0.3644408,0.966015,-0.1912385,1.0
374,21,0.34780148,0.9334575,-0.012908013,1.0
374,22,-0.35832122,0.9417038,-0.14641194,1.0
374,23,0.07349247,0.81344765,0.0631936,1.0
374,24,-0.071350425,0.82018614,-0.058540884,1.0
374,25,0.042414967,0.3752965,0.011224323,1.0
374,26,0.12882379,0.54200566,-0.17955276,1.0
374,27,0.004520447,0.01976198,0.17602056,1.0
374,28,-0.16540888,0.3792579,0.08543475,1.0
374,29,-0.021333516,-0.025012076,0.20468047,1.0
374,30,-0.19948173,0.37212926,0.07808979,1.0
374,31,0.0074360333,-0.057737947,0.18949181,1.0
374,32,-0.22307043,0.30470562,0.10307945,1.0
375,0,-0.0013952758,1.4252703,-0.22923836,1.0
375,1,0.015312042,1.4437637,-0.20634975,1.0
375,2,0.017582366,1.4458191,-0.1982411,1.0
375,3,0.0135276,1.4475076,-0.19887154,1.0
375,4,-0.0079747345,1.45802,-0.23212923,1.0
375,5,-0.0029065222,1.456101,-0.24736848,1.0
375,6,0.001982084,1.4406953,-0.22648942,1.0
375,7,0.053427067,1.4378728,-0.08280179,1.0
375,8,-0.07853146,1.3976551,-0.12533133,1.0
375,9,0.023803692,1.4182528,-0.17189483,1.0
375,10,-0.0052248784,1.3858814,-0.21199115,1.0
375,11,0.11692502,1.2918711,0.070000164,1.0
375,12,-0.15389028,1.3319316,-0.0023747715,1.0
375,13,0.19174191,1.0564263,0.06094311,1.0
375,14,-0.21247526,1.0210543,-0.04344993,1.0
375,15,0.32975838,0.9545246,0.0068412493,1.0
375,16,-0.38503498,0.9239501,-0.1348733,1.0
375,17,0.35760626,0.93477124,0.0033531785,1.0
375,18,-0.4070661,0.9178931,-0.1686158,1.0
375,19,0.35719985,0.9423832,-0.020428082,1.0
375,20,-0.40690765,0.9518936,-0.1871993,1.0
375,21,0.34473324,0.9312512,-0.013823963,1.0
375,22,-0.39559102,0.9306319,-0.14688237,1.0
375,23,0.072237834,0.81546926,0.0671135,1.0
375,24,-0.06988221,0.82325786,-0.0645548,1.0
375,25,0.04443366,0.37565243,0.030188581,1.0
375,26,0.12987433,0.5421147,-0.18359433,1.0
375,27,0.005345555,0.016834974,0.19297731,1.0
375,28,-0.17005838,0.32086572,0.07456231,1.0
375,29,-0.021290071,-0.027007937,0.22166099,1.0
375,30,-0.20473102,0.31001467,0.06648361,1.0
375,31,0.010036936,-0.053966165,0.1952293,1.0
375,32,-0.22482821,0.2338273,0.07743544,1.0
376,0,0.003735185,1.4236152,-0.24926524,1.0
376,1,0.019553762,1.4455029,-0.22615409,1.0
376,2,0.022197835,1.4457235,-0.21783583,1.0
376,3,0.017127693,1.4492818,-0.2183871,1.0
376,4,-0.0040231245,1.4584883,-0.25365698,1.0
376,5,0.0009863471,1.4563801,-0.27052966,1.0
376,6,0.0052205487,1.4412941,-0.24832454,1.0
376,7,0.053407107,1.4399431,-0.10138674,1.0
376,8,-0.078647874,1.3977939,-0.14966626,1.0
376,9,0.027708307,1.4185845,-0.18986459,1.0
376,10,-0.002308867,1.3854241,-0.23227066,1.0
376,11,0.114149384,1.2898321,0.05825187,1.0
376,12,-0.15617384,1.3333874,-0.023577191,1.0
376,13,0.18252233,1.0527483,0.05177617,1.0
376,14,-0.23354135,1.0238844,-0.082371004,1.0
376,15,0.3258346,0.9651672,0.0022155114,1.0
376,16,-0.3964795,0.92550254,-0.16643013,1.0
376,17,0.35525674,0.9500244,-0.0010530634,1.0
376,18,-0.41574794,0.9214869,-0.19832683,1.0
376,19,0.3562403,0.9623873,-0.02353307,1.0
376,20,-0.4137428,0.9569628,-0.22078253,1.0
376,21,0.34065628,0.945035,-0.018035877,1.0
376,22,-0.40520307,0.93324953,-0.18089741,1.0
376,23,0.07157324,0.81835866,0.07027906,1.0
376,24,-0.06931623,0.8261161,-0.06951857,1.0
376,25,0.05569927,0.37980634,0.038739093,1.0
376,26,0.12251945,0.5034951,-0.17840207,1.0
376,27,0.019169698,0.021516383,0.18707705,1.0
376,28,-0.18099608,0.22866523,0.085693695,1.0
376,29,-0.0074882032,-0.021282375,0.21538864,1.0
376,30,-0.21134643,0.21215874,0.076977335,1.0
376,31,0.04025611,-0.035366714,0.18376148,1.0
376,32,-0.21382335,0.1409787,0.06697239,1.0
377,0,0.00809557,1.4232378,-0.23994556,1.0
377,1,0.021390852,1.4469116,-0.2152647,1.0
377,2,0.02416956,1.4453877,-0.20581768,1.0
377,3,0.01829052,1.4501615,-0.20776571,1.0
377,4,-0.000887615,1.4592786,-0.24931628,1.0
377,5,0.0031548557,1.4566318,-0.2690619,1.0
377,6,0.007342484,1.4421731,-0.24634956,1.0
377,7,0.04971521,1.4410679,-0.0862339,1.0
377,8,-0.080300346,1.3973138,-0.13957328,1.0
377,9,0.030426454,1.4190519,-0.17667852,1.0
377,10,-0.00057066046,1.3854907,-0.22521299,1.0
377,11,0.10984416,1.2877928,0.07935712,1.0
377,12,-0.15792511,1.335182,-0.021968767,1.0
377,13,0.16714507,1.0690234,0.08916051,1.0
377,14,-0.24171731,1.0363615,-0.07904305,1.0
377,15,0.32500646,0.9951847,0.053626776,1.0
377,16,-0.38829124,0.93834543,-0.17635728,1.0
377,17,0.35052177,0.98545223,0.050909467,1.0
377,18,-0.4048177,0.9354297,-0.21344872,1.0
377,19,0.35018602,0.9974024,0.031114738,1.0
377,20,-0.40183344,0.9700188,-0.2332053,1.0
377,21,0.33766252,0.97648233,0.034058243,1.0
377,22,-0.39625823,0.94646335,-0.19078058,1.0
377,23,0.071520045,0.81881714,0.06786617,1.0
377,24,-0.06944704,0.8255749,-0.06839678,1.0
377,25,0.061304897,0.38760266,0.04345835,1.0
377,26,0.024476077,0.46533105,-0.1614866,1.0
377,27,0.025078509,0.04469067,0.19140907,1.0
377,28,-0.18739264,0.15263718,0.12286843,1.0
377,29,-0.004156648,0.0042699575,0.2208484,1.0
377,30,-0.20953746,0.12874818,0.11205956,1.0
377,31,0.04131696,-0.009278536,0.18115394,1.0
377,32,-0.22801095,0.08657408,0.087897986,1.0
378,0,0.016921163,1.4227836,-0.23283486,1.0
378,1,0.028151963,1.4498687,-0.20897982,1.0
378,2,0.030846518,1.4468243,-0.19940406,1.0
378,3,0.02441798,1.4530373,-0.20106056,1.0
378,4,0.006005277,1.4612901,-0.23917517,1.0
378,5,0.009392424,1.4578938,-0.25820157,1.0
378,6,0.0134068895,1.4444115,-0.23456661,1.0
378,7,0.053643137,1.444352,-0.08309181,1.0
378,8,-0.07554956,1.3969135,-0.13260178,1.0
378,9,0.04033743,1.4195356,-0.17219035,1.0
378,10,0.007977273,1.3844798,-0.21646078,1.0
378,11,0.10891073,1.2861964,0.084398784,1.0
378,12,-0.14302418,1.3369968,-0.013155641,1.0
378,13,0.16372281,1.0747385,0.09991496,1.0
378,14,-0.25188166,1.0614411,-0.08014866,1.0
378,15,0.3223633,1.0196352,0.07039308,1.0
378,16,-0.41829038,0.9451102,-0.18060544,1.0
378,17,0.3488991,1.0106286,0.06771073,1.0
378,18,-0.43760782,0.9437607,-0.2181867,1.0
378,19,0.34700844,1.0228711,0.050151404,1.0
378,20,-0.43887642,0.979989,-0.23684567,1.0
378,21,0.3362663,1.0022986,0.05195988,1.0
378,22,-0.42819792,0.95490086,-0.19580112,1.0
378,23,0.07140331,0.817083,0.0665025,1.0
378,24,-0.06948561,0.8240877,-0.06787527,1.0
378,25,0.068233855,0.39114508,0.04503099,1.0
378,26,-0.04617324,0.4639359,-0.11154596,1.0
378,27,0.026875697,0.06417072,0.1944059,1.0
378,28,-0.19242652,0.09624082,0.13780996,1.0
378,29,-0.004298309,0.02628696,0.22485858,1.0
378,30,-0.20588048,0.063836455,0.12126797,1.0
378,31,0.04111802,0.0035985708,0.17928398,1.0
378,32,-0.21657437,0.04904455,0.07947967,1.0
379,0,0.019456489,1.4231741,-0.23929715,1.0
379,1,0.030338353,1.4520106,-0.21613733,1.0
379,2,0.032469478,1.4473898,-0.20594445,1.0
379,3,0.025620053,1.4547842,-0.20800607,1.0
379,4,0.00812752,1.4630818,-0.24417031,1.0
379,5,0.010843731,1.4590864,-0.2638813,1.0
379,6,0.014759624,1.4465334,-0.23895074,1.0
379,7,0.057045277,1.4459213,-0.094625115,1.0
379,8,-0.070826806,1.3966243,-0.14114456,1.0
379,9,0.044902407,1.4214647,-0.17937928,1.0
379,10,0.0115358895,1.3850173,-0.2206435,1.0
379,11,0.10633593,1.2874147,0.08474202,1.0
379,12,-0.11831808,1.3404955,-0.018082974,1.0
379,13,0.156955,1.097531,0.10854869,1.0
379,14,-0.24675505,1.0735146,-0.09971348,1.0
379,15,0.32103443,1.0449878,0.100353785,1.0
379,16,-0.41881478,0.95736367,-0.19419639,1.0
379,17,0.3467537,1.050446,0.1034534,1.0
379,18,-0.44134304,0.9612716,-0.23141351,1.0
379,19,0.3457243,1.0669167,0.08746247,1.0
379,20,-0.4485923,0.9946489,-0.24738446,1.0
379,21,0.33346948,1.0322635,0.08358674,1.0
379,22,-0.43222716,0.9664253,-0.20881566,1.0
379,23,0.06800969,0.8151956,0.065950446,1.0
379,24,-0.06658965,0.8235984,-0.06769724,1.0
379,25,0.08186693,0.40502763,0.057423253,1.0
379,26,-0.073035166,0.46654487,-0.07188593,1.0
379,27,0.04138045,0.08474451,0.20419466,1.0
379,28,-0.20232664,0.09596509,0.15370245,1.0
379,29,0.009088506,0.04780239,0.2351184,1.0
379,30,-0.2118712,0.06322342,0.13364115,1.0
379,31,0.07171007,0.031592846,0.19071783,1.0
379,32,-0.20949346,0.052426994,0.087235495,1.0
380,0,0.021483976,1.430414,-0.23704183,1.0
380,1,0.0333998,1.4599379,-0.21374051,1.0
380,2,0.034693725,1.4536315,-0.20347475,1.0
380,3,0.027792953,1.4626739,-0.205996,1.0
380,4,0.009721786,1.4708965,-0.24092919,1.0
380,5,0.012530362,1.4667351,-0.26115018,1.0
380,6,0.015743226,1.4551079,-0.23577435,1.0
380,7,0.060937528,1.4508841,-0.0920619,1.0
380,8,-0.06845471,1.4020748,-0.13839848,1.0
380,9,0.04814727,1.4289012,-0.17785332,1.0
380,10,0.012758776,1.3919897,-0.21753693,1.0
380,11,0.10689589,1.2910434,0.08790739,1.0
380,12,-0.110124506,1.3484123,-0.016367618,1.0
380,13,0.15860496,1.1097118,0.11543077,1.0
380,14,-0.23865193,1.0853598,-0.105348855,1.0
380,15,0.31965026,1.0546652,0.10017296,1.0
380,16,-0.3940491,0.9673933,-0.21006134,1.0
380,17,0.34608477,1.059922,0.10114029,1.0
380,18,-0.4096208,0.9674972,-0.2506802,1.0
380,19,0.34728107,1.0794616,0.084574446,1.0
380,20,-0.41348386,1.0004458,-0.26522535,1.0
380,21,0.33216122,1.0435162,0.08372703,1.0
380,22,-0.40434402,0.9749249,-0.22410585,1.0
380,23,0.06741568,0.8165907,0.06673919,1.0
380,24,-0.066758625,0.8281778,-0.06850629,1.0
380,25,0.09473525,0.4077638,0.068689466,1.0
380,26,-0.07423518,0.4721026,-0.07004714,1.0
380,27,0.047860563,0.08803338,0.223607,1.0
380,28,-0.20615768,0.08432317,0.13895355,1.0
380,29,0.015187649,0.05131799,0.25561044,1.0
380,30,-0.21489401,0.050876796,0.11340612,1.0
380,31,0.083548754,0.035507083,0.20918092,1.0
380,32,-0.20602655,0.041410744,0.038300954,1.0
381,0,0.029958196,1.4371107,-0.23586467,1.0
381,1,0.043876328,1.4659393,-0.21200043,1.0
381,2,0.04359659,1.457768,-0.20213743,1.0
381,3,0.037215568,1.469509,-0.20622467,1.0
381,4,0.018171832,1.4774842,-0.23953871,1.0
381,5,0.021804225,1.4740248,-0.26009738,1.0
381,6,0.023400124,1.4627802,-0.23628278,1.0
381,7,0.07311708,1.4556832,-0.08831535,1.0
381,8,-0.060294125,1.4105659,-0.13452752,1.0
381,9,0.058566716,1.4354926,-0.17680795,1.0
381,10,0.020708634,1.3999248,-0.21438853,1.0
381,11,0.11970177,1.2960229,0.09597293,1.0
381,12,-0.104755685,1.3558676,-0.010842897,1.0
381,13,0.16262433,1.1184659,0.122149184,1.0
381,14,-0.23205103,1.0943441,-0.100756094,1.0
381,15,0.3274204,1.0630367,0.10020688,1.0
381,16,-0.38276082,0.98280746,-0.20919456,1.0
381,17,0.35606328,1.0634229,0.100555524,1.0
381,18,-0.39482692,0.9789536,-0.2507825,1.0
381,19,0.36054787,1.0834823,0.08270768,1.0
381,20,-0.3985572,1.0159596,-0.26364604,1.0
381,21,0.34019777,1.0496689,0.08370142,1.0
381,22,-0.39201388,0.989305,-0.22241285,1.0
381,23,0.0676109,0.82038516,0.066290885,1.0
381,24,-0.069541946,0.8344084,-0.06806488,1.0
381,25,0.10578877,0.41218027,0.06651309,1.0
381,26,-0.073561296,0.48026702,-0.0609399,1.0
381,27,0.056938834,0.09112406,0.22698407,1.0
381,28,-0.19729094,0.09247184,0.14840254,1.0
381,29,0.024850605,0.053712726,0.25963372,1.0
381,30,-0.20968208,0.061997414,0.12230544,1.0
381,31,0.08719771,0.035155,0.21079925,1.0
381,32,-0.19955762,0.05062771,0.056114033,1.0
382,0,0.031758714,1.4367514,-0.23338114,1.0
382,1,0.04863315,1.4621255,-0.2089794,1.0
382,2,0.046777215,1.4516137,-0.2016991,1.0
382,3,0.040755942,1.4682403,-0.207792,1.0
382,4,0.02035519,1.4751911,-0.23783146,1.0
382,5,0.026217548,1.4737597,-0.25606814,1.0
382,6,0.025213342,1.4630945,-0.23691331,1.0
382,7,0.08562789,1.4510033,-0.084356,1.0
382,8,-0.054408263,1.4132469,-0.123440266,1.0
382,9,0.06368048,1.4335266,-0.17751288,1.0
382,10,0.023755843,1.4018908,-0.21230869,1.0
382,11,0.13415098,1.2902735,0.100191325,1.0
382,12,-0.09089394,1.3545091,0.000750046,1.0
382,13,0.19490029,1.1219918,0.14090624,1.0
382,14,-0.22268091,1.0977488,-0.08123988,1.0
382,15,0.3693188,1.0541772,0.14466931,1.0
382,16,-0.38039678,0.9864026,-0.18088956,1.0
382,17,0.40079227,1.04894,0.15161173,1.0
382,18,-0.39557138,0.97922254,-0.21969567,1.0
382,19,0.4096307,1.0655925,0.13115978,1.0
382,20,-0.40316668,1.0228513,-0.2343826,1.0
382,21,0.38198426,1.0342176,0.12762642,1.0
382,22,-0.3912022,0.99125016,-0.19471553,1.0
382,23,0.066042125,0.81622833,0.06638358,1.0
382,24,-0.073857434,0.8330601,-0.06834095,1.0
382,25,0.09946602,0.40350142,0.062296804,1.0
382,26,-0.0706373,0.47658503,-0.063761264,1.0
382,27,0.039354216,0.08760768,0.22445896,1.0
382,28,-0.19272496,0.06671709,0.14050332,1.0
382,29,0.007076043,0.048889637,0.25807762,1.0
382,30,-0.20839432,0.040669322,0.11455426,1.0
382,31,0.06244896,0.027828336,0.20651972,1.0
382,32,-0.1959444,0.023689032,0.036684025,1.0
383,0,0.03497851,1.4021428,-0.23010102,1.0
383,1,0.053977937,1.4181371,-0.20532916,1.0
383,2,0.051628888,1.4051459,-0.20448282,1.0
383,3,0.04376262,1.4304171,-0.21283375,1.0
383,4,0.022608131,1.4345177,-0.23507036,1.0
383,5,0.03201753,1.4355905,-0.24693076,1.0
383,6,0.028542545,1.4280663,-0.23528485,1.0
383,7,0.09681899,1.4098151,-0.07632089,1.0
383,8,-0.049345862,1.3830807,-0.11542677,1.0
383,9,0.06912175,1.3919712,-0.17823318,1.0
383,10,0.028868584,1.3698964,-0.2118855,1.0
383,11,0.15477012,1.238545,0.09623178,1.0
383,12,-0.09098415,1.314591,0.013289828,1.0
383,13,0.21856762,1.0874468,0.12795214,1.0
383,14,-0.21795058,1.0566701,-0.051763084,1.0
383,15,0.38635737,0.99603665,0.12616852,1.0
383,16,-0.38290277,0.94557524,-0.15058258,1.0
383,17,0.4121048,0.98612964,0.13082205,1.0
383,18,-0.3998494,0.9345148,-0.18434657,1.0
383,19,0.42956147,1.0004606,0.10984318,1.0
383,20,-0.4098596,0.99222934,-0.20173751,1.0
383,21,0.39689854,0.96584296,0.105321065,1.0
383,22,-0.395319,0.95080703,-0.16579989,1.0
383,23,0.066523455,0.7756827,0.06418601,1.0
383,24,-0.08506303,0.79262936,-0.06605144,1.0
383,25,0.095603,0.35121742,0.05387071,1.0
383,26,-0.063360915,0.4362515,-0.057787187,1.0
383,27,0.0030798852,0.046723664,0.21866933,1.0
383,28,-0.18954243,0.024101079,0.14309937,1.0
383,29,-0.025012404,0.008021176,0.25574452,1.0
383,30,-0.20770311,0.011054337,0.123075336,1.0
383,31,-0.0028881915,-0.015801549,0.1980649,1.0
383,32,-0.19127421,-0.020484269,0.043994684,1.0
384,0,0.046195325,1.4060967,-0.22227775,1.0
384,1,0.05276153,1.4328516,-0.20068839,1.0
384,2,0.06281361,1.4375495,-0.19188261,1.0
384,3,0.056026578,1.443366,-0.18773532,1.0
384,4,0.03419058,1.4432546,-0.22136945,1.0
384,5,0.03646272,1.4464543,-0.24324155,1.0
384,6,0.042015098,1.4247563,-0.22267792,1.0
384,7,0.10831632,1.433393,-0.080808,1.0
384,8,-0.03657365,1.3668411,-0.110728174,1.0
384,9,0.07986144,1.4078997,-0.16706616,1.0
384,10,0.036232546,1.3640072,-0.19690509,1.0
384,11,0.15986116,1.2674085,0.10303284,1.0
384,12,-0.086629786,1.3288102,0.02804146,1.0
384,13,0.2546848,1.096754,0.1526411,1.0
384,14,-0.2099711,1.0858698,-0.029431421,1.0
384,15,0.40738615,0.99258286,0.15336284,1.0
384,16,-0.38058233,0.9694277,-0.11424694,1.0
384,17,0.44051647,0.97766435,0.15711157,1.0
384,18,-0.3993058,0.95002496,-0.1482415,1.0
384,19,0.44035885,0.9930354,0.13475677,1.0
384,20,-0.40677586,0.9871779,-0.17045982,1.0
384,21,0.41981778,0.96681523,0.13550104,1.0
384,22,-0.39064842,0.9694319,-0.13406032,1.0
384,23,0.06784223,0.77596635,0.06324026,1.0
384,24,-0.06839114,0.8075482,-0.06347209,1.0
384,25,0.084791705,0.35827544,0.049613934,1.0
384,26,-0.06312759,0.4460854,-0.06828473,1.0
384,27,-0.035399377,0.0647856,0.22626454,1.0
384,28,-0.16686735,0.024183393,0.10390814,1.0
384,29,-0.074458405,0.014014959,0.26119366,1.0
384,30,-0.16674173,-0.004935801,0.06754566,1.0
384,31,-0.049119107,-0.013047576,0.21168034,1.0
384,32,-0.14414842,-0.022472024,-0.019688291,1.0
385,0,0.051860012,1.4496145,-0.21641065,1.0
385,1,0.06349506,1.4760354,-0.19474718,1.0
385,2,0.0713859,1.4718058,-0.18277618,1.0
385,3,0.064073384,1.4814678,-0.1864557,1.0
385,4,0.04658254,1.482276,-0.21609193,1.0
385,5,0.045834612,1.4863355,-0.23434287,1.0
385,6,0.04927109,1.470485,-0.21185277,1.0
385,7,0.11121559,1.4705586,-0.07239821,1.0
385,8,-0.02818985,1.4175143,-0.102457665,1.0
385,9,0.085580274,1.4410589,-0.15597618,1.0
385,10,0.04291682,1.403775,-0.18774237,1.0
385,11,0.16758487,1.3058788,0.10506506,1.0
385,12,-0.08225291,1.3691632,0.03642357,1.0
385,13,0.26995644,1.1472222,0.15438277,1.0
385,14,-0.19046341,1.1220069,-0.022459608,1.0
385,15,0.4157457,0.99864376,0.15600796,1.0
385,16,-0.34563893,1.0014144,-0.11711749,1.0
385,17,0.44641608,0.97366285,0.15985483,1.0
385,18,-0.35889453,0.98776466,-0.15185411,1.0
385,19,0.44617498,0.97899115,0.14124672,1.0
385,20,-0.36198545,1.0254904,-0.17047735,1.0
385,21,0.42379752,0.9684774,0.14074427,1.0
385,22,-0.35038677,1.0053661,-0.13350062,1.0
385,23,0.06818966,0.8184264,0.061766148,1.0
385,24,-0.07045566,0.8513805,-0.06378015,1.0
385,25,0.06797117,0.39184403,0.04852343,1.0
385,26,-0.056537494,0.48771822,-0.08214442,1.0
385,27,-0.04476287,0.10978514,0.2505071,1.0
385,28,-0.1565011,0.06239921,0.06257084,1.0
385,29,-0.08370389,0.07041794,0.28391352,1.0
385,30,-0.15551512,0.030680299,0.030248897,1.0
385,31,-0.056792073,0.040247083,0.24079698,1.0
385,32,-0.12687577,0.020085573,-0.06658581,1.0
386,0,0.05689328,1.4531873,-0.19931684,1.0
386,1,0.07013337,1.477071,-0.17955841,1.0
386,2,0.076258466,1.4714684,-0.16711298,1.0
386,3,0.06931955,1.4807377,-0.17325479,1.0
386,4,0.053828157,1.4844413,-0.20015167,1.0
386,5,0.052214805,1.4859837,-0.21576715,1.0
386,6,0.0551946,1.474546,-0.19379845,1.0
386,7,0.11182313,1.4723939,-0.05931849,1.0
386,8,-0.022088466,1.423707,-0.0891363,1.0
386,9,0.08993654,1.4415069,-0.13850191,1.0
386,10,0.04848393,1.4064472,-0.17148803,1.0
386,11,0.17847182,1.3072759,0.103842326,1.0
386,12,-0.08219099,1.3720582,0.053575344,1.0
386,13,0.27889094,1.1506634,0.14681332,1.0
386,14,-0.17263012,1.1195577,-0.009687572,1.0
386,15,0.40931,0.9826409,0.14092673,1.0
386,16,-0.3190833,0.99874187,-0.119162545,1.0
386,17,0.43781707,0.95241797,0.14302379,1.0
386,18,-0.33022103,0.98918617,-0.15532233,1.0
386,19,0.4364204,0.9565703,0.12533344,1.0
386,20,-0.3324053,1.0264429,-0.1731669,1.0
386,21,0.4165531,0.9517174,0.12586397,1.0
386,22,-0.32376224,1.0048223,-0.13528484,1.0
386,23,0.070875324,0.8228584,0.05778537,1.0
386,24,-0.07394599,0.85487473,-0.05944668,1.0
386,25,0.046348542,0.39500186,0.039062586,1.0
386,26,-0.053067505,0.48928854,-0.084109336,1.0
386,27,-0.06627351,0.1099599,0.24578848,1.0
386,28,-0.15701221,0.07540089,0.06516938,1.0
386,29,-0.10458702,0.07321948,0.27870607,1.0
386,30,-0.15911217,0.04300618,0.03680114,1.0
386,31,-0.08813779,0.041419446,0.22182776,1.0
386,32,-0.13648263,0.031542778,-0.054444134,1.0
387,0,0.06232104,1.4511411,-0.20987457,1.0
387,1,0.07861259,1.471243,-0.19148058,1.0
387,2,0.083771646,1.4667745,-0.18031865,1.0
387,3,0.07713948,1.4745767,-0.18538573,1.0
387,4,0.060844813,1.481597,-0.20981099,1.0
387,5,0.059627287,1.4803646,-0.22370178,1.0
387,6,0.062372155,1.4714365,-0.20290688,1.0
387,7,0.12644805,1.4680041,-0.072184905,1.0
387,8,-0.0106355995,1.4233702,-0.09121546,1.0
387,9,0.09713304,1.4383287,-0.14975624,1.0
387,10,0.055164352,1.405127,-0.18047097,1.0
387,11,0.20019157,1.3038374,0.060876735,1.0
387,12,-0.07893725,1.3681637,0.05196209,1.0
387,13,0.29997307,1.1460247,0.08203543,1.0
387,14,-0.15802328,1.1119254,0.00476344,1.0
387,15,0.4172344,0.9778091,0.07453683,1.0
387,16,-0.31738433,0.9925125,-0.10101317,1.0
387,17,0.44625524,0.94787294,0.073727,1.0
387,18,-0.32978052,0.9860821,-0.13383433,1.0
387,19,0.44173604,0.9522836,0.054700255,1.0
387,20,-0.3353902,1.0238627,-0.15703821,1.0
387,21,0.42388493,0.94668454,0.059928603,1.0
387,22,-0.32454905,1.0003036,-0.119872764,1.0
387,23,0.07564974,0.81991166,0.051020287,1.0
387,24,-0.07856989,0.85122603,-0.05200256,1.0
387,25,0.045171782,0.39051256,0.025393203,1.0
387,26,-0.050386544,0.4847403,-0.08505039,1.0
387,27,-0.05425829,0.102544546,0.22569732,1.0
387,28,-0.15769957,0.08106834,0.062283725,1.0
387,29,-0.08979228,0.06713027,0.2574875,1.0
387,30,-0.16177061,0.048724294,0.036458544,1.0
387,31,-0.07271213,0.03771788,0.19796315,1.0
387,32,-0.1426049,0.033972204,-0.053292975,1.0
388,0,0.06264473,1.4641957,-0.23521557,1.0
388,1,0.08163393,1.4779459,-0.21651602,1.0
388,2,0.08581227,1.4750721,-0.20674086,1.0
388,3,0.07957829,1.4814291,-0.20981206,1.0
388,4,0.06144122,1.4919704,-0.232364,1.0
388,5,0.061107587,1.4888294,-0.24538311,1.0
388,6,0.063527316,1.4806085,-0.22589344,1.0
388,7,0.13614725,1.4663508,-0.09804083,1.0
388,8,-0.0052792504,1.428927,-0.106364556,1.0
388,9,0.099015035,1.4472731,-0.17733839,1.0
388,10,0.05635944,1.4170432,-0.20548491,1.0
388,11,0.21346569,1.3015168,0.019153459,1.0
388,12,-0.07727909,1.3657085,0.052128118,1.0
388,13,0.30761313,1.1444571,0.030146236,1.0
388,14,-0.15642399,1.1073496,-0.004012976,1.0
388,15,0.42282873,0.9818715,0.02601802,1.0
388,16,-0.31816664,0.9897814,-0.103365436,1.0
388,17,0.45289305,0.9534979,0.025458418,1.0
388,18,-0.3313457,0.9844369,-0.13865887,1.0
388,19,0.4487424,0.95821816,0.0036490709,1.0
388,20,-0.33692756,1.0232787,-0.16489294,1.0
388,21,0.43056765,0.9509686,0.011569016,1.0
388,22,-0.32615504,0.9986546,-0.12578376,1.0
388,23,0.07913052,0.81820095,0.045317475,1.0
388,24,-0.08178083,0.8491008,-0.045470577,1.0
388,25,0.038057584,0.39828706,0.023305349,1.0
388,26,-0.050377436,0.48563975,-0.085296765,1.0
388,27,-0.05469476,0.1085794,0.22627804,1.0
388,28,-0.16280986,0.08387166,0.070141144,1.0
388,29,-0.08810517,0.07530737,0.25872156,1.0
388,30,-0.1669656,0.051492333,0.047021598,1.0
388,31,-0.07303804,0.048888445,0.20305824,1.0
388,32,-0.14954911,0.037448347,-0.04030157,1.0
389,0,0.06464142,1.4711598,-0.24584432,1.0
389,1,0.08463138,1.4822521,-0.22645704,1.0
389,2,0.08813924,1.480939,-0.21776587,1.0
389,3,0.08246729,1.4861828,-0.21957861,1.0
389,4,0.06283472,1.4984186,-0.24250253,1.0
389,5,0.06335404,1.4938965,-0.25479135,1.0
389,6,0.06557458,1.4855459,-0.23684916,1.0
389,7,0.14216685,1.4663109,-0.10811627,1.0
389,8,-0.0027664802,1.4319336,-0.11432553,1.0
389,9,0.10226766,1.4530586,-0.18877988,1.0
389,10,0.05898433,1.4234223,-0.21654035,1.0
389,11,0.21995427,1.3009474,0.014524507,1.0
389,12,-0.0722579,1.3648186,0.05019045,1.0
389,13,0.3149303,1.143676,0.030747317,1.0
389,14,-0.15231805,1.100658,-0.005417615,1.0
389,15,0.42803866,0.98629516,0.026665594,1.0
389,16,-0.31789872,0.988734,-0.10987168,1.0
389,17,0.4586004,0.9596306,0.02647094,1.0
389,18,-0.3312403,0.9834466,-0.14346877,1.0
389,19,0.4538263,0.9647062,0.004122216,1.0
389,20,-0.337364,1.0223413,-0.16936956,1.0
389,21,0.43625993,0.9559561,0.012823973,1.0
389,22,-0.32643375,0.9975475,-0.13122551,1.0
389,23,0.080611326,0.817832,0.04449186,1.0
389,24,-0.08294159,0.8486816,-0.04429405,1.0
389,25,0.028644046,0.4015985,0.024412042,1.0
389,26,-0.051806368,0.48895165,-0.084766045,1.0
389,27,-0.0649004,0.10991585,0.22587563,1.0
389,28,-0.16821864,0.08637369,0.07433513,1.0
389,29,-0.09687817,0.07666618,0.25832427,1.0
389,30,-0.17219225,0.053346395,0.052217048,1.0
389,31,-0.07521069,0.052036703,0.2037067,1.0
389,32,-0.15040581,0.040094137,-0.03018745,1.0
390,0,0.064948834,1.4695588,-0.24640009,1.0
390,1,0.08585517,1.4801657,-0.22665909,1.0
390,2,0.08891544,1.480038,-0.2187137,1.0
390,3,0.083898924,1.4846702,-0.21966086,1.0
390,4,0.06333395,1.4976438,-0.24343553,1.0
390,5,0.06449559,1.492255,-0.25517723,1.0
390,6,0.06656415,1.4835999,-0.23845652,1.0
390,7,0.14507873,1.4641603,-0.10911061,1.0
390,8,-0.0012647498,1.4314039,-0.11535669,1.0
390,9,0.10212778,1.4524239,-0.19036986,1.0
390,10,0.0590036,1.4227378,-0.21823083,1.0
390,11,0.2199246,1.2964644,0.008134576,1.0
390,12,-0.07050399,1.3618426,0.048056956,1.0
390,13,0.32158506,1.135347,0.01488113,1.0
390,14,-0.15238994,1.0884364,8.724618e-05,1.0
390,15,0.43977126,0.9799762,0.0051672463,1.0
390,16,-0.32013786,0.98320633,-0.10956452,1.0
390,17,0.4733128,0.95522535,0.0034474055,1.0
390,18,-0.33388183,0.9776591,-0.14153813,1.0
390,19,0.4693494,0.96356845,-0.01940496,1.0
390,20,-0.3376447,1.0201359,-0.16951351,1.0
390,21,0.44953933,0.951182,-0.008999906,1.0
390,22,-0.32891604,0.9938044,-0.1318928,1.0
390,23,0.081360325,0.8179385,0.040259525,1.0
390,24,-0.083408415,0.84874374,-0.040002983,1.0
390,25,0.016339516,0.4049142,0.024528816,1.0
390,26,-0.060824007,0.48896635,-0.08036344,1.0
390,27,-0.080889784,0.109744966,0.22298124,1.0
390,28,-0.1685472,0.0880211,0.07165906,1.0
390,29,-0.11306166,0.07631832,0.2549389,1.0
390,30,-0.17248333,0.054988563,0.047943033,1.0
390,31,-0.091685444,0.056173146,0.19809224,1.0
390,32,-0.1519738,0.039138198,-0.04190865,1.0
391,0,0.06337151,1.4677452,-0.24465576,1.0
391,1,0.085009955,1.4783833,-0.22496909,1.0
391,2,0.08738005,1.4789346,-0.2175604,1.0
391,3,0.0830391,1.4833431,-0.21804936,1.0
391,4,0.062187,1.4964632,-0.24202192,1.0
391,5,0.06368602,1.490567,-0.25325182,1.0
391,6,0.06579549,1.4813902,-0.2377549,1.0
391,7,0.14729717,1.4606974,-0.11092749,1.0
391,8,0.00075372274,1.430881,-0.11513169,1.0
391,9,0.100445576,1.4519048,-0.1902798,1.0
391,10,0.05799753,1.4217908,-0.2173051,1.0
391,11,0.22272529,1.2880073,-0.00082345575,1.0
391,12,-0.06813146,1.3560343,0.0516423,1.0
391,13,0.321,1.1198183,-0.014484568,1.0
391,14,-0.15641622,1.0847623,0.012325614,1.0
391,15,0.44248715,0.9645178,-0.03811,1.0
391,16,-0.3427102,0.98349273,-0.09987475,1.0
391,17,0.47744438,0.9398067,-0.04278543,1.0
391,18,-0.36034232,0.97761595,-0.12840609,1.0
391,19,0.47529995,0.9487107,-0.06489978,1.0
391,20,-0.37008545,1.0196679,-0.16009444,1.0
391,21,0.45362607,0.93611264,-0.052514117,1.0
391,22,-0.35415608,0.9935795,-0.12417222,1.0
391,23,0.082206614,0.8177845,0.033139754,1.0
391,24,-0.083953224,0.8484555,-0.033050876,1.0
391,25,0.0030608657,0.40619245,0.024551323,1.0
391,26,-0.069170214,0.4873947,-0.072091304,1.0
391,27,-0.09347745,0.11136538,0.22260301,1.0
391,28,-0.15868255,0.08525103,0.07185572,1.0
391,29,-0.12550975,0.07862091,0.2546721,1.0
391,30,-0.15959601,0.052523494,0.04721028,1.0
391,31,-0.10629603,0.06594026,0.19831343,1.0
391,32,-0.15318349,0.03802091,-0.04207315,1.0
392,0,0.062109925,1.4640088,-0.2511382,1.0
392,1,0.0840597,1.4748456,-0.23205136,1.0
392,2,0.085701786,1.4752575,-0.22477344,1.0
392,3,0.08193345,1.4799628,-0.22537163,1.0
392,4,0.060814768,1.4931055,-0.24871698,1.0
392,5,0.06264393,1.4869368,-0.25946152,1.0
392,6,0.0648441,1.4770291,-0.24486838,1.0
392,7,0.14679816,1.4546788,-0.11982523,1.0
392,8,-0.00047824363,1.4273505,-0.11994703,1.0
392,9,0.09895924,1.446775,-0.19845054,1.0
392,10,0.057067722,1.4173214,-0.22397965,1.0
392,11,0.22173359,1.2793046,-0.009046593,1.0
392,12,-0.067803696,1.3498226,0.05113839,1.0
392,13,0.31894785,1.105622,-0.027087733,1.0
392,14,-0.16620293,1.0813615,0.007760608,1.0
392,15,0.45469308,0.95552075,-0.04888646,1.0
392,16,-0.35757065,0.9790242,-0.10404181,1.0
392,17,0.49391747,0.93361825,-0.052480277,1.0
392,18,-0.37520337,0.97067386,-0.13297877,1.0
392,19,0.49519756,0.94388825,-0.07512547,1.0
392,20,-0.38197643,1.0133547,-0.16360305,1.0
392,21,0.4682323,0.9279962,-0.0633341,1.0
392,22,-0.36779168,0.988665,-0.12695861,1.0
392,23,0.08267532,0.8157745,0.030105831,1.0
392,24,-0.084216654,0.84605044,-0.030364778,1.0
392,25,0.004321492,0.41264996,0.026174288,1.0
392,26,-0.07626463,0.48459795,-0.073641874,1.0
392,27,-0.083644204,0.13069534,0.23496762,1.0
392,28,-0.15332747,0.07862955,0.055009793,1.0
392,29,-0.11533927,0.10038084,0.26758295,1.0
392,30,-0.15328217,0.0453642,0.028936554,1.0
392,31,-0.09480738,0.09632766,0.21918611,1.0
392,32,-0.15536185,0.03521061,-0.060364306,1.0
393,0,0.061101016,1.446127,-0.2836681,1.0
393,1,0.08330867,1.4583535,-0.2668861,1.0
393,2,0.08401795,1.4584546,-0.2589033,1.0
393,3,0.081009895,1.4636545,-0.2598081,1.0
393,4,0.059781704,1.4758351,-0.2834649,1.0
393,5,0.06186826,1.4695909,-0.2940811,1.0
393,6,0.06419974,1.458454,-0.28017604,1.0
393,7,0.1446687,1.4410098,-0.15405811,1.0
393,8,-0.002261401,1.4126878,-0.15525602,1.0
393,9,0.09776891,1.4291258,-0.23100004,1.0
393,10,0.05649856,1.3996813,-0.25631088,1.0
393,11,0.21850081,1.2634292,-0.0333448,1.0
393,12,-0.068528265,1.3430605,0.029658653,1.0
393,13,0.3127273,1.0823703,-0.041176397,1.0
393,14,-0.17456333,1.0796816,0.003473349,1.0
393,15,0.45738888,0.95479,-0.053887323,1.0
393,16,-0.36228663,0.9726138,-0.106472045,1.0
393,17,0.4979391,0.9379233,-0.05699047,1.0
393,18,-0.37999842,0.9605905,-0.13624337,1.0
393,19,0.5042276,0.9489411,-0.080716595,1.0
393,20,-0.38646784,1.0024298,-0.16590849,1.0
393,21,0.47382614,0.9299469,-0.06881932,1.0
393,22,-0.37255922,0.9803675,-0.12718709,1.0
393,23,0.08256963,0.8143401,0.025646156,1.0
393,24,-0.08412579,0.8445122,-0.026556706,1.0
393,25,-0.0058140736,0.4106459,0.015748683,1.0
393,26,-0.07486904,0.484022,-0.06631465,1.0
393,27,-0.08190894,0.12631637,0.22470355,1.0
393,28,-0.11774047,0.07971108,0.07809982,1.0
393,29,-0.11289663,0.0955835,0.25633353,1.0
393,30,-0.115512334,0.0469566,0.053376537,1.0
393,31,-0.10115194,0.090456724,0.20318775,1.0
393,32,-0.13655694,0.04438722,-0.027655352,1.0
394,0,0.056381844,1.4340873,-0.286616,1.0
394,1,0.080023155,1.447154,-0.26900283,1.0
394,2,0.08006316,1.447048,-0.26086295,1.0
394,3,0.077801675,1.4526434,-0.26234445,1.0
394,4,0.056320198,1.4644511,-0.2862866,1.0
394,5,0.058489867,1.4582651,-0.29601184,1.0
394,6,0.060378306,1.4464983,-0.28339896,1.0
394,7,0.14386815,1.4286963,-0.1546804,1.0
394,8,-0.0054029226,1.4016304,-0.15664002,1.0
394,9,0.095145375,1.4161813,-0.2339828,1.0
394,10,0.052393388,1.3873767,-0.25924915,1.0
394,11,0.21662219,1.2457305,-0.0314283,1.0
394,12,-0.072826564,1.3334727,0.028563693,1.0
394,13,0.30816934,1.0592176,-0.034652308,1.0
394,14,-0.2099233,1.0755787,0.003489355,1.0
394,15,0.4508904,0.95353186,-0.046646573,1.0
394,16,-0.3934004,0.9768187,-0.101301216,1.0
394,17,0.49034163,0.93899655,-0.0503938,1.0
394,18,-0.40935162,0.96547425,-0.12935604,1.0
394,19,0.4967015,0.96328825,-0.0730329,1.0
394,20,-0.41388202,1.0113207,-0.16174872,1.0
394,21,0.46747896,0.9251909,-0.061382227,1.0
394,22,-0.40269023,0.9854728,-0.12390634,1.0
394,23,0.08238591,0.8097533,0.022873454,1.0
394,24,-0.084192984,0.8394293,-0.024435516,1.0
394,25,-0.0058092936,0.40146863,0.011072362,1.0
394,26,-0.07999334,0.4792621,-0.06791916,1.0
394,27,-0.08392499,0.1197291,0.21405467,1.0
394,28,-0.09645623,0.08072662,0.0926613,1.0
394,29,-0.11516837,0.08667791,0.24460156,1.0
394,30,-0.091606654,0.049069464,0.07061326,1.0
394,31,-0.10230815,0.077643216,0.18979268,1.0
394,32,-0.1133187,0.04609114,-0.002135175,1.0
395,0,0.04276732,1.4178705,-0.28017235,1.0
395,1,0.06554215,1.4321545,-0.26170766,1.0
395,2,0.06514407,1.4316087,-0.25379008,1.0
395,3,0.06348089,1.4376177,-0.25536948,1.0
395,4,0.04169458,1.448934,-0.2800066,1.0
395,5,0.04406309,1.4427071,-0.28870842,1.0
395,6,0.04598549,1.4307997,-0.2774097,1.0
395,7,0.13124412,1.41284,-0.1469174,1.0
395,8,-0.022762345,1.3864483,-0.15137357,1.0
395,9,0.0822034,1.3984907,-0.2275691,1.0
395,10,0.03809708,1.3709314,-0.25337535,1.0
395,11,0.20065598,1.2237695,-0.021627033,1.0
395,12,-0.08863275,1.3203001,0.029999018,1.0
395,13,0.2752189,1.0386752,-0.026345843,1.0
395,14,-0.23267718,1.0656242,0.007904196,1.0
395,15,0.44396576,0.9647245,-0.047079436,1.0
395,16,-0.3959148,0.9636304,-0.09751998,1.0
395,17,0.48922735,0.97249025,-0.055763602,1.0
395,18,-0.40885043,0.9496193,-0.126786,1.0
395,19,0.4908208,1.0058587,-0.07709434,1.0
395,20,-0.41028765,0.9976323,-0.16035916,1.0
395,21,0.46419078,0.95076686,-0.06208049,1.0
395,22,-0.40301207,0.9717357,-0.12078351,1.0
395,23,0.0822915,0.8003084,0.02244673,1.0
395,24,-0.0845203,0.8300383,-0.024461163,1.0
395,25,-0.004427032,0.38726518,-0.002055589,1.0
395,26,-0.08884253,0.47164106,-0.06805313,1.0
395,27,-0.07984346,0.114414275,0.21776175,1.0
395,28,-0.09664437,0.08943999,0.10201607,1.0
395,29,-0.11098317,0.0849185,0.2513486,1.0
395,30,-0.09097783,0.059565663,0.08278735,1.0
395,31,-0.096993126,0.08110988,0.20229447,1.0
395,32,-0.0996529,0.051713645,0.0075403573,1.0
396,0,0.034247525,1.4029002,-0.24229208,1.0
396,1,0.05516368,1.4176513,-0.22295421,1.0
396,2,0.054627024,1.416645,-0.21522276,1.0
396,3,0.053433508,1.4228381,-0.21697234,1.0
396,4,0.03274269,1.4341328,-0.24167833,1.0
396,5,0.034668185,1.4278331,-0.24867576,1.0
396,6,0.037613288,1.4154568,-0.23942739,1.0
396,7,0.119676284,1.3983799,-0.10340961,1.0
396,8,-0.034907717,1.3716946,-0.11257907,1.0
396,9,0.07277689,1.3829669,-0.1896381,1.0
396,10,0.028639987,1.3562537,-0.21520787,1.0
396,11,0.18401164,1.2085788,0.0051691597,1.0
396,12,-0.098263755,1.3041537,0.06686974,1.0
396,13,0.24285573,1.0163342,-0.008853048,1.0
396,14,-0.23847151,1.0464228,0.049802177,1.0
396,15,0.41719034,0.9834434,-0.03250659,1.0
396,16,-0.40702435,0.9469261,-0.039000057,1.0
396,17,0.4648263,1.0018384,-0.04695122,1.0
396,18,-0.42116123,0.93141377,-0.062321737,1.0
396,19,0.4759054,1.0315973,-0.06270862,1.0
396,20,-0.42083704,0.97788334,-0.0943369,1.0
396,21,0.43960932,0.9739684,-0.046236128,1.0
396,22,-0.4142438,0.95424354,-0.059949927,1.0
396,23,0.08224159,0.78619593,0.021724537,1.0
396,24,-0.084773615,0.81564957,-0.023958132,1.0
396,25,0.003997824,0.35714483,-0.027379772,1.0
396,26,-0.095271,0.46005034,-0.072278425,1.0
396,27,-0.073565274,0.13255072,0.24287315,1.0
396,28,-0.10477659,0.10918087,0.12564929,1.0
396,29,-0.10593641,0.110106766,0.28626847,1.0
396,30,-0.100519404,0.08205885,0.11246835,1.0
396,31,-0.097453035,0.098046005,0.26356733,1.0
396,32,-0.1022989,0.06703907,0.049125455,1.0
397,0,0.032361344,1.3847198,-0.21264182,1.0
397,1,0.051544838,1.399765,-0.19268812,1.0
397,2,0.05116791,1.3986788,-0.18592018,1.0
397,3,0.050040428,1.4042172,-0.18569703,1.0
397,4,0.030874096,1.4165506,-0.21013296,1.0
397,5,0.03212907,1.4099216,-0.21589406,1.0
397,6,0.036469277,1.3967898,-0.20725757,1.0
397,7,0.11393489,1.380507,-0.07459726,1.0
397,8,-0.038717344,1.3546162,-0.08546755,1.0
397,9,0.06920598,1.3645506,-0.1623487,1.0
397,10,0.026577845,1.3377247,-0.18651347,1.0
397,11,0.17418914,1.1903293,0.027243938,1.0
397,12,-0.09956173,1.2849188,0.09315145,1.0
397,13,0.23443837,1.0004519,0.008805275,1.0
397,14,-0.2245859,1.0192224,0.07351415,1.0
397,15,0.40411788,1.0029111,-0.011426078,1.0
397,16,-0.4053737,0.9277916,-0.0076068104,1.0
397,17,0.4497661,1.0284967,-0.024182372,1.0
397,18,-0.41849273,0.9127156,-0.029734297,1.0
397,19,0.46625918,1.0548794,-0.033383265,1.0
397,20,-0.41742563,0.95808995,-0.058644757,1.0
397,21,0.42630923,0.9948858,-0.020048961,1.0
397,22,-0.41247955,0.93447286,-0.025166046,1.0
397,23,0.082196265,0.7685346,0.01697128,1.0
397,24,-0.08454127,0.79790115,-0.018381897,1.0
397,25,0.01569462,0.33605576,-0.060747813,1.0
397,26,-0.08977032,0.44598478,-0.069828756,1.0
397,27,-0.029379226,0.26295733,0.28752092,1.0
397,28,-0.09795685,0.1241439,0.16842864,1.0
397,29,-0.05909431,0.25146717,0.34368345,1.0
397,30,-0.09561214,0.099389434,0.15943657,1.0
397,31,-0.09650049,0.21483928,0.35257024,1.0
397,32,-0.08960799,0.09601462,0.09404371,1.0
398,0,0.023600647,1.375835,-0.21444716,1.0
398,1,0.04457589,1.3911762,-0.19330227,1.0
398,2,0.04394956,1.3904271,-0.18640393,1.0
398,3,0.04273836,1.3960698,-0.18761061,1.0
398,4,0.024407068,1.4077508,-0.2136667,1.0
398,5,0.025267793,1.4012132,-0.218611,1.0
398,6,0.030699756,1.3874972,-0.21098319,1.0
398,7,0.11113618,1.3719187,-0.0758919,1.0
398,8,-0.04000808,1.3458198,-0.0912268,1.0
398,9,0.061656967,1.355479,-0.16372515,1.0
398,10,0.020305786,1.3286188,-0.18987715,1.0
398,11,0.1734218,1.1836444,0.025321718,1.0
398,12,-0.102725685,1.2753254,0.08407614,1.0
398,13,0.23596102,0.9983194,8.0791535e-05,1.0
398,14,-0.21400136,1.0020183,0.057394713,1.0
398,15,0.3963067,1.0028828,-0.04592907,1.0
398,16,-0.38339105,0.9079741,-0.0241612,1.0
398,17,0.43818328,1.0264006,-0.060656823,1.0
398,18,-0.39844978,0.89611137,-0.048799325,1.0
398,19,0.4526131,1.054826,-0.07376614,1.0
398,20,-0.40517336,0.94144577,-0.07449847,1.0
398,21,0.4168081,0.99559903,-0.058214646,1.0
398,22,-0.39369786,0.9157859,-0.04104622,1.0
398,23,0.08298255,0.7600183,0.01787631,1.0
398,24,-0.08482907,0.7892459,-0.019367822,1.0
398,25,0.031293496,0.3270421,-0.056082204,1.0
398,26,-0.08355376,0.43654382,-0.06997245,1.0
398,27,-0.022989318,0.187635,0.27293926,1.0
398,28,-0.09551547,0.1002121,0.1514701,1.0
398,29,-0.051860496,0.16327143,0.31996608,1.0
398,30,-0.09357944,0.07401729,0.13888995,1.0
398,31,-0.08499983,0.13874024,0.30576074,1.0
398,32,-0.09212555,0.06526381,0.07010839,1.0
399,0,0.021548443,1.3677902,-0.21643625,1.0
399,1,0.043069143,1.3817439,-0.19409135,1.0
399,2,0.04281484,1.3811655,-0.1875214,1.0
399,3,0.041316036,1.3862141,-0.19016789,1.0
399,4,0.024307549,1.3987558,-0.2184998,1.0
399,5,0.024201803,1.3926779,-0.22241156,1.0
399,6,0.031005142,1.3780701,-0.21610354,1.0
399,7,0.11038759,1.3605572,-0.088249095,1.0
399,8,-0.039771266,1.3370428,-0.09468431,1.0
399,9,0.058958236,1.3443135,-0.17029785,1.0
399,10,0.020070206,1.3207318,-0.19183685,1.0
399,11,0.17309049,1.1723932,-0.000334732,1.0
399,12,-0.102310665,1.2624146,0.079896234,1.0
399,13,0.23932634,0.9916421,-0.044932913,1.0
399,14,-0.18222457,0.9754288,0.054210566,1.0
399,15,0.3987554,1.0011089,-0.10003398,1.0
399,16,-0.35074267,0.8896867,-0.041423928,1.0
399,17,0.43897477,1.0243323,-0.11511365,1.0
399,18,-0.36601397,0.88274264,-0.06579338,1.0
399,19,0.4519029,1.0525923,-0.12669262,1.0
399,20,-0.38131264,0.9282844,-0.094328694,1.0
399,21,0.41789496,0.9942052,-0.11057247,1.0
399,22,-0.36534342,0.8992478,-0.058382586,1.0
399,23,0.08252548,0.7487884,0.009674772,1.0
399,24,-0.08360068,0.7769148,-0.010528066,1.0
399,25,0.030910663,0.3255021,-0.073614486,1.0
399,26,-0.070955224,0.42404285,-0.04545624,1.0
399,27,-0.0036875429,0.31354803,0.31624222,1.0
399,28,-0.08212961,0.085695565,0.17705882,1.0
399,29,-0.027383229,0.30499855,0.37493962,1.0
399,30,-0.08224228,0.060070097,0.16505943,1.0
399,31,-0.06565811,0.25999734,0.39754134,1.0
399,32,-0.090922356,0.05650145,0.10156766,1.0
400,0,0.019095037,1.3708801,-0.2824162,1.0
400,1,0.042480126,1.3836801,-0.26649153,1.0
400,2,0.0425743,1.3833258,-0.25901622,1.0
400,3,0.040741775,1.3874393,-0.2583227,1.0
400,4,0.024426257,1.4009534,-0.27911425,1.0
400,5,0.022938028,1.3954432,-0.28386486,1.0
400,6,0.030898923,1.3797987,-0.27507767,1.0
400,7,0.110704936,1.3567075,-0.16232188,1.0
400,8,-0.037969444,1.3390325,-0.14861652,1.0
400,9,0.05733351,1.3450606,-0.24232318,1.0
400,10,0.019709084,1.3243716,-0.25668964,1.0
400,11,0.17330857,1.1756955,-0.05597774,1.0
400,12,-0.102174975,1.2588863,0.04089931,1.0
400,13,0.2591129,1.0120144,-0.08288151,1.0
400,14,-0.16044074,0.9674105,0.037960745,1.0
400,15,0.42113224,0.9954279,-0.13622956,1.0
400,16,-0.31542134,0.8839137,-0.07753935,1.0
400,17,0.4610785,1.0168233,-0.15090278,1.0
400,18,-0.32990715,0.8793651,-0.10810112,1.0
400,19,0.46905792,1.0420904,-0.16716528,1.0
400,20,-0.34857735,0.92987084,-0.14161783,1.0
400,21,0.43717566,0.98622286,-0.14860246,1.0
400,22,-0.3322483,0.895186,-0.09534343,1.0
400,23,0.08201834,0.743906,0.0028206892,1.0
400,24,-0.08205308,0.77007836,-0.0029816474,1.0
400,25,0.031356245,0.3460299,-0.117059365,1.0
400,26,-0.064103894,0.41846308,-0.033632345,1.0
400,27,0.06841123,0.3638972,0.31293374,1.0
400,28,-0.054504596,0.12285215,0.25928777,1.0
400,29,0.055940766,0.35626534,0.3752978,1.0
400,30,-0.054373235,0.1037966,0.25553587,1.0
400,31,0.037686683,0.2960389,0.4186372,1.0
400,32,-0.07341577,0.09156388,0.2258529,1.0
401,0,0.012374313,1.3820946,-0.27561548,1.0
401,1,0.039844852,1.393409,-0.26124892,1.0
401,2,0.040591016,1.3941365,-0.25315425,1.0
401,3,0.038365442,1.397255,-0.25284177,1.0
401,4,0.023383062,1.410749,-0.27348283,1.0
401,5,0.019859571,1.4059224,-0.27853662,1.0
401,6,0.029262614,1.3890728,-0.2695302,1.0
401,7,0.11564509,1.3580152,-0.16119635,1.0
401,8,-0.027151536,1.3442445,-0.142043,1.0
401,9,0.055216484,1.3544874,-0.23652337,1.0
401,10,0.017303567,1.3339865,-0.2505496,1.0
401,11,0.17309065,1.1799302,-0.06852615,1.0
401,12,-0.08901481,1.2632699,0.07251995,1.0
401,13,0.27106988,1.0137267,-0.09279132,1.0
401,14,-0.120569944,0.9683577,0.09504379,1.0
401,15,0.42281058,0.97321236,-0.12775278,1.0
401,16,-0.26465416,0.8897533,-0.04960466,1.0
401,17,0.46228564,0.99913263,-0.13887604,1.0
401,18,-0.27756104,0.8978293,-0.07897497,1.0
401,19,0.46850172,1.0134331,-0.15699267,1.0
401,20,-0.2920289,0.94847226,-0.117375456,1.0
401,21,0.43777964,0.9586629,-0.14034192,1.0
401,22,-0.28266174,0.90649164,-0.06970331,1.0
401,23,0.0814295,0.7422559,-0.010334768,1.0
401,24,-0.08050027,0.7670139,0.010451907,1.0
401,25,0.025018062,0.3623561,-0.17780755,1.0
401,26,-0.062477827,0.4114132,-0.0001558183,1.0
401,27,0.14821576,0.37455797,0.300097,1.0
401,28,-0.027315078,0.11265987,0.28431234,1.0
401,29,0.14862126,0.3704816,0.36017424,1.0
401,30,-0.0237096,0.09274191,0.27799386,1.0
401,31,0.14836895,0.31019053,0.42829427,1.0
401,32,-0.05009501,0.07005066,0.28303,1.0
402,0,-0.011128528,1.399662,-0.2474294,1.0
402,1,0.022616602,1.4112465,-0.24103433,1.0
402,2,0.024758022,1.4120308,-0.23347464,1.0
402,3,0.02197922,1.4145668,-0.23239712,1.0
402,4,0.0095610935,1.4280424,-0.24142016,1.0
402,5,0.003850196,1.4235075,-0.24344946,1.0
402,6,0.015258176,1.4059285,-0.23491095,1.0
402,7,0.11562168,1.367582,-0.15414892,1.0
402,8,-0.021798603,1.3564501,-0.094610125,1.0
402,9,0.038892847,1.3702681,-0.22058994,1.0
402,10,0.0023564044,1.3483422,-0.21654293,1.0
402,11,0.17038438,1.1988333,-0.07166252,1.0
402,12,-0.07290689,1.268229,0.1268025,1.0
402,13,0.28697425,1.0397116,-0.10252314,1.0
402,14,-0.09875603,0.9705012,0.15746896,1.0
402,15,0.42699042,0.9257433,-0.12104847,1.0
402,16,-0.24504201,0.89424086,0.014838354,1.0
402,17,0.4674,0.92577887,-0.12824577,1.0
402,18,-0.2534416,0.90263253,-0.009333446,1.0
402,19,0.46849757,0.9197436,-0.14753978,1.0
402,20,-0.26338872,0.94907963,-0.04983142,1.0
402,21,0.4396383,0.8994819,-0.13331263,1.0
402,22,-0.26007238,0.91175634,-0.0053831544,1.0
402,23,0.07785116,0.7440517,-0.024700042,1.0
402,24,-0.076088324,0.76496273,0.025053203,1.0
402,25,0.013765777,0.37918788,-0.19484052,1.0
402,26,-0.06203937,0.4056991,0.040918954,1.0
402,27,0.2022312,0.37812546,0.28366432,1.0
402,28,-0.043750793,0.06799501,0.25023863,1.0
402,29,0.2102234,0.3756338,0.3545857,1.0
402,30,-0.042521067,0.043035626,0.23429535,1.0
402,31,0.23436001,0.31561157,0.40089443,1.0
402,32,-0.061073523,-0.0020483732,0.22583587,1.0
403,0,-0.038731705,1.4070835,-0.24293076,1.0
403,1,0.0008320821,1.4195155,-0.2405769,1.0
403,2,0.0037021423,1.4192152,-0.23287827,1.0
403,3,0.0008972499,1.4217062,-0.23147163,1.0
403,4,-0.01072618,1.4356599,-0.23691902,1.0
403,5,-0.017434845,1.4311562,-0.23926519,1.0
403,6,-0.0053607766,1.4140223,-0.22960982,1.0
403,7,0.11056055,1.3732157,-0.1658241,1.0
403,8,-0.021102311,1.3644482,-0.08778036,1.0
403,9,0.013048188,1.3767934,-0.21949722,1.0
403,10,-0.019170988,1.3545617,-0.21221559,1.0
403,11,0.1476462,1.2109202,-0.10205632,1.0
403,12,-0.06424547,1.2742202,0.143666,1.0
403,13,0.2857891,1.0646621,-0.14195345,1.0
403,14,-0.07308671,0.9850697,0.17480639,1.0
403,15,0.41322795,0.8992599,-0.16595025,1.0
403,16,-0.22242369,0.91049796,0.052819345,1.0
403,17,0.45531595,0.8866866,-0.17609988,1.0
403,18,-0.22615138,0.92068356,0.027598975,1.0
403,19,0.43599135,0.86823,-0.19185168,1.0
403,20,-0.24026388,0.962658,-0.0111634005,1.0
403,21,0.41939813,0.864446,-0.17529412,1.0
403,22,-0.23556897,0.92685145,0.03313227,1.0
403,23,0.07063753,0.74958616,-0.036956158,1.0
403,24,-0.0682882,0.7663918,0.038242105,1.0
403,25,-0.0043258155,0.3817753,-0.19595863,1.0
403,26,-0.072268546,0.4079355,0.03195685,1.0
403,27,0.20887682,0.3461735,0.23734389,1.0
403,28,-0.06842689,0.031022072,0.23890865,1.0
403,29,0.2166239,0.3384658,0.29883552,1.0
403,30,-0.07065297,0.004159212,0.20623824,1.0
403,31,0.24239635,0.26907513,0.39908177,1.0
403,32,-0.12140642,-0.028823256,0.19494984,1.0
404,0,-0.047387615,1.4083372,-0.24322774,1.0
404,1,-0.006967478,1.4215908,-0.2407812,1.0
404,2,-0.0036667858,1.4210765,-0.23266935,1.0
404,3,-0.0066207675,1.4232125,-0.23160326,1.0
404,4,-0.019535292,1.437393,-0.23758033,1.0
404,5,-0.026143808,1.4328122,-0.24085805,1.0
404,6,-0.014766888,1.4164588,-0.23051599,1.0
404,7,0.103135705,1.3765637,-0.16843723,1.0
404,8,-0.023581848,1.3706834,-0.09028684,1.0
404,9,0.0011016338,1.3789942,-0.21856737,1.0
404,10,-0.031224903,1.3561668,-0.21319428,1.0
404,11,0.11237469,1.2171118,-0.122466184,1.0
404,12,-0.05548807,1.2802491,0.1496896,1.0
404,13,0.2690365,1.0716976,-0.17469311,1.0
404,14,-0.050201043,0.99455345,0.1711462,1.0
404,15,0.39313033,0.88586,-0.19029497,1.0
404,16,-0.20949358,0.9161407,0.057309613,1.0
404,17,0.44008625,0.87002176,-0.19737154,1.0
404,18,-0.21495615,0.92474025,0.039518073,1.0
404,19,0.41741756,0.8476804,-0.21140365,1.0
404,20,-0.23045686,0.964126,-0.0020935042,1.0
404,21,0.39996386,0.84967697,-0.19967143,1.0
404,22,-0.22370653,0.93236494,0.03707937,1.0
404,23,0.05925496,0.7558218,-0.0456765,1.0
404,24,-0.055917405,0.7676922,0.0469387,1.0
404,25,-0.01864317,0.37954384,-0.18518305,1.0
404,26,-0.105420806,0.4043363,0.03323786,1.0
404,27,0.2226867,0.32108086,0.19423673,1.0
404,28,-0.10631458,-0.028146982,0.12502587,1.0
404,29,0.23351975,0.31401283,0.24399102,1.0
404,30,-0.104942046,-0.060203254,0.08459324,1.0
404,31,0.27106783,0.2479701,0.34128878,1.0
404,32,-0.15651247,-0.10633445,0.072563864,1.0
405,0,-0.038911916,1.4095196,-0.25665808,1.0
405,1,0.00013736595,1.4224209,-0.25424784,1.0
405,2,0.0030637304,1.4209347,-0.24497664,1.0
405,3,-0.00011062017,1.4226812,-0.24517354,1.0
405,4,-0.013708428,1.4405661,-0.25563738,1.0
405,5,-0.02040898,1.4360886,-0.25912026,1.0
405,6,-0.009746479,1.4208603,-0.24762662,1.0
405,7,0.10362856,1.3733218,-0.17836921,1.0
405,8,-0.023693081,1.3750663,-0.10375761,1.0
405,9,0.0058174487,1.3784752,-0.22834402,1.0
405,10,-0.027564816,1.3588006,-0.22738467,1.0
405,11,0.10292883,1.2207291,-0.132149,1.0
405,12,-0.056374487,1.2868438,0.14051007,1.0
405,13,0.26363984,1.0729728,-0.18812372,1.0
405,14,-0.049310073,1.0030738,0.16641687,1.0
405,15,0.38832375,0.8804934,-0.21226579,1.0
405,16,-0.19813217,0.9208733,0.06680525,1.0
405,17,0.43559027,0.86584234,-0.21980011,1.0
405,18,-0.19914329,0.9289994,0.05167082,1.0
405,19,0.41326496,0.8451371,-0.23478964,1.0
405,20,-0.21307214,0.96745455,0.011137809,1.0
405,21,0.3956489,0.8455819,-0.22257617,1.0
405,22,-0.21009488,0.9379003,0.047540214,1.0
405,23,0.056685362,0.76155823,-0.048115492,1.0
405,24,-0.05276714,0.7722697,0.050065592,1.0
405,25,-0.018060328,0.36447126,-0.18823518,1.0
405,26,-0.11591621,0.4083378,0.0314923,1.0
405,27,0.27124426,0.31188658,0.16291839,1.0
405,28,-0.10709612,-0.030752242,0.10228486,1.0
405,29,0.2825349,0.31122422,0.2072736,1.0
405,30,-0.105408534,-0.06368625,0.06329012,1.0
405,31,0.30609533,0.21706665,0.27888703,1.0
405,32,-0.15429646,-0.10292792,0.04613712,1.0
406,0,-0.035462126,1.4139609,-0.26099083,1.0
406,1,0.003815639,1.4274259,-0.25785798,1.0
406,2,0.00661543,1.4252813,-0.24803793,1.0
406,3,0.0033900267,1.4265742,-0.24840736,1.0
406,4,-0.011054866,1.4468485,-0.261136,1.0
406,5,-0.017561678,1.4423225,-0.26536494,1.0
406,6,-0.00763541,1.4280906,-0.2529688,1.0
406,7,0.10422522,1.3779819,-0.17738272,1.0
406,8,-0.023991885,1.3830261,-0.107147254,1.0
406,9,0.008069052,1.3825953,-0.22976087,1.0
406,10,-0.026330074,1.3644769,-0.23146093,1.0
406,11,0.09906709,1.226984,-0.12823512,1.0
406,12,-0.056706935,1.2970247,0.14393097,1.0
406,13,0.2544426,1.0764346,-0.18679671,1.0
406,14,-0.043980785,1.0129822,0.17074339,1.0
406,15,0.3781327,0.88334626,-0.21144119,1.0
406,16,-0.19231726,0.9277598,0.06956007,1.0
406,17,0.42468867,0.87051123,-0.22048573,1.0
406,18,-0.19385794,0.9360988,0.054000154,1.0
406,19,0.40277007,0.85142493,-0.2350379,1.0
406,20,-0.20872562,0.9710262,0.013487847,1.0
406,21,0.38634777,0.8501224,-0.22182092,1.0
406,22,-0.20428613,0.9445708,0.04993753,1.0
406,23,0.055349555,0.76859134,-0.05074604,1.0
406,24,-0.05088201,0.77922684,0.053230938,1.0
406,25,-0.013669409,0.36153746,-0.19296682,1.0
406,26,-0.12983373,0.4181376,0.025505649,1.0
406,27,0.2932332,0.2697569,0.12603998,1.0
406,28,-0.10525019,-0.012045205,0.088656805,1.0
406,29,0.30595154,0.26141644,0.16580907,1.0
406,30,-0.10387618,-0.044608057,0.049679127,1.0
406,31,0.3205705,0.17171556,0.22246273,1.0
406,32,-0.15095893,-0.079467654,0.034657158,1.0
407,0,-0.033020537,1.4219629,-0.26076376,1.0
407,1,0.006650848,1.4327588,-0.25720593,1.0
407,2,0.009226077,1.430018,-0.2476158,1.0
407,3,0.0060231886,1.4312097,-0.2472257,1.0
407,4,-0.008749066,1.4530346,-0.26018965,1.0
407,5,-0.015047513,1.4484782,-0.26475742,1.0
407,6,-0.0059241294,1.4348899,-0.2517006,1.0
407,7,0.104880884,1.3776922,-0.1741474,1.0
407,8,-0.022248201,1.3911953,-0.103857264,1.0
407,9,0.0088168355,1.3888083,-0.22838293,1.0
407,10,-0.025434904,1.3720593,-0.23054199,1.0
407,11,0.100073025,1.2283022,-0.120594144,1.0
407,12,-0.05796241,1.304502,0.15021424,1.0
407,13,0.25295278,1.0772656,-0.18062788,1.0
407,14,-0.044107486,1.0171343,0.17904042,1.0
407,15,0.37389535,0.8807956,-0.20980942,1.0
407,16,-0.18905744,0.9179721,0.07610088,1.0
407,17,0.41874495,0.8664575,-0.22088353,1.0
407,18,-0.19086939,0.92351395,0.05969929,1.0
407,19,0.39683402,0.8470679,-0.23613134,1.0
407,20,-0.20199877,0.95199704,0.01744593,1.0
407,21,0.3820032,0.8481462,-0.22114028,1.0
407,22,-0.19930802,0.93120486,0.055455755,1.0
407,23,0.055270083,0.7774272,-0.053099807,1.0
407,24,-0.05056433,0.78812134,0.056026835,1.0
407,25,-0.0109605035,0.35962418,-0.19395496,1.0
407,26,-0.13348214,0.42758635,0.024565209,1.0
407,27,0.30252746,0.19610149,0.065478206,1.0
407,28,-0.11308042,0.008225739,0.10451537,1.0
407,29,0.31431866,0.1765114,0.09760751,1.0
407,30,-0.11199419,-0.023263037,0.069120035,1.0
407,31,0.31076628,0.105149925,0.12473075,1.0
407,32,-0.16579223,-0.05458939,0.05238787,1.0
408,0,-0.04181231,1.4308343,-0.20148379,1.0
408,1,0.002845912,1.4415867,-0.20114258,1.0
408,2,0.004853343,1.4384702,-0.19142328,1.0
408,3,0.0022123612,1.4397027,-0.19197658,1.0
408,4,-0.00928306,1.4608222,-0.19973761,1.0
408,5,-0.015003099,1.4563955,-0.20464306,1.0
408,6,-0.005862932,1.4427571,-0.1923109,1.0
408,7,0.10431093,1.384752,-0.1569594,1.0
408,8,-0.0035827176,1.397589,-0.06451945,1.0
408,9,0.00158268,1.3961055,-0.18110354,1.0
408,10,-0.026506707,1.3785424,-0.1785901,1.0
408,11,0.10610743,1.2244298,-0.11708276,1.0
408,12,-0.0501773,1.3065208,0.16136497,1.0
408,13,0.25345132,1.0689502,-0.16905357,1.0
408,14,-0.04662982,1.016501,0.19224404,1.0
408,15,0.3670155,0.8839905,-0.20443508,1.0
408,16,-0.19485657,0.90327847,0.08576022,1.0
408,17,0.4073616,0.87045234,-0.21612482,1.0
408,18,-0.19913447,0.9035684,0.069269985,1.0
408,19,0.38635048,0.8560092,-0.23189197,1.0
408,20,-0.20733565,0.9288991,0.023683874,1.0
408,21,0.37469214,0.855092,-0.21642439,1.0
408,22,-0.20452504,0.9135805,0.06343758,1.0
408,23,0.05623125,0.78282267,-0.050336238,1.0
408,24,-0.05148995,0.7954253,0.053656023,1.0
408,25,-0.0058070347,0.35209653,-0.19548225,1.0
408,26,-0.12895091,0.43461603,0.020837871,1.0
408,27,0.29552606,0.15743798,0.032148667,1.0
408,28,-0.11706236,0.020550549,0.112756945,1.0
408,29,0.30319425,0.13419425,0.059458595,1.0
408,30,-0.11873123,-0.010357201,0.079800636,1.0
408,31,0.27881944,0.0896672,0.063342854,1.0
408,32,-0.19150482,-0.043332636,0.05808784,1.0
409,0,-0.040937446,1.4351199,-0.15214022,1.0
409,1,0.0047126515,1.4461613,-0.14562917,1.0
409,2,0.006304954,1.4429853,-0.13542488,1.0
409,3,0.0043811738,1.4443088,-0.13677153,1.0
409,4,-0.0070476555,1.4659774,-0.14995705,1.0
409,5,-0.012150248,1.4615003,-0.15546314,1.0
409,6,-0.003117688,1.4483857,-0.14397334,1.0
409,7,0.104627386,1.3915809,-0.07872562,1.0
409,8,-0.0046237623,1.4044621,-0.018724788,1.0
409,9,0.0038565525,1.4018562,-0.122654274,1.0
409,10,-0.026085623,1.3844202,-0.12917128,1.0
409,11,0.11518184,1.2258343,-0.02381846,1.0
409,12,-0.058226526,1.3139644,0.18086725,1.0
409,13,0.24693109,1.0500486,-0.10066479,1.0
409,14,-0.056162868,1.0222194,0.19161801,1.0
409,15,0.35875577,0.88446426,-0.16453092,1.0
409,16,-0.19018777,0.89906996,0.0807423,1.0
409,17,0.39794695,0.8698407,-0.18162148,1.0
409,18,-0.1857539,0.8892988,0.058872506,1.0
409,19,0.38006988,0.8618844,-0.19898848,1.0
409,20,-0.18097244,0.91727096,0.018139457,1.0
409,21,0.36794648,0.85924494,-0.17827171,1.0
409,22,-0.1929532,0.90874034,0.05993908,1.0
409,23,0.060754646,0.7879755,-0.04789719,1.0
409,24,-0.056128252,0.80329907,0.051996827,1.0
409,25,-0.006436952,0.3565355,-0.189145,1.0
409,26,-0.13601626,0.44598764,0.0057755266,1.0
409,27,0.26439205,0.11821383,-0.0075520156,1.0
409,28,-0.14283313,0.03590101,0.110731326,1.0
409,29,0.27033696,0.0897035,0.013511669,1.0
409,30,-0.14753899,0.0036615133,0.07883537,1.0
409,31,0.19783951,0.051983833,0.0025959462,1.0
409,32,-0.22560135,-0.009891987,0.06290731,1.0
410,0,-0.03767145,1.4236107,-0.1242805,1.0
410,1,0.0056471676,1.4361466,-0.11341519,1.0
410,2,0.006971551,1.4334171,-0.10302435,1.0
410,3,0.00552976,1.435434,-0.10425359,1.0
410,4,-0.008080216,1.4538302,-0.12005069,1.0
410,5,-0.012737537,1.4490784,-0.12638925,1.0
410,6,-0.0038970523,1.436808,-0.11501514,1.0
410,7,0.10176713,1.3971305,-0.028166845,1.0
410,8,-0.018770123,1.4040622,0.016569924,1.0
410,9,0.006066244,1.3979919,-0.08802034,1.0
410,10,-0.025175348,1.3771036,-0.09872872,1.0
410,11,0.12113968,1.2286752,0.03708952,1.0
410,12,-0.07470828,1.3204601,0.19704476,1.0
410,13,0.21979201,1.0407832,-0.057969954,1.0
410,14,-0.06925657,1.0263724,0.1838638,1.0
410,15,0.31269556,0.8972905,-0.1535399,1.0
410,16,-0.17802034,0.900814,0.0796694,1.0
410,17,0.3454735,0.8847362,-0.17983748,1.0
410,18,-0.16773045,0.88629717,0.036619112,1.0
410,19,0.32787785,0.8800045,-0.19779173,1.0
410,20,-0.15643826,0.9182678,0.002442284,1.0
410,21,0.32089227,0.8734539,-0.16833946,1.0
410,22,-0.17585474,0.91124195,0.05653131,1.0
410,23,0.06720664,0.79310256,-0.04371095,1.0
410,24,-0.06282092,0.810906,0.048634436,1.0
410,25,0.0027464926,0.36362588,-0.18694665,1.0
410,26,-0.14051849,0.45677528,-0.019280462,1.0
410,27,0.2017318,0.087554395,-0.015730962,1.0
410,28,-0.16801383,0.05420983,0.09140794,1.0
410,29,0.18996698,0.054364145,0.002130886,1.0
410,30,-0.17542373,0.022287369,0.05988515,1.0
410,31,0.09716974,0.031125724,-0.026689239,1.0
410,32,-0.25221235,0.027571559,0.04159918,1.0
411,0,-0.03573098,1.4232016,-0.1330175,1.0
411,1,0.005397507,1.4363678,-0.12255428,1.0
411,2,0.006477361,1.4337101,-0.111977965,1.0
411,3,0.005477732,1.4360039,-0.11258411,1.0
411,4,-0.009705134,1.4526708,-0.12916318,1.0
411,5,-0.014078809,1.4482275,-0.13633093,1.0
411,6,-0.0051910817,1.4365628,-0.12442187,1.0
411,7,0.09743368,1.4030958,-0.03539034,1.0
411,8,-0.027153868,1.4065254,0.0059348103,1.0
411,9,0.006829148,1.400039,-0.09567521,1.0
411,10,-0.02496697,1.3777976,-0.107857466,1.0
411,11,0.122122146,1.2342572,0.030854855,1.0
411,12,-0.08842716,1.3265581,0.1886138,1.0
411,13,0.2001035,1.0467083,-0.06407976,1.0
411,14,-0.07027001,1.025608,0.18210235,1.0
411,15,0.27886108,0.9127502,-0.16196851,1.0
411,16,-0.1649504,0.9078248,0.029961662,1.0
411,17,0.3071284,0.8994476,-0.19289781,1.0
411,18,-0.15255138,0.8960092,-0.01786942,1.0
411,19,0.2870152,0.9092831,-0.21020415,1.0
411,20,-0.14370231,0.9309111,-0.0508493,1.0
411,21,0.28530714,0.89646554,-0.17659624,1.0
411,22,-0.16206542,0.9206074,0.009164865,1.0
411,23,0.0726759,0.79783785,-0.038441744,1.0
411,24,-0.06835607,0.8175345,0.04405457,1.0
411,25,0.012645764,0.37034333,-0.18444301,1.0
411,26,-0.14261258,0.46841368,-0.026322426,1.0
411,27,0.18155882,0.09647596,0.0073074605,1.0
411,28,-0.18511367,0.08286542,0.09740491,1.0
411,29,0.16705546,0.06354022,0.027696602,1.0
411,30,-0.19474307,0.052375555,0.06755956,1.0
411,31,0.08377381,0.04044473,0.00024407654,1.0
411,32,-0.26674628,0.06075114,0.047907375,1.0
412,0,-0.049130972,1.4287156,-0.105328195,1.0
412,1,-0.011895893,1.4419085,-0.096835226,1.0
412,2,-0.011344662,1.4391448,-0.08598779,1.0
412,3,-0.011717183,1.4423311,-0.08703171,1.0
412,4,-0.026716799,1.4575641,-0.10042304,1.0
412,5,-0.030859422,1.4530044,-0.10808469,1.0
412,6,-0.02192023,1.4418933,-0.09597023,1.0
412,7,0.08281911,1.4106886,-0.024089767,1.0
412,8,-0.036295895,1.4107985,0.030676683,1.0
412,9,-0.0050487183,1.4064642,-0.07247404,1.0
412,10,-0.035463512,1.3824842,-0.08152357,1.0
412,11,0.12338358,1.2390978,0.036467336,1.0
412,12,-0.09015423,1.3310308,0.20118353,1.0
412,13,0.18635623,1.0504256,-0.05409097,1.0
412,14,-0.07135928,1.029984,0.18284129,1.0
412,15,0.25928387,0.91877973,-0.13925523,1.0
412,16,-0.16408302,0.91435003,0.03808424,1.0
412,17,0.2867018,0.9049932,-0.16751993,1.0
412,18,-0.1517944,0.903883,-0.010046084,1.0
412,19,0.26843262,0.9128239,-0.18331428,1.0
412,20,-0.14399421,0.9389011,-0.04031928,1.0
412,21,0.26728815,0.90151775,-0.15255989,1.0
412,22,-0.16149229,0.92883575,0.017953195,1.0
412,23,0.07439747,0.8012502,-0.03708657,1.0
412,24,-0.06991716,0.82242316,0.043017432,1.0
412,25,0.020069107,0.375175,-0.18360944,1.0
412,26,-0.14620052,0.4766837,-0.027649647,1.0
412,27,0.17662066,0.07835591,-0.04102059,1.0
412,28,-0.19860364,0.093648136,0.08669924,1.0
412,29,0.16216965,0.04339719,-0.02782756,1.0
412,30,-0.20911545,0.06284207,0.056279548,1.0
412,31,0.08610699,0.022056997,-0.06795209,1.0
412,32,-0.28411666,0.072845936,0.036213078,1.0
413,0,-0.07055925,1.4356388,-0.12792334,1.0
413,1,-0.032746874,1.4490551,-0.120807044,1.0
413,2,-0.032492194,1.4456787,-0.10952778,1.0
413,3,-0.032341573,1.449615,-0.11044977,1.0
413,4,-0.04755274,1.4642707,-0.12226169,1.0
413,5,-0.051731158,1.4597836,-0.13036335,1.0
413,6,-0.042661123,1.449,-0.1175337,1.0
413,7,0.07423174,1.4174407,-0.041598354,1.0
413,8,-0.042359397,1.4154284,0.014666899,1.0
413,9,-0.022269867,1.4136755,-0.094682656,1.0
413,10,-0.05034493,1.3886588,-0.1015336,1.0
413,11,0.112040944,1.2447774,0.011590434,1.0
413,12,-0.07440551,1.335298,0.20907874,1.0
413,13,0.16562483,1.0567412,-0.098663814,1.0
413,14,-0.06105188,1.0403252,0.20052439,1.0
413,15,0.2328204,0.90657115,-0.1551217,1.0
413,16,-0.15101147,0.9243751,0.06669562,1.0
413,17,0.2611097,0.88579863,-0.17855683,1.0
413,18,-0.14063473,0.91110796,0.027582407,1.0
413,19,0.23954988,0.8808249,-0.19042791,1.0
413,20,-0.13521658,0.94822085,-0.0046920674,1.0
413,21,0.24107988,0.8851533,-0.16473754,1.0
413,22,-0.14927377,0.9390521,0.045391332,1.0
413,23,0.06934855,0.8075083,-0.043598182,1.0
413,24,-0.0647101,0.8287705,0.049523443,1.0
413,25,0.016906848,0.381742,-0.17845608,1.0
413,26,-0.15509807,0.48434645,-0.012672145,1.0
413,27,0.10775076,0.044949293,-0.050399363,1.0
413,28,-0.22079498,0.09118658,0.07806661,1.0
413,29,0.088638514,0.005962372,-0.038229316,1.0
413,30,-0.23229744,0.05829096,0.04520059,1.0
413,31,-0.0078199,-0.021560252,-0.06646701,1.0
413,32,-0.31710142,0.07595521,0.027352942,1.0
414,0,-0.079730205,1.442706,-0.13969772,1.0
414,1,-0.041064918,1.4567282,-0.12825613,1.0
414,2,-0.040933263,1.4520452,-0.11749266,1.0
414,3,-0.040830307,1.4568033,-0.11747449,1.0
414,4,-0.054084707,1.4704497,-0.13331863,1.0
414,5,-0.05875907,1.4658673,-0.14206505,1.0
414,6,-0.049208947,1.4551687,-0.12871268,1.0
414,7,0.068820104,1.4237096,-0.07555492,1.0
414,8,-0.041900728,1.4183512,0.0038002282,1.0
414,9,-0.03091448,1.4203476,-0.099347234,1.0
414,10,-0.055691287,1.3939356,-0.11259008,1.0
414,11,0.09631038,1.2517475,-0.053260185,1.0
414,12,-0.05301548,1.3377371,0.2079639,1.0
414,13,0.15332448,1.0737863,-0.16480309,1.0
414,14,-0.037732545,1.0527766,0.23000316,1.0
414,15,0.21044916,0.90639615,-0.21077746,1.0
414,16,-0.1307357,0.9445642,0.121307455,1.0
414,17,0.23647393,0.88140273,-0.23139855,1.0
414,18,-0.1209275,0.938039,0.0930059,1.0
414,19,0.20917714,0.86652654,-0.23674671,1.0
414,20,-0.120916896,0.96586466,0.056303617,1.0
414,21,0.215555,0.8801875,-0.21619695,1.0
414,22,-0.13110355,0.9600566,0.10016218,1.0
414,23,0.06225269,0.810323,-0.05270101,1.0
414,24,-0.05720412,0.83171046,0.058372304,1.0
414,25,0.0065970607,0.38399705,-0.17640665,1.0
414,26,-0.17580646,0.5093378,-0.0025560255,1.0
414,27,0.11146727,0.06242925,-0.024337994,1.0
414,28,-0.21375656,0.103915095,0.082646966,1.0
414,29,0.09558825,0.025946736,-0.0079810945,1.0
414,30,-0.22338699,0.07070714,0.05256952,1.0
414,31,5.3704018e-05,-0.0077509284,-0.020943794,1.0
414,32,-0.31593737,0.08033353,0.034978498,1.0
415,0,-0.09382477,1.4468279,-0.16032839,1.0
415,1,-0.05572258,1.462803,-0.16019645,1.0
415,2,-0.056230802,1.4573233,-0.14685011,1.0
415,3,-0.055967942,1.4623616,-0.14886531,1.0
415,4,-0.06919991,1.4754341,-0.15742442,1.0
415,5,-0.07431217,1.4706819,-0.16630167,1.0
415,6,-0.06488481,1.4598501,-0.1521832,1.0
415,7,0.05263389,1.4345164,-0.1092387,1.0
415,8,-0.056624312,1.4238069,-0.018310798,1.0
415,9,-0.04553757,1.426638,-0.1269924,1.0
415,10,-0.06954619,1.3990201,-0.13129136,1.0
415,11,0.06678288,1.2674339,-0.09225534,1.0
415,12,-0.051972073,1.3468201,0.20331408,1.0
415,13,0.14161296,1.0875106,-0.19405434,1.0
415,14,-0.02715544,1.0773993,0.23740125,1.0
415,15,0.20929387,0.89832264,-0.22699644,1.0
415,16,-0.114590324,0.96371835,0.14816168,1.0
415,17,0.23873165,0.87019914,-0.24384497,1.0
415,18,-0.10508243,0.9600315,0.1257136,1.0
415,19,0.21029642,0.84750986,-0.24695739,1.0
415,20,-0.10798989,0.98190916,0.089079484,1.0
415,21,0.21557654,0.8681641,-0.2308734,1.0
415,22,-0.11650215,0.9792477,0.12840892,1.0
415,23,0.05597127,0.8129553,-0.060709063,1.0
415,24,-0.050129846,0.83363765,0.065715514,1.0
415,25,-0.0015234213,0.3861835,-0.17576233,1.0
415,26,-0.19293687,0.5329413,0.013479242,1.0
415,27,0.11653623,0.050157845,-0.03666788,1.0
415,28,-0.20972158,0.11868477,0.11353004,1.0
415,29,0.10220794,0.011190653,-0.021952182,1.0
415,30,-0.21791017,0.08492023,0.08661437,1.0
415,31,0.0025518662,-0.033525467,-0.031183261,1.0
415,32,-0.31162572,0.083838046,0.098723255,1.0
416,0,-0.10158212,1.451201,-0.18701655,1.0
416,1,-0.062618814,1.4675897,-0.18996832,1.0
416,2,-0.063936226,1.4615765,-0.1757559,1.0
416,3,-0.06360647,1.4666662,-0.17838168,1.0
416,4,-0.075826064,1.4793844,-0.18536378,1.0
416,5,-0.081359744,1.4750681,-0.19473924,1.0
416,6,-0.071172334,1.4639318,-0.17970097,1.0
416,7,0.04049908,1.441582,-0.13947071,1.0
416,8,-0.06315381,1.425773,-0.053631667,1.0
416,9,-0.056641046,1.432863,-0.1567008,1.0
416,10,-0.07857446,1.404525,-0.15937534,1.0
416,11,0.050367694,1.2780709,-0.13217454,1.0
416,12,-0.049607735,1.355341,0.19336224,1.0
416,13,0.1370709,1.1089694,-0.24080476,1.0
416,14,-0.013759574,1.1074858,0.23040245,1.0
416,15,0.21425822,0.9012116,-0.2611905,1.0
416,16,-0.08105134,0.99219024,0.16551271,1.0
416,17,0.24581349,0.8777801,-0.2734648,1.0
416,18,-0.06635121,0.9915987,0.14535736,1.0
416,19,0.2213606,0.8578869,-0.27586553,1.0
416,20,-0.07336277,1.016067,0.110357024,1.0
416,21,0.22328818,0.8748247,-0.2640818,1.0
416,22,-0.083561845,1.0095775,0.14691716,1.0
416,23,0.051159214,0.8120161,-0.066322535,1.0
416,24,-0.044578385,0.83188546,0.07059944,1.0
416,25,-0.0026880796,0.3872088,-0.16647959,1.0
416,26,-0.19421986,0.54086924,0.027064722,1.0
416,27,0.06572443,0.040881574,-0.04958316,1.0
416,28,-0.10370867,0.14995205,0.1309667,1.0
416,29,0.042265713,6.943941e-05,-0.038211226,1.0
416,30,-0.09901807,0.11944252,0.106759116,1.0
416,31,-0.08304213,-0.048469543,-0.051136028,1.0
416,32,-0.1840168,0.08597964,0.13371387,1.0
417,0,-0.117394306,1.4548076,-0.18294129,1.0
417,1,-0.07588644,1.4713284,-0.1883445,1.0
417,2,-0.07773948,1.4656718,-0.17459187,1.0
417,3,-0.07728246,1.4699185,-0.17669016,1.0
417,4,-0.08610554,1.4842658,-0.18338215,1.0
417,5,-0.091570795,1.4804423,-0.1927084,1.0
417,6,-0.08098822,1.4693291,-0.177468,1.0
417,7,0.021998504,1.4412067,-0.13932885,1.0
417,8,-0.064856,1.4276056,-0.053202957,1.0
417,9,-0.07588451,1.4355035,-0.15520082,1.0
417,10,-0.09266916,1.4087906,-0.1578566,1.0
417,11,0.03730505,1.2758377,-0.12731817,1.0
417,12,-0.05520958,1.355397,0.191092,1.0
417,13,0.12888764,1.1046779,-0.23313732,1.0
417,14,-0.023238566,1.1067269,0.22336419,1.0
417,15,0.2043224,0.8993491,-0.2653919,1.0
417,16,-0.07472433,0.9965635,0.14648467,1.0
417,17,0.23414199,0.8772619,-0.2805414,1.0
417,18,-0.05644581,0.9999255,0.12332583,1.0
417,19,0.21111207,0.8557142,-0.28135988,1.0
417,20,-0.06010691,1.0292786,0.09022554,1.0
417,21,0.2140911,0.87225676,-0.26847935,1.0
417,22,-0.07623152,1.0164399,0.12941365,1.0
417,23,0.049809836,0.8063312,-0.065804236,1.0
417,24,-0.042667717,0.82332486,0.069916874,1.0
417,25,0.00031690998,0.37949982,-0.1592499,1.0
417,26,-0.16652317,0.52546984,0.02552573,1.0
417,27,0.07972602,0.058496118,-0.04200614,1.0
417,28,0.028673239,0.170914,0.15558302,1.0
417,29,0.059095696,0.023330986,-0.029821549,1.0
417,30,0.04168003,0.14607412,0.136113,1.0
417,31,-0.039085023,-0.022351444,-0.04646413,1.0
417,32,-0.015784303,0.097917795,0.16745013,1.0
418,0,-0.12417519,1.4439068,-0.19079879,1.0
418,1,-0.083467595,1.4612647,-0.19861808,1.0
418,2,-0.084932335,1.4559057,-0.18438825,1.0
418,3,-0.08430277,1.4588695,-0.18618733,1.0
418,4,-0.09319642,1.4741628,-0.19239701,1.0
418,5,-0.09827836,1.4705422,-0.20195545,1.0
418,6,-0.08769706,1.4596106,-0.18623258,1.0
418,7,0.013961807,1.4329755,-0.15827706,1.0
418,8,-0.06794319,1.4184442,-0.0724666,1.0
418,9,-0.08324192,1.4248044,-0.16520858,1.0
418,10,-0.099510275,1.3980712,-0.16739446,1.0
418,11,0.027576514,1.2680237,-0.13921775,1.0
418,12,-0.062394653,1.3488011,0.16668841,1.0
418,13,0.10700528,1.0976381,-0.23743284,1.0
418,14,-0.029665241,1.1062766,0.21462654,1.0
418,15,0.18901335,0.9102574,-0.26684627,1.0
418,16,-0.047388364,0.98855215,0.13962594,1.0
418,17,0.21797614,0.8940095,-0.2817791,1.0
418,18,-0.01699425,0.9879003,0.1191107,1.0
418,19,0.20125021,0.86891365,-0.28110608,1.0
418,20,-0.020787533,1.0200325,0.088492684,1.0
418,21,0.2014896,0.88472474,-0.26928675,1.0
418,22,-0.04665398,1.0087117,0.124487765,1.0
418,23,0.050820194,0.7974513,-0.0643482,1.0
418,24,-0.04302806,0.81253207,0.068649806,1.0
418,25,0.0024202445,0.36491007,-0.1581139,1.0
418,26,-0.16569687,0.5503415,0.013304269,1.0
418,27,0.10573386,0.08054215,0.003333986,1.0
418,28,0.073353134,0.27169943,0.1527141,1.0
418,29,0.087976456,0.05009526,0.025076117,1.0
418,30,0.092883445,0.25459927,0.13582961,1.0
418,31,0.019927397,-0.02660036,0.028895155,1.0
418,32,0.066853106,0.1768676,0.17164387,1.0
419,0,-0.12478006,1.4370078,-0.18345039,1.0
419,1,-0.084360674,1.454397,-0.1972489,1.0
419,2,-0.08501768,1.4489737,-0.1824917,1.0
419,3,-0.08419325,1.4509213,-0.18381532,1.0
419,4,-0.09140938,1.4674875,-0.18652686,1.0
419,5,-0.09666096,1.4639051,-0.19687983,1.0
419,6,-0.08617891,1.4524829,-0.18043458,1.0
419,7,0.014289965,1.427042,-0.1546407,1.0
419,8,-0.0664817,1.4096924,-0.06961396,1.0
419,9,-0.08389135,1.417803,-0.16326189,1.0
419,10,-0.09844817,1.3907018,-0.1612412,1.0
419,11,0.025806168,1.2601043,-0.1329294,1.0
419,12,-0.056349427,1.3414145,0.16764249,1.0
419,13,0.11223526,1.1000551,-0.23769313,1.0
419,14,0.0009983387,1.1004717,0.21750614,1.0
419,15,0.19251834,0.9206997,-0.26557547,1.0
419,16,0.00784556,0.97424453,0.16162953,1.0
419,17,0.21879321,0.9101072,-0.28288728,1.0
419,18,0.03921951,0.9725215,0.14442153,1.0
419,19,0.20341617,0.8829944,-0.27980354,1.0
419,20,0.03206308,1.0042231,0.11435188,1.0
419,21,0.20512721,0.8970717,-0.26812837,1.0
419,22,0.0072918553,0.99341065,0.14766242,1.0
419,23,0.04669022,0.79089636,-0.064217836,1.0
419,24,-0.038338035,0.8041763,0.0686175,1.0
419,25,-0.018423207,0.35370886,-0.14637011,1.0
419,26,-0.1028084,0.5309339,0.019768292,1.0
419,27,0.093993194,0.058143377,0.019246483,1.0
419,28,0.19597016,0.25268948,0.15339962,1.0
419,29,0.077683635,0.02705586,0.040547892,1.0
419,30,0.22003485,0.23918384,0.13533995,1.0
419,31,0.011939659,-0.03258729,0.03567851,1.0
419,32,0.21104242,0.18365866,0.15991618,1.0
420,0,-0.14331871,1.4351997,-0.11646462,1.0
420,1,-0.10517483,1.4515958,-0.1387561,1.0
420,2,-0.1040339,1.4465396,-0.12597851,1.0
420,3,-0.10418659,1.4467379,-0.12502028,1.0
420,4,-0.10173494,1.467694,-0.12296829,1.0
420,5,-0.107024215,1.4631555,-0.13286904,1.0
420,6,-0.09649836,1.4508628,-0.116661705,1.0
420,7,-0.005600764,1.4203044,-0.15025216,1.0
420,8,-0.053059228,1.404319,-0.037827954,1.0
420,9,-0.09855523,1.4136865,-0.11221546,1.0
420,10,-0.103500694,1.3869755,-0.102843456,1.0
420,11,0.021691637,1.2497619,-0.123832986,1.0
420,12,-0.041454528,1.3348112,0.1759841,1.0
420,13,0.09909092,1.0927036,-0.22571836,1.0
420,14,0.02714397,1.1011746,0.23703101,1.0
420,15,0.1680352,0.95938736,-0.24159734,1.0
420,16,0.06866114,0.9805951,0.18263769,1.0
420,17,0.18599845,0.96029335,-0.25338668,1.0
420,18,0.10752018,0.9804917,0.1678595,1.0
420,19,0.17658259,0.9478863,-0.24012478,1.0
420,20,0.10672013,1.0107086,0.13875476,1.0
420,21,0.18241297,0.9457766,-0.23994231,1.0
420,22,0.06990774,0.9999912,0.17125085,1.0
420,23,0.038677923,0.7814168,-0.06322832,1.0
420,24,-0.02967998,0.7905753,0.06805011,1.0
420,25,-0.016814537,0.3450733,-0.14692287,1.0
420,26,-0.007871566,0.4778188,0.035909243,1.0
420,27,0.2355772,0.14997768,0.042045843,1.0
420,28,0.13123305,0.23356652,0.18539634,1.0
420,29,0.24111366,0.13384509,0.06644154,1.0
420,30,0.13791986,0.21901393,0.16899195,1.0
420,31,0.20509031,0.095800996,0.0864987,1.0
420,32,0.08554321,0.13684762,0.18325782,1.0
421,0,-0.14362863,1.4266542,-0.08547225,1.0
421,1,-0.10874788,1.4428935,-0.11015406,1.0
421,2,-0.10606621,1.4364833,-0.098641545,1.0
421,3,-0.10668811,1.4355061,-0.09623813,1.0
421,4,-0.10051166,1.4596183,-0.09453935,1.0
421,5,-0.10617041,1.4548357,-0.10363632,1.0
421,6,-0.096683055,1.4405913,-0.087706186,1.0
421,7,-0.009068568,1.4110218,-0.13991404,1.0
421,8,-0.044191502,1.3901505,-0.010455519,1.0
421,9,-0.096365266,1.4035261,-0.0818295,1.0
421,10,-0.101131275,1.3774214,-0.070608854,1.0
421,11,0.023808423,1.2394965,-0.11616729,1.0
421,12,-0.0298541,1.3234913,0.20307885,1.0
421,13,0.08249065,1.0817058,-0.17728636,1.0
421,14,0.020531418,1.0977623,0.3000254,1.0
421,15,0.14014986,0.98756397,-0.082739204,1.0
421,16,0.021840086,1.0370138,0.29108387,1.0
421,17,0.15559483,0.9985727,-0.08336245,1.0
421,18,0.05286387,1.0545888,0.27971178,1.0
421,19,0.14923672,0.994304,-0.07668249,1.0
421,20,0.050936736,1.086717,0.25110424,1.0
421,21,0.15599258,0.9786302,-0.08428855,1.0
421,22,0.02082313,1.062011,0.27906463,1.0
421,23,0.03939126,0.7769987,-0.061583936,1.0
421,24,-0.029791119,0.77987325,0.06762266,1.0
421,25,0.015903167,0.36055526,-0.1322408,1.0
421,26,-0.03510323,0.44381386,0.02914024,1.0
421,27,0.30347404,0.19101548,0.047182836,1.0
421,28,0.06757609,0.106900096,0.13282512,1.0
421,29,0.3070597,0.17854977,0.068535134,1.0
421,30,0.07544803,0.08247435,0.11116273,1.0
421,31,0.26191884,0.17359787,0.08489513,1.0
421,32,0.071636766,0.086467505,0.102994025,1.0
422,0,-0.13663793,1.4210699,-0.099020325,1.0
422,1,-0.10071554,1.4324167,-0.11668406,1.0
422,2,-0.097744964,1.4267936,-0.10691921,1.0
422,3,-0.09806176,1.4248698,-0.10327778,1.0
422,4,-0.09574883,1.4527526,-0.105996504,1.0
422,5,-0.10098094,1.4452019,-0.11483245,1.0
422,6,-0.09266917,1.4288459,-0.09995319,1.0
422,7,-0.00018999027,1.3974085,-0.12621397,1.0
422,8,-0.04535806,1.3802773,-0.0078032436,1.0
422,9,-0.089000046,1.3916023,-0.08700633,1.0
422,10,-0.097804226,1.366045,-0.082017876,1.0
422,11,0.039579216,1.230056,-0.08117256,1.0
422,12,-0.04568539,1.319334,0.20461334,1.0
422,13,0.09663261,1.0894632,-0.1988843,1.0
422,14,-0.0673039,1.1578382,0.33611593,1.0
422,15,0.11762262,1.0192232,-0.24729559,1.0
422,16,-0.15253352,1.1840538,0.39442196,1.0
422,17,0.12864874,1.0371463,-0.26653773,1.0
422,18,-0.13141823,1.2215002,0.39359698,1.0
422,19,0.10499109,1.0425466,-0.26213607,1.0
422,20,-0.13843222,1.2632523,0.36949757,1.0
422,21,0.12052262,1.0128828,-0.2558359,1.0
422,22,-0.16010828,1.213065,0.38542676,1.0
422,23,0.05461691,0.78031266,-0.051980242,1.0
422,24,-0.045734804,0.7791714,0.06019122,1.0
422,25,0.1180475,0.386046,-0.1297148,1.0
422,26,-0.06374986,0.42596895,0.006638546,1.0
422,27,0.36704835,0.19669694,0.07260691,1.0
422,28,-0.04684472,0.040072322,0.09615429,1.0
422,29,0.36631286,0.1803329,0.09279995,1.0
422,30,-0.05292206,0.013743222,0.07624143,1.0
422,31,0.31816822,0.15941656,0.09321743,1.0
422,32,-0.123425245,0.012453973,0.05342779,1.0
423,0,-0.16609138,1.4276097,-0.09311569,1.0
423,1,-0.12833118,1.4360409,-0.11724926,1.0
423,2,-0.12795869,1.4303446,-0.107605964,1.0
423,3,-0.12591977,1.4289893,-0.10402435,1.0
423,4,-0.12109645,1.4593079,-0.10053587,1.0
423,5,-0.12505011,1.4528974,-0.10901114,1.0
423,6,-0.11761145,1.433519,-0.09642285,1.0
423,7,-0.021416984,1.3983428,-0.13418488,1.0
423,8,-0.045919146,1.3838985,-0.010133381,1.0
423,9,-0.11416103,1.3955495,-0.088571586,1.0
423,10,-0.11568602,1.3694124,-0.08212439,1.0
423,11,0.030864583,1.2255057,-0.09756602,1.0
423,12,-0.03853751,1.3233621,0.18959807,1.0
423,13,0.08304191,1.0874844,-0.26620734,1.0
423,14,-0.06578499,1.1606567,0.22224393,1.0
423,15,0.033436578,1.0975766,-0.32949075,1.0
423,16,-0.1732193,1.18649,0.10728764,1.0
423,17,0.020467186,1.1390916,-0.34553927,1.0
423,18,-0.16795117,1.223418,0.06685383,1.0
423,19,0.0063841105,1.1595026,-0.33981684,1.0
423,20,-0.17343701,1.2715456,0.04474662,1.0
423,21,0.039963525,1.1049086,-0.33709648,1.0
423,22,-0.18394384,1.2092259,0.09300083,1.0
423,23,0.025610328,0.775994,-0.05050622,1.0
423,24,-0.01589831,0.7856526,0.0600192,1.0
423,25,-0.108325064,0.3860814,-0.108309425,1.0
423,26,0.06254475,0.5040014,0.029041689,1.0
423,27,-0.097079836,0.06615019,0.071259215,1.0
423,28,0.086251125,0.22584343,0.21499558,1.0
423,29,-0.12165217,0.035012543,0.08808429,1.0
423,30,0.082018,0.2175836,0.20408079,1.0
423,31,-0.20042783,0.060905576,0.072919235,1.0
423,32,0.052779704,0.21910149,0.21967024,1.0
424,0,-0.16490416,1.4004018,-0.07740447,1.0
424,1,-0.13030352,1.4084482,-0.111404404,1.0
424,2,-0.13110603,1.403461,-0.10002532,1.0
424,3,-0.12773904,1.402488,-0.09685555,1.0
424,4,-0.119013354,1.4372706,-0.09274855,1.0
424,5,-0.121642046,1.4298761,-0.10049231,1.0
424,6,-0.11563057,1.4104321,-0.08876251,1.0
424,7,-0.035540894,1.3700867,-0.14392197,1.0
424,8,-0.036840394,1.3576674,-0.012878893,1.0
424,9,-0.11886912,1.3702137,-0.08100035,1.0
424,10,-0.114721075,1.3426951,-0.07487998,1.0
424,11,-0.0152994245,1.1983845,-0.12295791,1.0
424,12,-0.012742508,1.3030927,0.17503473,1.0
424,13,-0.0060754362,1.0668399,-0.17053398,1.0
424,14,-0.061731115,1.1239194,0.16302656,1.0
424,15,-0.10477092,1.1388776,0.037654657,1.0
424,16,-0.18682066,1.160773,0.058290184,1.0
424,17,-0.13629149,1.1874745,0.06728106,1.0
424,18,-0.19116981,1.1944622,0.020755826,1.0
424,19,-0.14856319,1.2064129,0.07152939,1.0
424,20,-0.19355385,1.2338094,0.011138975,1.0
424,21,-0.09362039,1.1458418,0.037391186,1.0
424,22,-0.1998436,1.1778905,0.046826255,1.0
424,23,0.007115589,0.75432795,-0.050000068,1.0
424,24,0.0012742659,0.774322,0.059345342,1.0
424,25,-0.17788689,0.41046515,-0.07543388,1.0
424,26,0.0026356857,0.7129823,0.0738273,1.0
424,27,-0.17490986,0.059257805,0.066059016,1.0
424,28,-0.014517116,0.49749243,0.24542677,1.0
424,29,-0.20428324,0.027736366,0.082205415,1.0
424,30,-0.01767835,0.49952117,0.229413,1.0
424,31,-0.26851472,0.034080744,0.071432695,1.0
424,32,-0.0077033043,0.5089877,0.27370593,1.0
425,0,-0.15792295,1.4010448,-0.07660087,1.0
425,1,-0.12370682,1.4114008,-0.10917571,1.0
425,2,-0.12185858,1.4063752,-0.097010985,1.0
425,3,-0.119220115,1.4066772,-0.0938739,1.0
425,4,-0.117364675,1.4411733,-0.08811868,1.0
425,5,-0.11846368,1.4328184,-0.09796899,1.0
425,6,-0.11391535,1.4147373,-0.0852186,1.0
425,7,-0.02794822,1.3733218,-0.14300326,1.0
425,8,-0.02055651,1.3620727,-0.011358835,1.0
425,9,-0.113804206,1.3738567,-0.07781957,1.0
425,10,-0.11034718,1.3453226,-0.07119705,1.0
425,11,0.015374094,1.1899844,-0.120534025,1.0
425,12,-0.012353243,1.3073539,0.1790674,1.0
425,13,0.036743358,1.0430949,-0.1318236,1.0
425,14,-0.0460385,1.1231687,0.12035407,1.0
425,15,-0.08016887,1.1459637,0.053955812,1.0
425,16,-0.16110131,1.1416993,-0.112592846,1.0
425,17,-0.12139872,1.1999695,0.07648167,1.0
425,18,-0.1569873,1.1723938,-0.16921453,1.0
425,19,-0.12980545,1.2303308,0.085659385,1.0
425,20,-0.15584618,1.2131455,-0.17230949,1.0
425,21,-0.06990079,1.1593366,0.056730635,1.0
425,22,-0.1680022,1.1581908,-0.12423655,1.0
425,23,0.01361873,0.7571143,-0.04994222,1.0
425,24,-0.0058812834,0.7804166,0.058162574,1.0
425,25,-0.13665965,0.40904978,-0.087742224,1.0
425,26,-0.12836722,0.6123234,0.065411,1.0
425,27,-0.10277864,0.06877124,0.06284966,1.0
425,28,-0.11808356,0.312686,0.2405217,1.0
425,29,-0.12769184,0.037441254,0.07876232,1.0
425,30,-0.11645612,0.30610573,0.22372152,1.0
425,31,-0.20659362,0.03896463,0.06895449,1.0
425,32,-0.14451234,0.29758087,0.24262545,1.0
426,0,-0.15408714,1.4021971,-0.053792734,1.0
426,1,-0.11913413,1.4137485,-0.09131306,1.0
426,2,-0.11579114,1.408786,-0.07838332,1.0
426,3,-0.11398285,1.4097145,-0.075910985,1.0
426,4,-0.11222675,1.4415777,-0.06611394,1.0
426,5,-0.11371593,1.4338493,-0.07770567,1.0
426,6,-0.10847086,1.4162474,-0.0638469,1.0
426,7,-0.021084446,1.380858,-0.14218985,1.0
426,8,0.006629415,1.3661467,-0.0031117033,1.0
426,9,-0.111926556,1.3805673,-0.058621258,1.0
426,10,-0.09862797,1.3498014,-0.04893963,1.0
426,11,0.019509545,1.2009454,-0.11710421,1.0
426,12,0.03370184,1.3167706,0.17837416,1.0
426,13,0.019218743,1.0483401,-0.11508166,1.0
426,14,-0.017488835,1.1286987,0.108528316,1.0
426,15,-0.12289445,1.1300833,0.053537287,1.0
426,16,-0.15891755,1.1299309,-0.11813087,1.0
426,17,-0.1690238,1.1794215,0.07702265,1.0
426,18,-0.16415425,1.1605873,-0.17283657,1.0
426,19,-0.17460392,1.2094398,0.08560435,1.0
426,20,-0.16217932,1.1998,-0.17863317,1.0
426,21,-0.113204174,1.1386789,0.055034738,1.0
426,22,-0.16764382,1.1463596,-0.13115835,1.0
426,23,0.009168949,0.7607257,-0.04972869,1.0
426,24,-0.0031413934,0.791163,0.056817796,1.0
426,25,-0.13937266,0.41459897,-0.094531626,1.0
426,26,-0.12079603,0.5863977,0.07856851,1.0
426,27,-0.119560406,0.031708002,0.025378713,1.0
426,28,-0.122257404,0.36508653,0.3122241,1.0
426,29,-0.14907567,-0.006604135,0.038295608,1.0
426,30,-0.12471946,0.36772725,0.30081472,1.0
426,31,-0.23514077,-0.026913822,0.018915951,1.0
426,32,-0.16470456,0.37609226,0.34860283,1.0
427,0,-0.14344822,1.4026651,-0.06835813,1.0
427,1,-0.1178347,1.4196615,-0.09836836,1.0
427,2,-0.11286578,1.4148246,-0.086049706,1.0
427,3,-0.11273266,1.4160457,-0.08421799,1.0
427,4,-0.11073764,1.4409579,-0.077027544,1.0
427,5,-0.11189741,1.4335005,-0.08986534,1.0
427,6,-0.10585633,1.4180968,-0.07435122,1.0
427,7,-0.016207652,1.3933873,-0.12825464,1.0
427,8,-0.0071662087,1.3687291,-0.0032433507,1.0
427,9,-0.0939644,1.3885204,-0.06398622,1.0
427,10,-0.091820285,1.3531009,-0.0582686,1.0
427,11,0.07351307,1.212351,-0.07406598,1.0
427,12,-0.04538331,1.3255424,0.15723604,1.0
427,13,-0.02713778,1.0666254,-0.09713932,1.0
427,14,-0.16690221,1.1289433,0.06362742,1.0
427,15,-0.15917298,1.107389,-0.0022776567,1.0
427,16,-0.20564777,1.1285398,-0.1649854,1.0
427,17,-0.18957564,1.1379027,0.0030782172,1.0
427,18,-0.18314128,1.1327108,-0.2323018,1.0
427,19,-0.19681972,1.1608894,0.009395866,1.0
427,20,-0.15783058,1.1889027,-0.23935434,1.0
427,21,-0.15266617,1.1070755,-0.0042701755,1.0
427,22,-0.19241527,1.1462168,-0.18032517,1.0
427,23,0.051883064,0.7684255,-0.020056628,1.0
427,24,-0.047968924,0.80083686,0.026237667,1.0
427,25,-0.11325204,0.42013705,-0.055388164,1.0
427,26,-0.13482592,0.5078657,0.010186728,1.0
427,27,-0.14000459,0.06511176,0.10692777,1.0
427,28,-0.1878863,0.16565794,0.18229268,1.0
427,29,-0.17482454,0.0361737,0.123143986,1.0
427,30,-0.1936068,0.1491372,0.16335529,1.0
427,31,-0.21623412,0.026206791,0.060522825,1.0
427,32,-0.2160655,0.14777523,0.09019022,1.0
