frame,landmark,x,y,z,visibility
0,0,0.045763478,1.3887819,-0.10372665,1.0
0,1,0.018861774,1.3956968,-0.09618011,1.0
0,2,0.028401384,1.4182407,-0.090870544,1.0
0,3,0.029047389,1.4029132,-0.094026685,1.0
0,4,0.026639404,1.4111321,-0.14162186,1.0
0,5,0.030711882,1.4233507,-0.1587883,1.0
0,6,0.034725428,1.4013336,-0.13003169,1.0
0,7,-0.027574884,1.4047356,-0.04859189,1.0
0,8,-0.041099038,1.3264201,-0.14103383,1.0
0,9,0.03779751,1.3951198,-0.08098987,1.0
0,10,0.03831469,1.3469845,-0.13248035,1.0
0,11,0.008445594,1.3200957,0.071494624,1.0
0,12,-0.060782913,1.2634679,-0.083844215,1.0
0,13,0.0914205,1.4511819,0.09686201,1.0
0,14,-0.06797328,0.9846666,-0.18626055,1.0
0,15,0.18598819,1.5815268,0.13409446,1.0
0,16,-0.15006514,0.7939275,-0.25844154,1.0
0,17,0.20662883,1.6168458,0.13336281,1.0
0,18,-0.14735794,0.77383786,-0.28531367,1.0
0,19,0.19948234,1.6378628,0.12821104,1.0
0,20,-0.12841004,0.795974,-0.31016695,1.0
0,21,0.20544292,1.5673327,0.12139677,1.0
0,22,-0.14608237,0.79923695,-0.26237628,1.0
0,23,0.0357483,0.76427686,0.08617993,1.0
0,24,-0.028329838,0.77964395,-0.10156912,1.0
0,25,0.068420716,0.4043443,0.057449628,1.0
0,26,0.031702526,0.4762256,-0.105938606,1.0
0,27,-0.029534627,0.060072374,0.11005088,1.0
0,28,-0.15009138,0.13678184,-0.06364321,1.0
0,29,-0.06229937,0.032812472,0.119933665,1.0
0,30,-0.17138286,0.10242252,-0.10184722,1.0
0,31,0.006298731,-0.020230722,0.11606229,1.0
0,32,-0.1038918,0.08398182,-0.14401338,1.0
1,0,0.041795358,1.3984594,-0.10697,1.0
1,1,0.013980063,1.406066,-0.097638726,1.0
1,2,0.025707824,1.4290886,-0.09279835,1.0
1,3,0.024858397,1.4134886,-0.09488878,1.0
1,4,0.021391833,1.4207678,-0.14279597,1.0
1,5,0.02607721,1.4324967,-0.16215423,1.0
1,6,0.030256584,1.4121137,-0.13109992,1.0
1,7,-0.030576775,1.4150836,-0.04698551,1.0
1,8,-0.048201468,1.3374414,-0.14097412,1.0
1,9,0.032824844,1.404627,-0.081074595,1.0
1,10,0.03304949,1.3575484,-0.13279743,1.0
1,11,0.0062845014,1.3294172,0.07463953,1.0
1,12,-0.070096605,1.2763828,-0.08313863,1.0
1,13,0.09470231,1.4590982,0.1041986,1.0
1,14,-0.070631005,0.9931286,-0.18605657,1.0
1,15,0.18660815,1.5895863,0.14215232,1.0
1,16,-0.15069409,0.8012438,-0.26117963,1.0
1,17,0.20932412,1.6243563,0.14145797,1.0
1,18,-0.14856657,0.78212404,-0.2880535,1.0
1,19,0.20029053,1.6438388,0.13607356,1.0
1,20,-0.13142155,0.80519915,-0.31263554,1.0
1,21,0.20737529,1.5734963,0.1296223,1.0
1,22,-0.1472917,0.8074987,-0.26317286,1.0
1,23,0.039140165,0.7765768,0.08719647,1.0
1,24,-0.031096268,0.78999406,-0.10328301,1.0
1,25,0.06405636,0.41103548,0.05430417,1.0
1,26,0.033871442,0.4837577,-0.114571676,1.0
1,27,-0.03655143,0.06304139,0.10687342,1.0
1,28,-0.1464127,0.13358176,-0.08938923,1.0
1,29,-0.07024081,0.03541421,0.11665909,1.0
1,30,-0.16778508,0.09904215,-0.12757784,1.0
1,31,-0.0038143126,-0.02126355,0.10977865,1.0
1,32,-0.09743348,0.07929773,-0.17955375,1.0
2,0,0.039125416,1.4028436,-0.11067742,1.0
2,1,0.0105753485,1.4113576,-0.10019806,1.0
2,2,0.022589186,1.4339914,-0.09500477,1.0
2,3,0.021308206,1.41752,-0.09718389,1.0
2,4,0.017392794,1.4249492,-0.14559424,1.0
2,5,0.022138905,1.4373674,-0.16512528,1.0
2,6,0.027110038,1.41711,-0.1333747,1.0
2,7,-0.032685146,1.4207221,-0.04684406,1.0
2,8,-0.053414088,1.3430874,-0.142389,1.0
2,9,0.030266235,1.4082961,-0.082623065,1.0
2,10,0.029639168,1.3629047,-0.13484606,1.0
2,11,0.007898357,1.335032,0.07632865,1.0
2,12,-0.0763794,1.2799146,-0.083562985,1.0
2,13,0.09670723,1.4648349,0.106634095,1.0
2,14,-0.0732222,0.9939794,-0.1865886,1.0
2,15,0.18713085,1.5990243,0.14402197,1.0
2,16,-0.15137123,0.8006475,-0.26140648,1.0
2,17,0.2097626,1.635168,0.14226133,1.0
2,18,-0.14866847,0.7808188,-0.2882951,1.0
2,19,0.20050167,1.6543808,0.13774937,1.0
2,20,-0.13315885,0.8059659,-0.31328347,1.0
2,21,0.2083249,1.5834669,0.13087891,1.0
2,22,-0.14817643,0.80704427,-0.26315546,1.0
2,23,0.04288365,0.78140134,0.087616414,1.0
2,24,-0.033999644,0.7936495,-0.103546165,1.0
2,25,0.06752512,0.4134278,0.049299147,1.0
2,26,0.026201574,0.4814512,-0.11778233,1.0
2,27,-0.037406813,0.06305487,0.10323158,1.0
2,28,-0.14992611,0.12369884,-0.09556143,1.0
2,29,-0.071914315,0.036135763,0.11263169,1.0
2,30,-0.17041488,0.08851421,-0.1339941,1.0
2,31,-0.0059154527,-0.020937625,0.10251817,1.0
2,32,-0.09995569,0.06961872,-0.19164132,1.0
3,0,0.034972794,1.4058765,-0.11364457,1.0
3,1,0.0063104066,1.4150091,-0.10289441,1.0
3,2,0.018205862,1.4371169,-0.09727138,1.0
3,3,0.016408823,1.4204507,-0.09976106,1.0
3,4,0.012288938,1.4278376,-0.14783695,1.0
3,5,0.017331794,1.4405966,-0.16733764,1.0
3,6,0.023125013,1.4205632,-0.1357073,1.0
3,7,-0.035042927,1.4248718,-0.047543123,1.0
3,8,-0.05796014,1.346439,-0.1430474,1.0
3,9,0.02715871,1.4109054,-0.084740035,1.0
3,10,0.025850745,1.3664654,-0.13676883,1.0
3,11,0.009404089,1.3387772,0.0771877,1.0
3,12,-0.080336556,1.2810471,-0.084039755,1.0
3,13,0.0968406,1.4687376,0.108859845,1.0
3,14,-0.07518974,0.99365216,-0.18475586,1.0
3,15,0.18666339,1.6056075,0.14602524,1.0
3,16,-0.15171738,0.79826707,-0.25766018,1.0
3,17,0.20838091,1.6429561,0.14379644,1.0
3,18,-0.14847952,0.7778292,-0.28447607,1.0
3,19,0.19943883,1.661688,0.13924606,1.0
3,20,-0.1338485,0.80460846,-0.30991662,1.0
3,21,0.20790793,1.5907925,0.1324559,1.0
3,22,-0.14836113,0.80482465,-0.25985196,1.0
3,23,0.045461196,0.78360415,0.08829357,1.0
3,24,-0.036330927,0.7961046,-0.103906214,1.0
3,25,0.072808206,0.4154413,0.047934186,1.0
3,26,0.01766089,0.47899896,-0.120170765,1.0
3,27,-0.0359566,0.06391753,0.10770069,1.0
3,28,-0.15549108,0.118185915,-0.09528464,1.0
3,29,-0.07124872,0.037508275,0.1170785,1.0
3,30,-0.17498381,0.08219782,-0.13313419,1.0
3,31,-0.004937579,-0.020389356,0.10540569,1.0
3,32,-0.10350202,0.06267906,-0.19380814,1.0
4,0,0.033003323,1.4046762,-0.11368388,1.0
4,1,0.0044420576,1.4141855,-0.102565035,1.0
4,2,0.016149426,1.4364338,-0.09675032,1.0
4,3,0.0136761265,1.4199401,-0.09983404,1.0
4,4,0.009797872,1.4269246,-0.14814351,1.0
4,5,0.015664412,1.4395852,-0.16687359,1.0
4,6,0.021184586,1.4197999,-0.13585222,1.0
4,7,-0.03609913,1.4253826,-0.047347285,1.0
4,8,-0.059089236,1.3469044,-0.14212336,1.0
4,9,0.025252402,1.4106672,-0.08436974,1.0
4,10,0.024740024,1.365826,-0.13592875,1.0
4,11,0.008904085,1.3390974,0.07984543,1.0
4,12,-0.08018367,1.2815675,-0.083062835,1.0
4,13,0.09338852,1.4659828,0.114428625,1.0
4,14,-0.07518858,0.9951292,-0.17938901,1.0
4,15,0.18242502,1.6023799,0.15279053,1.0
4,16,-0.15129666,0.79956806,-0.24946222,1.0
4,17,0.20341308,1.6407495,0.1506484,1.0
4,18,-0.14788064,0.7814166,-0.2755997,1.0
4,19,0.19485304,1.6590999,0.14601445,1.0
4,20,-0.13409533,0.8077511,-0.30101493,1.0
4,21,0.20363988,1.5889788,0.13959506,1.0
4,22,-0.14807157,0.8074671,-0.25145632,1.0
4,23,0.046109382,0.78445,0.08872509,1.0
4,24,-0.036823012,0.7975667,-0.10483519,1.0
4,25,0.074783824,0.41758174,0.046284284,1.0
4,26,0.016813941,0.47863477,-0.1213929,1.0
4,27,-0.03665166,0.06510448,0.105114184,1.0
4,28,-0.15669204,0.12014521,-0.09341553,1.0
4,29,-0.072366595,0.038102593,0.11396271,1.0
4,30,-0.17651716,0.083877094,-0.13029414,1.0
4,31,-0.0064421445,-0.020805975,0.102695726,1.0
4,32,-0.10421774,0.062931426,-0.19055091,1.0
5,0,0.033115663,1.409727,-0.109101005,1.0
5,1,0.0050380593,1.4194058,-0.09708175,1.0
5,2,0.017028084,1.4427894,-0.091292195,1.0
5,3,0.01376086,1.4259284,-0.09511195,1.0
5,4,0.010090527,1.432658,-0.1432206,1.0
5,5,0.017110359,1.4443957,-0.16204599,1.0
5,6,0.021420944,1.4250053,-0.13166703,1.0
5,7,-0.035833932,1.4336792,-0.043186825,1.0
5,8,-0.058094565,1.3566867,-0.13662171,1.0
5,9,0.025130736,1.4179899,-0.078496546,1.0
5,10,0.02513024,1.3718845,-0.12992004,1.0
5,11,0.007670043,1.348967,0.086983085,1.0
5,12,-0.078876555,1.2951899,-0.07710668,1.0
5,13,0.092112795,1.4729501,0.12195077,1.0
5,14,-0.074789606,1.0095427,-0.17163423,1.0
5,15,0.18035303,1.6080331,0.15988077,1.0
5,16,-0.15052477,0.8131602,-0.24381605,1.0
5,17,0.20135784,1.646853,0.15661064,1.0
5,18,-0.14862013,0.79754937,-0.2699414,1.0
5,19,0.19230446,1.6651734,0.15265039,1.0
5,20,-0.13403961,0.82227296,-0.29522058,1.0
5,21,0.20162308,1.5950288,0.14749023,1.0
5,22,-0.14843047,0.8217352,-0.24538478,1.0
5,23,0.0448521,0.7975943,0.0886696,1.0
5,24,-0.035066016,0.8101502,-0.10561591,1.0
5,25,0.06886705,0.4257079,0.046439715,1.0
5,26,0.030194353,0.49126002,-0.12474132,1.0
5,27,-0.03781687,0.066481695,0.10108729,1.0
5,28,-0.14783826,0.13557452,-0.09691512,1.0
5,29,-0.073320046,0.037787315,0.1092888,1.0
5,30,-0.16898236,0.099332586,-0.13291189,1.0
5,31,-0.0060625914,-0.022026338,0.099119104,1.0
5,32,-0.09450547,0.07628727,-0.19222489,1.0
6,0,0.033772666,1.4070184,-0.1090774,1.0
6,1,0.0059271385,1.4167632,-0.09642753,1.0
6,2,0.017477786,1.4405774,-0.09027118,1.0
6,3,0.01370407,1.4233886,-0.09468508,1.0
6,4,0.01027385,1.4303429,-0.14333563,1.0
6,5,0.018425813,1.4415361,-0.1618766,1.0
6,6,0.022041447,1.422545,-0.13187113,1.0
6,7,-0.036240965,1.4323083,-0.043196447,1.0
6,8,-0.057845652,1.3561627,-0.13745451,1.0
6,9,0.025140442,1.4158472,-0.07764189,1.0
6,10,0.025725344,1.3695362,-0.12915489,1.0
6,11,0.0060272794,1.347686,0.088305146,1.0
6,12,-0.07843966,1.2952288,-0.077578574,1.0
6,13,0.08883389,1.4689598,0.12321418,1.0
6,14,-0.07476594,1.0114999,-0.17052133,1.0
6,15,0.17341813,1.6022038,0.16046318,1.0
6,16,-0.14972454,0.81414866,-0.2411798,1.0
6,17,0.1937722,1.6412051,0.15669319,1.0
6,18,-0.14755355,0.8008732,-0.2668715,1.0
6,19,0.18402337,1.659876,0.15336081,1.0
6,20,-0.13341382,0.82460064,-0.29173523,1.0
6,21,0.19441313,1.5902199,0.14857051,1.0
6,22,-0.14780037,0.82369405,-0.2424421,1.0
6,23,0.044817667,0.7973887,0.08894369,1.0
6,24,-0.03465309,0.8098348,-0.10627526,1.0
6,25,0.069554836,0.42619622,0.04608935,1.0
6,26,0.030829404,0.4901571,-0.12492762,1.0
6,27,-0.0388486,0.067443416,0.09994917,1.0
6,28,-0.14752293,0.13431866,-0.09521986,1.0
6,29,-0.07434496,0.03807617,0.10781251,1.0
6,30,-0.16936341,0.09757485,-0.13019744,1.0
6,31,-0.007961475,-0.02251432,0.098542966,1.0
6,32,-0.093926854,0.07434652,-0.18986356,1.0
7,0,0.034267154,1.4048508,-0.10818792,1.0
7,1,0.006622443,1.4147873,-0.095767155,1.0
7,2,0.017987667,1.4391747,-0.08893868,1.0
7,3,0.01350155,1.4215983,-0.094011,1.0
7,4,0.010556397,1.4289597,-0.14269073,1.0
7,5,0.019989539,1.4391906,-0.16152956,1.0
7,6,0.022809565,1.4207523,-0.13169377,1.0
7,7,-0.037141457,1.4319813,-0.044054378,1.0
7,8,-0.056693465,1.3571364,-0.1389844,1.0
7,9,0.024775986,1.4144229,-0.07624907,1.0
7,10,0.026078058,1.3681816,-0.12772122,1.0
7,11,0.0024069184,1.3480147,0.08851001,1.0
7,12,-0.07786565,1.298408,-0.07838633,1.0
7,13,0.082486235,1.4661165,0.12309221,1.0
7,14,-0.07504323,1.0164547,-0.17124882,1.0
7,15,0.16405347,1.5985563,0.16059096,1.0
7,16,-0.14805822,0.81865907,-0.24279942,1.0
7,17,0.18458317,1.6378667,0.15636997,1.0
7,18,-0.14522591,0.8070026,-0.26863438,1.0
7,19,0.17430915,1.6566136,0.15390629,1.0
7,20,-0.13093458,0.8301709,-0.29304847,1.0
7,21,0.18564898,1.5868905,0.14900315,1.0
7,22,-0.14627741,0.8288168,-0.24382079,1.0
7,23,0.044087455,0.79946005,0.08912341,1.0
7,24,-0.033137463,0.8117667,-0.10654459,1.0
7,25,0.0696129,0.42728877,0.047003925,1.0
7,26,0.032841165,0.49202377,-0.1255801,1.0
7,27,-0.040570457,0.06976704,0.10083164,1.0
7,28,-0.14646082,0.13640344,-0.09417589,1.0
7,29,-0.076157354,0.039811946,0.10838926,1.0
7,30,-0.16898835,0.09957872,-0.1282243,1.0
7,31,-0.01128905,-0.022745417,0.100565895,1.0
7,32,-0.092449576,0.075177245,-0.18758816,1.0
8,0,0.03508972,1.4027315,-0.10879391,1.0
8,1,0.0072360476,1.4122651,-0.09598927,1.0
8,2,0.018429508,1.4372513,-0.089098915,1.0
8,3,0.013177323,1.4193423,-0.09427679,1.0
8,4,0.011168278,1.4271114,-0.14333513,1.0
8,5,0.021306548,1.436617,-0.16256344,1.0
8,6,0.0238701,1.4186558,-0.13282025,1.0
8,7,-0.038841955,1.4312942,-0.04577473,1.0
8,8,-0.055920966,1.3569676,-0.14216386,1.0
8,9,0.02430353,1.4128256,-0.076163426,1.0
8,10,0.026488004,1.3662622,-0.12775484,1.0
8,11,-0.002064339,1.3477904,0.087607786,1.0
8,12,-0.07777143,1.2988212,-0.08081296,1.0
8,13,0.07525449,1.4638096,0.12200684,1.0
8,14,-0.07542933,1.0183723,-0.17296426,1.0
8,15,0.15627758,1.5941913,0.15806046,1.0
8,16,-0.14705692,0.8200077,-0.24406742,1.0
8,17,0.17722245,1.6333686,0.15311417,1.0
8,18,-0.14321291,0.8102941,-0.26940802,1.0
8,19,0.166684,1.6520431,0.15118325,1.0
8,20,-0.12931523,0.83281726,-0.29303226,1.0
8,21,0.17828235,1.5825026,0.14639764,1.0
8,22,-0.1451302,0.8309269,-0.24435863,1.0
8,23,0.04336372,0.7992811,0.089257956,1.0
8,24,-0.031521853,0.8111628,-0.106845796,1.0
8,25,0.06950177,0.42602795,0.048333313,1.0
8,26,0.03284974,0.48977518,-0.12596308,1.0
8,27,-0.04379862,0.07271023,0.10671625,1.0
8,28,-0.14926186,0.13179913,-0.09342388,1.0
8,29,-0.07929129,0.042235427,0.11490691,1.0
8,30,-0.17259292,0.09481282,-0.12660448,1.0
8,31,-0.01691423,-0.022993952,0.10994021,1.0
8,32,-0.095587805,0.069350705,-0.18636374,1.0
9,0,0.03586491,1.4012308,-0.10820692,1.0
9,1,0.008164534,1.410947,-0.095549524,1.0
9,2,0.019415889,1.4360503,-0.088034585,1.0
9,3,0.013358931,1.4181688,-0.09343249,1.0
9,4,0.0115969125,1.4263555,-0.14302376,1.0
9,5,0.022646312,1.4350839,-0.16283664,1.0
9,6,0.024306906,1.417731,-0.13290752,1.0
9,7,-0.039362647,1.4311786,-0.046266552,1.0
9,8,-0.055319816,1.3576536,-0.14355929,1.0
9,9,0.0242757,1.4119301,-0.07489876,1.0
9,10,0.026718413,1.3652111,-0.12669659,1.0
9,11,-0.004887044,1.3476499,0.08763485,1.0
9,12,-0.077472456,1.3002415,-0.08152,1.0
9,13,0.07004109,1.4603113,0.12091267,1.0
9,14,-0.07579335,1.0222771,-0.17455846,1.0
9,15,0.14497824,1.5859774,0.15587738,1.0
9,16,-0.14550433,0.8238342,-0.24562034,1.0
9,17,0.16548686,1.6241657,0.15031095,1.0
9,18,-0.14084779,0.81601644,-0.27062985,1.0
9,19,0.15365663,1.642612,0.1488674,1.0
9,20,-0.12670183,0.83807385,-0.293209,1.0
9,21,0.16697493,1.5737817,0.1442389,1.0
9,22,-0.1437912,0.835353,-0.24502361,1.0
9,23,0.043217365,0.80023515,0.0892089,1.0
9,24,-0.030391708,0.81195885,-0.10709244,1.0
9,25,0.067704365,0.42463872,0.0495149,1.0
9,26,0.033972535,0.48965836,-0.12638067,1.0
9,27,-0.045025356,0.07415578,0.10649271,1.0
9,28,-0.14902897,0.12891722,-0.095930085,1.0
9,29,-0.08012668,0.043369755,0.11466028,1.0
9,30,-0.17304605,0.09126064,-0.12814689,1.0
9,31,-0.019499026,-0.023240179,0.11083096,1.0
9,32,-0.09497679,0.065561764,-0.18888399,1.0
10,0,0.036697697,1.4013313,-0.1096742,1.0
10,1,0.008961987,1.4107783,-0.096850514,1.0
10,2,0.019941345,1.4359615,-0.08904321,1.0
10,3,0.013378876,1.4182503,-0.09452434,1.0
10,4,0.012187796,1.4266213,-0.1447375,1.0
10,5,0.023771659,1.4343823,-0.16533229,1.0
10,6,0.024884352,1.4176755,-0.13460279,1.0
10,7,-0.04067903,1.4318345,-0.049402937,1.0
10,8,-0.054797713,1.3587885,-0.14751174,1.0
10,9,0.024192331,1.4121233,-0.07584095,1.0
10,10,0.026605362,1.365425,-0.12825617,1.0
10,11,-0.008573198,1.3479053,0.082867,1.0
10,12,-0.07645489,1.3012632,-0.085143626,1.0
10,13,0.06499232,1.4596525,0.11210092,1.0
10,14,-0.07626745,1.0240654,-0.18058231,1.0
10,15,0.13789137,1.5809963,0.14497416,1.0
10,16,-0.14200938,0.8250342,-0.2511683,1.0
10,17,0.15950687,1.6176115,0.1382877,1.0
10,18,-0.13602725,0.8179732,-0.27594966,1.0
10,19,0.14677459,1.6356183,0.13747607,1.0
10,20,-0.12131186,0.83962756,-0.29687658,1.0
10,21,0.16068096,1.5674478,0.13301657,1.0
10,22,-0.14017506,0.8361553,-0.24948546,1.0
10,23,0.042554222,0.80138844,0.08846989,1.0
10,24,-0.028824456,0.81231076,-0.106361724,1.0
10,25,0.06439655,0.42406866,0.050202187,1.0
10,26,0.03604886,0.48906857,-0.12539238,1.0
10,27,-0.04887089,0.07551121,0.106263675,1.0
10,28,-0.14831063,0.124744676,-0.096515656,1.0
10,29,-0.08389827,0.044615865,0.11511451,1.0
10,30,-0.17329937,0.08640498,-0.12775874,1.0
10,31,-0.026358187,-0.023676768,0.11239564,1.0
10,32,-0.09470082,0.061174363,-0.18969081,1.0
11,0,0.037383415,1.4033154,-0.114351496,1.0
11,1,0.009368331,1.412593,-0.10115032,1.0
11,2,0.020298906,1.4371833,-0.09328263,1.0
11,3,0.013540399,1.4198215,-0.09852473,1.0
11,4,0.01268127,1.4282068,-0.14927632,1.0
11,5,0.024242923,1.435243,-0.16999154,1.0
11,6,0.024824029,1.4195669,-0.13885868,1.0
11,7,-0.041420564,1.4332675,-0.053605422,1.0
11,8,-0.05431858,1.3599817,-0.1530184,1.0
11,9,0.023897283,1.4131806,-0.079649396,1.0
11,10,0.026605962,1.3664738,-0.13193987,1.0
11,11,-0.0095412005,1.3490336,0.078578755,1.0
11,12,-0.075134255,1.302411,-0.08960675,1.0
11,13,0.06576965,1.4606544,0.10688543,1.0
11,14,-0.074877895,1.024561,-0.18409298,1.0
11,15,0.13546431,1.5780147,0.13832013,1.0
11,16,-0.13766426,0.82416445,-0.25246477,1.0
11,17,0.15790679,1.6133398,0.13105887,1.0
11,18,-0.13034907,0.8171443,-0.27722505,1.0
11,19,0.14324707,1.6304235,0.13105695,1.0
11,20,-0.11635645,0.8390705,-0.2973602,1.0
11,21,0.1583552,1.5636431,0.12673858,1.0
11,22,-0.13522585,0.83527523,-0.25025365,1.0
11,23,0.042827304,0.8018178,0.08853501,1.0
11,24,-0.02837208,0.8129232,-0.10708874,1.0
11,25,0.065394275,0.42422044,0.051191114,1.0
11,26,0.03293186,0.48939806,-0.12686753,1.0
11,27,-0.050847895,0.07920868,0.10917685,1.0
11,28,-0.14984427,0.1201965,-0.10227453,1.0
11,29,-0.08561145,0.047784664,0.11857632,1.0
11,30,-0.17522621,0.08210067,-0.13323429,1.0
11,31,-0.030767716,-0.020923661,0.11714754,1.0
11,32,-0.09500815,0.05693441,-0.1971958,1.0
12,0,0.036814943,1.4070209,-0.117192805,1.0
12,1,0.009255474,1.4162297,-0.10459173,1.0
12,2,0.019874752,1.4404844,-0.09611465,1.0
12,3,0.012917793,1.4236311,-0.10130484,1.0
12,4,0.012125254,1.4321032,-0.15221354,1.0
12,5,0.023929339,1.4383101,-0.17352536,1.0
12,6,0.024265805,1.4234128,-0.14196208,1.0
12,7,-0.042918347,1.4375111,-0.058238965,1.0
12,8,-0.05420395,1.3638752,-0.1574577,1.0
12,9,0.023002528,1.4166352,-0.08212648,1.0
12,10,0.025542924,1.3701943,-0.1346685,1.0
12,11,-0.011608664,1.3533448,0.07268076,1.0
12,12,-0.07404801,1.3057168,-0.09300367,1.0
12,13,0.064288996,1.4648043,0.09722177,1.0
12,14,-0.07325086,1.0265126,-0.18976635,1.0
12,15,0.13114889,1.579801,0.12659495,1.0
12,16,-0.13312678,0.82589936,-0.258433,1.0
12,17,0.15449607,1.6143553,0.11828326,1.0
12,18,-0.124767296,0.81834835,-0.2826986,1.0
12,19,0.13896956,1.6309952,0.11898431,1.0
12,20,-0.11044045,0.84104395,-0.3021269,1.0
12,21,0.15475176,1.5642495,0.11468523,1.0
12,22,-0.1308897,0.83631706,-0.25543785,1.0
12,23,0.04251424,0.8061749,0.08782783,1.0
12,24,-0.026803952,0.81681806,-0.10607754,1.0
12,25,0.062241443,0.42631516,0.05181844,1.0
12,26,0.03432904,0.49226415,-0.12561803,1.0
12,27,-0.051503845,0.08168498,0.10921437,1.0
12,28,-0.14943102,0.12012051,-0.10134279,1.0
12,29,-0.085557155,0.049882904,0.11909844,1.0
12,30,-0.1754092,0.081538886,-0.13129379,1.0
12,31,-0.031916946,-0.01957287,0.11829929,1.0
12,32,-0.09513699,0.05593402,-0.19497937,1.0
13,0,0.03578195,1.4104553,-0.118747056,1.0
13,1,0.008021771,1.419785,-0.10631217,1.0
13,2,0.018456118,1.4441564,-0.097811095,1.0
13,3,0.011041868,1.4274226,-0.10331165,1.0
13,4,0.010714822,1.4355783,-0.15381972,1.0
13,5,0.022803906,1.4417998,-0.17587404,1.0
13,6,0.023273911,1.4268638,-0.14387563,1.0
13,7,-0.045486458,1.4413043,-0.06177415,1.0
13,8,-0.05443063,1.3673345,-0.1606532,1.0
13,9,0.021196468,1.420465,-0.0837206,1.0
13,10,0.024383051,1.3739252,-0.13622218,1.0
13,11,-0.014444513,1.3568258,0.06972499,1.0
13,12,-0.07360053,1.3083888,-0.09634998,1.0
13,13,0.062292323,1.4670807,0.0940951,1.0
13,14,-0.071649455,1.0273331,-0.19458887,1.0
13,15,0.12818478,1.5805476,0.12392887,1.0
13,16,-0.12814073,0.8270495,-0.26514357,1.0
13,17,0.15169188,1.6144968,0.1148705,1.0
13,18,-0.11880309,0.8192347,-0.28953865,1.0
13,19,0.13630576,1.6308706,0.11639254,1.0
13,20,-0.10406667,0.8427832,-0.30835184,1.0
13,21,0.1526456,1.5640812,0.111429356,1.0
13,22,-0.12592955,0.83724594,-0.2615686,1.0
13,23,0.04183938,0.80987394,0.087821215,1.0
13,24,-0.025353376,0.82030547,-0.10558403,1.0
13,25,0.060459763,0.42580414,0.053031135,1.0
13,26,0.036145117,0.49517748,-0.12469136,1.0
13,27,-0.05089724,0.08124502,0.10977995,1.0
13,28,-0.14858398,0.12157745,-0.10063657,1.0
13,29,-0.08496152,0.049553137,0.11965914,1.0
13,30,-0.17487451,0.083252184,-0.13024475,1.0
13,31,-0.031138916,-0.019989803,0.119360775,1.0
13,32,-0.094539784,0.057564817,-0.19376454,1.0
14,0,0.03481411,1.4116747,-0.11838133,1.0
14,1,0.006682132,1.4209907,-0.106243536,1.0
14,2,0.016972873,1.4454666,-0.09765826,1.0
14,3,0.009164375,1.4288714,-0.103649236,1.0
14,4,0.009506793,1.436618,-0.15326677,1.0
14,5,0.021934235,1.4428672,-0.17616367,1.0
14,6,0.022305565,1.4278616,-0.14383392,1.0
14,7,-0.047641665,1.4424367,-0.064130165,1.0
14,8,-0.05345776,1.3678986,-0.1619263,1.0
14,9,0.019925885,1.4218533,-0.08387017,1.0
14,10,0.02384867,1.3751813,-0.13563028,1.0
14,11,-0.016592868,1.3572781,0.06871578,1.0
14,12,-0.07119625,1.3081077,-0.09856556,1.0
14,13,0.059670657,1.4652447,0.09402903,1.0
14,14,-0.06888986,1.0245824,-0.19717562,1.0
14,15,0.124774426,1.5785484,0.12432346,1.0
14,16,-0.119371995,0.8250633,-0.27000806,1.0
14,17,0.14817663,1.6123397,0.11445663,1.0
14,18,-0.10812681,0.8175992,-0.29503104,1.0
14,19,0.13345473,1.6286882,0.11671384,1.0
14,20,-0.09255378,0.8426481,-0.31298992,1.0
14,21,0.15011118,1.5614673,0.11118095,1.0
14,22,-0.116703905,0.83591413,-0.26604548,1.0
14,23,0.04069676,0.8107938,0.08842665,1.0
14,24,-0.023491189,0.8213203,-0.106063694,1.0
14,25,0.06024389,0.42386988,0.056709472,1.0
14,26,0.0373332,0.4958121,-0.12550382,1.0
14,27,-0.051076453,0.082063675,0.119142644,1.0
14,28,-0.14789031,0.12198577,-0.10037653,1.0
14,29,-0.08558334,0.05046455,0.12925433,1.0
14,30,-0.17417935,0.0841993,-0.12928045,1.0
14,31,-0.03144589,-0.019365773,0.1305836,1.0
14,32,-0.09234797,0.057862036,-0.19259228,1.0
15,0,0.034964353,1.4124255,-0.11807674,1.0
15,1,0.0066326614,1.4216849,-0.10544449,1.0
15,2,0.016545633,1.4466125,-0.09671882,1.0
15,3,0.00858773,1.4297447,-0.10319293,1.0
15,4,0.00930741,1.4374415,-0.15278757,1.0
15,5,0.021953909,1.4436952,-0.17580932,1.0
15,6,0.022281574,1.4285635,-0.14348868,1.0
15,7,-0.0485638,1.4433184,-0.06435886,1.0
15,8,-0.05302642,1.3686453,-0.16214125,1.0
15,9,0.019512769,1.4231095,-0.083505616,1.0
15,10,0.024067612,1.376002,-0.13477662,1.0
15,11,-0.018297609,1.3580084,0.06944373,1.0
15,12,-0.07013956,1.3082633,-0.09923327,1.0
15,13,0.05651381,1.4654013,0.09699507,1.0
15,14,-0.065703616,1.0240339,-0.19660142,1.0
15,15,0.12108802,1.5766239,0.12847492,1.0
15,16,-0.11647549,0.8256412,-0.26957262,1.0
15,17,0.14420842,1.6101719,0.118460946,1.0
15,18,-0.105032936,0.81951034,-0.29465044,1.0
15,19,0.1297101,1.6264834,0.12138885,1.0
15,20,-0.09045081,0.84476334,-0.31256753,1.0
15,21,0.14642763,1.5597926,0.11539945,1.0
15,22,-0.11383006,0.8372974,-0.26530847,1.0
15,23,0.04012342,0.8111765,0.08902156,1.0
15,24,-0.022630487,0.8220381,-0.106684074,1.0
15,25,0.06121601,0.42280117,0.057702288,1.0
15,26,0.03707845,0.49641338,-0.12592901,1.0
15,27,-0.05189894,0.08199542,0.1213587,1.0
15,28,-0.14758444,0.12281719,-0.10015844,1.0
15,29,-0.08673995,0.050141163,0.13135028,1.0
15,30,-0.1738662,0.0853683,-0.12874566,1.0
15,31,-0.032327034,-0.019416066,0.13344795,1.0
15,32,-0.09056919,0.059234552,-0.19223303,1.0
16,0,0.034836467,1.4128356,-0.11698355,1.0
16,1,0.006582419,1.4223007,-0.10463938,1.0
16,2,0.01596014,1.44768,-0.0954214,1.0
16,3,0.00782388,1.4303124,-0.10259872,1.0
16,4,0.009191442,1.4379011,-0.15174325,1.0
16,5,0.022168398,1.4441375,-0.17480607,1.0
16,6,0.022539927,1.4289255,-0.14253072,1.0
16,7,-0.049185082,1.4438998,-0.06500292,1.0
16,8,-0.051644184,1.3691229,-0.16182688,1.0
16,9,0.019758074,1.4239279,-0.082924,1.0
16,10,0.024339879,1.3764404,-0.13352276,1.0
16,11,-0.019952526,1.3587788,0.06888735,1.0
16,12,-0.067344725,1.3074939,-0.09964705,1.0
16,13,0.052412078,1.4650558,0.096996084,1.0
16,14,-0.0644445,1.0221369,-0.19618791,1.0
16,15,0.11788938,1.5739448,0.12919946,1.0
16,16,-0.111617655,0.8248531,-0.26940775,1.0
16,17,0.14084563,1.6071372,0.118885376,1.0
16,18,-0.09878413,0.81909084,-0.2946851,1.0
16,19,0.12702559,1.6232541,0.12192094,1.0
16,20,-0.08351366,0.84496886,-0.31203213,1.0
16,21,0.14349726,1.5567946,0.1156516,1.0
16,22,-0.108563,0.8369025,-0.26486325,1.0
16,23,0.038663156,0.81175953,0.089311585,1.0
16,24,-0.020930203,0.8231793,-0.10592256,1.0
16,25,0.058089517,0.4222056,0.05973883,1.0
16,26,0.0390051,0.49627185,-0.12449131,1.0
16,27,-0.051485263,0.08090168,0.123273425,1.0
16,28,-0.14582095,0.12509039,-0.09459356,1.0
16,29,-0.0862216,0.049262684,0.13297662,1.0
16,30,-0.1716983,0.08723888,-0.122427806,1.0
16,31,-0.031079993,-0.019698428,0.13568032,1.0
16,32,-0.08763275,0.06126055,-0.18437287,1.0
17,0,0.035374027,1.4163737,-0.118154824,1.0
17,1,0.0065497602,1.4259957,-0.1056205,1.0
17,2,0.015463147,1.4516467,-0.09616311,1.0
17,3,0.0075390907,1.433801,-0.10358254,1.0
17,4,0.009081937,1.4411641,-0.15303308,1.0
17,5,0.022424921,1.447507,-0.1761349,1.0
17,6,0.02267876,1.4323217,-0.14359845,1.0
17,7,-0.050542124,1.4475416,-0.066767454,1.0
17,8,-0.05106016,1.3725027,-0.16411656,1.0
17,9,0.019400105,1.427641,-0.08362887,1.0
17,10,0.024551814,1.3799863,-0.13402767,1.0
17,11,-0.02201013,1.3625644,0.06827009,1.0
17,12,-0.06545434,1.3103715,-0.10156352,1.0
17,13,0.048041575,1.4679879,0.09746577,1.0
17,14,-0.061544232,1.024144,-0.19678812,1.0
17,15,0.11452536,1.5754802,0.12946549,1.0
17,16,-0.107472345,0.8285627,-0.26940012,1.0
17,17,0.1381966,1.6086473,0.11877253,1.0
17,18,-0.09392627,0.8234638,-0.2947439,1.0
17,19,0.1247306,1.6243505,0.12219478,1.0
17,20,-0.07942052,0.8501806,-0.31159174,1.0
17,21,0.14065783,1.5580642,0.11586104,1.0
17,22,-0.10439592,0.84063035,-0.2642633,1.0
17,23,0.03801272,0.8149067,0.08971213,1.0
17,24,-0.019667711,0.82672703,-0.10632974,1.0
17,25,0.057915367,0.4235704,0.059654508,1.0
17,26,0.03925913,0.49832967,-0.12444065,1.0
17,27,-0.05164138,0.082277395,0.12355179,1.0
17,28,-0.14513041,0.12489521,-0.0946495,1.0
17,29,-0.08625792,0.050469715,0.13333662,1.0
17,30,-0.17101805,0.087321475,-0.12217213,1.0
17,31,-0.03123523,-0.018786982,0.13664678,1.0
17,32,-0.08481137,0.060869478,-0.18429108,1.0
18,0,0.037342332,1.4174536,-0.12239192,1.0
18,1,0.007907611,1.4269522,-0.10953283,1.0
18,2,0.016864667,1.4527711,-0.10023724,1.0
18,3,0.008811469,1.4347098,-0.10776696,1.0
18,4,0.010626535,1.4420588,-0.15745683,1.0
18,5,0.024305405,1.4482256,-0.180778,1.0
18,6,0.02441424,1.4331056,-0.14835934,1.0
18,7,-0.050032906,1.4483039,-0.07151643,1.0
18,8,-0.04947547,1.3733678,-0.1689455,1.0
18,9,0.02027636,1.4289397,-0.08740166,1.0
18,10,0.025788354,1.3809128,-0.13796115,1.0
18,11,-0.023701746,1.3631711,0.06563957,1.0
18,12,-0.0623397,1.3111186,-0.106160894,1.0
18,13,0.044238023,1.4671109,0.09536116,1.0
18,14,-0.055031486,1.024731,-0.1999424,1.0
18,15,0.111659646,1.5735486,0.12596701,1.0
18,16,-0.10359901,0.8310639,-0.27228016,1.0
18,17,0.13611229,1.6068834,0.11479528,1.0
18,18,-0.09070392,0.8272016,-0.29746363,1.0
18,19,0.12309693,1.622504,0.11831355,1.0
18,20,-0.077372134,0.8533679,-0.3139438,1.0
18,21,0.13844031,1.5559518,0.11199674,1.0
18,22,-0.101041205,0.84283936,-0.2665215,1.0
18,23,0.037441224,0.815832,0.09022124,1.0
18,24,-0.018510817,0.8273673,-0.1070482,1.0
18,25,0.05813585,0.4240618,0.060036372,1.0
18,26,0.040483017,0.4991556,-0.123341896,1.0
18,27,-0.052505184,0.08293735,0.12426027,1.0
18,28,-0.14402217,0.12560824,-0.09261892,1.0
18,29,-0.08669872,0.050642878,0.13472722,1.0
18,30,-0.17022155,0.08911109,-0.12001245,1.0
18,31,-0.031445764,-0.01879264,0.13880435,1.0
18,32,-0.083005495,0.061825953,-0.18146378,1.0
19,0,0.04410386,1.4205482,-0.12980969,1.0
19,1,0.01425531,1.4300437,-0.116523355,1.0
19,2,0.022446377,1.4554924,-0.10713097,1.0
19,3,0.014938465,1.4368572,-0.114127934,1.0
19,4,0.016606022,1.4446614,-0.16524291,1.0
19,5,0.030465353,1.4506071,-0.18839888,1.0
19,6,0.03061115,1.4363525,-0.1562805,1.0
19,7,-0.0470694,1.4503969,-0.07766697,1.0
19,8,-0.04469899,1.3757145,-0.17804779,1.0
19,9,0.025128042,1.4314473,-0.093501545,1.0
19,10,0.030775463,1.3836472,-0.1443407,1.0
19,11,-0.023082769,1.3658072,0.06161384,1.0
19,12,-0.059252415,1.3120886,-0.11319341,1.0
19,13,0.04393147,1.4688494,0.09147625,1.0
19,14,-0.049721085,1.0243523,-0.20375822,1.0
19,15,0.11040124,1.574121,0.118379794,1.0
19,16,-0.09884326,0.8325229,-0.27404353,1.0
19,17,0.13516855,1.6077564,0.10623139,1.0
19,18,-0.085382186,0.8295169,-0.29905152,1.0
19,19,0.121472046,1.6232836,0.11032918,1.0
19,20,-0.0737042,0.85697126,-0.31471276,1.0
19,21,0.13699901,1.5564462,0.10435989,1.0
19,22,-0.09563475,0.84369135,-0.2679228,1.0
19,23,0.0373485,0.81788194,0.09096542,1.0
19,24,-0.01785958,0.8291255,-0.10827435,1.0
19,25,0.062588125,0.4252087,0.060316805,1.0
19,26,0.03779211,0.49917445,-0.12311765,1.0
19,27,-0.053369943,0.084147915,0.12922296,1.0
19,28,-0.14367045,0.12091057,-0.09132369,1.0
19,29,-0.086562894,0.05155913,0.14028952,1.0
19,30,-0.17004524,0.08527283,-0.11859582,1.0
19,31,-0.032203067,-0.017011497,0.14452426,1.0
19,32,-0.081855714,0.058522552,-0.18148345,1.0
20,0,0.048073024,1.4250289,-0.134184,1.0
20,1,0.01859414,1.4347888,-0.12081769,1.0
20,2,0.025442207,1.4604956,-0.110883586,1.0
20,3,0.018368531,1.4406058,-0.11755453,1.0
20,4,0.020047637,1.4488761,-0.16968766,1.0
20,5,0.034152806,1.4548625,-0.19228187,1.0
20,6,0.03458299,1.4409943,-0.16046797,1.0
20,7,-0.045287244,1.4545523,-0.080827616,1.0
20,8,-0.041621394,1.3804787,-0.18246838,1.0
20,9,0.028835813,1.4359103,-0.09679554,1.0
20,10,0.033644866,1.3883008,-0.14729102,1.0
20,11,-0.021698002,1.3713588,0.05865952,1.0
20,12,-0.05944275,1.3146651,-0.11744862,1.0
20,13,0.04141797,1.4763862,0.08873936,1.0
20,14,-0.04839495,1.0254244,-0.20532732,1.0
20,15,0.10619588,1.5802181,0.1148457,1.0
20,16,-0.09816754,0.8341404,-0.27488884,1.0
20,17,0.13022165,1.6137884,0.10184126,1.0
20,18,-0.083979435,0.8304434,-0.2995,1.0
20,19,0.11634977,1.6290745,0.10644992,1.0
20,20,-0.0728697,0.8589252,-0.31533137,1.0
20,21,0.13259527,1.5620654,0.0999396,1.0
20,22,-0.09390942,0.8440467,-0.2687405,1.0
20,23,0.037938993,0.82168907,0.091110975,1.0
20,24,-0.017923405,0.8335743,-0.107175946,1.0
20,25,0.062048264,0.4262775,0.05973064,1.0
20,26,0.029964175,0.4998275,-0.12036077,1.0
20,27,-0.052995875,0.08200574,0.13276885,1.0
20,28,-0.14670351,0.11826391,-0.082992904,1.0
20,29,-0.085217185,0.0493672,0.14326458,1.0
20,30,-0.17201892,0.08242733,-0.109854415,1.0
20,31,-0.029078882,-0.016949713,0.14582326,1.0
20,32,-0.08467738,0.057344675,-0.1754227,1.0
21,0,0.054916054,1.4292828,-0.13742666,1.0
21,1,0.025738688,1.4387414,-0.12390949,1.0
21,2,0.03125234,1.4650636,-0.11318209,1.0
21,3,0.024220124,1.4437557,-0.11978261,1.0
21,4,0.026135737,1.4526654,-0.17281061,1.0
21,5,0.04130123,1.4587392,-0.1954119,1.0
21,6,0.040880192,1.4452379,-0.1637621,1.0
21,7,-0.041276313,1.4583002,-0.083803445,1.0
21,8,-0.036056787,1.3866215,-0.18676606,1.0
21,9,0.03550648,1.4398776,-0.098868966,1.0
21,10,0.039011747,1.3928361,-0.14870185,1.0
21,11,-0.019120518,1.3753421,0.056856107,1.0
21,12,-0.059089646,1.3181132,-0.12160234,1.0
21,13,0.03706884,1.4792801,0.08713782,1.0
21,14,-0.047323443,1.0284625,-0.20699552,1.0
21,15,0.09656311,1.5826776,0.11241365,1.0
21,16,-0.09568395,0.8386847,-0.27637857,1.0
21,17,0.11900812,1.6164461,0.09829344,1.0
21,18,-0.08053032,0.83555794,-0.30076498,1.0
21,19,0.10526523,1.6317928,0.10399598,1.0
21,20,-0.069469675,0.86521107,-0.3167847,1.0
21,21,0.122719,1.5636508,0.0969072,1.0
21,22,-0.09075873,0.84760135,-0.26982826,1.0
21,23,0.038328983,0.8265314,0.09094103,1.0
21,24,-0.017530082,0.8391237,-0.105691485,1.0
21,25,0.057064068,0.42363995,0.06043809,1.0
21,26,0.022984792,0.5006687,-0.115733705,1.0
21,27,-0.05371493,0.07645585,0.13640766,1.0
21,28,-0.14853767,0.117846206,-0.07424128,1.0
21,29,-0.0851433,0.043645296,0.14572518,1.0
21,30,-0.17321374,0.08172407,-0.10025871,1.0
21,31,-0.025261465,-0.0189192,0.14669487,1.0
21,32,-0.086989276,0.06057103,-0.16920862,1.0
22,0,0.06162796,1.4308006,-0.13764462,1.0
22,1,0.031872984,1.4396659,-0.123037696,1.0
22,2,0.038291145,1.4679605,-0.11243222,1.0
22,3,0.03002622,1.4449143,-0.12010527,1.0
22,4,0.033952087,1.4546186,-0.17202233,1.0
22,5,0.04856559,1.4600444,-0.19557837,1.0
22,6,0.047368042,1.4469258,-0.16434471,1.0
22,7,-0.03662075,1.4608852,-0.08513676,1.0
22,8,-0.028548747,1.3922243,-0.18773797,1.0
22,9,0.041254405,1.4421544,-0.098487325,1.0
22,10,0.04512116,1.3929542,-0.147826,1.0
22,11,-0.020077346,1.3791794,0.057138417,1.0
22,12,-0.054743078,1.3233798,-0.12358156,1.0
22,13,0.033414096,1.4816244,0.090304404,1.0
22,14,-0.045509942,1.038013,-0.20818008,1.0
22,15,0.08908235,1.5813656,0.115873076,1.0
22,16,-0.09423581,0.8488709,-0.2780051,1.0
22,17,0.10940461,1.6150846,0.10210154,1.0
22,18,-0.0803444,0.8489124,-0.30225435,1.0
22,19,0.0962636,1.6288916,0.10698716,1.0
22,20,-0.06921367,0.8764867,-0.31704655,1.0
22,21,0.11438798,1.5614321,0.100882106,1.0
22,22,-0.089809015,0.85884506,-0.26893067,1.0
22,23,0.035606228,0.83276194,0.09052783,1.0
22,24,-0.013726126,0.8454854,-0.10453555,1.0
22,25,0.027018564,0.4247126,0.06569492,1.0
22,26,0.026890803,0.50671023,-0.11031138,1.0
22,27,-0.05705041,0.07399605,0.13624348,1.0
22,28,-0.1451317,0.12430094,-0.06995786,1.0
22,29,-0.08526011,0.039826065,0.14546467,1.0
22,30,-0.17012204,0.08800873,-0.09411891,1.0
22,31,-0.022326432,-0.01963219,0.14737263,1.0
22,32,-0.08327379,0.06801556,-0.16273242,1.0
23,0,0.06637837,1.4375035,-0.11854415,1.0
23,1,0.036321007,1.4464797,-0.10198741,1.0
23,2,0.043402705,1.4766203,-0.09221449,1.0
23,3,0.034113277,1.4511185,-0.10108149,1.0
23,4,0.040735632,1.4617244,-0.15106288,1.0
23,5,0.053319927,1.467951,-0.17550798,1.0
23,6,0.052328244,1.4544501,-0.14498663,1.0
23,7,-0.032437943,1.4683635,-0.065544,1.0
23,8,-0.022339385,1.4013512,-0.16674747,1.0
23,9,0.04608615,1.4505587,-0.08060617,1.0
23,10,0.049574435,1.3983574,-0.12871951,1.0
23,11,-0.019446492,1.3858646,0.0752908,1.0
23,12,-0.050503425,1.3320507,-0.107121006,1.0
23,13,0.027457118,1.490005,0.11526743,1.0
23,14,-0.042106256,1.0493338,-0.1883132,1.0
23,15,0.08363905,1.5868555,0.14460118,1.0
23,16,-0.092099965,0.859458,-0.25823274,1.0
23,17,0.102604575,1.6194599,0.1309147,1.0
23,18,-0.07928667,0.8638176,-0.28183722,1.0
23,19,0.09159526,1.6324656,0.13453616,1.0
23,20,-0.0679871,0.8896909,-0.29649898,1.0
23,21,0.10827771,1.5650908,0.12973517,1.0
23,22,-0.08801505,0.87295324,-0.24826589,1.0
23,23,0.033470172,0.84047157,0.09022507,1.0
23,24,-0.011340288,0.8547422,-0.104628846,1.0
23,25,0.006223929,0.42683756,0.06668745,1.0
23,26,0.02983046,0.5152363,-0.110146396,1.0
23,27,-0.057844546,0.06780986,0.1321608,1.0
23,28,-0.14257088,0.13362375,-0.07186799,1.0
23,29,-0.0843652,0.03288976,0.14015646,1.0
23,30,-0.16708866,0.09570583,-0.09506559,1.0
23,31,-0.015908193,-0.021796303,0.14137442,1.0
23,32,-0.07898874,0.07843033,-0.16512257,1.0
24,0,0.06679053,1.4365608,-0.097578794,1.0
24,1,0.03659063,1.445851,-0.08071327,1.0
24,2,0.04326926,1.4767061,-0.07134432,1.0
24,3,0.03422852,1.4494523,-0.08155253,1.0
24,4,0.04277604,1.4608102,-0.12928535,1.0
24,5,0.054027654,1.4680879,-0.15458708,1.0
24,6,0.05293256,1.4535743,-0.12346211,1.0
24,7,-0.032588437,1.4665275,-0.04838354,1.0
24,8,-0.01734758,1.4005961,-0.14672908,1.0
24,9,0.047946475,1.4496379,-0.06277881,1.0
24,10,0.051275767,1.3969618,-0.109136365,1.0
24,11,-0.020392694,1.3849576,0.087994084,1.0
24,12,-0.044749264,1.3297712,-0.09266767,1.0
24,13,0.016064094,1.4924499,0.13315602,1.0
24,14,-0.039154425,1.0494792,-0.17683868,1.0
24,15,0.07227207,1.5884227,0.17015164,1.0
24,16,-0.09149845,0.8628233,-0.25246873,1.0
24,17,0.0899342,1.619971,0.15717365,1.0
24,18,-0.07956093,0.8702742,-0.27721515,1.0
24,19,0.08240281,1.6325709,0.16015509,1.0
24,20,-0.066709474,0.89701545,-0.29199848,1.0
24,21,0.096775256,1.5652739,0.15475632,1.0
24,22,-0.08768267,0.8795945,-0.24287903,1.0
24,23,0.030048411,0.839316,0.08957642,1.0
24,24,-0.00820262,0.85535115,-0.10349647,1.0
24,25,-0.010096465,0.4215409,0.067819655,1.0
24,26,0.030765299,0.5133014,-0.107516296,1.0
24,27,-0.058895547,0.060597874,0.13318181,1.0
24,28,-0.14116418,0.13541713,-0.07034171,1.0
24,29,-0.0855634,0.026021859,0.13980131,1.0
24,30,-0.16450584,0.09602788,-0.092993885,1.0
24,31,-0.011916495,-0.023141202,0.14077654,1.0
24,32,-0.07622778,0.08322107,-0.16218208,1.0
25,0,0.061446108,1.4481305,-0.08860144,1.0
25,1,0.03284403,1.4588652,-0.07416428,1.0
25,2,0.039917134,1.4895306,-0.061530612,1.0
25,3,0.028669376,1.4617468,-0.0734708,1.0
25,4,0.038113482,1.4742678,-0.1208356,1.0
25,5,0.05074595,1.4841897,-0.14402016,1.0
25,6,0.051293045,1.4663986,-0.113112874,1.0
25,7,-0.0319174,1.4746561,-0.04109957,1.0
25,8,-0.015061543,1.4075048,-0.1325815,1.0
25,9,0.047397725,1.4604384,-0.057862293,1.0
25,10,0.053188697,1.407887,-0.09925637,1.0
25,11,-0.018978495,1.3911947,0.092178464,1.0
25,12,-0.041950185,1.3323087,-0.08319765,1.0
25,13,0.010525992,1.5094194,0.1651431,1.0
25,14,-0.03846234,1.0493872,-0.17077693,1.0
25,15,0.07315913,1.6056156,0.24323593,1.0
25,16,-0.09036346,0.85293055,-0.2486451,1.0
25,17,0.08646623,1.635454,0.24043977,1.0
25,18,-0.077892415,0.85637635,-0.27626622,1.0
25,19,0.0836651,1.6435977,0.24362192,1.0
25,20,-0.062417928,0.8847694,-0.29226494,1.0
25,21,0.09715517,1.5795753,0.22973724,1.0
25,22,-0.08300647,0.8735941,-0.24216238,1.0
25,23,0.027263366,0.84146696,0.09058969,1.0
25,24,-0.007576989,0.8621377,-0.10128368,1.0
25,25,-0.007869868,0.42252222,0.06413059,1.0
25,26,0.024683675,0.5162665,-0.10984259,1.0
25,27,-0.0517241,0.056880463,0.1341545,1.0
25,28,-0.13749379,0.1428102,-0.061123714,1.0
25,29,-0.08077268,0.023506306,0.13563335,1.0
25,30,-0.15562189,0.1017691,-0.08478184,1.0
25,31,-0.0034924112,-0.023899667,0.13616079,1.0
25,32,-0.07304024,0.08644418,-0.14808239,1.0
26,0,0.060176857,1.4585165,-0.08997787,1.0
26,1,0.031652823,1.4700918,-0.076018676,1.0
26,2,0.039326824,1.5004878,-0.062705785,1.0
26,3,0.027191851,1.4724026,-0.07502975,1.0
26,4,0.037365314,1.4849333,-0.12242896,1.0
26,5,0.049917366,1.4960054,-0.14471562,1.0
26,6,0.050834656,1.4773623,-0.11342537,1.0
26,7,-0.029784432,1.4831362,-0.041996684,1.0
26,8,-0.013396701,1.4168513,-0.13021386,1.0
26,9,0.047873605,1.4703621,-0.06062635,1.0
26,10,0.05414148,1.4176933,-0.099658966,1.0
26,11,-0.01773446,1.3980217,0.09216668,1.0
26,12,-0.037447415,1.341574,-0.0813592,1.0
26,13,0.007796581,1.516672,0.17372404,1.0
26,14,-0.037403315,1.0574279,-0.16871513,1.0
26,15,0.07285505,1.6114613,0.26237053,1.0
26,16,-0.089707986,0.8560211,-0.24861948,1.0
26,17,0.085754916,1.6407313,0.26192826,1.0
26,18,-0.077930965,0.8580928,-0.27806127,1.0
26,19,0.08375615,1.6472661,0.26496902,1.0
26,20,-0.061042268,0.8860305,-0.29402825,1.0
26,21,0.09729576,1.5844971,0.24941914,1.0
26,22,-0.08155746,0.8783952,-0.24323395,1.0
26,23,0.026125833,0.84785104,0.090744495,1.0
26,24,-0.0065819398,0.87072027,-0.10119247,1.0
26,25,-0.0089363055,0.42787415,0.062228765,1.0
26,26,0.024938833,0.5235149,-0.11027509,1.0
26,27,-0.051424317,0.057637177,0.13152042,1.0
26,28,-0.13502963,0.15109389,-0.057805274,1.0
26,29,-0.08109891,0.0236311,0.13127153,1.0
26,30,-0.15110898,0.11042848,-0.08148388,1.0
26,31,-0.0029506227,-0.024243765,0.13251585,1.0
26,32,-0.06826949,0.09242977,-0.14299932,1.0
27,0,0.054888286,1.4572461,-0.09883246,1.0
27,1,0.025445564,1.4704734,-0.085421085,1.0
27,2,0.03769258,1.5016268,-0.071987316,1.0
27,3,0.023074195,1.4721562,-0.08358858,1.0
27,4,0.031691726,1.4865919,-0.13030237,1.0
27,5,0.042827986,1.5006818,-0.1509749,1.0
27,6,0.04583746,1.4758819,-0.117942855,1.0
27,7,-0.021738617,1.4796782,-0.046746634,1.0
27,8,-0.01659672,1.4161663,-0.12544867,1.0
27,9,0.048333254,1.468732,-0.070728086,1.0
27,10,0.05248756,1.4178025,-0.103339955,1.0
27,11,-0.009249609,1.3919289,0.098392904,1.0
27,12,-0.035526253,1.3441968,-0.06974438,1.0
27,13,0.012194488,1.5106229,0.21500099,1.0
27,14,-0.04066574,1.0583622,-0.15441762,1.0
27,15,0.07983451,1.610161,0.34850127,1.0
27,16,-0.09073733,0.84521747,-0.23290882,1.0
27,17,0.088129655,1.6417372,0.3608882,1.0
27,18,-0.07913319,0.84346384,-0.26822576,1.0
27,19,0.09130052,1.6415981,0.36155632,1.0
27,20,-0.061277155,0.87071395,-0.28352275,1.0
27,21,0.10744532,1.5838579,0.33923158,1.0
27,22,-0.080937274,0.8746374,-0.22953925,1.0
27,23,0.02754978,0.8437927,0.08912988,1.0
27,24,-0.007809451,0.8689097,-0.10035409,1.0
27,25,-0.009422157,0.42653397,0.057227533,1.0
27,26,0.020736517,0.52404994,-0.11101084,1.0
27,27,-0.047446407,0.05708892,0.12106822,1.0
27,28,-0.13052808,0.1509162,-0.05767932,1.0
27,29,-0.08196662,0.02753752,0.11430636,1.0
27,30,-0.13998777,0.11198486,-0.0826799,1.0
27,31,-0.008905412,-0.024513464,0.11530125,1.0
27,32,-0.061713245,0.089896664,-0.1422767,1.0
28,0,0.044470087,1.4486067,-0.11384302,1.0
28,1,0.018997412,1.4635439,-0.098753914,1.0
28,2,0.03407397,1.4971087,-0.08375508,1.0
28,3,0.01643879,1.4657148,-0.09586083,1.0
28,4,0.022897629,1.4824984,-0.13941906,1.0
28,5,0.03530734,1.49556,-0.16142471,1.0
28,6,0.03749428,1.4690422,-0.12711951,1.0
28,7,-0.010831721,1.4728982,-0.052002467,1.0
28,8,-0.022956623,1.4134655,-0.12139068,1.0
28,9,0.049016487,1.4606031,-0.081652746,1.0
28,10,0.047404535,1.4127239,-0.11176384,1.0
28,11,0.0008401172,1.3789306,0.110190466,1.0
28,12,-0.036630873,1.3397341,-0.05648561,1.0
28,13,0.014948117,1.4807487,0.25173184,1.0
28,14,-0.046163455,1.0528119,-0.13221693,1.0
28,15,0.08054086,1.5837619,0.4104754,1.0
28,16,-0.09133452,0.8368795,-0.21026057,1.0
28,17,0.082492955,1.6179897,0.4277661,1.0
28,18,-0.07810369,0.83825785,-0.2482189,1.0
28,19,0.09017503,1.6145573,0.42664048,1.0
28,20,-0.05976102,0.8663325,-0.26445848,1.0
28,21,0.10925783,1.5587744,0.39980567,1.0
28,22,-0.08238057,0.8758814,-0.20949572,1.0
28,23,0.030398633,0.8366268,0.08890578,1.0
28,24,-0.008672945,0.86402184,-0.099552065,1.0
28,25,-0.0077419654,0.42577642,0.0512398,1.0
28,26,0.018344805,0.5199315,-0.11534639,1.0
28,27,-0.046323832,0.05437833,0.10590978,1.0
28,28,-0.12977459,0.154038,-0.0615324,1.0
28,29,-0.084023654,0.027607502,0.09314595,1.0
28,30,-0.13229884,0.11218408,-0.085679546,1.0
28,31,-0.01495126,-0.02625537,0.09266336,1.0
28,32,-0.05983035,0.09022052,-0.14136781,1.0
29,0,0.03938314,1.4505367,-0.111636445,1.0
29,1,0.0170556,1.4661682,-0.09795512,1.0
29,2,0.032214116,1.4974662,-0.08372861,1.0
29,3,0.014284019,1.4683261,-0.0949199,1.0
29,4,0.020092009,1.4857724,-0.13743082,1.0
29,5,0.03324449,1.4982902,-0.15976739,1.0
29,6,0.036596075,1.4715536,-0.124936506,1.0
29,7,-0.010126255,1.4780941,-0.04803315,1.0
29,8,-0.024957838,1.4162508,-0.11980906,1.0
29,9,0.049340256,1.4609307,-0.07865078,1.0
29,10,0.045776986,1.415416,-0.110541485,1.0
29,11,0.0025815358,1.3772094,0.11382806,1.0
29,12,-0.041084714,1.34243,-0.056704946,1.0
29,13,0.0065475525,1.4586269,0.25756884,1.0
29,14,-0.059123285,1.0547673,-0.13449422,1.0
29,15,0.077596925,1.5571891,0.41995326,1.0
29,16,-0.09463669,0.82945746,-0.21347019,1.0
29,17,0.07821581,1.5900264,0.4378513,1.0
29,18,-0.078827195,0.82358474,-0.2515266,1.0
29,19,0.08993651,1.5851231,0.4363813,1.0
29,20,-0.0556455,0.8540568,-0.26905608,1.0
29,21,0.10891044,1.5320007,0.4068036,1.0
29,22,-0.084190786,0.86506444,-0.21509114,1.0
29,23,0.030457541,0.83510756,0.08965731,1.0
29,24,-0.011303799,0.8656666,-0.09915437,1.0
29,25,-0.0062700687,0.4266965,0.051382225,1.0
29,26,0.012739643,0.52012175,-0.11999675,1.0
29,27,-0.043580957,0.05410087,0.108462684,1.0
29,28,-0.13802211,0.15361834,-0.064876616,1.0
29,29,-0.082801536,0.027916215,0.095176235,1.0
29,30,-0.13782735,0.111447416,-0.08882767,1.0
29,31,-0.0122094145,-0.025216455,0.09113242,1.0
29,32,-0.0672964,0.08825009,-0.14346696,1.0
30,0,0.03887092,1.4389358,-0.18379514,1.0
30,1,0.026217666,1.4732667,-0.16010752,1.0
30,2,0.039253484,1.4783409,-0.14992188,1.0
30,3,0.032797642,1.4726765,-0.14653553,1.0
30,4,0.031787004,1.4827183,-0.1897578,1.0
30,5,0.032489806,1.4791318,-0.2130217,1.0
30,6,0.041089527,1.4839468,-0.18185772,1.0
30,7,-0.00018482748,1.4877979,-0.059516847,1.0
30,8,-0.041272156,1.4287112,-0.15515082,1.0
30,9,0.05905238,1.4450123,-0.12317447,1.0
30,10,0.039511494,1.4008651,-0.17233759,1.0
30,11,0.010474931,1.3317144,0.1453522,1.0
30,12,-0.04252343,1.3588512,-0.094369315,1.0
30,13,-0.028637039,1.1069884,0.25903407,1.0
30,14,-0.050720476,1.0456799,-0.17740193,1.0
30,15,0.018760003,0.8890664,0.28708586,1.0
30,16,-0.059817154,0.82432455,-0.27636722,1.0
30,17,0.016362896,0.84591126,0.2900465,1.0
30,18,-0.056144472,0.80654085,-0.33393013,1.0
30,19,0.014334399,0.8164686,0.285171,1.0
30,20,-0.029218424,0.83479345,-0.35031,1.0
30,21,0.040635966,0.842578,0.26385266,1.0
30,22,-0.05131541,0.84944916,-0.28860936,1.0
30,23,0.028782275,0.8386612,0.1035451,1.0
30,24,-0.02214557,0.86307627,-0.11634499,1.0
30,25,-0.018679032,0.41547772,0.069746494,1.0
30,26,0.0025845943,0.5335066,-0.09111666,1.0
30,27,-0.058457542,0.053278055,0.117554,1.0
30,28,-0.14386474,0.14336632,-0.02800749,1.0
30,29,-0.08028967,0.0093201045,0.12833688,1.0
30,30,-0.14708693,0.11484287,-0.06374973,1.0
30,31,-0.0108714355,-0.018213073,0.12031032,1.0
30,32,-0.047011063,0.08368461,-0.12930764,1.0
31,0,0.036867503,1.4339999,-0.22813831,1.0
31,1,0.030560989,1.4699011,-0.20599438,1.0
31,2,0.04097793,1.4741461,-0.19450961,1.0
31,3,0.031510018,1.4689151,-0.19225618,1.0
31,4,0.02783356,1.4766726,-0.23391265,1.0
31,5,0.03143224,1.4744043,-0.25651652,1.0
31,6,0.03566914,1.4775777,-0.22535622,1.0
31,7,0.0096261,1.4795122,-0.09454786,1.0
31,8,-0.047739454,1.423475,-0.1869559,1.0
31,9,0.06256974,1.4364245,-0.16465172,1.0
31,10,0.034427326,1.3969725,-0.21265258,1.0
31,11,0.027372248,1.3164712,0.1152236,1.0
31,12,-0.045242265,1.3553108,-0.12601072,1.0
31,13,-0.022958914,1.080192,0.21050745,1.0
31,14,-0.051572792,1.0432277,-0.21477364,1.0
31,15,0.032871716,0.8697637,0.21961012,1.0
31,16,-0.03819858,0.83212197,-0.32189178,1.0
31,17,0.031827107,0.82915926,0.22064532,1.0
31,18,-0.035115074,0.814282,-0.38647828,1.0
31,19,0.03706169,0.8034096,0.21201454,1.0
31,20,0.0025605299,0.84330696,-0.39857873,1.0
31,21,0.058712468,0.8256177,0.19564913,1.0
31,22,-0.026556082,0.8563038,-0.33596188,1.0
31,23,0.03504851,0.83492196,0.10450868,1.0
31,24,-0.031878844,0.86149734,-0.11514867,1.0
31,25,-0.013017027,0.41399083,0.073336154,1.0
31,26,0.0019593118,0.53591335,-0.082763754,1.0
31,27,-0.055565882,0.05084188,0.12937358,1.0
31,28,-0.14261423,0.14403576,-0.011919497,1.0
31,29,-0.08338822,0.009244109,0.14339457,1.0
31,30,-0.1446189,0.11571967,-0.04588655,1.0
31,31,-0.012568499,-0.018465245,0.12678935,1.0
31,32,-0.042430997,0.08531184,-0.12012746,1.0
32,0,0.038796127,1.4364774,-0.2279111,1.0
32,1,0.03320504,1.4685329,-0.20794864,1.0
32,2,0.04079174,1.475069,-0.19651611,1.0
32,3,0.031177074,1.4677758,-0.19463319,1.0
32,4,0.027096288,1.4757847,-0.23598135,1.0
32,5,0.03218399,1.4752034,-0.25714982,1.0
32,6,0.034295555,1.4753411,-0.22524928,1.0
32,7,0.016221536,1.4792134,-0.09309855,1.0
32,8,-0.04895531,1.4228348,-0.18438111,1.0
32,9,0.06313413,1.4378827,-0.1670608,1.0
32,10,0.036175206,1.3976945,-0.21318239,1.0
32,11,0.035060346,1.3120161,0.11270285,1.0
32,12,-0.050715324,1.3566926,-0.12474969,1.0
32,13,-0.0212143,1.0801388,0.20695761,1.0
32,14,-0.056039803,1.0467432,-0.21260129,1.0
32,15,0.04284806,0.8823689,0.2164706,1.0
32,16,-0.032180764,0.8520997,-0.3120971,1.0
32,17,0.04495157,0.84377974,0.21836312,1.0
32,18,-0.022524528,0.83623,-0.37599742,1.0
32,19,0.051268898,0.8233292,0.20668118,1.0
32,20,0.015216291,0.86450577,-0.3843328,1.0
32,21,0.068875395,0.8407688,0.19446762,1.0
32,22,-0.017584702,0.87198985,-0.3257941,1.0
32,23,0.03682466,0.8336947,0.1044977,1.0
32,24,-0.035488747,0.8641362,-0.11289916,1.0
32,25,-0.00987921,0.41191253,0.07867045,1.0
32,26,0.007956289,0.5334268,-0.08590328,1.0
32,27,-0.05806979,0.050224025,0.13731322,1.0
32,28,-0.14343852,0.14385098,-0.011269867,1.0
32,29,-0.087596945,0.010419818,0.15057215,1.0
32,30,-0.14603388,0.11511428,-0.044996094,1.0
32,31,-0.015899729,-0.019348627,0.12958348,1.0
32,32,-0.04121044,0.08710108,-0.124998905,1.0
33,0,0.037882883,1.4422644,-0.22771569,1.0
33,1,0.0315184,1.4705392,-0.20622456,1.0
33,2,0.036006622,1.4807959,-0.19593117,1.0
33,3,0.02719019,1.4687133,-0.19547088,1.0
33,4,0.02325065,1.4779406,-0.23490739,1.0
33,5,0.028838653,1.4802568,-0.25672397,1.0
33,6,0.028281517,1.4749367,-0.22308071,1.0
33,7,0.016263897,1.4833539,-0.090364166,1.0
33,8,-0.053639885,1.4240549,-0.18096025,1.0
33,9,0.060841735,1.4436805,-0.16651766,1.0
33,10,0.03548476,1.400244,-0.21028222,1.0
33,11,0.037852753,1.3156191,0.11184034,1.0
33,12,-0.0617734,1.3580507,-0.121300474,1.0
33,13,-0.017462967,1.0954409,0.20733882,1.0
33,14,-0.07961462,1.0546398,-0.2002668,1.0
33,15,0.05443671,0.8953227,0.2183751,1.0
33,16,-0.038130805,0.8768663,-0.27932343,1.0
33,17,0.058210723,0.85522556,0.22045898,1.0
33,18,-0.01816395,0.86436707,-0.3410691,1.0
33,19,0.062488135,0.8368592,0.2078606,1.0
33,20,0.018621378,0.8926201,-0.3451796,1.0
33,21,0.078028485,0.8552994,0.1979831,1.0
33,22,-0.01896419,0.8933938,-0.29098046,1.0
33,23,0.037368126,0.83264494,0.10334207,1.0
33,24,-0.037983682,0.8666299,-0.110553786,1.0
33,25,-0.01399528,0.4050673,0.08999335,1.0
33,26,0.007250235,0.5293773,-0.08987713,1.0
33,27,-0.06198452,0.051736534,0.15570387,1.0
33,28,-0.15139255,0.1399628,-0.014359366,1.0
33,29,-0.091582224,0.012411764,0.16748543,1.0
33,30,-0.15531519,0.11218108,-0.04695981,1.0
33,31,-0.0227241,-0.0160075,0.14374669,1.0
33,32,-0.04387686,0.08807205,-0.1326254,1.0
34,0,0.031887934,1.4420907,-0.24623542,1.0
34,1,0.024486192,1.4690638,-0.22542655,1.0
34,2,0.03107786,1.4798765,-0.21454136,1.0
34,3,0.021896232,1.4673834,-0.21503238,1.0
34,4,0.016189441,1.477682,-0.2515393,1.0
34,5,0.021683162,1.4802704,-0.2742993,1.0
34,6,0.020382755,1.4746829,-0.2409014,1.0
34,7,0.0159823,1.4811707,-0.10455223,1.0
34,8,-0.0607028,1.4239792,-0.19304904,1.0
34,9,0.05611813,1.4415121,-0.18378538,1.0
34,10,0.027927453,1.3982553,-0.22643197,1.0
34,11,0.03908405,1.3144963,0.10397512,1.0
34,12,-0.071608655,1.3554636,-0.12927406,1.0
34,13,-0.008327689,1.0984495,0.19989859,1.0
34,14,-0.093339704,1.0567745,-0.19427134,1.0
34,15,0.06656701,0.90080494,0.20596768,1.0
34,16,-0.035671793,0.8886871,-0.26070285,1.0
34,17,0.07165724,0.86068994,0.20705974,1.0
34,18,-0.0096982485,0.8783806,-0.3210844,1.0
34,19,0.074554786,0.84214073,0.193078,1.0
34,20,0.028180337,0.9086795,-0.3257749,1.0
34,21,0.09121713,0.85833627,0.18469366,1.0
34,22,-0.014387522,0.90683943,-0.27109462,1.0
34,23,0.039066132,0.8314079,0.10458113,1.0
34,24,-0.040799342,0.8646971,-0.10968207,1.0
34,25,-0.015335397,0.39637834,0.10298228,1.0
34,26,0.004452862,0.52530485,-0.08886675,1.0
34,27,-0.066296756,0.0500089,0.17833942,1.0
34,28,-0.15582667,0.13800256,-0.0131261535,1.0
34,29,-0.095751725,0.010349058,0.19151649,1.0
34,30,-0.1592251,0.10958381,-0.04430259,1.0
34,31,-0.028360106,-0.016670894,0.16760696,1.0
34,32,-0.04550076,0.088663824,-0.13221839,1.0
35,0,0.02907081,1.4417502,-0.24646804,1.0
35,1,0.020537049,1.4678278,-0.22649148,1.0
35,2,0.02751294,1.4792352,-0.21514043,1.0
35,3,0.01875706,1.4663281,-0.21617642,1.0
35,4,0.012179105,1.4769603,-0.2513261,1.0
35,5,0.017269319,1.4798499,-0.27440658,1.0
35,6,0.016240733,1.4740473,-0.24118847,1.0
35,7,0.013130961,1.4798573,-0.105063856,1.0
35,8,-0.06440096,1.4237373,-0.19387566,1.0
35,9,0.052471556,1.4402362,-0.18456407,1.0
35,10,0.023899192,1.3969946,-0.2269489,1.0
35,11,0.038622513,1.3140568,0.10363175,1.0
35,12,-0.077711605,1.3536329,-0.12940058,1.0
35,13,0.0043341033,1.1009892,0.1977971,1.0
35,14,-0.09688259,1.0579107,-0.19072437,1.0
35,15,0.07437502,0.904172,0.20330118,1.0
35,16,-0.03435646,0.89543617,-0.25055614,1.0
35,17,0.07863983,0.86331415,0.20449954,1.0
35,18,-0.0061967904,0.88608307,-0.30974388,1.0
35,19,0.07905637,0.84559274,0.19052558,1.0
35,20,0.030559462,0.9175264,-0.3148916,1.0
35,21,0.09846908,0.8607471,0.1828708,1.0
35,22,-0.01338082,0.9143724,-0.26005727,1.0
35,23,0.039379306,0.83092415,0.10503957,1.0
35,24,-0.04171894,0.86336917,-0.1090526,1.0
35,25,-0.015063441,0.39378646,0.106930956,1.0
35,26,0.0055064484,0.52350426,-0.08879551,1.0
35,27,-0.06870322,0.048905585,0.18031451,1.0
35,28,-0.15858427,0.1370098,-0.013660366,1.0
35,29,-0.09858745,0.009041011,0.19346923,1.0
35,30,-0.16285694,0.1071434,-0.044101723,1.0
35,31,-0.030503057,-0.017239777,0.16895689,1.0
35,32,-0.04816634,0.08829806,-0.13277462,1.0
36,0,0.027119232,1.4398739,-0.2502136,1.0
36,1,0.018182319,1.4639782,-0.23144981,1.0
36,2,0.027326735,1.475482,-0.21996799,1.0
36,3,0.017764203,1.4633027,-0.22047547,1.0
36,4,0.009847044,1.474066,-0.2551989,1.0
36,5,0.014645852,1.4770533,-0.2790594,1.0
36,6,0.013798512,1.4716072,-0.24529436,1.0
36,7,0.011202372,1.4762539,-0.10882077,1.0
36,8,-0.06901983,1.4203703,-0.19914831,1.0
36,9,0.049765147,1.4366839,-0.18924849,1.0
36,10,0.019235836,1.3937169,-0.23158418,1.0
36,11,0.03705103,1.3139701,0.0985921,1.0
36,12,-0.08685878,1.3508,-0.13328205,1.0
36,13,0.014755322,1.110673,0.18831638,1.0
36,14,-0.099634185,1.056098,-0.19447848,1.0
36,15,0.07733397,0.9199031,0.18896392,1.0
36,16,-0.037548184,0.8959246,-0.25000516,1.0
36,17,0.07972588,0.87957394,0.19079717,1.0
36,18,-0.008945894,0.8858612,-0.3076653,1.0
36,19,0.07731545,0.86266994,0.17567788,1.0
36,20,0.025938034,0.9188874,-0.31494597,1.0
36,21,0.10031066,0.87675434,0.17034778,1.0
36,22,-0.01706097,0.9148325,-0.25888032,1.0
36,23,0.040560987,0.82734925,0.10541867,1.0
36,24,-0.041789204,0.8577216,-0.10838486,1.0
36,25,-0.017110579,0.38960838,0.11277707,1.0
36,26,0.009105145,0.52004683,-0.08627563,1.0
36,27,-0.07049479,0.049259007,0.18484053,1.0
36,28,-0.16141972,0.13917446,-0.012915115,1.0
36,29,-0.10035549,0.009853176,0.19879764,1.0
36,30,-0.1662911,0.10873332,-0.042501017,1.0
36,31,-0.032544702,-0.016126262,0.17442974,1.0
36,32,-0.05160502,0.09301887,-0.1299419,1.0
37,0,0.03006257,1.435428,-0.25866085,1.0
37,1,0.019669298,1.4620391,-0.2388783,1.0
37,2,0.028481944,1.4720259,-0.22546965,1.0
37,3,0.019797776,1.4608725,-0.22662356,1.0
37,4,0.012770649,1.4702145,-0.25933155,1.0
37,5,0.016571127,1.4732982,-0.2860977,1.0
37,6,0.016559765,1.4690793,-0.253195,1.0
37,7,0.008779975,1.471532,-0.11674172,1.0
37,8,-0.068007104,1.4158854,-0.21024269,1.0
37,9,0.049194343,1.4337233,-0.19618563,1.0
37,10,0.021314966,1.39007,-0.24020071,1.0
37,11,0.033080887,1.306384,0.08827612,1.0
37,12,-0.09088636,1.344279,-0.14521997,1.0
37,13,0.024906456,1.0956411,0.17700791,1.0
37,14,-0.095940165,1.0496618,-0.20998643,1.0
37,15,0.080710724,0.88575083,0.18444188,1.0
37,16,-0.03891838,0.8804923,-0.2555954,1.0
37,17,0.08091809,0.84005415,0.19043778,1.0
37,18,-0.013040333,0.8664192,-0.31360754,1.0
37,19,0.0785127,0.81830335,0.17681152,1.0
37,20,0.017924685,0.8987203,-0.3191752,1.0
37,21,0.104009055,0.8401444,0.16733664,1.0
37,22,-0.020608637,0.89678967,-0.2626335,1.0
37,23,0.03859391,0.82463956,0.10559377,1.0
37,24,-0.040468622,0.8510153,-0.11129809,1.0
37,25,-0.021230042,0.39228168,0.12646674,1.0
37,26,0.009625246,0.52031726,-0.09035437,1.0
37,27,-0.075030014,0.05008343,0.20501064,1.0
37,28,-0.16514517,0.13943428,-0.020273868,1.0
37,29,-0.10712406,0.011411948,0.22233643,1.0
37,30,-0.17235088,0.11005363,-0.04954673,1.0
37,31,-0.035820533,-0.015930517,0.1980856,1.0
37,32,-0.05849093,0.094464384,-0.13699101,1.0
38,0,0.030177828,1.4339085,-0.2569674,1.0
38,1,0.020113245,1.4580052,-0.23697497,1.0
38,2,0.031712096,1.4694835,-0.22303832,1.0
38,3,0.020825956,1.4584547,-0.22223595,1.0
38,4,0.013182693,1.4688897,-0.2563411,1.0
38,5,0.016678717,1.469887,-0.2833587,1.0
38,6,0.01904359,1.4676982,-0.25145957,1.0
38,7,0.010062866,1.4678786,-0.11483069,1.0
38,8,-0.067902245,1.4109963,-0.2078891,1.0
38,9,0.048671953,1.4322032,-0.19582845,1.0
38,10,0.020068767,1.3878696,-0.24108687,1.0
38,11,0.035550565,1.3036796,0.08490816,1.0
38,12,-0.099152535,1.3395745,-0.1447981,1.0
38,13,0.04530163,1.092136,0.17231582,1.0
38,14,-0.09413653,1.0433798,-0.22895439,1.0
38,15,0.090664566,0.88160956,0.17805353,1.0
38,16,-0.05162743,0.86878824,-0.29071182,1.0
38,17,0.08753942,0.8344232,0.18611734,1.0
38,18,-0.030318651,0.852881,-0.34935385,1.0
38,19,0.08240792,0.8130977,0.17146188,1.0
38,20,-0.0011850148,0.88310677,-0.35679096,1.0
38,21,0.11156648,0.8377715,0.1621181,1.0
38,22,-0.03529577,0.8838905,-0.29792836,1.0
38,23,0.039397296,0.82118744,0.105888605,1.0
38,24,-0.040381316,0.8418802,-0.11296046,1.0
38,25,-0.03222647,0.3969609,0.13197723,1.0
38,26,0.023302859,0.51768255,-0.09556443,1.0
38,27,-0.08432265,0.05045189,0.21397825,1.0
38,28,-0.16860938,0.14597647,-0.027502589,1.0
38,29,-0.1164986,0.011184713,0.23291017,1.0
38,30,-0.18012312,0.11921625,-0.05739771,1.0
38,31,-0.038036667,-0.018267997,0.21077198,1.0
38,32,-0.07643504,0.100276895,-0.13875577,1.0
39,0,0.030359214,1.4329209,-0.2522812,1.0
39,1,0.020850837,1.4566576,-0.23261544,1.0
39,2,0.034905415,1.4668008,-0.21823944,1.0
39,3,0.023039944,1.4581014,-0.21477672,1.0
39,4,0.014211413,1.4682482,-0.2515517,1.0
39,5,0.017269172,1.4668621,-0.27738437,1.0
39,6,0.022117885,1.4676961,-0.24711265,1.0
39,7,0.010966255,1.4657003,-0.1114,1.0
39,8,-0.066223875,1.4086765,-0.20223668,1.0
39,9,0.048416294,1.431302,-0.19175504,1.0
39,10,0.019248359,1.3875234,-0.23899823,1.0
39,11,0.04001011,1.3033403,0.08460422,1.0
39,12,-0.10004241,1.3370038,-0.1411608,1.0
39,13,0.06125234,1.0896857,0.1679428,1.0
39,14,-0.08239324,1.0401164,-0.24128729,1.0
39,15,0.09533623,0.87358356,0.17527547,1.0
39,16,-0.06598039,0.85854995,-0.3190586,1.0
39,17,0.08997324,0.8230858,0.18635467,1.0
39,18,-0.05312382,0.8400205,-0.37869394,1.0
39,19,0.08376059,0.7999412,0.17092764,1.0
39,20,-0.026851714,0.8684325,-0.38874882,1.0
39,21,0.11515858,0.8279332,0.16044274,1.0
39,22,-0.053423192,0.8724828,-0.32707772,1.0
39,23,0.040505596,0.81954557,0.106066525,1.0
39,24,-0.039799783,0.8362049,-0.11395339,1.0
39,25,-0.039109707,0.40136674,0.1263833,1.0
39,26,0.035777837,0.51499635,-0.09961406,1.0
39,27,-0.09537345,0.04787455,0.20550525,1.0
39,28,-0.16626908,0.15073648,-0.03489011,1.0
39,29,-0.12844026,0.008842892,0.2252364,1.0
39,30,-0.18116696,0.12422515,-0.065368176,1.0
39,31,-0.042652685,-0.020328034,0.20500216,1.0
39,32,-0.08706503,0.10474468,-0.14087,1.0
40,0,0.029042402,1.4207741,-0.25533432,1.0
40,1,0.019762076,1.447381,-0.23666508,1.0
40,2,0.03642413,1.4530425,-0.22139396,1.0
40,3,0.024085667,1.4487813,-0.21668094,1.0
40,4,0.0151156355,1.4586434,-0.25422427,1.0
40,5,0.017127281,1.4540763,-0.27967742,1.0
40,6,0.024337118,1.4582918,-0.2510752,1.0
40,7,0.010078594,1.4528692,-0.11724666,1.0
40,8,-0.066838786,1.396467,-0.20646745,1.0
40,9,0.047688533,1.4187756,-0.19429702,1.0
40,10,0.016390985,1.3763386,-0.24454106,1.0
40,11,0.04062543,1.2937253,0.07819739,1.0
40,12,-0.097934835,1.3210503,-0.14575596,1.0
40,13,0.075722136,1.0818248,0.15453254,1.0
40,14,-0.074348435,1.0211513,-0.25056672,1.0
40,15,0.09269924,0.8600709,0.16538076,1.0
40,16,-0.08436322,0.82996106,-0.33034784,1.0
40,17,0.08318655,0.80790806,0.17919256,1.0
40,18,-0.08104462,0.8087447,-0.38878495,1.0
40,19,0.075528815,0.7809165,0.16491374,1.0
40,20,-0.057817448,0.83659166,-0.4026168,1.0
40,21,0.1119514,0.81213295,0.1504343,1.0
40,22,-0.076838315,0.84429365,-0.3396681,1.0
40,23,0.041264303,0.8122705,0.107136995,1.0
40,24,-0.039473716,0.8231934,-0.11628658,1.0
40,25,-0.042433556,0.39925683,0.12402152,1.0
40,26,0.045516334,0.50859773,-0.09717316,1.0
40,27,-0.09891443,0.04461405,0.19986093,1.0
40,28,-0.16550408,0.15309152,-0.038225457,1.0
40,29,-0.1322249,0.006267159,0.2215716,1.0
40,30,-0.18159136,0.12524812,-0.068102255,1.0
40,31,-0.041411914,-0.02143742,0.20122917,1.0
40,32,-0.09327423,0.1052139,-0.13817373,1.0
41,0,0.029029181,1.4175887,-0.25182715,1.0
41,1,0.02255661,1.4451436,-0.23443453,1.0
41,2,0.04042199,1.4491624,-0.22035298,1.0
41,3,0.029058322,1.4476228,-0.2126962,1.0
41,4,0.016950693,1.4559605,-0.25247627,1.0
41,5,0.017473724,1.4475894,-0.27813366,1.0
41,6,0.02802958,1.4567792,-0.24865472,1.0
41,7,0.012875535,1.448404,-0.11468346,1.0
41,8,-0.06656264,1.394465,-0.20343551,1.0
41,9,0.04873531,1.4146273,-0.19083665,1.0
41,10,0.015658481,1.3751098,-0.24541578,1.0
41,11,0.04350025,1.2912244,0.0788984,1.0
41,12,-0.09563243,1.3186564,-0.14307807,1.0
41,13,0.0740552,1.0696969,0.13866311,1.0
41,14,-0.07201949,1.0157613,-0.26047143,1.0
41,15,0.07999767,0.85550416,0.13100696,1.0
41,16,-0.10978356,0.8253709,-0.3658908,1.0
41,17,0.07066181,0.80554,0.14320508,1.0
41,18,-0.116655655,0.8031852,-0.42615044,1.0
41,19,0.06279425,0.7773838,0.12876585,1.0
41,20,-0.09284882,0.8322014,-0.44372886,1.0
41,21,0.10042429,0.806159,0.11487857,1.0
41,22,-0.1057916,0.84064066,-0.37690556,1.0
41,23,0.043641075,0.81081253,0.10804382,1.0
41,24,-0.038617596,0.8175804,-0.11802795,1.0
41,25,-0.04768203,0.40002102,0.122585714,1.0
41,26,0.052327763,0.50643337,-0.096794456,1.0
41,27,-0.10855887,0.04472937,0.19010225,1.0
41,28,-0.16188873,0.1565418,-0.041176204,1.0
41,29,-0.14104776,0.007969558,0.21288158,1.0
41,30,-0.17891745,0.1282582,-0.07165709,1.0
41,31,-0.051012326,-0.02275351,0.19262211,1.0
41,32,-0.09247209,0.10438787,-0.14030707,1.0
42,0,0.029103002,1.4156122,-0.24976213,1.0
42,1,0.023023851,1.4420942,-0.23335133,1.0
42,2,0.042385492,1.4461398,-0.218996,1.0
42,3,0.030850284,1.4451417,-0.21043904,1.0
42,4,0.017682636,1.4546132,-0.25040978,1.0
42,5,0.019024111,1.4447773,-0.2763616,1.0
42,6,0.029583197,1.4541116,-0.24833518,1.0
42,7,0.013691709,1.4463012,-0.113311045,1.0
42,8,-0.06621404,1.3908261,-0.20115596,1.0
42,9,0.047387652,1.4135715,-0.1893884,1.0
42,10,0.014974795,1.3737454,-0.24534361,1.0
42,11,0.045030233,1.2923881,0.07600886,1.0
42,12,-0.098765455,1.3161558,-0.13916162,1.0
42,13,0.08510671,1.0741609,0.12630963,1.0
42,14,-0.07027035,1.0102054,-0.25899813,1.0
42,15,0.07905042,0.86720145,0.11152167,1.0
42,16,-0.12657927,0.8275474,-0.3653264,1.0
42,17,0.066045426,0.81783074,0.12289942,1.0
42,18,-0.1369493,0.8075223,-0.42280102,1.0
42,19,0.05658358,0.7926554,0.107773796,1.0
42,20,-0.11677955,0.8359904,-0.44196162,1.0
42,21,0.09659465,0.8195727,0.09594568,1.0
42,22,-0.1252679,0.8422005,-0.37667066,1.0
42,23,0.04380751,0.8113889,0.10615063,1.0
42,24,-0.03723441,0.81533027,-0.117093906,1.0
42,25,-0.05261139,0.4046411,0.10812092,1.0
42,26,0.07371936,0.50471807,-0.09603029,1.0
42,27,-0.12287369,0.046022423,0.1659084,1.0
42,28,-0.15936206,0.16973494,-0.034361765,1.0
42,29,-0.15595216,0.009144915,0.18856058,1.0
42,30,-0.18011956,0.1425989,-0.064534694,1.0
42,31,-0.067781195,-0.024835777,0.16913179,1.0
42,32,-0.09903174,0.11568935,-0.12377521,1.0
43,0,0.027510678,1.4186275,-0.2417163,1.0
43,1,0.024051493,1.4459164,-0.22301804,1.0
43,2,0.041444186,1.4493028,-0.20710142,1.0
43,3,0.03065515,1.4487038,-0.19961342,1.0
43,4,0.01785717,1.4594285,-0.23975462,1.0
43,5,0.01798699,1.4491458,-0.26411247,1.0
43,6,0.02827331,1.4566514,-0.2378398,1.0
43,7,0.017898003,1.4496534,-0.10199214,1.0
43,8,-0.06605669,1.3938063,-0.18463072,1.0
43,9,0.04821767,1.4175506,-0.18093725,1.0
43,10,0.015302155,1.3768735,-0.23499347,1.0
43,11,0.05125118,1.29502,0.08142124,1.0
43,12,-0.10028335,1.3182008,-0.12252259,1.0
43,13,0.08989857,1.0737755,0.13117625,1.0
43,14,-0.070259675,1.0135475,-0.24804449,1.0
43,15,0.075405374,0.8598511,0.1237815,1.0
43,16,-0.13714756,0.8408665,-0.35575077,1.0
43,17,0.057767157,0.8089798,0.13763049,1.0
43,18,-0.14990942,0.82520264,-0.41218394,1.0
43,19,0.048688084,0.784693,0.124510795,1.0
43,20,-0.132721,0.8525181,-0.43112597,1.0
43,21,0.08852019,0.81434417,0.10970735,1.0
43,22,-0.13661048,0.85650176,-0.36708358,1.0
43,23,0.04434704,0.81434596,0.10396032,1.0
43,24,-0.039072078,0.8198528,-0.11533463,1.0
43,25,-0.054594517,0.41264877,0.090401314,1.0
43,26,0.0759,0.5086178,-0.10029394,1.0
43,27,-0.13733748,0.048962217,0.15555234,1.0
43,28,-0.15857504,0.17665105,-0.01636748,1.0
43,29,-0.17091952,0.01097987,0.17862836,1.0
43,30,-0.18083262,0.14854592,-0.04549055,1.0
43,31,-0.08318692,-0.02518091,0.1573131,1.0
43,32,-0.10281395,0.117966674,-0.10001662,1.0
44,0,0.031132834,1.4228824,-0.227663,1.0
44,1,0.029324286,1.4496249,-0.20896932,1.0
44,2,0.044999175,1.4535872,-0.19253145,1.0
44,3,0.035335932,1.4518267,-0.18488431,1.0
44,4,0.021549797,1.4636489,-0.22518869,1.0
44,5,0.020559354,1.4537196,-0.24891976,1.0
44,6,0.03123313,1.4589412,-0.22329523,1.0
44,7,0.024302289,1.4524956,-0.08776685,1.0
44,8,-0.06226386,1.3969222,-0.16700439,1.0
44,9,0.051670898,1.4219202,-0.16789979,1.0
44,10,0.01772439,1.380802,-0.22111256,1.0
44,11,0.05877846,1.2971803,0.0891995,1.0
44,12,-0.09962891,1.3224719,-0.10600666,1.0
44,13,0.09805754,1.0792092,0.13382246,1.0
44,14,-0.07096758,1.0218631,-0.23850392,1.0
44,15,0.07472479,0.863717,0.12889446,1.0
44,16,-0.14743681,0.8566515,-0.3511215,1.0
44,17,0.054766823,0.8110544,0.14408179,1.0
44,18,-0.16107734,0.8436899,-0.40763512,1.0
44,19,0.043930836,0.78885394,0.13167463,1.0
44,20,-0.1451048,0.8684953,-0.42614385,1.0
44,21,0.084504746,0.8177937,0.116555005,1.0
44,22,-0.14776656,0.8718316,-0.36322835,1.0
44,23,0.044729453,0.81808734,0.10196486,1.0
44,24,-0.039549932,0.82483196,-0.113452554,1.0
44,25,-0.05624018,0.4188438,0.07808594,1.0
44,26,0.08099549,0.511785,-0.10127249,1.0
44,27,-0.14648663,0.048914403,0.139924,1.0
44,28,-0.1555605,0.18090552,-0.0125986375,1.0
44,29,-0.18021448,0.010510031,0.16185498,1.0
44,30,-0.17934862,0.15196249,-0.042292673,1.0
44,31,-0.08977098,-0.02580558,0.13720176,1.0
44,32,-0.102908626,0.121356495,-0.09659891,1.0
45,0,0.0348881,1.4269083,-0.22326015,1.0
45,1,0.03397339,1.453357,-0.20477687,1.0
45,2,0.049305607,1.4574809,-0.1888637,1.0
45,3,0.04087893,1.4557755,-0.18034223,1.0
45,4,0.024732294,1.4672948,-0.22195986,1.0
45,5,0.02363982,1.4578173,-0.24543238,1.0
45,6,0.03508418,1.4623002,-0.2188335,1.0
45,7,0.029533451,1.4549406,-0.082247786,1.0
45,8,-0.05924989,1.4009919,-0.1620401,1.0
45,9,0.054833286,1.4256194,-0.16402441,1.0
45,10,0.020427415,1.3855817,-0.21804474,1.0
45,11,0.063234836,1.2979479,0.09362461,1.0
45,12,-0.09799142,1.3291366,-0.100499965,1.0
45,13,0.09566838,1.0815985,0.13742091,1.0
45,14,-0.07356206,1.0344539,-0.23941162,1.0
45,15,0.07303452,0.8695732,0.13156311,1.0
45,16,-0.16108453,0.8722189,-0.3634022,1.0
45,17,0.05463845,0.81701124,0.14648072,1.0
45,18,-0.17771114,0.8611727,-0.42184222,1.0
45,19,0.044490524,0.79658747,0.13323201,1.0
45,20,-0.16056228,0.8843863,-0.44108474,1.0
45,21,0.08315434,0.8241944,0.118828595,1.0
45,22,-0.1624616,0.88708067,-0.3776358,1.0
45,23,0.04526619,0.8192894,0.10136314,1.0
45,24,-0.039723013,0.82702386,-0.11334822,1.0
45,25,-0.05532559,0.42024964,0.07684696,1.0
45,26,0.078879364,0.514047,-0.09752692,1.0
45,27,-0.15427503,0.049759362,0.13647023,1.0
45,28,-0.1525924,0.17752051,-0.014550151,1.0
45,29,-0.18896706,0.011159804,0.15771148,1.0
45,30,-0.17645533,0.14790142,-0.04605206,1.0
45,31,-0.099259384,-0.02656424,0.1308419,1.0
45,32,-0.0994178,0.119123615,-0.10415659,1.0
46,0,0.041166555,1.4326149,-0.21198848,1.0
46,1,0.038933016,1.4568554,-0.19327295,1.0
46,2,0.054411814,1.4626949,-0.17859215,1.0
46,3,0.046062123,1.4587924,-0.1709326,1.0
46,4,0.028156921,1.4709985,-0.21163642,1.0
46,5,0.027854856,1.4640397,-0.23530355,1.0
46,6,0.039353784,1.4650326,-0.20790532,1.0
46,7,0.03728939,1.4590968,-0.06987146,1.0
46,8,-0.056302637,1.4047424,-0.14885493,1.0
46,9,0.059781272,1.4316355,-0.15384234,1.0
46,10,0.025103765,1.3898298,-0.20574546,1.0
46,11,0.07145448,1.2984291,0.10069251,1.0
46,12,-0.09819785,1.3357328,-0.08515819,1.0
46,13,0.10014277,1.0809327,0.14179178,1.0
46,14,-0.07892101,1.0404289,-0.22656123,1.0
46,15,0.072208256,0.8690663,0.1340425,1.0
46,16,-0.16559461,0.89201623,-0.35666773,1.0
46,17,0.05548649,0.815768,0.14722323,1.0
46,18,-0.1774103,0.8821612,-0.41508818,1.0
46,19,0.043054212,0.8011144,0.1344946,1.0
46,20,-0.16177528,0.905667,-0.43315473,1.0
46,21,0.08108933,0.82525665,0.122470945,1.0
46,22,-0.16609333,0.90443796,-0.37064362,1.0
46,23,0.047179855,0.82127494,0.09956212,1.0
46,24,-0.041442987,0.8313427,-0.10985889,1.0
46,25,-0.054609008,0.42281038,0.06883999,1.0
46,26,0.0789339,0.5114441,-0.09924956,1.0
46,27,-0.16293319,0.052501027,0.12577525,1.0
46,28,-0.15155372,0.16528474,-0.018952843,1.0
46,29,-0.19762553,0.014651621,0.14464635,1.0
46,30,-0.17563576,0.13449614,-0.050647344,1.0
46,31,-0.1134618,-0.025867999,0.113262124,1.0
46,32,-0.09516949,0.10799631,-0.117256366,1.0
47,0,0.047314495,1.4373966,-0.19785124,1.0
47,1,0.04421515,1.4611077,-0.17779301,1.0
47,2,0.057627864,1.4687262,-0.16421273,1.0
47,3,0.049578026,1.4607817,-0.15743884,1.0
47,4,0.03066508,1.4730772,-0.19761017,1.0
47,5,0.031808536,1.4713116,-0.22153074,1.0
47,6,0.041831702,1.4681208,-0.1918889,1.0
47,7,0.042424753,1.4642522,-0.052486125,1.0
47,8,-0.052159257,1.4103616,-0.13227682,1.0
47,9,0.06629613,1.4371681,-0.14019823,1.0
47,10,0.03071255,1.3930095,-0.18819733,1.0
47,11,0.078621,1.3012942,0.11749661,1.0
47,12,-0.09255256,1.3446366,-0.06867786,1.0
47,13,0.09563164,1.0876429,0.16662101,1.0
47,14,-0.08082821,1.0529141,-0.21149863,1.0
47,15,0.07188427,0.8723956,0.15913084,1.0
47,16,-0.15867192,0.9146878,-0.350837,1.0
47,17,0.057078715,0.817494,0.16699001,1.0
47,18,-0.16516726,0.9072073,-0.41230643,1.0
47,19,0.04342413,0.8084415,0.15519428,1.0
47,20,-0.14870277,0.93228006,-0.42747638,1.0
47,21,0.07998923,0.82937473,0.14743632,1.0
47,22,-0.15678242,0.92633814,-0.3644095,1.0
47,23,0.045793414,0.824718,0.098413765,1.0
47,24,-0.040895097,0.8399283,-0.107268475,1.0
47,25,-0.051405706,0.42485487,0.055718306,1.0
47,26,0.082378045,0.5080682,-0.098875485,1.0
47,27,-0.1594704,0.05040767,0.10536098,1.0
47,28,-0.12934004,0.14791432,-0.029425373,1.0
47,29,-0.19330114,0.012983723,0.11995083,1.0
47,30,-0.14913274,0.11481248,-0.061822675,1.0
47,31,-0.10937921,-0.024133421,0.08411996,1.0
47,32,-0.055729534,0.09496843,-0.14101778,1.0
48,0,0.048552305,1.4428416,-0.18386544,1.0
48,1,0.045345027,1.4598422,-0.16576548,1.0
48,2,0.05973661,1.470781,-0.15436971,1.0
48,3,0.05255738,1.4603735,-0.15069902,1.0
48,4,0.032485772,1.4739475,-0.18957968,1.0
48,5,0.035895362,1.4778003,-0.21425353,1.0
48,6,0.038810007,1.4702351,-0.17973529,1.0
48,7,0.048158534,1.4638665,-0.03926531,1.0
48,8,-0.053096116,1.4138664,-0.12122817,1.0
48,9,0.07092899,1.4368597,-0.13170336,1.0
48,10,0.03181241,1.3975686,-0.17827098,1.0
48,11,0.08926886,1.3040917,0.13314557,1.0
48,12,-0.086966835,1.3543627,-0.057328843,1.0
48,13,0.11813784,1.1357937,0.17092596,1.0
48,14,-0.08083757,1.073849,-0.20042308,1.0
48,15,0.13589117,1.0026706,0.13722724,1.0
48,16,-0.1528535,0.942163,-0.34323183,1.0
48,17,0.13307047,0.97139156,0.13071872,1.0
48,18,-0.15745051,0.93594146,-0.40231535,1.0
48,19,0.12051591,0.97639126,0.11518347,1.0
48,20,-0.1354485,0.9625566,-0.4199124,1.0
48,21,0.14541121,0.96822244,0.120758206,1.0
48,22,-0.15035328,0.9528569,-0.35881355,1.0
48,23,0.046324946,0.82503575,0.098949835,1.0
48,24,-0.04213681,0.8427111,-0.10719491,1.0
48,25,-0.03275317,0.4242878,0.05902694,1.0
48,26,0.09580785,0.5028922,-0.1031811,1.0
48,27,-0.15752158,0.05135044,0.11046539,1.0
48,28,-0.10235563,0.13379538,-0.050738554,1.0
48,29,-0.18986095,0.012605989,0.12351191,1.0
48,30,-0.11428367,0.094858885,-0.08456534,1.0
48,31,-0.105578005,-0.019979872,0.08577219,1.0
48,32,-0.012831447,0.082675904,-0.17043178,1.0
49,0,0.052815598,1.438059,-0.17249538,1.0
49,1,0.051421076,1.4572021,-0.15556708,1.0
49,2,0.06482753,1.4639785,-0.14578836,1.0
49,3,0.058756538,1.4576203,-0.14166799,1.0
49,4,0.0373776,1.4695498,-0.1814444,1.0
49,5,0.04217387,1.4747456,-0.20535114,1.0
49,6,0.043241873,1.4668567,-0.17105769,1.0
49,7,0.05162269,1.4597764,-0.027978951,1.0
49,8,-0.049718272,1.4120032,-0.114197575,1.0
49,9,0.07514679,1.4320017,-0.12093059,1.0
49,10,0.0362863,1.3960799,-0.16904886,1.0
49,11,0.08925958,1.2980005,0.1468888,1.0
49,12,-0.07412396,1.361019,-0.046510924,1.0
49,13,0.1064446,1.133044,0.18433031,1.0
49,14,-0.08223873,1.0915033,-0.18591791,1.0
49,15,0.1670033,1.0154412,0.14663096,1.0
49,16,-0.14736257,0.9553233,-0.33121076,1.0
49,17,0.1755669,0.9889475,0.13822693,1.0
49,18,-0.15197054,0.94776756,-0.39328608,1.0
49,19,0.16925602,0.9963561,0.11879131,1.0
49,20,-0.12349877,0.9737647,-0.4102474,1.0
49,21,0.18193844,0.9831444,0.1286154,1.0
49,22,-0.14365892,0.9666106,-0.34980687,1.0
49,23,0.0470172,0.81692725,0.100131944,1.0
49,24,-0.04373903,0.8361685,-0.10957532,1.0
49,25,0.018085014,0.42480904,0.061154354,1.0
49,26,0.09421847,0.4951416,-0.11269144,1.0
49,27,-0.1152935,0.05320615,0.11211372,1.0
49,28,-0.082909055,0.120508164,-0.06229455,1.0
49,29,-0.14953673,0.015914652,0.124913916,1.0
49,30,-0.092735395,0.08164083,-0.09701,1.0
49,31,-0.071653016,-0.01546073,0.09070612,1.0
49,32,0.014546412,0.068238124,-0.18102677,1.0
50,0,0.059782848,1.4325787,-0.14618562,1.0
50,1,0.058921743,1.4536239,-0.13305743,1.0
50,2,0.0706391,1.4544041,-0.12572868,1.0
50,3,0.06521353,1.4537864,-0.11990961,1.0
50,4,0.04468574,1.4635247,-0.16047125,1.0
50,5,0.049466435,1.4698192,-0.18120155,1.0
50,6,0.05010908,1.4619486,-0.14911108,1.0
50,7,0.05702994,1.4556293,-0.009824341,1.0
50,8,-0.03942126,1.4054886,-0.09543876,1.0
50,9,0.08196571,1.4270089,-0.0990918,1.0
50,10,0.046304714,1.3920332,-0.1461696,1.0
50,11,0.09570296,1.2908876,0.16503249,1.0
50,12,-0.05448973,1.3603334,-0.026646536,1.0
50,13,0.10212562,1.1197017,0.21555324,1.0
50,14,-0.07865472,1.0901996,-0.15399688,1.0
50,15,0.20043987,0.9911387,0.1936178,1.0
50,16,-0.12158169,0.9460238,-0.2922913,1.0
50,17,0.21957424,0.9629861,0.18718633,1.0
50,18,-0.11889591,0.9348232,-0.35463706,1.0
50,19,0.21842702,0.9693991,0.16494922,1.0
50,20,-0.083611324,0.9642138,-0.36928433,1.0
50,21,0.21980396,0.9583431,0.17595248,1.0
50,22,-0.11359475,0.9590995,-0.3123327,1.0
50,23,0.048811298,0.81031513,0.09955512,1.0
50,24,-0.046618216,0.83139455,-0.11235526,1.0
50,25,0.08877898,0.4297209,0.032379586,1.0
50,26,0.09137034,0.4925698,-0.121838935,1.0
50,27,-0.07970597,0.06288676,0.08114098,1.0
50,28,-0.07485388,0.11609266,-0.061402805,1.0
50,29,-0.118246935,0.026761334,0.09344557,1.0
50,30,-0.0834581,0.07965645,-0.09787461,1.0
50,31,-0.053231396,-0.009313336,0.060237378,1.0
50,32,0.027760606,0.057269547,-0.17760837,1.0
51,0,0.06619343,1.4190495,-0.14790034,1.0
51,1,0.064974785,1.4425519,-0.137856,1.0
51,2,0.07594942,1.4394952,-0.13160482,1.0
51,3,0.07046053,1.4419641,-0.1264824,1.0
51,4,0.051448025,1.4498023,-0.16437167,1.0
51,5,0.056843754,1.4566313,-0.18370304,1.0
51,6,0.055504493,1.4477603,-0.15312026,1.0
51,7,0.06529445,1.4443612,-0.016859664,1.0
51,8,-0.031320736,1.3959178,-0.0996265,1.0
51,9,0.08946693,1.4125637,-0.10151268,1.0
51,10,0.05460102,1.3786945,-0.14652309,1.0
51,11,0.1052061,1.281177,0.16196254,1.0
51,12,-0.038458627,1.3533683,-0.025139444,1.0
51,13,0.11358765,1.1055989,0.21962373,1.0
51,14,-0.066872165,1.080886,-0.13260871,1.0
51,15,0.22105703,0.97006124,0.21095404,1.0
51,16,-0.10479577,0.9417453,-0.25509435,1.0
51,17,0.2447683,0.94203216,0.20708361,1.0
51,18,-0.100007646,0.9316977,-0.3159836,1.0
51,19,0.24453603,0.94753677,0.18441758,1.0
51,20,-0.06490582,0.96153885,-0.33096898,1.0
51,21,0.24375263,0.9376011,0.19321415,1.0
51,22,-0.09650664,0.95713925,-0.27577132,1.0
51,23,0.05110969,0.8055531,0.09761572,1.0
51,24,-0.050008122,0.8301091,-0.10967289,1.0
51,25,0.11331636,0.42438957,0.021031257,1.0
51,26,0.062144585,0.49188855,-0.12286707,1.0
51,27,-0.049231667,0.06361303,0.06260725,1.0
51,28,-0.08332604,0.11201225,-0.06208715,1.0
51,29,-0.089489385,0.029148016,0.0741018,1.0
51,30,-0.0888106,0.07641436,-0.09761438,1.0
51,31,-0.033332076,-0.006761795,0.039494436,1.0
51,32,0.022347834,0.052223235,-0.17918898,1.0
52,0,0.073147856,1.4067727,-0.14635621,1.0
52,1,0.07062939,1.4303894,-0.1379271,1.0
52,2,0.08352594,1.4255056,-0.13068408,1.0
52,3,0.077912554,1.428821,-0.12647843,1.0
52,4,0.058457017,1.4368415,-0.16304745,1.0
52,5,0.063863516,1.4426244,-0.18159403,1.0
52,6,0.060672916,1.4331056,-0.15089644,1.0
52,7,0.07758517,1.4300816,-0.014909202,1.0
52,8,-0.021925228,1.380944,-0.09367059,1.0
52,9,0.09793675,1.3977617,-0.100427516,1.0
52,10,0.061826967,1.3651413,-0.14304723,1.0
52,11,0.1188283,1.2674701,0.16623485,1.0
52,12,-0.022940254,1.3450009,-0.020109767,1.0
52,13,0.1276506,1.0882059,0.22478974,1.0
52,14,-0.051888227,1.0690142,-0.123931594,1.0
52,15,0.23022085,0.95058215,0.22332095,1.0
52,16,-0.09717564,0.91808826,-0.24182406,1.0
52,17,0.25367936,0.9228202,0.22214645,1.0
52,18,-0.093934715,0.90347147,-0.3053195,1.0
52,19,0.25181738,0.92742723,0.19944695,1.0
52,20,-0.05917946,0.9305093,-0.3201101,1.0
52,21,0.25123957,0.91973555,0.20654196,1.0
52,22,-0.08972143,0.93241143,-0.26514697,1.0
52,23,0.05142037,0.795115,0.099296644,1.0
52,24,-0.05087293,0.82148004,-0.114022724,1.0
52,25,0.12612683,0.42987433,0.01409415,1.0
52,26,0.061849892,0.48377168,-0.12468145,1.0
52,27,-0.047167,0.07436954,0.06403041,1.0
52,28,-0.09272491,0.10157585,-0.07038237,1.0
52,29,-0.08874683,0.040085144,0.075683504,1.0
52,30,-0.09767923,0.06778361,-0.107115895,1.0
52,31,-0.034836017,0.0014317296,0.04185742,1.0
52,32,0.016319592,0.038158923,-0.18964712,1.0
53,0,0.08481778,1.3903503,-0.15184756,1.0
53,1,0.08285768,1.4142053,-0.14218482,1.0
53,2,0.094099835,1.4071324,-0.13595508,1.0
53,3,0.0902948,1.4116671,-0.1327922,1.0
53,4,0.07123669,1.4186238,-0.16890089,1.0
53,5,0.07578375,1.4241085,-0.18713176,1.0
53,6,0.07160824,1.4139717,-0.15707141,1.0
53,7,0.087325715,1.4129347,-0.021049917,1.0
53,8,-0.011445022,1.3623658,-0.10157646,1.0
53,9,0.10814776,1.3794937,-0.10497475,1.0
53,10,0.07305761,1.3469138,-0.14659674,1.0
53,11,0.12765908,1.2509625,0.16349766,1.0
53,12,-0.007626238,1.3288243,-0.027814306,1.0
53,13,0.14154044,1.0712137,0.2205816,1.0
53,14,-0.041617833,1.0428028,-0.12439077,1.0
53,15,0.23955706,0.9360937,0.22204407,1.0
53,16,-0.08756438,0.8716149,-0.23149341,1.0
53,17,0.26411623,0.90956926,0.22161578,1.0
53,18,-0.08433656,0.8513789,-0.2945592,1.0
53,19,0.25946108,0.913232,0.20073667,1.0
53,20,-0.05135667,0.8776183,-0.30928212,1.0
53,21,0.2597233,0.9071427,0.2077139,1.0
53,22,-0.078774646,0.88448185,-0.25682494,1.0
53,23,0.05055867,0.7825816,0.1013262,1.0
53,24,-0.048731703,0.8095754,-0.11930444,1.0
53,25,0.14112842,0.43169695,0.018589465,1.0
53,26,0.04934563,0.47556,-0.12888718,1.0
53,27,-0.029964115,0.0823468,0.07189687,1.0
53,28,-0.102001585,0.08304716,-0.08185178,1.0
53,29,-0.069276236,0.050191674,0.08233029,1.0
53,30,-0.10530891,0.04939623,-0.1190048,1.0
53,31,-0.019212462,0.013746822,0.04820522,1.0
53,32,0.0143769635,0.019128956,-0.2062534,1.0
54,0,0.08450569,1.389537,-0.16314045,1.0
54,1,0.084314734,1.414422,-0.15325132,1.0
54,2,0.09648017,1.4077444,-0.14648725,1.0
54,3,0.090906695,1.4126041,-0.1434687,1.0
54,4,0.0705832,1.4207973,-0.17764744,1.0
54,5,0.076280765,1.4245309,-0.19825804,1.0
54,6,0.0722649,1.4152701,-0.16762106,1.0
54,7,0.09139074,1.4141492,-0.02776442,1.0
54,8,-0.012121838,1.365465,-0.107412435,1.0
54,9,0.10995827,1.3806531,-0.11409043,1.0
54,10,0.07292867,1.3469102,-0.15646607,1.0
54,11,0.12858255,1.2510965,0.16035374,1.0
54,12,-0.010300088,1.3302561,-0.031877387,1.0
54,13,0.13841985,1.0658087,0.21948214,1.0
54,14,-0.042148538,1.0403913,-0.13098162,1.0
54,15,0.22986627,0.92625153,0.21671726,1.0
54,16,-0.09184827,0.8622403,-0.2448592,1.0
54,17,0.2500166,0.89874023,0.2163869,1.0
54,18,-0.0909665,0.83955497,-0.30882725,1.0
54,19,0.24703623,0.9024043,0.19512235,1.0
54,20,-0.05677362,0.86434823,-0.32406643,1.0
54,21,0.24945734,0.8969248,0.20197277,1.0
54,22,-0.08391955,0.87375355,-0.26939842,1.0
54,23,0.049364,0.7871616,0.101856574,1.0
54,24,-0.047997467,0.8148365,-0.11852405,1.0
54,25,0.1288354,0.43267187,0.022607177,1.0
54,26,0.053458292,0.48380017,-0.13100858,1.0
54,27,-0.010720766,0.07846252,0.06904408,1.0
54,28,-0.102918975,0.08789926,-0.09235258,1.0
54,29,-0.045968316,0.045529556,0.07988485,1.0
54,30,-0.10443443,0.055125497,-0.13001087,1.0
54,31,0.010994425,0.011945378,0.044940855,1.0
54,32,0.017754678,0.024811305,-0.21751885,1.0
55,0,0.08327504,1.4055239,-0.18004389,1.0
55,1,0.08125372,1.4323145,-0.16860963,1.0
55,2,0.09990294,1.4280704,-0.16208248,1.0
55,3,0.0902692,1.4317116,-0.15776491,1.0
55,4,0.06824725,1.4416885,-0.19006349,1.0
55,5,0.07406975,1.4448842,-0.2166082,1.0
55,6,0.073277295,1.4355236,-0.18378973,1.0
55,7,0.09391253,1.43543,-0.040881097,1.0
55,8,-0.01757062,1.3885103,-0.117897175,1.0
55,9,0.10889293,1.402047,-0.1273081,1.0
55,10,0.0699085,1.3662682,-0.17478305,1.0
55,11,0.12318201,1.2694967,0.14518139,1.0
55,12,-0.025077336,1.3532709,-0.039625272,1.0
55,13,0.12902388,1.0813286,0.17999421,1.0
55,14,-0.049631715,1.0646927,-0.15100142,1.0
55,15,0.21449058,0.94446325,0.14721201,1.0
55,16,-0.09606621,0.88748187,-0.27268627,1.0
55,17,0.22668047,0.9127366,0.14208248,1.0
55,18,-0.099309765,0.8616068,-0.3375856,1.0
55,19,0.22685605,0.9206673,0.1206553,1.0
55,20,-0.0595049,0.8827645,-0.35312262,1.0
55,21,0.23129931,0.9114351,0.12834308,1.0
55,22,-0.09183302,0.8959123,-0.29481333,1.0
55,23,0.045601927,0.81089866,0.10020158,1.0
55,24,-0.04615944,0.8354744,-0.114005946,1.0
55,25,0.0936217,0.4299151,0.033036437,1.0
55,26,0.11912269,0.51476145,-0.12273205,1.0
55,27,-0.0044934284,0.06563006,0.073112026,1.0
55,28,-0.08706328,0.13225816,-0.084743954,1.0
55,29,-0.038586006,0.02909669,0.0881505,1.0
55,30,-0.09486606,0.10166714,-0.12172942,1.0
55,31,0.033444997,-0.010923367,0.055271685,1.0
55,32,0.025838424,0.06440104,-0.19907953,1.0
56,0,0.08357066,1.4260885,-0.18276873,1.0
56,1,0.081154406,1.4538995,-0.16913766,1.0
56,2,0.10099512,1.4520165,-0.16153525,1.0
56,3,0.09019313,1.4544986,-0.15821142,1.0
56,4,0.06852919,1.463486,-0.18959516,1.0
56,5,0.075359896,1.4657458,-0.21766463,1.0
56,6,0.07477964,1.4563444,-0.18457372,1.0
56,7,0.09483692,1.4582969,-0.041176002,1.0
56,8,-0.019284604,1.4100953,-0.11787953,1.0
56,9,0.10933881,1.4252782,-0.12785949,1.0
56,10,0.06983943,1.3871067,-0.1762874,1.0
56,11,0.12159032,1.2897785,0.14310616,1.0
56,12,-0.032253932,1.3722773,-0.040970456,1.0
56,13,0.122791976,1.0970161,0.16891389,1.0
56,14,-0.055035844,1.0794734,-0.15567845,1.0
56,15,0.1859216,0.9549568,0.12796594,1.0
56,16,-0.1066968,0.90616584,-0.27491692,1.0
56,17,0.19159216,0.9204161,0.12168112,1.0
56,18,-0.113416575,0.8798305,-0.33763292,1.0
56,19,0.19040339,0.927427,0.10158308,1.0
56,20,-0.074731976,0.9002226,-0.35470563,1.0
56,21,0.20158258,0.9209824,0.10809064,1.0
56,22,-0.10626565,0.9121096,-0.29656026,1.0
56,23,0.042082783,0.8324147,0.09823465,1.0
56,24,-0.043014053,0.85848844,-0.11029019,1.0
56,25,0.050931722,0.43749622,0.033722725,1.0
56,26,0.12886643,0.5447635,-0.120785005,1.0
56,27,-0.021066561,0.061695214,0.059602372,1.0
56,28,-0.07317826,0.16880545,-0.079975285,1.0
56,29,-0.05390674,0.0234928,0.07405584,1.0
56,30,-0.078761525,0.13835827,-0.11627394,1.0
56,31,0.027610231,-0.016566984,0.039718706,1.0
56,32,0.040028248,0.099774405,-0.18771267,1.0
57,0,0.08421101,1.3924669,-0.1875135,1.0
57,1,0.08434735,1.4168124,-0.1793491,1.0
57,2,0.09868183,1.415246,-0.16960293,1.0
57,3,0.09003488,1.4162133,-0.16716313,1.0
57,4,0.069403365,1.4262096,-0.2034539,1.0
57,5,0.078053765,1.4276488,-0.2257813,1.0
57,6,0.0742285,1.4191909,-0.19294465,1.0
57,7,0.089149825,1.4150591,-0.04963162,1.0
57,8,-0.017815795,1.3687674,-0.1369221,1.0
57,9,0.10854705,1.3839887,-0.13794242,1.0
57,10,0.07114715,1.3520019,-0.18479826,1.0
57,11,0.1081948,1.2540773,0.12654005,1.0
57,12,-0.031266406,1.3266631,-0.054229308,1.0
57,13,0.060818538,1.0810475,0.1730763,1.0
57,14,-0.05259174,1.031714,-0.15563172,1.0
57,15,0.050815184,0.9514095,0.1840043,1.0
57,16,-0.11899245,0.85481656,-0.2571752,1.0
57,17,0.043802273,0.9215389,0.18634078,1.0
57,18,-0.12040181,0.8375722,-0.31966016,1.0
57,19,0.0366495,0.92871225,0.17498255,1.0
57,20,-0.089728236,0.85326904,-0.3359349,1.0
57,21,0.06523163,0.9240222,0.17197552,1.0
57,22,-0.11633743,0.86488515,-0.28249538,1.0
57,23,0.05333489,0.79222536,0.09986833,1.0
57,24,-0.051209237,0.81768674,-0.11258945,1.0
57,25,0.14531031,0.4352988,0.023793885,1.0
57,26,0.021049373,0.5086447,-0.11672973,1.0
57,27,0.015907949,0.08378158,0.06522794,1.0
57,28,-0.106475234,0.12467747,-0.04744847,1.0
57,29,-0.020487536,0.047183592,0.07929742,1.0
57,30,-0.10534706,0.09356004,-0.08622134,1.0
57,31,0.04310243,-0.00092533324,0.047667474,1.0
57,32,0.014502476,0.05257289,-0.16648102,1.0
58,0,0.08719522,1.3807893,-0.19528976,1.0
58,1,0.08566123,1.403746,-0.1874635,1.0
58,2,0.099291116,1.4011991,-0.17858723,1.0
58,3,0.09286351,1.4018161,-0.17515197,1.0
58,4,0.07303602,1.4127837,-0.21227267,1.0
58,5,0.07963296,1.4145031,-0.23313262,1.0
58,6,0.07626366,1.4061682,-0.20112926,1.0
58,7,0.087628916,1.3998336,-0.058626723,1.0
58,8,-0.01629685,1.3545593,-0.14986666,1.0
58,9,0.10882252,1.3696153,-0.145926,1.0
58,10,0.0723925,1.3386034,-0.19318627,1.0
58,11,0.10878986,1.2417821,0.12122458,1.0
58,12,-0.032055765,1.3087305,-0.06387149,1.0
58,13,0.073308244,1.080942,0.17809986,1.0
58,14,-0.05265736,1.0145068,-0.15679231,1.0
58,15,0.08352092,0.9704348,0.19349751,1.0
58,16,-0.12878469,0.84026897,-0.25156817,1.0
58,17,0.08227084,0.94750804,0.19754277,1.0
58,18,-0.13118117,0.82514215,-0.3115013,1.0
58,19,0.0768248,0.9544171,0.18337952,1.0
58,20,-0.105005294,0.8427677,-0.32983914,1.0
58,21,0.099049,0.9451143,0.18078604,1.0
58,22,-0.12590742,0.8516767,-0.27661422,1.0
58,23,0.05634194,0.7766828,0.09970042,1.0
58,24,-0.052676897,0.802139,-0.11407699,1.0
58,25,0.15812053,0.42863408,0.018557983,1.0
58,26,-0.0040551303,0.49065685,-0.11625255,1.0
58,27,0.021976914,0.08430082,0.06620439,1.0
58,28,-0.13026726,0.10599769,-0.048789363,1.0
58,29,-0.014344424,0.048534445,0.080602124,1.0
58,30,-0.13016565,0.07575612,-0.086700946,1.0
58,31,0.04742752,0.004332479,0.048447944,1.0
58,32,-0.01490428,0.04022579,-0.16929725,1.0
59,0,0.08728915,1.3776511,-0.19596206,1.0
59,1,0.08292782,1.3982408,-0.18744376,1.0
59,2,0.098226614,1.3962901,-0.17904656,1.0
59,3,0.091447026,1.3965069,-0.17595756,1.0
59,4,0.07458045,1.4079928,-0.21152888,1.0
59,5,0.079915635,1.4119519,-0.2327241,1.0
59,6,0.0763362,1.4035836,-0.20224099,1.0
59,7,0.087581724,1.3907217,-0.060248397,1.0
59,8,-0.016590446,1.3496984,-0.15189901,1.0
59,9,0.10808776,1.3628635,-0.14623927,1.0
59,10,0.07187207,1.3334415,-0.19350663,1.0
59,11,0.11091235,1.2371031,0.1209065,1.0
59,12,-0.040170606,1.2989423,-0.063014515,1.0
59,13,0.10357065,1.1175188,0.17454979,1.0
59,14,-0.06457097,1.0063772,-0.13933949,1.0
59,15,0.099438064,1.0850886,0.1887127,1.0
59,16,-0.15009731,0.8363037,-0.21875234,1.0
59,17,0.09321961,1.0809783,0.18945773,1.0
59,18,-0.15499373,0.82348716,-0.27244556,1.0
59,19,0.0846273,1.0952295,0.17807914,1.0
59,20,-0.13375145,0.8427324,-0.29436317,1.0
59,21,0.11441895,1.064946,0.17613365,1.0
59,22,-0.14888704,0.84933496,-0.24259648,1.0
59,23,0.059481222,0.7693702,0.09918162,1.0
59,24,-0.056097463,0.79504347,-0.114133134,1.0
59,25,0.15627803,0.42246422,0.010232714,1.0
59,26,-0.012970687,0.47896472,-0.11659894,1.0
59,27,0.024332482,0.076544635,0.06567523,1.0
59,28,-0.14528763,0.0956942,-0.055371974,1.0
59,29,-0.011712907,0.0429855,0.07916749,1.0
59,30,-0.14526415,0.06430732,-0.09044208,1.0
59,31,0.05305422,0.0020115823,0.045783464,1.0
59,32,-0.0353666,0.03659358,-0.18026036,1.0
60,0,0.0880287,1.387091,-0.19739775,1.0
60,1,0.084214464,1.4099519,-0.18416028,1.0
60,2,0.09723848,1.4057647,-0.17745471,1.0
60,3,0.094116695,1.406324,-0.17147698,1.0
60,4,0.07518241,1.4169476,-0.20848332,1.0
60,5,0.07494009,1.4200238,-0.23038962,1.0
60,6,0.07384252,1.4126271,-0.19805866,1.0
60,7,0.0851547,1.4044831,-0.058690567,1.0
60,8,-0.019202203,1.3584481,-0.1485411,1.0
60,9,0.10509043,1.3766966,-0.14626929,1.0
60,10,0.06981182,1.3420373,-0.19234686,1.0
60,11,0.11525059,1.2496607,0.12213801,1.0
60,12,-0.0494903,1.3091754,-0.063378885,1.0
60,13,0.10039828,1.0792103,0.17127758,1.0
60,14,-0.06862401,1.0168594,-0.14724073,1.0
60,15,0.102357194,0.9288035,0.16916147,1.0
60,16,-0.1551808,0.8412623,-0.226129,1.0
60,17,0.10175694,0.8927366,0.16986279,1.0
60,18,-0.15644342,0.82413656,-0.2810917,1.0
60,19,0.08958529,0.89306635,0.15241085,1.0
60,20,-0.14037053,0.8453896,-0.3011018,1.0
60,21,0.11439501,0.8968738,0.1552115,1.0
60,22,-0.15193109,0.85220695,-0.2516688,1.0
60,23,0.05871398,0.77854425,0.09835538,1.0
60,24,-0.053381685,0.80053335,-0.11815446,1.0
60,25,0.15543647,0.4303573,0.00090880576,1.0
60,26,-0.02559119,0.48037815,-0.12031003,1.0
60,27,0.02170875,0.0832112,0.06659352,1.0
60,28,-0.16831402,0.089332916,-0.06548012,1.0
60,29,-0.0085089775,0.04688879,0.07949552,1.0
60,30,-0.16944285,0.05976495,-0.10227981,1.0
60,31,0.06412272,0.014249034,0.042119034,1.0
60,32,-0.05971421,0.03530965,-0.19424066,1.0
61,0,0.08695117,1.397207,-0.18873996,1.0
61,1,0.08425291,1.4202182,-0.17546336,1.0
61,2,0.095664114,1.4167873,-0.16882817,1.0
61,3,0.09336621,1.4171576,-0.16181199,1.0
61,4,0.07376834,1.4263895,-0.19900145,1.0
61,5,0.07219705,1.4301177,-0.22174692,1.0
61,6,0.072988294,1.4237583,-0.18838818,1.0
61,7,0.082309484,1.4162847,-0.051167093,1.0
61,8,-0.019724768,1.3706461,-0.14194715,1.0
61,9,0.10314175,1.3874499,-0.1387466,1.0
61,10,0.06730394,1.3528672,-0.18431507,1.0
61,11,0.11465372,1.2562993,0.12722012,1.0
61,12,-0.05457269,1.3197837,-0.057884187,1.0
61,13,0.09326872,1.0617195,0.17745796,1.0
61,14,-0.07135649,1.0264118,-0.15680423,1.0
61,15,0.09818687,0.8862977,0.17127731,1.0
61,16,-0.1621833,0.8561477,-0.25684193,1.0
61,17,0.09924473,0.8452395,0.17201363,1.0
61,18,-0.16426441,0.8395938,-0.31578365,1.0
61,19,0.0894949,0.8436642,0.15358706,1.0
61,20,-0.14902906,0.8633589,-0.33508703,1.0
61,21,0.11064511,0.8529539,0.15847495,1.0
61,22,-0.16076197,0.86594945,-0.2824671,1.0
61,23,0.059251465,0.7895004,0.09811354,1.0
61,24,-0.051723264,0.8094533,-0.116609946,1.0
61,25,0.14614771,0.43755892,0.003076297,1.0
61,26,-0.034575447,0.48300594,-0.120124795,1.0
61,27,0.02717479,0.08230839,0.07392403,1.0
61,28,-0.17802821,0.088975936,-0.06604517,1.0
61,29,-0.001588308,0.044841196,0.08773918,1.0
61,30,-0.18010098,0.058467813,-0.102237776,1.0
61,31,0.08008172,0.0145806465,0.048929952,1.0
61,32,-0.071965076,0.038114794,-0.19757326,1.0
62,0,0.08669842,1.4015107,-0.18182643,1.0
62,1,0.085293934,1.4243613,-0.16921328,1.0
62,2,0.09664146,1.4205102,-0.16193613,1.0
62,3,0.09438033,1.42162,-0.15508862,1.0
62,4,0.072970524,1.4305372,-0.19225165,1.0
62,5,0.071609244,1.4346153,-0.215542,1.0
62,6,0.07338468,1.4290043,-0.18219544,1.0
62,7,0.08234221,1.4208562,-0.044487886,1.0
62,8,-0.019252041,1.3765068,-0.13523242,1.0
62,9,0.10302916,1.3920958,-0.13339567,1.0
62,10,0.065612085,1.3579093,-0.17863753,1.0
62,11,0.11534347,1.2593843,0.1318561,1.0
62,12,-0.055173382,1.3284024,-0.053275228,1.0
62,13,0.09131839,1.0590512,0.18737955,1.0
62,14,-0.07351711,1.0387654,-0.17741378,1.0
62,15,0.10146945,0.8806014,0.18451107,1.0
62,16,-0.16223514,0.8744791,-0.3087338,1.0
62,17,0.10393649,0.8387992,0.18577252,1.0
62,18,-0.16555297,0.85894626,-0.3739936,1.0
62,19,0.09501682,0.83722734,0.16608532,1.0
62,20,-0.14794038,0.8840674,-0.39146397,1.0
62,21,0.11475589,0.8470946,0.1734661,1.0
62,22,-0.16089027,0.88427186,-0.33546066,1.0
62,23,0.060286354,0.7939005,0.09774284,1.0
62,24,-0.05124896,0.811603,-0.1166357,1.0
62,25,0.1471296,0.44523317,0.0042915684,1.0
62,26,-0.03970452,0.479155,-0.12011603,1.0
62,27,0.03815913,0.08298359,0.079479486,1.0
62,28,-0.18826117,0.08743484,-0.06491424,1.0
62,29,0.009700561,0.045978658,0.09307076,1.0
62,30,-0.19145045,0.055623945,-0.100554824,1.0
62,31,0.09521786,0.016125714,0.053504072,1.0
62,32,-0.08505142,0.037817106,-0.19814974,1.0
63,0,0.086612605,1.4073794,-0.17488007,1.0
63,1,0.08514807,1.4301447,-0.16178237,1.0
63,2,0.09605192,1.4267697,-0.15433526,1.0
63,3,0.09422576,1.4271274,-0.14769475,1.0
63,4,0.072813965,1.4372088,-0.18419506,1.0
63,5,0.07069261,1.44103,-0.20836522,1.0
63,6,0.07335953,1.4350308,-0.174402,1.0
63,7,0.079506256,1.428395,-0.03803934,1.0
63,8,-0.019740442,1.3846347,-0.12924695,1.0
63,9,0.102664724,1.3991722,-0.12620454,1.0
63,10,0.064081736,1.3637571,-0.17167486,1.0
63,11,0.11175923,1.2653443,0.14029416,1.0
63,12,-0.056993708,1.3368664,-0.05206146,1.0
63,13,0.08109605,1.060098,0.20785263,1.0
63,14,-0.07290373,1.0524437,-0.19309308,1.0
63,15,0.09382105,0.8748091,0.21891996,1.0
63,16,-0.16030377,0.8983914,-0.33888003,1.0
63,17,0.0956257,0.83171266,0.22286123,1.0
63,18,-0.163822,0.8856646,-0.40689516,1.0
63,19,0.08917056,0.82846993,0.20297982,1.0
63,20,-0.1466081,0.911464,-0.4225331,1.0
63,21,0.1079951,0.84057003,0.20786434,1.0
63,22,-0.16038465,0.9078244,-0.36453336,1.0
63,23,0.059141602,0.8009311,0.09862572,1.0
63,24,-0.0498276,0.81596124,-0.1177007,1.0
63,25,0.14184473,0.44825912,0.010013066,1.0
63,26,-0.039186988,0.47854105,-0.117771335,1.0
63,27,0.046554413,0.07998798,0.08242425,1.0
63,28,-0.19540769,0.08868581,-0.06262766,1.0
63,29,0.019487495,0.042221583,0.095549315,1.0
63,30,-0.19944566,0.056085642,-0.09790324,1.0
63,31,0.11233113,0.016191771,0.05456949,1.0
63,32,-0.092892826,0.041542172,-0.19761235,1.0
64,0,0.08805706,1.4226127,-0.16543469,1.0
64,1,0.085812345,1.4446263,-0.1521322,1.0
64,2,0.097631715,1.4422967,-0.14441918,1.0
64,3,0.095124446,1.4416015,-0.13779214,1.0
64,4,0.07470012,1.453276,-0.17383787,1.0
64,5,0.07213845,1.4569626,-0.19823903,1.0
64,6,0.07598344,1.4498028,-0.16500603,1.0
64,7,0.078930065,1.4421227,-0.03004368,1.0
64,8,-0.01850934,1.4005122,-0.12077041,1.0
64,9,0.10412002,1.4150457,-0.11658095,1.0
64,10,0.06423381,1.377959,-0.1629856,1.0
64,11,0.109974265,1.2760134,0.14620769,1.0
64,12,-0.05959286,1.3496422,-0.049400043,1.0
64,13,0.079321995,1.070773,0.21610941,1.0
64,14,-0.07247458,1.0720738,-0.1941891,1.0
64,15,0.08900775,0.88594335,0.23573986,1.0
64,16,-0.1598488,0.91904986,-0.33485404,1.0
64,17,0.08750725,0.8433014,0.24227454,1.0
64,18,-0.16359282,0.9052531,-0.4006046,1.0
64,19,0.08288285,0.8395034,0.22217187,1.0
64,20,-0.14695975,0.92907524,-0.41552368,1.0
64,21,0.1030394,0.85125786,0.22377154,1.0
64,22,-0.161484,0.9256486,-0.35838667,1.0
64,23,0.058162812,0.81156665,0.09952712,1.0
64,24,-0.049053147,0.8253684,-0.11680864,1.0
64,25,0.12752219,0.44631076,0.030182572,1.0
64,26,-0.03864623,0.48244926,-0.11189642,1.0
64,27,0.055384398,0.069606856,0.09662023,1.0
64,28,-0.21376607,0.09310227,-0.056972895,1.0
64,29,0.030616632,0.03184701,0.10979304,1.0
64,30,-0.21941364,0.05905816,-0.091767326,1.0
64,31,0.13230781,0.010721393,0.066747285,1.0
64,32,-0.11704589,0.048791137,-0.19354239,1.0
65,0,0.09082942,1.4436862,-0.16179298,1.0
65,1,0.08506988,1.4649484,-0.14909256,1.0
65,2,0.10185706,1.4633168,-0.14161135,1.0
65,3,0.09695591,1.4619223,-0.13485652,1.0
65,4,0.07626213,1.4759247,-0.17172267,1.0
65,5,0.07713587,1.4795483,-0.19720729,1.0
65,6,0.08036769,1.471895,-0.16465326,1.0
65,7,0.07778386,1.4635643,-0.024210379,1.0
65,8,-0.017514015,1.4235839,-0.12123988,1.0
65,9,0.1063061,1.4360968,-0.11196717,1.0
65,10,0.06806278,1.3988017,-0.16193758,1.0
65,11,0.10430464,1.2989795,0.15027173,1.0
65,12,-0.060544927,1.3768069,-0.053440228,1.0
65,13,0.07769226,1.1147015,0.21203354,1.0
65,14,-0.073714875,1.1106645,-0.20136213,1.0
65,15,0.106624044,0.97358334,0.21514535,1.0
65,16,-0.15723957,0.95339996,-0.34148237,1.0
65,17,0.104652636,0.93929976,0.21955992,1.0
65,18,-0.16455442,0.9377267,-0.4078039,1.0
65,19,0.1040339,0.9401468,0.1968765,1.0
65,20,-0.14209071,0.95856965,-0.42191187,1.0
65,21,0.122093365,0.9410483,0.19947442,1.0
65,22,-0.15900111,0.95849067,-0.362972,1.0
65,23,0.055932604,0.8251012,0.10138507,1.0
65,24,-0.04937513,0.84063154,-0.11632672,1.0
65,25,0.10685761,0.44256943,0.049619894,1.0
65,26,-0.019531067,0.4906295,-0.10691022,1.0
65,27,0.046151366,0.061778694,0.11420589,1.0
65,28,-0.21269007,0.10855215,-0.05087985,1.0
65,29,0.018174382,0.024478879,0.12908281,1.0
65,30,-0.22071277,0.07588969,-0.08611746,1.0
65,31,0.116974756,-0.0039589293,0.09200221,1.0
65,32,-0.12077688,0.061627463,-0.18276533,1.0
66,0,0.0977977,1.4460452,-0.14934851,1.0
66,1,0.09176947,1.4687552,-0.13802396,1.0
66,2,0.10980304,1.4670124,-0.1311848,1.0
66,3,0.103436634,1.4661833,-0.12498756,1.0
66,4,0.08301271,1.4803923,-0.1626701,1.0
66,5,0.08687641,1.4819683,-0.18704666,1.0
66,6,0.0903814,1.4745734,-0.15377265,1.0
66,7,0.08379534,1.4699941,-0.016407872,1.0
66,8,-0.006784828,1.4295387,-0.11219043,1.0
66,9,0.11411898,1.4396471,-0.09978938,1.0
66,10,0.07880187,1.4040924,-0.15167615,1.0
66,11,0.10646944,1.3054392,0.15496798,1.0
66,12,-0.040968806,1.3872867,-0.045994945,1.0
66,13,0.07395677,1.1166135,0.2150296,1.0
66,14,-0.06948628,1.1265574,-0.18578139,1.0
66,15,0.14320235,0.97322184,0.21215226,1.0
66,16,-0.1446458,0.9674309,-0.32003453,1.0
66,17,0.14857736,0.9412432,0.21660765,1.0
66,18,-0.15207939,0.9500907,-0.38768017,1.0
66,19,0.15366197,0.9416745,0.19011907,1.0
66,20,-0.12086573,0.97038937,-0.39872035,1.0
66,21,0.15978311,0.9424835,0.19333059,1.0
66,22,-0.14364983,0.97313505,-0.340907,1.0
66,23,0.051926732,0.8306928,0.10156366,1.0
66,24,-0.04942762,0.8482401,-0.114758275,1.0
66,25,0.110083684,0.44843093,0.04881701,1.0
66,26,0.021634866,0.4914425,-0.10102891,1.0
66,27,0.052308246,0.06359736,0.10923876,1.0
66,28,-0.19711591,0.12207689,-0.029399501,1.0
66,29,0.020960648,0.024337918,0.12566645,1.0
66,30,-0.20891872,0.089908294,-0.063091114,1.0
66,31,0.11199833,-0.012167821,0.093216725,1.0
66,32,-0.10599646,0.06426759,-0.14534661,1.0
67,0,0.100440174,1.4475296,-0.15041985,1.0
67,1,0.092841014,1.4714879,-0.13904107,1.0
67,2,0.11341429,1.4680935,-0.13380131,1.0
67,3,0.105378024,1.4681345,-0.1276255,1.0
67,4,0.086234994,1.4808747,-0.16440485,1.0
67,5,0.08984341,1.4838864,-0.18765193,1.0
67,6,0.09307943,1.4736522,-0.15473431,1.0
67,7,0.09222761,1.4720625,-0.01892932,1.0
67,8,-0.00067501265,1.4305621,-0.10853142,1.0
67,9,0.11901251,1.4410919,-0.10049551,1.0
67,10,0.08404313,1.4040799,-0.1521103,1.0
67,11,0.1156732,1.3057826,0.15226744,1.0
67,12,-0.02809006,1.3901386,-0.042224698,1.0
67,13,0.08709006,1.112131,0.20340972,1.0
67,14,-0.06379584,1.131775,-0.18126938,1.0
67,15,0.1788914,0.9732811,0.1922754,1.0
67,16,-0.13452956,0.98305005,-0.31638208,1.0
67,17,0.18915842,0.94239634,0.19659811,1.0
67,18,-0.14203542,0.96554655,-0.38424194,1.0
67,19,0.19702917,0.94286186,0.1682996,1.0
67,20,-0.10793829,0.9851561,-0.3946669,1.0
67,21,0.19660655,0.9408204,0.17162012,1.0
67,22,-0.13324922,0.9895472,-0.3363552,1.0
67,23,0.049542405,0.8315351,0.10073112,1.0
67,24,-0.04887514,0.8510294,-0.11334361,1.0
67,25,0.10151829,0.44620815,0.046520494,1.0
67,26,0.05256357,0.49195957,-0.10554546,1.0
67,27,0.046116397,0.06372099,0.10796736,1.0
67,28,-0.1828503,0.13523188,-0.023712674,1.0
67,29,0.013536697,0.024398817,0.12627456,1.0
67,30,-0.195984,0.10594408,-0.056063525,1.0
67,31,0.1036062,-0.016099045,0.09802506,1.0
67,32,-0.094108544,0.07118389,-0.12776525,1.0
68,0,0.09949764,1.4489477,-0.15698104,1.0
68,1,0.092911094,1.471286,-0.14535132,1.0
68,2,0.11498095,1.4699033,-0.14028178,1.0
68,3,0.10633747,1.4701631,-0.13503608,1.0
68,4,0.087773465,1.483189,-0.16987751,1.0
68,5,0.09231012,1.4841831,-0.19315115,1.0
68,6,0.09462993,1.4727385,-0.16089545,1.0
68,7,0.09993574,1.4760803,-0.028415337,1.0
68,8,0.0024411047,1.432413,-0.108591065,1.0
68,9,0.12251042,1.4436471,-0.106725894,1.0
68,10,0.08628661,1.4055313,-0.15784775,1.0
68,11,0.123131394,1.3101425,0.144135,1.0
68,12,-0.021893142,1.3920695,-0.038928732,1.0
68,13,0.10524358,1.1124864,0.18760562,1.0
68,14,-0.06056542,1.1329502,-0.17806512,1.0
68,15,0.18903346,0.975864,0.17235166,1.0
68,16,-0.13272604,0.9926064,-0.3125947,1.0
68,17,0.19635837,0.94521725,0.17644788,1.0
68,18,-0.14170046,0.97563875,-0.37591416,1.0
68,19,0.20255046,0.94557565,0.14904484,1.0
68,20,-0.105766416,0.9941774,-0.38884133,1.0
68,21,0.20474382,0.9419748,0.1511856,1.0
68,22,-0.1335299,0.9985201,-0.33225974,1.0
68,23,0.04419585,0.8353422,0.09775303,1.0
68,24,-0.0431256,0.8561594,-0.10842808,1.0
68,25,0.043320544,0.43389687,0.047155034,1.0
68,26,0.108125314,0.5018978,-0.1127729,1.0
68,27,0.002865262,0.06084628,0.10415072,1.0
68,28,-0.11667282,0.16640304,-0.018695144,1.0
68,29,-0.027810294,0.022076884,0.122885,1.0
68,30,-0.12896506,0.13771152,-0.048660427,1.0
68,31,0.061412916,-0.020520244,0.101604566,1.0
68,32,-0.031717364,0.09515658,-0.099834,1.0
69,0,0.10025553,1.4473836,-0.17049213,1.0
69,1,0.09228121,1.4707714,-0.15833326,1.0
69,2,0.11659526,1.4697237,-0.15334871,1.0
69,3,0.105518535,1.4697206,-0.14783436,1.0
69,4,0.08791294,1.4814172,-0.18196554,1.0
69,5,0.093740314,1.4830643,-0.20735346,1.0
69,6,0.09410053,1.4722685,-0.17302194,1.0
69,7,0.10170876,1.4741338,-0.04000879,1.0
69,8,0.0050741304,1.4300263,-0.12034457,1.0
69,9,0.12624158,1.4412539,-0.120017044,1.0
69,10,0.08967392,1.40144,-0.16982178,1.0
69,11,0.12465146,1.3078811,0.13529426,1.0
69,12,-0.01769583,1.3892668,-0.050748378,1.0
69,13,0.11304667,1.1162077,0.1821537,1.0
69,14,-0.062126763,1.1326487,-0.18890645,1.0
69,15,0.19160414,0.9794781,0.17085646,1.0
69,16,-0.13420025,0.99131036,-0.32041335,1.0
69,17,0.19751722,0.9475023,0.17623436,1.0
69,18,-0.143548,0.97247064,-0.3850707,1.0
69,19,0.20303959,0.94646275,0.1498378,1.0
69,20,-0.10581075,0.99091935,-0.39766154,1.0
69,21,0.20811501,0.94251496,0.15041564,1.0
69,22,-0.13496932,0.99702287,-0.33793482,1.0
69,23,0.038860302,0.8326696,0.10015179,1.0
69,24,-0.03914398,0.8556112,-0.10778365,1.0
69,25,0.011301157,0.42505062,0.06230351,1.0
69,26,0.12717529,0.50700605,-0.11504893,1.0
69,27,-0.008499057,0.05865697,0.11948336,1.0
69,28,-0.09071571,0.16865574,-0.036544483,1.0
69,29,-0.03780263,0.020404603,0.13839154,1.0
69,30,-0.099849075,0.14024785,-0.0670128,1.0
69,31,0.056293733,-0.021269603,0.12238918,1.0
69,32,0.005288082,0.09789501,-0.11720189,1.0
70,0,0.09982843,1.4449198,-0.1808662,1.0
70,1,0.09251267,1.4691824,-0.16731596,1.0
70,2,0.11591364,1.4682311,-0.1625479,1.0
70,3,0.10457277,1.4684061,-0.1568327,1.0
70,4,0.08739689,1.4791224,-0.19119047,1.0
70,5,0.09348577,1.4815309,-0.21766849,1.0
70,6,0.092659555,1.47109,-0.18267985,1.0
70,7,0.09979699,1.4716456,-0.04753426,1.0
70,8,0.0030724814,1.4271402,-0.13076161,1.0
70,9,0.12639354,1.4388024,-0.128839,1.0
70,10,0.08904426,1.3991058,-0.17885174,1.0
70,11,0.12309809,1.3055578,0.13120095,1.0
70,12,-0.021700982,1.3845717,-0.05801244,1.0
70,13,0.11303124,1.1171483,0.17209284,1.0
70,14,-0.080070004,1.1280888,-0.18997723,1.0
70,15,0.18391553,0.9820612,0.15274234,1.0
70,16,-0.14478043,0.9846335,-0.3145276,1.0
70,17,0.18792821,0.94993734,0.15539919,1.0
70,18,-0.1510394,0.9659501,-0.3786951,1.0
70,19,0.19287904,0.9499861,0.13134894,1.0
70,20,-0.1111518,0.98539895,-0.39118716,1.0
70,21,0.20050313,0.9446662,0.1324278,1.0
70,22,-0.14429365,0.990372,-0.33101285,1.0
70,23,0.036920823,0.8307838,0.10189234,1.0
70,24,-0.037764907,0.8543546,-0.108636506,1.0
70,25,0.00325178,0.42006642,0.072634704,1.0
70,26,0.13311337,0.51174885,-0.11517375,1.0
70,27,-0.018255778,0.05572109,0.1296874,1.0
70,28,-0.0824001,0.17029952,-0.042242054,1.0
70,29,-0.047362246,0.017799135,0.14919333,1.0
70,30,-0.09047194,0.14155537,-0.072707295,1.0
70,31,0.04990205,-0.020296294,0.13340534,1.0
70,32,0.019756597,0.103158034,-0.12433488,1.0
71,0,0.09594694,1.4471012,-0.18833233,1.0
71,1,0.089249894,1.4697559,-0.17500141,1.0
71,2,0.11339755,1.4699824,-0.16962373,1.0
71,3,0.10286731,1.4713956,-0.16473468,1.0
71,4,0.08300836,1.4824489,-0.19951096,1.0
71,5,0.09044221,1.4822451,-0.22757167,1.0
71,6,0.09005389,1.4718897,-0.19217679,1.0
71,7,0.097499155,1.4766301,-0.05319908,1.0
71,8,-0.003943607,1.4287292,-0.13712457,1.0
71,9,0.1217771,1.443301,-0.13604221,1.0
71,10,0.08334091,1.4037707,-0.18867014,1.0
71,11,0.11889762,1.313413,0.125159,1.0
71,12,-0.030131022,1.3898547,-0.060070157,1.0
71,13,0.114260495,1.1210037,0.15826862,1.0
71,14,-0.08729854,1.1280972,-0.18913598,1.0
71,15,0.18092822,0.986258,0.13007724,1.0
71,16,-0.15805352,0.9797858,-0.30780688,1.0
71,17,0.18181758,0.9545671,0.13290209,1.0
71,18,-0.1669335,0.9589458,-0.36991745,1.0
71,19,0.1843669,0.954994,0.106863394,1.0
71,20,-0.12725128,0.978927,-0.38295195,1.0
71,21,0.19431852,0.9506105,0.11152717,1.0
71,22,-0.1585818,0.9825389,-0.32606173,1.0
71,23,0.037286576,0.8338633,0.10151097,1.0
71,24,-0.03783268,0.8564439,-0.110138565,1.0
71,25,0.0011890093,0.42298836,0.082619466,1.0
71,26,0.15315762,0.5191062,-0.12422412,1.0
71,27,-0.034533158,0.06561285,0.1541278,1.0
71,28,-0.084824204,0.19480059,-0.02948085,1.0
71,29,-0.06454955,0.029184584,0.17685746,1.0
71,30,-0.0966987,0.16586292,-0.05721645,1.0
71,31,0.02373337,-0.020055568,0.16586933,1.0
71,32,0.014373335,0.11784366,-0.09739755,1.0
72,0,0.08560833,1.4469656,-0.19661038,1.0
72,1,0.080010936,1.4683003,-0.18430266,1.0
72,2,0.10513441,1.4698786,-0.1784468,1.0
72,3,0.09416537,1.4700559,-0.17375055,1.0
72,4,0.07371495,1.4824489,-0.21023093,1.0
72,5,0.0814465,1.4799784,-0.23623288,1.0
72,6,0.08304536,1.4702799,-0.20249483,1.0
72,7,0.08859075,1.4756812,-0.06261671,1.0
72,8,-0.014338957,1.4260291,-0.1462184,1.0
72,9,0.11086947,1.4425181,-0.1451097,1.0
72,10,0.072866604,1.4037182,-0.20020407,1.0
72,11,0.11145377,1.3132788,0.111558676,1.0
72,12,-0.04667881,1.3855596,-0.06711698,1.0
72,13,0.117124796,1.116891,0.14438106,1.0
72,14,-0.09193045,1.1169168,-0.19501999,1.0
72,15,0.1723887,0.9820748,0.12336061,1.0
72,16,-0.17519158,0.95917946,-0.3099664,1.0
72,17,0.17253263,0.9508719,0.12826052,1.0
72,18,-0.1880147,0.9364209,-0.3676518,1.0
72,19,0.17060961,0.95159924,0.10348745,1.0
72,20,-0.14992025,0.9542175,-0.38435215,1.0
72,21,0.18387568,0.947362,0.10547596,1.0
72,22,-0.17738372,0.9607332,-0.33072793,1.0
72,23,0.041095912,0.8319453,0.09936269,1.0
72,24,-0.03970493,0.8518879,-0.10670732,1.0
72,25,-0.010869929,0.42234254,0.082173295,1.0
72,26,0.15090549,0.5160809,-0.12311978,1.0
72,27,-0.051321886,0.06649236,0.15746623,1.0
72,28,-0.09616527,0.19700733,-0.022191798,1.0
72,29,-0.08127217,0.03035056,0.17951185,1.0
72,30,-0.111472525,0.16707101,-0.05027146,1.0
72,31,0.0036960503,-0.022468217,0.16792306,1.0
72,32,-0.016096447,0.119457506,-0.08764576,1.0
73,0,0.07044458,1.444013,-0.19426116,1.0
73,1,0.06574213,1.4570946,-0.1829117,1.0
73,2,0.09220875,1.4637696,-0.17464204,1.0
73,3,0.07948406,1.4617405,-0.17356339,1.0
73,4,0.06563015,1.4760158,-0.21025443,1.0
73,5,0.07450338,1.4763358,-0.23733766,1.0
73,6,0.06953677,1.466008,-0.20450579,1.0
73,7,0.07733965,1.4602748,-0.06827035,1.0
73,8,-0.021373479,1.4200429,-0.14867364,1.0
73,9,0.097072735,1.4303724,-0.1456378,1.0
73,10,0.0606661,1.4007905,-0.19996758,1.0
73,11,0.09851177,1.3050234,0.106400624,1.0
73,12,-0.05804799,1.3757942,-0.06402361,1.0
73,13,0.14147441,1.184646,0.13119033,1.0
73,14,-0.09414008,1.1050562,-0.1690368,1.0
73,15,0.12982614,1.2522669,0.13549593,1.0
73,16,-0.18589438,0.9483315,-0.25838807,1.0
73,17,0.108751915,1.2717416,0.1348277,1.0
73,18,-0.20438068,0.934293,-0.3022466,1.0
73,19,0.10184041,1.2911075,0.12565744,1.0
73,20,-0.17388538,0.95277655,-0.32407284,1.0
73,21,0.13811073,1.2329036,0.12567283,1.0
73,22,-0.19137184,0.95698637,-0.27487996,1.0
73,23,0.044196945,0.83164847,0.09569268,1.0
73,24,-0.038804565,0.85035974,-0.10590528,1.0
73,25,-0.012037738,0.42627752,0.07892127,1.0
73,26,0.15223078,0.52410334,-0.1251411,1.0
73,27,-0.054330308,0.0649147,0.15655847,1.0
73,28,-0.1018403,0.21241266,-0.012925526,1.0
73,29,-0.085746296,0.0334592,0.17447741,1.0
73,30,-0.11579384,0.17464983,-0.035211846,1.0
73,31,-0.0057655396,-0.020291058,0.16608466,1.0
73,32,-0.032003593,0.13417187,-0.07663836,1.0
74,0,0.061853454,1.438469,-0.19412202,1.0
74,1,0.056506064,1.4522742,-0.18168597,1.0
74,2,0.082805656,1.4581323,-0.17461917,1.0
74,3,0.072598904,1.4547589,-0.17152368,1.0
74,4,0.056742765,1.4700795,-0.20790459,1.0
74,5,0.061967894,1.4700075,-0.23332909,1.0
74,6,0.060931787,1.4607937,-0.20230643,1.0
74,7,0.068915196,1.456179,-0.06421907,1.0
74,8,-0.032511264,1.4130548,-0.14457574,1.0
74,9,0.086089864,1.42632,-0.1443297,1.0
74,10,0.0489158,1.3938025,-0.19917257,1.0
74,11,0.091419265,1.3034966,0.10340366,1.0
74,12,-0.07439008,1.3690313,-0.06250094,1.0
74,13,0.13818727,1.1729908,0.10610966,1.0
74,14,-0.10855185,1.1003246,-0.17189924,1.0
74,15,0.14066091,1.2010598,0.072481506,1.0
74,16,-0.19184253,0.9449299,-0.26582024,1.0
74,17,0.12411532,1.2085174,0.06752065,1.0
74,18,-0.20563515,0.9269293,-0.31090683,1.0
74,19,0.113721386,1.2256737,0.054764982,1.0
74,20,-0.17514163,0.9470572,-0.33357802,1.0
74,21,0.14604661,1.177776,0.05960273,1.0
74,22,-0.19445075,0.95175874,-0.283098,1.0
74,23,0.045477606,0.82576513,0.093816936,1.0
74,24,-0.039788987,0.8441725,-0.10414118,1.0
74,25,-0.015167587,0.42338228,0.078672975,1.0
74,26,0.15465733,0.5192829,-0.12048634,1.0
74,27,-0.07231511,0.06588992,0.15194175,1.0
74,28,-0.10396642,0.21153215,-0.0031417424,1.0
74,29,-0.10098725,0.030585773,0.17123564,1.0
74,30,-0.121169016,0.17704472,-0.026578102,1.0
74,31,-0.024108898,-0.020777756,0.1582038,1.0
74,32,-0.039802607,0.13572377,-0.0648487,1.0
75,0,0.062081233,1.4386922,-0.19659582,1.0
75,1,0.058413826,1.4601065,-0.18117005,1.0
75,2,0.08030826,1.4656405,-0.17236061,1.0
75,3,0.07020975,1.4630419,-0.16703473,1.0
75,4,0.050922953,1.4771916,-0.20531332,1.0
75,5,0.05663814,1.4727844,-0.23042159,1.0
75,6,0.062342033,1.4635531,-0.19950955,1.0
75,7,0.06165658,1.4702994,-0.06134239,1.0
75,8,-0.037017882,1.4157442,-0.14397572,1.0
75,9,0.08082121,1.4397175,-0.14200313,1.0
75,10,0.046591897,1.3978276,-0.19718744,1.0
75,11,0.079445586,1.310171,0.09967902,1.0
75,12,-0.08196275,1.3707108,-0.066293366,1.0
75,13,0.092101805,1.1133462,0.12364071,1.0
75,14,-0.11028331,1.099906,-0.1860286,1.0
75,15,0.09689583,0.9405604,0.11917553,1.0
75,16,-0.2004589,0.93814576,-0.27980778,1.0
75,17,0.08459878,0.89655775,0.12850401,1.0
75,18,-0.21222357,0.9153789,-0.32963568,1.0
75,19,0.072469816,0.89245963,0.11207956,1.0
75,20,-0.1842283,0.92935735,-0.34740302,1.0
75,21,0.10271669,0.90187186,0.106271654,1.0
75,22,-0.20389439,0.93844956,-0.29967952,1.0
75,23,0.040471036,0.8306842,0.09446746,1.0
75,24,-0.036971174,0.84536874,-0.10338715,1.0
75,25,-0.021466324,0.42413586,0.07690762,1.0
75,26,0.15822996,0.52346057,-0.11628928,1.0
75,27,-0.08465477,0.070780165,0.15410411,1.0
75,28,-0.100254156,0.2118047,0.0020935326,1.0
75,29,-0.11517235,0.03243068,0.1751396,1.0
75,30,-0.122294575,0.18227318,-0.024179963,1.0
75,31,-0.034030937,-0.024024539,0.16460977,1.0
75,32,-0.038088504,0.13322613,-0.055263598,1.0
76,0,0.060991175,1.4355892,-0.19833101,1.0
76,1,0.057367682,1.4578546,-0.18383037,1.0
76,2,0.078519486,1.4628472,-0.17384583,1.0
76,3,0.06880325,1.4625527,-0.1683339,1.0
76,4,0.048095718,1.4742479,-0.20556746,1.0
76,5,0.054530215,1.471907,-0.2328676,1.0
76,6,0.058700323,1.4622873,-0.20135702,1.0
76,7,0.060207874,1.467829,-0.06286382,1.0
76,8,-0.03969607,1.4133962,-0.14582308,1.0
76,9,0.07977006,1.4376909,-0.14399701,1.0
76,10,0.044235624,1.3947934,-0.19830042,1.0
76,11,0.07915658,1.3062015,0.10371502,1.0
76,12,-0.08345296,1.3671577,-0.067401744,1.0
76,13,0.08405187,1.0998766,0.13161543,1.0
76,14,-0.11382099,1.0901661,-0.18517686,1.0
76,15,0.09026244,0.9136436,0.12501162,1.0
76,16,-0.21547748,0.9299739,-0.28191614,1.0
76,17,0.078841016,0.86680746,0.13366914,1.0
76,18,-0.22925694,0.90866655,-0.33297738,1.0
76,19,0.068825155,0.86260575,0.11564492,1.0
76,20,-0.20432775,0.9238787,-0.3525223,1.0
76,21,0.09873986,0.87497556,0.11288384,1.0
76,22,-0.22098863,0.92960525,-0.3011305,1.0
76,23,0.039921165,0.8291252,0.096564546,1.0
76,24,-0.036182962,0.84279245,-0.10565941,1.0
76,25,-0.018731195,0.4251971,0.0812393,1.0
76,26,0.15391055,0.5235021,-0.11099075,1.0
76,27,-0.08782716,0.07050295,0.15681052,1.0
76,28,-0.084447645,0.20493662,-0.0011374217,1.0
76,29,-0.11919879,0.032492973,0.1785641,1.0
76,30,-0.10276044,0.1742138,-0.026151292,1.0
76,31,-0.034579046,-0.02161437,0.164243,1.0
76,32,-0.0061800377,0.12751162,-0.06444581,1.0
77,0,0.062378112,1.4427242,-0.19807199,1.0
77,1,0.05895739,1.4659653,-0.18274747,1.0
77,2,0.07838284,1.4705902,-0.17316288,1.0
77,3,0.06929792,1.4692482,-0.16674052,1.0
77,4,0.04946475,1.4798075,-0.20427184,1.0
77,5,0.05466637,1.479228,-0.23160365,1.0
77,6,0.05919852,1.469613,-0.19880421,1.0
77,7,0.05951778,1.4727337,-0.0614063,1.0
77,8,-0.038379334,1.4190904,-0.14532417,1.0
77,9,0.0815057,1.4431534,-0.14379719,1.0
77,10,0.046902493,1.3998456,-0.19645348,1.0
77,11,0.0810585,1.3059822,0.10525741,1.0
77,12,-0.082484245,1.367532,-0.0672665,1.0
77,13,0.08111489,1.0971991,0.14428486,1.0
77,14,-0.11316571,1.0857924,-0.18474928,1.0
77,15,0.08639824,0.90668696,0.15037757,1.0
77,16,-0.22259352,0.9306243,-0.2859603,1.0
77,17,0.076761186,0.8594778,0.16120952,1.0
77,18,-0.23689674,0.9128736,-0.33923846,1.0
77,19,0.069604814,0.8546069,0.14441061,1.0
77,20,-0.21496168,0.92947507,-0.35733685,1.0
77,21,0.09750779,0.8676037,0.1383517,1.0
77,22,-0.22772092,0.93161714,-0.30449966,1.0
77,23,0.03857564,0.83078045,0.09700474,1.0
77,24,-0.035492867,0.84453994,-0.105004825,1.0
77,25,-0.029337695,0.42523074,0.08389984,1.0
77,26,0.15017705,0.5243845,-0.10510589,1.0
77,27,-0.09329624,0.06690526,0.16338338,1.0
77,28,-0.062608965,0.19248223,0.0014428294,1.0
77,29,-0.12562487,0.029178606,0.1848426,1.0
77,30,-0.07747623,0.15954632,-0.023034677,1.0
77,31,-0.037126955,-0.022491567,0.1665677,1.0
77,32,0.024683375,0.12006341,-0.07012679,1.0
78,0,0.063264415,1.4424263,-0.1960651,1.0
78,1,0.061135,1.4650081,-0.18077135,1.0
78,2,0.078792304,1.469704,-0.17173266,1.0
78,3,0.07026537,1.467418,-0.16475834,1.0
78,4,0.051393136,1.4775839,-0.2036725,1.0
78,5,0.056302045,1.4789209,-0.2294331,1.0
78,6,0.060516983,1.4683946,-0.19638555,1.0
78,7,0.057334617,1.4709601,-0.059940465,1.0
78,8,-0.03695802,1.4186314,-0.1459783,1.0
78,9,0.081046276,1.4406378,-0.14234178,1.0
78,10,0.04837626,1.3982733,-0.19436978,1.0
78,11,0.076849595,1.302451,0.104117066,1.0
78,12,-0.08304667,1.3637484,-0.06605715,1.0
78,13,0.07076667,1.0897616,0.1476851,1.0
78,14,-0.1112711,1.0788641,-0.17896764,1.0
78,15,0.07484905,0.89760125,0.16167931,1.0
78,16,-0.22510102,0.9261343,-0.27729145,1.0
78,17,0.0673663,0.85098755,0.17260757,1.0
78,18,-0.23824131,0.91308945,-0.3303028,1.0
78,19,0.061083097,0.8466139,0.1578804,1.0
78,20,-0.2190624,0.93030113,-0.34800747,1.0
78,21,0.08811018,0.86003995,0.14980717,1.0
78,22,-0.22865866,0.9297377,-0.29688275,1.0
78,23,0.03671875,0.8282509,0.09453742,1.0
78,24,-0.033938676,0.84156185,-0.10204591,1.0
78,25,-0.0367786,0.4240648,0.08257252,1.0
78,26,0.1506997,0.52010024,-0.09822279,1.0
78,27,-0.11071427,0.06349465,0.16138797,1.0
78,28,-0.033532035,0.17340699,0.0030349365,1.0
78,29,-0.1449835,0.026617104,0.18090567,1.0
78,30,-0.045151528,0.13787737,-0.021600004,1.0
78,31,-0.061105583,-0.022716414,0.1604666,1.0
78,32,0.053780477,0.107783504,-0.073430814,1.0
79,0,0.068921074,1.4345177,-0.19172144,1.0
79,1,0.07026093,1.4555758,-0.1759535,1.0
79,2,0.08464049,1.4618543,-0.16778877,1.0
79,3,0.075834006,1.4560763,-0.1612399,1.0
79,4,0.058834154,1.4682461,-0.2027218,1.0
79,5,0.063409045,1.4705702,-0.2269262,1.0
79,6,0.06535907,1.4636364,-0.19240753,1.0
79,7,0.06124968,1.4591048,-0.053524718,1.0
79,8,-0.033814657,1.4107877,-0.14406596,1.0
79,9,0.0901875,1.4283555,-0.13964276,1.0
79,10,0.053975362,1.3899196,-0.19082315,1.0
79,11,0.08373383,1.2954779,0.115604475,1.0
79,12,-0.07672517,1.3552208,-0.064858034,1.0
79,13,0.09192152,1.1224368,0.15617464,1.0
79,14,-0.110289276,1.0747191,-0.17591523,1.0
79,15,0.12210352,0.99921507,0.14504524,1.0
79,16,-0.22058776,0.93139195,-0.28386733,1.0
79,17,0.124549344,0.97053605,0.14369574,1.0
79,18,-0.23498605,0.9225437,-0.3383036,1.0
79,19,0.11901705,0.9758239,0.12774807,1.0
79,20,-0.20974347,0.9453913,-0.35797128,1.0
79,21,0.13934654,0.96702546,0.12754188,1.0
79,22,-0.22262487,0.9399685,-0.3033112,1.0
79,23,0.038183242,0.81876576,0.09734541,1.0
79,24,-0.0375972,0.83075047,-0.103121266,1.0
79,25,-0.027189182,0.41415367,0.0839352,1.0
79,26,0.1534706,0.5085907,-0.09969883,1.0
79,27,-0.10120663,0.05419224,0.14000191,1.0
79,28,0.013069498,0.14277042,-0.034810238,1.0
79,29,-0.13277553,0.01726058,0.15427881,1.0
79,30,0.009533773,0.101686105,-0.06475894,1.0
79,31,-0.051201854,-0.018137842,0.12737823,1.0
79,32,0.11194628,0.08405815,-0.13219611,1.0
80,0,0.074209906,1.4226495,-0.18301953,1.0
80,1,0.075002775,1.4456341,-0.16924731,1.0
80,2,0.08832521,1.445797,-0.16197091,1.0
80,3,0.08150336,1.445042,-0.15406543,1.0
80,4,0.0631034,1.4554967,-0.19680664,1.0
80,5,0.06760007,1.4617695,-0.2200402,1.0
80,6,0.06722977,1.4549974,-0.18713233,1.0
80,7,0.06150367,1.4478058,-0.044675086,1.0
80,8,-0.030592762,1.3995341,-0.14144515,1.0
80,9,0.09345282,1.4147478,-0.13177826,1.0
80,10,0.05651711,1.3796786,-0.1830461,1.0
80,11,0.08530454,1.2844028,0.13654901,1.0
80,12,-0.06444055,1.3496568,-0.061387263,1.0
80,13,0.09679889,1.1121254,0.18168566,1.0
80,14,-0.105171144,1.0766406,-0.16840672,1.0
80,15,0.16635226,0.9906083,0.16158856,1.0
80,16,-0.20576008,0.9247482,-0.2802922,1.0
80,17,0.17983383,0.9617572,0.15499908,1.0
80,18,-0.2175064,0.91579896,-0.33794308,1.0
80,19,0.17854607,0.96864605,0.13551669,1.0
80,20,-0.18835579,0.9417503,-0.35808977,1.0
80,21,0.18852663,0.9567226,0.14261131,1.0
80,22,-0.20614421,0.9351348,-0.30180514,1.0
80,23,0.03901394,0.8089644,0.10228932,1.0
80,24,-0.03751238,0.82068133,-0.111889586,1.0
80,25,0.03378842,0.41342527,0.080463566,1.0
80,26,0.15132725,0.5008454,-0.1092793,1.0
80,27,-0.086839356,0.055153467,0.13617249,1.0
80,28,0.03683895,0.12361591,-0.056512956,1.0
80,29,-0.12261014,0.019521186,0.14973217,1.0
80,30,0.03558232,0.08326492,-0.08785227,1.0
80,31,-0.042183593,-0.009673178,0.12314851,1.0
80,32,0.14887594,0.06808171,-0.15840602,1.0
81,0,0.07434892,1.4042314,-0.15840764,1.0
81,1,0.07437141,1.4286429,-0.14719369,1.0
81,2,0.089089915,1.4247365,-0.14050208,1.0
81,3,0.08142893,1.4277279,-0.13281953,1.0
81,4,0.06364641,1.4381806,-0.17413056,1.0
81,5,0.06798177,1.4453421,-0.19639596,1.0
81,6,0.06631351,1.4370366,-0.1648538,1.0
81,7,0.06435318,1.4311529,-0.023442209,1.0
81,8,-0.027108165,1.383487,-0.11811767,1.0
81,9,0.09529035,1.396575,-0.10881042,1.0
81,10,0.05776839,1.3620343,-0.15736528,1.0
81,11,0.08604643,1.2678114,0.16230558,1.0
81,12,-0.05337023,1.3435286,-0.036233254,1.0
81,13,0.09788775,1.0980881,0.22695425,1.0
81,14,-0.09854241,1.0710741,-0.13106254,1.0
81,15,0.19933696,0.9763415,0.23264143,1.0
81,16,-0.18976896,0.91175807,-0.23715073,1.0
81,17,0.22229062,0.948389,0.22926274,1.0
81,18,-0.19945173,0.9012944,-0.29617098,1.0
81,19,0.22560602,0.9542462,0.20891619,1.0
81,20,-0.16736522,0.9268853,-0.31590506,1.0
81,21,0.22730388,0.9420194,0.2140249,1.0
81,22,-0.18955168,0.9242119,-0.26081106,1.0
81,23,0.037876073,0.80022424,0.10224843,1.0
81,24,-0.03788699,0.81351745,-0.113856,1.0
81,25,0.07436529,0.41595417,0.059474677,1.0
81,26,0.14576103,0.5002541,-0.118451454,1.0
81,27,-0.06462438,0.058221266,0.102902584,1.0
81,28,0.036772512,0.1112876,-0.08848232,1.0
81,29,-0.10448362,0.024024649,0.11290428,1.0
81,30,0.037150607,0.07160486,-0.122547925,1.0
81,31,-0.033274587,-0.00567603,0.08480211,1.0
81,32,0.15158723,0.05703517,-0.19756313,1.0
82,0,0.08050299,1.396229,-0.15422593,1.0
82,1,0.07928589,1.4223152,-0.14533596,1.0
82,2,0.09448097,1.4141265,-0.14084265,1.0
82,3,0.08804583,1.4207082,-0.1321632,1.0
82,4,0.068997346,1.4284163,-0.17188524,1.0
82,5,0.07277886,1.4371505,-0.19343694,1.0
82,6,0.07112069,1.4281945,-0.16299824,1.0
82,7,0.07346863,1.4248064,-0.022257391,1.0
82,8,-0.020708669,1.3739188,-0.113449566,1.0
82,9,0.10166202,1.3881599,-0.10579803,1.0
82,10,0.06538179,1.3553504,-0.15242197,1.0
82,11,0.10025041,1.2616764,0.16501664,1.0
82,12,-0.039834898,1.3404024,-0.024650156,1.0
82,13,0.11533379,1.0861747,0.22242868,1.0
82,14,-0.094133265,1.063039,-0.10284972,1.0
82,15,0.21476501,0.9598585,0.21937938,1.0
82,16,-0.17578097,0.8949604,-0.20219511,1.0
82,17,0.23761287,0.9306483,0.21388032,1.0
82,18,-0.18089725,0.8811544,-0.2616884,1.0
82,19,0.23900753,0.9390013,0.1943524,1.0
82,20,-0.14652048,0.9085587,-0.2799212,1.0
82,21,0.24011235,0.9264426,0.20185551,1.0
82,22,-0.17306517,0.9083075,-0.22805151,1.0
82,23,0.041147605,0.7965412,0.10074292,1.0
82,24,-0.040872753,0.81472105,-0.11509042,1.0
82,25,0.11686946,0.4187419,0.043629132,1.0
82,26,0.13693617,0.5010223,-0.12431032,1.0
82,27,-0.042994313,0.068343826,0.101321906,1.0
82,28,0.035086997,0.10427286,-0.08841392,1.0
82,29,-0.084183484,0.035577133,0.112706825,1.0
82,30,0.036337126,0.06785157,-0.123225376,1.0
82,31,-0.023920424,-0.0007794034,0.08537576,1.0
82,32,0.15630929,0.045745373,-0.1990659,1.0
83,0,0.08234378,1.387286,-0.15758798,1.0
83,1,0.08122949,1.4141892,-0.14911744,1.0
83,2,0.095021665,1.4044816,-0.14554213,1.0
83,3,0.08910999,1.4131364,-0.13594912,1.0
83,4,0.07061259,1.4195858,-0.17403178,1.0
83,5,0.07360965,1.4287459,-0.1952692,1.0
83,6,0.0712442,1.4201969,-0.1660915,1.0
83,7,0.07701798,1.4163252,-0.028301228,1.0
83,8,-0.017479936,1.363109,-0.1156736,1.0
83,9,0.105563916,1.3785931,-0.10922684,1.0
83,10,0.068250276,1.3456365,-0.15377478,1.0
83,11,0.110784635,1.2526982,0.1619333,1.0
83,12,-0.029019896,1.3281358,-0.029436361,1.0
83,13,0.12848808,1.0817087,0.21680877,1.0
83,14,-0.08148821,1.0548743,-0.11244459,1.0
83,15,0.22597419,0.9487818,0.21328849,1.0
83,16,-0.1660561,0.8909182,-0.21639758,1.0
83,17,0.2483922,0.9178627,0.20853426,1.0
83,18,-0.17192826,0.87684005,-0.27593225,1.0
83,19,0.25037834,0.9260973,0.18882617,1.0
83,20,-0.13820232,0.90398616,-0.29481328,1.0
83,21,0.2503212,0.91332036,0.19629112,1.0
83,22,-0.1654926,0.9039629,-0.2421296,1.0
83,23,0.043028377,0.7918898,0.10340989,1.0
83,24,-0.042328395,0.81102514,-0.11678594,1.0
83,25,0.13399765,0.41755563,0.029338427,1.0
83,26,0.11670628,0.496148,-0.12688231,1.0
83,27,-0.02228387,0.06419654,0.08635781,1.0
83,28,0.01730885,0.0968188,-0.09739979,1.0
83,29,-0.060725786,0.03040887,0.09809625,1.0
83,30,0.02014112,0.062227473,-0.13318275,1.0
83,31,0.010511369,0.0025094096,0.069310196,1.0
83,32,0.14055988,0.04119443,-0.21192692,1.0
84,0,0.0827536,1.3751774,-0.15667152,1.0
84,1,0.08296198,1.4004654,-0.14811212,1.0
84,2,0.09374493,1.39116,-0.14382374,1.0
84,3,0.08984888,1.399546,-0.13485947,1.0
84,4,0.072096705,1.406609,-0.17312256,1.0
84,5,0.074365,1.4151831,-0.19282389,1.0
84,6,0.07024546,1.4062666,-0.16431376,1.0
84,7,0.07763018,1.4019598,-0.027345952,1.0
84,8,-0.015182682,1.3482298,-0.114579804,1.0
84,9,0.10690101,1.3645242,-0.10925125,1.0
84,10,0.06885432,1.3324935,-0.15103891,1.0
84,11,0.11453934,1.2382398,0.16746075,1.0
84,12,-0.022424651,1.3131607,-0.03257817,1.0
84,13,0.13187474,1.068732,0.23574355,1.0
84,14,-0.07113003,1.0407898,-0.115732506,1.0
84,15,0.22867149,0.9314122,0.24858886,1.0
84,16,-0.1589335,0.87278694,-0.22098319,1.0
84,17,0.25219402,0.90109646,0.24662144,1.0
84,18,-0.16395219,0.8600575,-0.28165746,1.0
84,19,0.25379458,0.9078535,0.2276371,1.0
84,20,-0.1328435,0.8854176,-0.30087826,1.0
84,21,0.25299266,0.8976296,0.23251525,1.0
84,22,-0.15717176,0.88665485,-0.24775326,1.0
84,23,0.045282267,0.7762022,0.10582426,1.0
84,24,-0.043334097,0.795275,-0.121222146,1.0
84,25,0.1556352,0.4128536,0.029695285,1.0
84,26,0.090421975,0.47725147,-0.12052067,1.0
84,27,-0.020524062,0.066259354,0.09132486,1.0
84,28,0.002487825,0.078037694,-0.0825638,1.0
84,29,-0.059689134,0.03260693,0.1028565,1.0
84,30,0.006895595,0.044127963,-0.119023696,1.0
84,31,0.010692125,0.010656929,0.07201225,1.0
84,32,0.12851302,0.026790544,-0.20262216,1.0
85,0,0.08206241,1.381615,-0.15801458,1.0
85,1,0.08249357,1.407047,-0.14945784,1.0
85,2,0.09283665,1.3979449,-0.1447728,1.0
85,3,0.08835122,1.4048699,-0.1368351,1.0
85,4,0.07116221,1.4125025,-0.17518385,1.0
85,5,0.073641516,1.4214418,-0.19410239,1.0
85,6,0.06973476,1.4112575,-0.16586299,1.0
85,7,0.07717013,1.4067354,-0.027685897,1.0
85,8,-0.016514676,1.3532624,-0.11591749,1.0
85,9,0.1070479,1.3700438,-0.11172343,1.0
85,10,0.068321414,1.337752,-0.15318523,1.0
85,11,0.112154484,1.2403433,0.16279237,1.0
85,12,-0.024884207,1.3161525,-0.034690134,1.0
85,13,0.1212015,1.064878,0.22896601,1.0
85,14,-0.079432346,1.0426575,-0.11831501,1.0
85,15,0.21467572,0.92190224,0.24115925,1.0
85,16,-0.15831177,0.87150466,-0.22343722,1.0
85,17,0.2368545,0.89025193,0.24046887,1.0
85,18,-0.16102476,0.8582772,-0.2843853,1.0
85,19,0.23762429,0.89721817,0.22136708,1.0
85,20,-0.12677364,0.8822036,-0.30256173,1.0
85,21,0.23820116,0.8886436,0.22554234,1.0
85,22,-0.1552276,0.88615257,-0.24992761,1.0
85,23,0.046405483,0.77659565,0.10437301,1.0
85,24,-0.04546864,0.7956633,-0.11841933,1.0
85,25,0.15643555,0.41503954,0.029318461,1.0
85,26,0.07615941,0.47681984,-0.11502852,1.0
85,27,-0.0173206,0.06808996,0.089331746,1.0
85,28,-0.0032475188,0.08413004,-0.056793727,1.0
85,29,-0.056569286,0.033565424,0.10105462,1.0
85,30,0.0018536435,0.05086462,-0.09309365,1.0
85,31,0.0104095265,0.0086882375,0.06985742,1.0
85,32,0.12112241,0.0297743,-0.17304084,1.0
86,0,0.0780609,1.386362,-0.159304,1.0
86,1,0.07866289,1.4104649,-0.15113504,1.0
86,2,0.08757278,1.4025912,-0.14654417,1.0
86,3,0.083378315,1.407932,-0.13949043,1.0
86,4,0.06662865,1.4151583,-0.17802271,1.0
86,5,0.0699127,1.4244767,-0.19590206,1.0
86,6,0.06630452,1.4144933,-0.16796377,1.0
86,7,0.07298604,1.4108763,-0.030620191,1.0
86,8,-0.020576341,1.3578248,-0.11809142,1.0
86,9,0.103313714,1.3743223,-0.113978036,1.0
86,10,0.06549775,1.3420796,-0.15618783,1.0
86,11,0.10893838,1.2442601,0.15822116,1.0
86,12,-0.028847968,1.3166164,-0.03685862,1.0
86,13,0.11219067,1.0584295,0.22469157,1.0
86,14,-0.095893905,1.0432682,-0.11764728,1.0
86,15,0.20553516,0.9058505,0.23381202,1.0
86,16,-0.16404171,0.8667447,-0.22090614,1.0
86,17,0.22666039,0.87307066,0.23222572,1.0
86,18,-0.16263671,0.8517765,-0.27992848,1.0
86,19,0.22758585,0.879461,0.21253128,1.0
86,20,-0.12526143,0.8761126,-0.29689083,1.0
86,21,0.22846407,0.8727572,0.2179977,1.0
86,22,-0.15827742,0.88089854,-0.24498802,1.0
86,23,0.048559602,0.77875566,0.10297234,1.0
86,24,-0.045842413,0.7996097,-0.11563504,1.0
86,25,0.14811881,0.41651908,0.032910716,1.0
86,26,0.06403581,0.47496933,-0.10421698,1.0
86,27,-0.016597763,0.06927044,0.087315425,1.0
86,28,-0.024794348,0.08922259,-0.02743802,1.0
86,29,-0.05375371,0.03347924,0.099593036,1.0
86,30,-0.021541905,0.05565618,-0.061154537,1.0
86,31,0.011134054,0.0076739676,0.06743219,1.0
86,32,0.09722122,0.031066425,-0.13705187,1.0
87,0,0.07276206,1.402373,-0.16239634,1.0
87,1,0.07277417,1.4244516,-0.1554207,1.0
87,2,0.08203852,1.4176239,-0.14962314,1.0
87,3,0.07919664,1.4226946,-0.14292619,1.0
87,4,0.059770357,1.4303153,-0.18093823,1.0
87,5,0.063108675,1.4377052,-0.1992263,1.0
87,6,0.060989268,1.4291265,-0.1708589,1.0
87,7,0.06971033,1.4232073,-0.033721056,1.0
87,8,-0.0267811,1.3700956,-0.12096937,1.0
87,9,0.095836364,1.3889638,-0.11807624,1.0
87,10,0.059592605,1.3566866,-0.1616362,1.0
87,11,0.10680808,1.2566417,0.14769013,1.0
87,12,-0.0395218,1.3257201,-0.03517106,1.0
87,13,0.10690068,1.0652671,0.20753829,1.0
87,14,-0.10407062,1.0454148,-0.119310565,1.0
87,15,0.18673497,0.9123303,0.21179698,1.0
87,16,-0.17182189,0.8726975,-0.22199054,1.0
87,17,0.20546031,0.87944025,0.21147443,1.0
87,18,-0.16836327,0.85650736,-0.28039628,1.0
87,19,0.2034073,0.8855534,0.19062464,1.0
87,20,-0.13459072,0.88356507,-0.2972115,1.0
87,21,0.20747805,0.8814414,0.19819891,1.0
87,22,-0.16486542,0.88626146,-0.24587616,1.0
87,23,0.05291076,0.78314793,0.10071203,1.0
87,24,-0.048970077,0.80229497,-0.1146301,1.0
87,25,0.16505085,0.42996824,0.024895275,1.0
87,26,0.047788866,0.47201073,-0.10578628,1.0
87,27,-0.014962236,0.08177509,0.086292244,1.0
87,28,-0.058421288,0.0887217,-0.0106117325,1.0
87,29,-0.051828764,0.045815423,0.10089184,1.0
87,30,-0.05924206,0.055559713,-0.043463558,1.0
87,31,0.0031206831,0.009887874,0.06727329,1.0
87,32,0.058327947,0.023233779,-0.11778516,1.0
88,0,0.069917254,1.4063207,-0.16515824,1.0
88,1,0.07134549,1.4273843,-0.15710533,1.0
88,2,0.080444545,1.421396,-0.15127985,1.0
88,3,0.07872719,1.4263119,-0.14323492,1.0
88,4,0.054650884,1.432374,-0.18243569,1.0
88,5,0.057233896,1.440488,-0.20071995,1.0
88,6,0.058233596,1.4339367,-0.1711717,1.0
88,7,0.07043183,1.4240353,-0.030748345,1.0
88,8,-0.03201444,1.3722824,-0.11869941,1.0
88,9,0.09068773,1.3927245,-0.121202536,1.0
88,10,0.054482482,1.360767,-0.16649279,1.0
88,11,0.10886286,1.2573178,0.14153367,1.0
88,12,-0.05063964,1.3234155,-0.030113302,1.0
88,13,0.10531162,1.0661926,0.18906352,1.0
88,14,-0.10338417,1.0348004,-0.13659388,1.0
88,15,0.18425629,0.9198839,0.16550985,1.0
88,16,-0.17389324,0.882331,-0.274239,1.0
88,17,0.20513584,0.88734937,0.15897706,1.0
88,18,-0.17212392,0.87115943,-0.33777753,1.0
88,19,0.20080142,0.8969923,0.13772896,1.0
88,20,-0.14114322,0.90398026,-0.35599062,1.0
88,21,0.20361276,0.89048046,0.15311387,1.0
88,22,-0.1672153,0.899127,-0.2999913,1.0
88,23,0.057957374,0.7812557,0.0973835,1.0
88,24,-0.052235704,0.7977341,-0.11357564,1.0
88,25,0.18112324,0.4405019,0.011564476,1.0
88,26,0.04202813,0.46511084,-0.10760073,1.0
88,27,-0.014619985,0.09745486,0.088416554,1.0
88,28,-0.07171349,0.08463719,-0.01192694,1.0
88,29,-0.051897302,0.06107642,0.10538095,1.0
88,30,-0.07532269,0.052211657,-0.044752024,1.0
88,31,-0.00072135683,0.019503323,0.07271109,1.0
88,32,0.043394502,0.019533522,-0.1235935,1.0
89,0,0.065555274,1.4230162,-0.17597243,1.0
89,1,0.06980264,1.443659,-0.1675488,1.0
89,2,0.077390864,1.440517,-0.1612228,1.0
89,3,0.074725755,1.4436014,-0.15295859,1.0
89,4,0.0483611,1.447801,-0.19134542,1.0
89,5,0.05301269,1.4578882,-0.20976079,1.0
89,6,0.05548854,1.453484,-0.18059878,1.0
89,7,0.06936541,1.4365685,-0.035950445,1.0
89,8,-0.03933764,1.3874097,-0.122764274,1.0
89,9,0.08541031,1.4081265,-0.13149181,1.0
89,10,0.0490964,1.376664,-0.17753728,1.0
89,11,0.10544625,1.2668809,0.124934345,1.0
89,12,-0.06024066,1.3280574,-0.03444987,1.0
89,13,0.11172105,1.0894713,0.15108897,1.0
89,14,-0.10360057,1.0352764,-0.14914635,1.0
89,15,0.18064174,0.9723776,0.1030154,1.0
89,16,-0.17763278,0.9298016,-0.30862916,1.0
89,17,0.2023344,0.94585556,0.090343535,1.0
89,18,-0.1778635,0.93431467,-0.37540302,1.0
89,19,0.19311528,0.9638545,0.07344404,1.0
89,20,-0.15199244,0.9722264,-0.39496645,1.0
89,21,0.2011651,0.9462181,0.0915092,1.0
89,22,-0.17043525,0.95346254,-0.33400458,1.0
89,23,0.061949067,0.795548,0.094883636,1.0
89,24,-0.057918943,0.80472666,-0.10847452,1.0
89,25,0.20714639,0.48379493,-0.00084574893,1.0
89,26,0.03751061,0.4716145,-0.10651997,1.0
89,27,-0.015436583,0.16947591,0.09039695,1.0
89,28,-0.07178339,0.08302675,-0.02938973,1.0
89,29,-0.057246536,0.13822967,0.1107194,1.0
89,30,-0.07638528,0.047719374,-0.06375143,1.0
89,31,-0.015817832,0.095516376,0.08183035,1.0
89,32,0.040548448,0.023718111,-0.15696324,1.0
90,0,0.058718946,1.4411086,-0.18095692,1.0
90,1,0.06166923,1.4599912,-0.17255893,1.0
90,2,0.070702404,1.4596713,-0.16579433,1.0
90,3,0.06630161,1.4611365,-0.15713459,1.0
90,4,0.038598824,1.4633784,-0.19372775,1.0
90,5,0.04396608,1.4757957,-0.21252885,1.0
90,6,0.04873895,1.4732729,-0.18374309,1.0
90,7,0.06445519,1.4491738,-0.037012666,1.0
90,8,-0.047103446,1.4024514,-0.121792294,1.0
90,9,0.075772695,1.4235226,-0.13722494,1.0
90,10,0.040310666,1.3924289,-0.18280743,1.0
90,11,0.10074818,1.2767149,0.11351861,1.0
90,12,-0.07566841,1.3276592,-0.034575377,1.0
90,13,0.13260058,1.1039281,0.117027365,1.0
90,14,-0.10646145,1.0352706,-0.14790878,1.0
90,15,0.20125341,1.0135082,0.036023416,1.0
90,16,-0.18156686,0.99097115,-0.31732962,1.0
90,17,0.22324155,0.99337703,0.016969312,1.0
90,18,-0.18296075,1.0134803,-0.3854282,1.0
90,19,0.20947948,1.0178503,0.0009658886,1.0
90,20,-0.16499153,1.060528,-0.40496972,1.0
90,21,0.22146592,0.9904276,0.024257362,1.0
90,22,-0.175064,1.0224143,-0.33987322,1.0
90,23,0.06558924,0.8072325,0.091952145,1.0
90,24,-0.06420874,0.8071126,-0.102624215,1.0
90,25,0.23612101,0.51710695,-0.0053401873,1.0
90,26,0.03717251,0.47169083,-0.10468964,1.0
90,27,-0.0008652201,0.22971936,0.11620989,1.0
90,28,-0.08334346,0.08491203,-0.027421849,1.0
90,29,-0.046308644,0.20280449,0.14242394,1.0
90,30,-0.09037733,0.04703514,-0.060194254,1.0
90,31,-0.0130239045,0.15550646,0.121770374,1.0
90,32,0.022133823,0.0269861,-0.15996782,1.0
91,0,0.051327858,1.4432195,-0.18976593,1.0
91,1,0.05552795,1.4596664,-0.1834386,1.0
91,2,0.06363404,1.4634176,-0.17587157,1.0
91,3,0.058323264,1.4639863,-0.16701868,1.0
91,4,0.031059792,1.4669753,-0.20286727,1.0
91,5,0.038555156,1.4776478,-0.22179928,1.0
91,6,0.04317311,1.476325,-0.19239481,1.0
91,7,0.059317708,1.4478968,-0.04703759,1.0
91,8,-0.05269243,1.4043095,-0.12979856,1.0
91,9,0.06673255,1.4246,-0.14702201,1.0
91,10,0.03359689,1.3955798,-0.1933532,1.0
91,11,0.0918899,1.2709427,0.096155494,1.0
91,12,-0.08877207,1.3226511,-0.0365597,1.0
91,13,0.12920383,1.0998074,0.10089308,1.0
91,14,-0.111798555,1.033783,-0.13791287,1.0
91,15,0.22717555,1.0411882,0.023436928,1.0
91,16,-0.19757238,1.041064,-0.30324787,1.0
91,17,0.25613886,1.0334346,0.0072342115,1.0
91,18,-0.20108035,1.0794843,-0.3684767,1.0
91,19,0.24878271,1.0610626,-0.010238333,1.0
91,20,-0.19011928,1.1307248,-0.38809618,1.0
91,21,0.25147215,1.0233476,0.010728409,1.0
91,22,-0.1924362,1.0765573,-0.32266888,1.0
91,23,0.069269426,0.8096856,0.08699988,1.0
91,24,-0.070979215,0.8034488,-0.09553645,1.0
91,25,0.26058906,0.5285917,-0.0063337837,1.0
91,26,0.031477164,0.47217828,-0.10121062,1.0
91,27,0.021381468,0.24847601,0.14012869,1.0
91,28,-0.0844523,0.08867974,-0.007956282,1.0
91,29,-0.02735859,0.2219864,0.17219846,1.0
91,30,-0.09205041,0.04982219,-0.0387171,1.0
91,31,-0.007440607,0.16521579,0.15392911,1.0
91,32,0.010961066,0.027288675,-0.14083529,1.0
92,0,0.048518945,1.4520394,-0.18801038,1.0
92,1,0.050316647,1.4655933,-0.18024752,1.0
92,2,0.05923173,1.472769,-0.1729394,1.0
92,3,0.05350425,1.4704775,-0.16307405,1.0
92,4,0.028668111,1.474624,-0.20033917,1.0
92,5,0.034124434,1.4855881,-0.21940543,1.0
92,6,0.03933552,1.4841752,-0.18787505,1.0
92,7,0.051586553,1.4505463,-0.04483646,1.0
92,8,-0.05546879,1.4091395,-0.13052009,1.0
92,9,0.061901916,1.4299583,-0.1447281,1.0
92,10,0.030227719,1.4019115,-0.19104609,1.0
92,11,0.08385989,1.2709925,0.099336505,1.0
92,12,-0.10023412,1.3198112,-0.037415214,1.0
92,13,0.12759475,1.1113193,0.116132915,1.0
92,14,-0.113637,1.0378679,-0.13695803,1.0
92,15,0.2587184,1.0975575,0.052192625,1.0
92,16,-0.20145532,1.0859802,-0.29767695,1.0
92,17,0.29406306,1.1041725,0.040375683,1.0
92,18,-0.20410433,1.1389124,-0.36229438,1.0
92,19,0.29513782,1.1339649,0.023392165,1.0
92,20,-0.19940734,1.1932276,-0.3807667,1.0
92,21,0.28507888,1.0842369,0.038270306,1.0
92,22,-0.19867231,1.1261566,-0.31462973,1.0
92,23,0.069621995,0.8148418,0.088704735,1.0
92,24,-0.07264169,0.8003748,-0.096898645,1.0
92,25,0.2856014,0.54318047,-0.009599512,1.0
92,26,0.037748884,0.47119817,-0.10009837,1.0
92,27,0.059905536,0.2559616,0.15205254,1.0
92,28,-0.08833689,0.08729023,-0.005895068,1.0
92,29,0.01025165,0.22604696,0.18588665,1.0
92,30,-0.09907982,0.048429538,-0.036484603,1.0
92,31,0.04122586,0.17020379,0.17064437,1.0
92,32,-0.0024916725,0.028652824,-0.1405682,1.0
93,0,0.041245326,1.4555106,-0.20748445,1.0
93,1,0.042345345,1.4690454,-0.20053323,1.0
93,2,0.052173764,1.4762822,-0.1928452,1.0
93,3,0.045351982,1.4722483,-0.1824562,1.0
93,4,0.021903845,1.4790603,-0.21970285,1.0
93,5,0.02622407,1.4888593,-0.2394571,1.0
93,6,0.03192227,1.4879225,-0.20708993,1.0
93,7,0.04490681,1.4531088,-0.064897686,1.0
93,8,-0.06045234,1.412886,-0.14873636,1.0
93,9,0.05526344,1.4320633,-0.16430074,1.0
93,10,0.02166346,1.4055293,-0.20852908,1.0
93,11,0.08181813,1.2723975,0.08146003,1.0
93,12,-0.11092059,1.3227602,-0.05049666,1.0
93,13,0.13546096,1.1212084,0.10378335,1.0
93,14,-0.11620732,1.0435615,-0.15413058,1.0
93,15,0.28493086,1.1425736,0.048406202,1.0
93,16,-0.1996574,1.1079594,-0.32772723,1.0
93,17,0.32174626,1.1594585,0.037749782,1.0
93,18,-0.20283146,1.1669545,-0.39452982,1.0
93,19,0.32769334,1.1911925,0.022884585,1.0
93,20,-0.19921793,1.2228932,-0.41114944,1.0
93,21,0.3119973,1.1311908,0.034942035,1.0
93,22,-0.19766212,1.149903,-0.3445574,1.0
93,23,0.07326164,0.8198094,0.08554649,1.0
93,24,-0.0759498,0.8004463,-0.09425748,1.0
93,25,0.29734325,0.53682697,-0.0056018424,1.0
93,26,0.026875425,0.47131494,-0.09732476,1.0
93,27,0.10166956,0.26106864,0.20820598,1.0
93,28,-0.09811162,0.091226816,0.01816062,1.0
93,29,0.051758155,0.23245643,0.24671306,1.0
93,30,-0.10833511,0.051341116,-0.00918901,1.0
93,31,0.083995014,0.16972704,0.23894317,1.0
93,32,-0.021421943,0.030151322,-0.11696081,1.0
94,0,0.03961121,1.4470942,-0.22325842,1.0
94,1,0.037012774,1.4596227,-0.21523468,1.0
94,2,0.048153155,1.4654944,-0.20818578,1.0
94,3,0.04170061,1.4616315,-0.19827333,1.0
94,4,0.019415723,1.4699643,-0.23506421,1.0
94,5,0.022361547,1.4803432,-0.25527233,1.0
94,6,0.027112583,1.477462,-0.22339258,1.0
94,7,0.038294278,1.4419141,-0.0814745,1.0
94,8,-0.0648693,1.4031167,-0.16769588,1.0
94,9,0.05034483,1.4229708,-0.17921294,1.0
94,10,0.016785817,1.3957251,-0.2256331,1.0
94,11,0.08147843,1.264502,0.071643785,1.0
94,12,-0.11958261,1.3099015,-0.07250931,1.0
94,13,0.16180801,1.1218234,0.09713447,1.0
94,14,-0.109385274,1.0417875,-0.20339091,1.0
94,15,0.3126709,1.1701877,0.049183425,1.0
94,16,-0.18571961,1.1244706,-0.38890156,1.0
94,17,0.34500694,1.1932417,0.040158063,1.0
94,18,-0.18871589,1.1881845,-0.45626548,1.0
94,19,0.35288706,1.2242389,0.02550826,1.0
94,20,-0.18927887,1.2451321,-0.47049713,1.0
94,21,0.33858982,1.1591362,0.035282362,1.0
94,22,-0.18572673,1.1661245,-0.40380913,1.0
94,23,0.07359647,0.8177355,0.08487134,1.0
94,24,-0.07527957,0.7939995,-0.09737717,1.0
94,25,0.2852123,0.5199647,0.008097149,1.0
94,26,0.020065937,0.46498328,-0.09709168,1.0
94,27,0.12341373,0.22905248,0.22436716,1.0
94,28,-0.11575003,0.08653493,0.018032389,1.0
94,29,0.07568178,0.2002926,0.26308763,1.0
94,30,-0.12702818,0.047209226,-0.0070136674,1.0
94,31,0.12262795,0.14357089,0.2524174,1.0
94,32,-0.05157842,0.030147366,-0.11615025,1.0
95,0,0.027973447,1.4335682,-0.23500578,1.0
95,1,0.023301918,1.4450415,-0.2269849,1.0
95,2,0.035786025,1.4512523,-0.21941438,1.0
95,3,0.029542841,1.4462332,-0.20972604,1.0
95,4,0.0074431924,1.4561368,-0.24586588,1.0
95,5,0.008414089,1.4662675,-0.26592144,1.0
95,6,0.0142890755,1.4629421,-0.23500387,1.0
95,7,0.029113824,1.430938,-0.095387496,1.0
95,8,-0.075211175,1.3907436,-0.1761345,1.0
95,9,0.03770775,1.4111309,-0.18914196,1.0
95,10,0.0034416332,1.382542,-0.23537205,1.0
95,11,0.07852766,1.260506,0.0605341,1.0
95,12,-0.13264804,1.3013483,-0.07735163,1.0
95,13,0.16822219,1.1190013,0.07329826,1.0
95,14,-0.10224929,1.0420831,-0.21495473,1.0
95,15,0.29979786,1.183558,0.017406492,1.0
95,16,-0.15996951,1.1386161,-0.39519617,1.0
95,17,0.3256056,1.210435,0.0070023555,1.0
95,18,-0.1557908,1.2021092,-0.4605342,1.0
95,19,0.33224615,1.2408277,-0.004597103,1.0
95,20,-0.16016799,1.2620137,-0.47277763,1.0
95,21,0.3232048,1.1726245,0.0039654253,1.0
95,22,-0.15967178,1.1791308,-0.4071749,1.0
95,23,0.07580159,0.8187974,0.08235498,1.0
95,24,-0.07604917,0.7930015,-0.09530983,1.0
95,25,0.27142128,0.49457338,0.022414107,1.0
95,26,0.022204,0.4615506,-0.10140251,1.0
95,27,0.15427876,0.17551936,0.22240324,1.0
95,28,-0.11675075,0.08414376,0.015201287,1.0
95,29,0.11247093,0.14396536,0.25852287,1.0
95,30,-0.1283121,0.04506389,-0.0086285435,1.0
95,31,0.16857322,0.09235748,0.2381503,1.0
95,32,-0.06501899,0.029042274,-0.117208146,1.0
96,0,0.023195596,1.4302512,-0.24131343,1.0
96,1,0.017635545,1.441948,-0.23219723,1.0
96,2,0.031436775,1.4474268,-0.22195894,1.0
96,3,0.024741724,1.4417487,-0.21440215,1.0
96,4,-0.0008248456,1.4552102,-0.2517931,1.0
96,5,0.0035200468,1.4627676,-0.2737038,1.0
96,6,0.008235767,1.4592495,-0.2419032,1.0
96,7,0.020905763,1.4287446,-0.09628935,1.0
96,8,-0.08448745,1.3902007,-0.18250524,1.0
96,9,0.02866474,1.4081911,-0.1918947,1.0
96,10,-0.0046156393,1.3794456,-0.2421886,1.0
96,11,0.07354526,1.2622838,0.053796437,1.0
96,12,-0.14818074,1.3154316,-0.08401048,1.0
96,13,0.16378088,1.1215904,0.039090525,1.0
96,14,-0.11766759,1.0904989,-0.24678612,1.0
96,15,0.28991395,1.2065043,-0.04386631,1.0
96,16,-0.13985467,1.2073826,-0.42082182,1.0
96,17,0.3151116,1.2382367,-0.055246986,1.0
96,18,-0.1264991,1.265515,-0.48598304,1.0
96,19,0.32106042,1.2653201,-0.064321786,1.0
96,20,-0.12766658,1.3286998,-0.49188983,1.0
96,21,0.31317943,1.1952513,-0.0562013,1.0
96,22,-0.13603489,1.2446076,-0.42832613,1.0
96,23,0.07741442,0.8178654,0.07804076,1.0
96,24,-0.07642549,0.7952479,-0.09086155,1.0
96,25,0.22877528,0.45114595,0.039100405,1.0
96,26,0.02224036,0.45779926,-0.09703611,1.0
96,27,0.16200565,0.11007654,0.21083443,1.0
96,28,-0.11084513,0.08783032,0.052245066,1.0
96,29,0.12719786,0.07810874,0.24465431,1.0
96,30,-0.122871056,0.05132994,0.030540537,1.0
96,31,0.17468037,0.02117384,0.21720332,1.0
96,32,-0.06605268,0.02688443,-0.067373596,1.0
97,0,0.0052693635,1.4579989,-0.18742804,1.0
97,1,0.0004940629,1.4708383,-0.17757699,1.0
97,2,0.0132982,1.4758769,-0.16770858,1.0
97,3,0.0073947264,1.4701225,-0.16219428,1.0
97,4,-0.01592567,1.4793464,-0.19467476,1.0
97,5,-0.01649148,1.4875971,-0.21380891,1.0
97,6,-0.0070547126,1.4831549,-0.18664853,1.0
97,7,0.013952371,1.4584715,-0.054196227,1.0
97,8,-0.09594744,1.415085,-0.123882584,1.0
97,9,0.013133014,1.4394634,-0.1413387,1.0
97,10,-0.019088222,1.4059604,-0.18608722,1.0
97,11,0.077694654,1.2950183,0.074705765,1.0
97,12,-0.16329333,1.3393121,-0.026065022,1.0
97,13,0.16089351,1.1406915,0.03869865,1.0
97,14,-0.10528105,1.101111,-0.18126847,1.0
97,15,0.20880063,1.232508,-0.055273063,1.0
97,16,-0.06853969,1.2280384,-0.3322387,1.0
97,17,0.2146166,1.2654043,-0.0720858,1.0
97,18,-0.037986327,1.2799739,-0.38835257,1.0
97,19,0.20767805,1.2913594,-0.07329245,1.0
97,20,-0.04220802,1.3526369,-0.39142963,1.0
97,21,0.22425635,1.2245605,-0.06304344,1.0
97,22,-0.06314263,1.264732,-0.33937436,1.0
97,23,0.07926897,0.841781,0.06352167,1.0
97,24,-0.07694994,0.82503694,-0.077109165,1.0
97,25,0.17439678,0.44054413,0.0365683,1.0
97,26,0.012795498,0.47876865,-0.08782814,1.0
97,27,0.15563817,0.077704825,0.1964479,1.0
97,28,-0.08675805,0.12086361,0.09980848,1.0
97,29,0.1294804,0.04490801,0.22260277,1.0
97,30,-0.09063154,0.0821173,0.08306344,1.0
97,31,0.17181467,-0.0113634495,0.18312621,1.0
97,32,-0.04907799,0.052241012,-0.0083662635,1.0
98,0,-0.0107826805,1.4608961,-0.17834945,1.0
98,1,-0.010751173,1.4720237,-0.17025687,1.0
98,2,0.0044827475,1.4797603,-0.15897247,1.0
98,3,-0.00034219585,1.4736807,-0.15414073,1.0
98,4,-0.029049475,1.4831135,-0.18242712,1.0
98,5,-0.029299144,1.4925985,-0.2018057,1.0
98,6,-0.019066343,1.4860778,-0.17619982,1.0
98,7,0.021779716,1.4577764,-0.049810834,1.0
98,8,-0.10086786,1.4220514,-0.09880592,1.0
98,9,0.0020027477,1.4440967,-0.1319748,1.0
98,10,-0.034806766,1.4128466,-0.17279899,1.0
98,11,0.08614895,1.2926065,0.06984845,1.0
98,12,-0.17595737,1.3468018,0.014574546,1.0
98,13,0.15457913,1.1223122,0.014038058,1.0
98,14,-0.10583925,1.1051446,-0.12137692,1.0
98,15,0.14858449,1.2176436,-0.089556985,1.0
98,16,-0.018768638,1.2132424,-0.2604784,1.0
98,17,0.14120165,1.251284,-0.11115902,1.0
98,18,0.028004993,1.2590426,-0.3122702,1.0
98,19,0.12926818,1.2799958,-0.108456016,1.0
98,20,0.030870285,1.3309051,-0.31703874,1.0
98,21,0.16235068,1.2146508,-0.096669145,1.0
98,22,-0.009790176,1.2475777,-0.26974118,1.0
98,23,0.08405151,0.84982497,0.046967953,1.0
98,24,-0.079963714,0.8302702,-0.059453905,1.0
98,25,0.13568906,0.43020323,0.026570376,1.0
98,26,0.009457409,0.4900488,-0.073390305,1.0
98,27,0.17098084,0.06228158,0.16542625,1.0
98,28,-0.03198106,0.12086655,0.09708737,1.0
98,29,0.14878598,0.030027859,0.18547991,1.0
98,30,-0.03156189,0.08102462,0.080222294,1.0
98,31,0.1825533,-0.016834091,0.1333582,1.0
98,32,-0.016727883,0.062207073,-0.0102796545,1.0
99,0,-0.024674455,1.4494855,-0.14188269,1.0
99,1,-0.023563586,1.4579145,-0.13568997,1.0
99,2,-0.006610684,1.4642845,-0.12511128,1.0
99,3,-0.012386228,1.4590217,-0.11941055,1.0
99,4,-0.039446574,1.4697202,-0.1444794,1.0
99,5,-0.040551595,1.4799538,-0.16314453,1.0
99,6,-0.031546965,1.4716767,-0.1379214,1.0
99,7,0.021263573,1.4405215,-0.022351157,1.0
99,8,-0.102377675,1.4090784,-0.056556385,1.0
99,9,-0.0063642254,1.4288527,-0.0998919,1.0
99,10,-0.043918423,1.3977563,-0.13533688,1.0
99,11,0.08807592,1.2740256,0.07799487,1.0
99,12,-0.17721024,1.3275557,0.060269278,1.0
99,13,0.1454411,1.1023741,0.00800494,1.0
99,14,-0.10247086,1.0870744,-0.05813141,1.0
99,15,0.10519252,1.1873862,-0.087788016,1.0
99,16,-0.0025000228,1.1796249,-0.1758855,1.0
99,17,0.09100607,1.2171159,-0.10633239,1.0
99,18,0.05306207,1.2198642,-0.22248869,1.0
99,19,0.07816213,1.2445381,-0.100357845,1.0
99,20,0.054979492,1.2884468,-0.22715639,1.0
99,21,0.11747612,1.1827029,-0.0911277,1.0
99,22,0.007986769,1.2125031,-0.18136969,1.0
99,23,0.084240474,0.8340856,0.036797784,1.0
99,24,-0.080591656,0.81440705,-0.046602726,1.0
99,25,0.11715061,0.4191212,0.0026109582,1.0
99,26,0.0036536586,0.4739637,-0.0725884,1.0
99,27,0.16449513,0.060746353,0.13640551,1.0
99,28,-0.0015332641,0.09906835,0.082822695,1.0
99,29,0.1450161,0.029697783,0.15571417,1.0
99,30,0.0021680165,0.05911428,0.06412178,1.0
99,31,0.16997114,-0.015328027,0.1050747,1.0
99,32,0.004341568,0.04434263,-0.021518525,1.0
100,0,-0.032896277,1.4514105,-0.12724908,1.0
100,1,-0.03120654,1.4604151,-0.12046325,1.0
100,2,-0.014915753,1.4655832,-0.11088793,1.0
100,3,-0.020244004,1.4621218,-0.10463544,1.0
100,4,-0.04605138,1.4713117,-0.1280389,1.0
100,5,-0.04780337,1.4819752,-0.14705423,1.0
100,6,-0.04050661,1.4725887,-0.12128038,1.0
100,7,0.019651901,1.4424593,-0.012034703,1.0
100,8,-0.10362977,1.411056,-0.03667211,1.0
100,9,-0.010772395,1.4316515,-0.08613941,1.0
100,10,-0.04758468,1.3993194,-0.1188105,1.0
100,11,0.09032518,1.2749419,0.083352506,1.0
100,12,-0.17203139,1.3279546,0.081704944,1.0
100,13,0.12122472,1.1075417,0.011735048,1.0
100,14,-0.10019326,1.0864913,-0.031889755,1.0
100,15,0.061246343,1.2050034,-0.07488942,1.0
100,16,-0.023733893,1.1924859,-0.15349224,1.0
100,17,0.041268583,1.237549,-0.09223063,1.0
100,18,0.025364116,1.2385753,-0.20003416,1.0
100,19,0.03322572,1.2651023,-0.0856968,1.0
100,20,0.022832844,1.3077099,-0.20459004,1.0
100,21,0.07373825,1.2010885,-0.076234646,1.0
100,22,-0.016593372,1.2266674,-0.15850788,1.0
100,23,0.08343955,0.8351979,0.033571362,1.0
100,24,-0.08081391,0.81842446,-0.04382252,1.0
100,25,0.10964537,0.41947642,-0.011614637,1.0
100,26,0.0006518476,0.4769615,-0.077787675,1.0
100,27,0.1559531,0.059483618,0.1238449,1.0
100,28,0.01286642,0.10631586,0.07765747,1.0
100,29,0.13582538,0.029019825,0.14313808,1.0
100,30,0.019203704,0.066309795,0.059674148,1.0
100,31,0.15919575,-0.015118147,0.09192074,1.0
100,32,0.028174754,0.05191771,-0.027584065,1.0
101,0,-0.037341103,1.4638433,-0.13433829,1.0
101,1,-0.035909887,1.4723462,-0.12756461,1.0
101,2,-0.01890141,1.4777449,-0.1175491,1.0
101,3,-0.02397787,1.4746284,-0.111539796,1.0
101,4,-0.05149089,1.4808795,-0.13383798,1.0
101,5,-0.053712912,1.4935957,-0.15331794,1.0
101,6,-0.046942122,1.4842751,-0.12728843,1.0
101,7,0.023222214,1.4554728,-0.016863108,1.0
101,8,-0.1049922,1.4228523,-0.033167224,1.0
101,9,-0.013641879,1.4441862,-0.09222103,1.0
101,10,-0.05246284,1.4136257,-0.1208087,1.0
101,11,0.10000874,1.2892082,0.07641564,1.0
101,12,-0.17481558,1.34014,0.09835011,1.0
101,13,0.11378082,1.1135843,0.0024521023,1.0
101,14,-0.120991245,1.0884358,-0.017836682,1.0
101,15,0.032047343,1.2033399,-0.08342991,1.0
101,16,-0.05445235,1.1905825,-0.16470648,1.0
101,17,0.0062502665,1.2346293,-0.10247368,1.0
101,18,-0.0068365643,1.2335917,-0.21811177,1.0
101,19,-0.004190116,1.2624189,-0.0945396,1.0
101,20,-0.007822169,1.3056474,-0.22103934,1.0
101,21,0.04058975,1.1986686,-0.0831922,1.0
101,22,-0.047188167,1.2245816,-0.1722286,1.0
101,23,0.08882847,0.84575146,0.028122503,1.0
101,24,-0.0827173,0.83284205,-0.039526112,1.0
101,25,0.117346846,0.42274815,-0.020061675,1.0
101,26,-0.0055114487,0.4884363,-0.075348906,1.0
101,27,0.15822957,0.06233194,0.12341329,1.0
101,28,0.0014558873,0.12967253,0.10654539,1.0
101,29,0.13622162,0.030211236,0.14457196,1.0
101,30,0.00566668,0.0924471,0.09259926,1.0
101,31,0.15753394,-0.013886122,0.091121316,1.0
101,32,0.013051595,0.07466366,0.009226714,1.0
102,0,-0.040991377,1.4659315,-0.13898504,1.0
102,1,-0.0382161,1.4768392,-0.13257946,1.0
102,2,-0.020465227,1.4818478,-0.1210926,1.0
102,3,-0.024780918,1.4787728,-0.11529413,1.0
102,4,-0.054415222,1.4845074,-0.13627145,1.0
102,5,-0.058493264,1.4988049,-0.15539828,1.0
102,6,-0.051100045,1.4875658,-0.12881592,1.0
102,7,0.027551038,1.457224,-0.020619692,1.0
102,8,-0.10468296,1.4235455,-0.030251384,1.0
102,9,-0.015233332,1.447339,-0.09730045,1.0
102,10,-0.05577049,1.4157465,-0.12174171,1.0
102,11,0.10483366,1.2867438,0.06584202,1.0
102,12,-0.17876571,1.3370965,0.107487716,1.0
102,13,0.09681142,1.1068767,-0.007930096,1.0
102,14,-0.14661193,1.0682544,-0.009372796,1.0
102,15,-0.014062038,1.1777197,-0.08302219,1.0
102,16,-0.09575154,1.1583862,-0.17276964,1.0
102,17,-0.04596746,1.2020992,-0.10023688,1.0
102,18,-0.050626773,1.1981173,-0.22920889,1.0
102,19,-0.059751112,1.2302839,-0.09198621,1.0
102,20,-0.050687496,1.2705702,-0.23398101,1.0
102,21,-0.0075397408,1.1712236,-0.08140622,1.0
102,22,-0.08827166,1.1921114,-0.18238851,1.0
102,23,0.09130983,0.84189665,0.02607119,1.0
102,24,-0.0856178,0.82839966,-0.03696736,1.0
102,25,0.12411168,0.41980323,-0.023893353,1.0
102,26,-0.008105938,0.48476407,-0.07070025,1.0
102,27,0.16497579,0.06447027,0.1339732,1.0
102,28,-0.0014779819,0.12638295,0.12295165,1.0
102,29,0.14281037,0.032119274,0.15595187,1.0
102,30,0.0014541396,0.08889039,0.11002155,1.0
102,31,0.1652651,-0.01427049,0.099076495,1.0
102,32,0.012947748,0.06923521,0.024939295,1.0
103,0,-0.04786831,1.4624337,-0.173497,1.0
103,1,-0.042207904,1.4729218,-0.16714372,1.0
103,2,-0.0219781,1.4788266,-0.15289924,1.0
103,3,-0.027528089,1.4759113,-0.14719622,1.0
103,4,-0.059070013,1.484703,-0.16729808,1.0
103,5,-0.061983936,1.4970548,-0.18819658,1.0
103,6,-0.0545512,1.4871814,-0.16111653,1.0
103,7,0.026717542,1.4539884,-0.055968944,1.0
103,8,-0.10505938,1.4197606,-0.061460797,1.0
103,9,-0.021714726,1.4424766,-0.13199805,1.0
103,10,-0.059766274,1.4135725,-0.1531882,1.0
103,11,0.10613532,1.2805977,0.024460182,1.0
103,12,-0.185793,1.3316828,0.08596882,1.0
103,13,0.09135948,1.0985087,-0.052025814,1.0
103,14,-0.17535207,1.0571424,-0.01981395,1.0
103,15,-0.025688736,1.136168,-0.12751682,1.0
103,16,-0.17653836,1.0884639,-0.18249445,1.0
103,17,-0.05685928,1.1521201,-0.14620468,1.0
103,18,-0.14984204,1.1138712,-0.2340267,1.0
103,19,-0.07772808,1.1752006,-0.13781838,1.0
103,20,-0.14863838,1.1771547,-0.2493591,1.0
103,21,-0.023550492,1.1280407,-0.12689789,1.0
103,22,-0.17140181,1.1177171,-0.19915745,1.0
103,23,0.09322362,0.83754575,0.024989111,1.0
103,24,-0.08870505,0.820232,-0.035403304,1.0
103,25,0.12931167,0.41190958,-0.02991189,1.0
103,26,-0.011759789,0.48548937,-0.06527,1.0
103,27,0.16102451,0.070044205,0.18248658,1.0
103,28,-0.002936899,0.12275261,0.1209093,1.0
103,29,0.13875815,0.039324068,0.20572811,1.0
103,30,0.0029545194,0.08340081,0.10529286,1.0
103,31,0.16490874,-0.012551095,0.15769573,1.0
103,32,0.009473409,0.061763085,0.019023295,1.0
104,0,-0.054256886,1.4429944,-0.22530743,1.0
104,1,-0.0448198,1.4514878,-0.2222863,1.0
104,2,-0.025111783,1.4588937,-0.20667806,1.0
104,3,-0.029166814,1.453047,-0.19678722,1.0
104,4,-0.062730506,1.4674147,-0.21862274,1.0
104,5,-0.06490414,1.4802524,-0.24367131,1.0
104,6,-0.05955965,1.4727244,-0.21255189,1.0
104,7,0.027578132,1.4371812,-0.10531826,1.0
104,8,-0.10490023,1.3997986,-0.10697537,1.0
104,9,-0.027552739,1.4179759,-0.18290561,1.0
104,10,-0.06537109,1.3951089,-0.20031568,1.0
104,11,0.10180251,1.2643893,-0.025465477,1.0
104,12,-0.18657808,1.3087319,0.06978265,1.0
104,13,0.07596261,1.077228,-0.09814775,1.0
104,14,-0.18514162,1.0174055,-0.014110714,1.0
104,15,-0.06253566,1.0992429,-0.17021239,1.0
104,16,-0.25376466,1.0105685,-0.19937529,1.0
104,17,-0.10155983,1.1082628,-0.18933864,1.0
104,18,-0.24600798,1.0361712,-0.25100076,1.0
104,19,-0.12563238,1.1370205,-0.18026432,1.0
104,20,-0.24606846,1.092688,-0.2715868,1.0
104,21,-0.06795899,1.0888776,-0.16806822,1.0
104,22,-0.25152233,1.0409292,-0.22017461,1.0
104,23,0.09677252,0.8170263,0.018523904,1.0
104,24,-0.087457895,0.7961201,-0.029845616,1.0
104,25,0.12824322,0.39723513,-0.05397393,1.0
104,26,-0.009763029,0.47013655,-0.05502283,1.0
104,27,0.14548515,0.134976,0.26384792,1.0
104,28,-0.0036800571,0.088562794,0.12893327,1.0
104,29,0.12317636,0.10802183,0.2993799,1.0
104,30,-0.004476793,0.05193972,0.11045757,1.0
104,31,0.13008834,0.0361209,0.28101593,1.0
104,32,-0.0033003883,0.019338094,0.02927639,1.0
105,0,-0.049381193,1.4428658,-0.23526211,1.0
105,1,-0.037604164,1.4566972,-0.23215573,1.0
105,2,-0.021027626,1.4569801,-0.22098657,1.0
105,3,-0.022358524,1.4545759,-0.20536901,1.0
105,4,-0.05553183,1.4675424,-0.23034874,1.0
105,5,-0.059647128,1.4829795,-0.25739107,1.0
105,6,-0.05545295,1.4757377,-0.22311722,1.0
105,7,0.027588567,1.4413117,-0.11766322,1.0
105,8,-0.1017605,1.4025804,-0.11896823,1.0
105,9,-0.023221828,1.4188656,-0.19254689,1.0
105,10,-0.058849335,1.3980403,-0.21277012,1.0
105,11,0.103049695,1.2713194,-0.03967198,1.0
105,12,-0.18217953,1.3108124,0.06868943,1.0
105,13,0.06311577,1.0914404,-0.113698564,1.0
105,14,-0.17552696,1.0020798,0.0002176147,1.0
105,15,-0.07935983,1.1101725,-0.18639755,1.0
105,16,-0.28145236,0.9762117,-0.18601751,1.0
105,17,-0.116286784,1.1157384,-0.2072032,1.0
105,18,-0.2857327,1.0014155,-0.23765069,1.0
105,19,-0.13602781,1.1450641,-0.19787236,1.0
105,20,-0.288735,1.058373,-0.25991046,1.0
105,21,-0.083590396,1.0910709,-0.1819535,1.0
105,22,-0.28291404,1.0066842,-0.21268904,1.0
105,23,0.095369235,0.8201952,0.012019772,1.0
105,24,-0.08309177,0.79956335,-0.026402134,1.0
105,25,0.12793902,0.4141531,-0.08683092,1.0
105,26,-0.014439843,0.47331432,-0.050658662,1.0
105,27,0.14638501,0.26186904,0.31400666,1.0
105,28,-0.0025337755,0.08656075,0.114160195,1.0
105,29,0.12680005,0.24788776,0.3578204,1.0
105,30,-0.00621426,0.048259012,0.095148265,1.0
105,31,0.12398585,0.16978565,0.37000778,1.0
105,32,-0.0050720917,0.021793477,0.017114975,1.0
106,0,-0.046141624,1.4373364,-0.26228955,1.0
106,1,-0.032457836,1.4549997,-0.2626709,1.0
106,2,-0.018006453,1.4514035,-0.2507034,1.0
106,3,-0.020720396,1.4509242,-0.2371988,1.0
106,4,-0.05224058,1.4637792,-0.2629972,1.0
106,5,-0.05280714,1.4768715,-0.29026628,1.0
106,6,-0.051185206,1.4713997,-0.25494602,1.0
106,7,0.023941934,1.4422523,-0.1476196,1.0
106,8,-0.10159965,1.4050955,-0.15547845,1.0
106,9,-0.023198744,1.4156321,-0.21977781,1.0
106,10,-0.057135027,1.3965765,-0.24517508,1.0
106,11,0.10056113,1.2781222,-0.06432456,1.0
106,12,-0.17916071,1.3148074,0.045228362,1.0
106,13,0.061619014,1.0979614,-0.13078551,1.0
106,14,-0.17187881,0.98933095,-0.004969146,1.0
106,15,-0.093639895,1.1169748,-0.18772267,1.0
106,16,-0.30106756,0.9512864,-0.16950022,1.0
106,17,-0.12691817,1.1229036,-0.20598206,1.0
106,18,-0.3070328,0.971243,-0.21525781,1.0
106,19,-0.14798057,1.154487,-0.19833466,1.0
106,20,-0.31425413,1.0289481,-0.2381351,1.0
106,21,-0.09575506,1.0987091,-0.18287705,1.0
106,22,-0.30529794,0.9771436,-0.19779226,1.0
106,23,0.096221544,0.8306264,0.011471295,1.0
106,24,-0.08236106,0.8082016,-0.024495095,1.0
106,25,0.1259468,0.43437326,-0.097504325,1.0
106,26,-0.016020942,0.47813866,-0.052370857,1.0
106,27,0.13960221,0.33321285,0.3059435,1.0
106,28,-0.005376094,0.09302131,0.10861502,1.0
106,29,0.12103308,0.33027616,0.35060835,1.0
106,30,-0.010385736,0.049645763,0.09194359,1.0
106,31,0.10424072,0.24356754,0.3767233,1.0
106,32,-0.0058871107,0.022564806,0.017969687,1.0
107,0,-0.045006867,1.4484881,-0.2827276,1.0
107,1,-0.03404372,1.4647864,-0.28043622,1.0
107,2,-0.021707151,1.4592246,-0.27463412,1.0
107,3,-0.023165246,1.4581213,-0.25678617,1.0
107,4,-0.04911835,1.4718748,-0.28111884,1.0
107,5,-0.05251218,1.4822544,-0.30668437,1.0
107,6,-0.047614895,1.476931,-0.27226022,1.0
107,7,0.017643152,1.4549146,-0.1630446,1.0
107,8,-0.09788908,1.4188329,-0.1724585,1.0
107,9,-0.019140625,1.4220468,-0.24071455,1.0
107,10,-0.047775384,1.400522,-0.260109,1.0
107,11,0.09464696,1.2999173,-0.077482834,1.0
107,12,-0.18576328,1.3261108,0.027017048,1.0
107,13,0.070924684,1.1193664,-0.1352593,1.0
107,14,-0.16925997,1.0017403,-0.012578193,1.0
107,15,-0.08880584,1.1419164,-0.18484516,1.0
107,16,-0.3081658,0.97800493,-0.1741462,1.0
107,17,-0.12958686,1.1476488,-0.1966913,1.0
107,18,-0.31782952,1.0073488,-0.2184872,1.0
107,19,-0.13775538,1.1776417,-0.18920468,1.0
107,20,-0.3307335,1.0660532,-0.23469196,1.0
107,21,-0.08907912,1.1166388,-0.17592685,1.0
107,22,-0.31551024,1.011493,-0.19096732,1.0
107,23,0.08545339,0.8536523,0.00610461,1.0
107,24,-0.07887902,0.8288415,-0.015227441,1.0
107,25,0.12774023,0.5172024,-0.22334015,1.0
107,26,-0.014803558,0.48516285,-0.061057054,1.0
107,27,0.14060098,0.45892203,0.21651666,1.0
107,28,-0.005606263,0.09445282,0.11463944,1.0
107,29,0.12696055,0.45478523,0.2708298,1.0
107,30,-0.004464402,0.058449853,0.097634494,1.0
107,31,0.111810185,0.35606056,0.32371557,1.0
107,32,-0.015024562,0.022613935,0.037549566,1.0
108,0,-0.043669537,1.4498111,-0.27740237,1.0
108,1,-0.03036943,1.4686155,-0.27807754,1.0
108,2,-0.02158079,1.4653156,-0.26890916,1.0
108,3,-0.021882296,1.462558,-0.2542402,1.0
108,4,-0.04958951,1.4737773,-0.27885145,1.0
108,5,-0.051150307,1.483642,-0.30397764,1.0
108,6,-0.043752976,1.4777577,-0.27065802,1.0
108,7,0.016172864,1.457195,-0.16423179,1.0
108,8,-0.1024659,1.4220781,-0.17297533,1.0
108,9,-0.019662147,1.4286531,-0.23607469,1.0
108,10,-0.050593298,1.4052267,-0.26033756,1.0
108,11,0.09315102,1.3043276,-0.079631895,1.0
108,12,-0.18665557,1.3280185,0.020800723,1.0
108,13,0.0622197,1.1197115,-0.13395974,1.0
108,14,-0.16899903,1.0028299,-0.02394272,1.0
108,15,-0.087880336,1.1406543,-0.17848885,1.0
108,16,-0.31302723,0.989351,-0.1820866,1.0
108,17,-0.1261068,1.1513296,-0.18852302,1.0
108,18,-0.3237221,1.0183635,-0.22455166,1.0
108,19,-0.1363642,1.1833608,-0.18768133,1.0
108,20,-0.33641312,1.0772175,-0.24000607,1.0
108,21,-0.08950824,1.1238779,-0.17341897,1.0
108,22,-0.32257158,1.0177569,-0.20142129,1.0
108,23,0.08808797,0.86448085,0.0067569194,1.0
108,24,-0.079342,0.8329082,-0.013519049,1.0
108,25,0.13174723,0.5801104,-0.26188874,1.0
108,26,-0.018694181,0.48190355,-0.0541837,1.0
108,27,0.18017964,0.50487524,0.11585944,1.0
108,28,-0.008023888,0.08990352,0.109989055,1.0
108,29,0.16887382,0.5043146,0.16291828,1.0
108,30,-0.006590602,0.046204295,0.095025286,1.0
108,31,0.16393258,0.4212021,0.19817188,1.0
108,32,-0.017322946,0.021668725,0.030700795,1.0
109,0,-0.045528572,1.4606477,-0.2880114,1.0
109,1,-0.03628555,1.4800341,-0.2885347,1.0
109,2,-0.025107486,1.4767805,-0.2796531,1.0
109,3,-0.023372255,1.4705049,-0.26499546,1.0
109,4,-0.04916478,1.4836253,-0.29043677,1.0
109,5,-0.05512639,1.4944547,-0.31288385,1.0
109,6,-0.04450549,1.4888645,-0.27867025,1.0
109,7,0.01648237,1.4640219,-0.1784919,1.0
109,8,-0.10143675,1.4294407,-0.18515994,1.0
109,9,-0.02363268,1.435148,-0.24634667,1.0
109,10,-0.05283701,1.413918,-0.2696647,1.0
109,11,0.08361715,1.3141876,-0.100308955,1.0
109,12,-0.18967259,1.3337382,0.021187535,1.0
109,13,0.059947528,1.1240978,-0.15943274,1.0
109,14,-0.16922072,1.0139955,-0.032101322,1.0
109,15,-0.066397175,1.1498827,-0.21418439,1.0
109,16,-0.3088763,1.0116961,-0.20434774,1.0
109,17,-0.10011571,1.1634121,-0.22465011,1.0
109,18,-0.3174058,1.0398879,-0.24950427,1.0
109,19,-0.107917234,1.1910853,-0.2242923,1.0
109,20,-0.33253312,1.1046313,-0.26720953,1.0
109,21,-0.06756418,1.1314894,-0.21092275,1.0
109,22,-0.3174299,1.0423456,-0.2216954,1.0
109,23,0.088592,0.87246907,-0.0021260157,1.0
109,24,-0.07876663,0.84105444,-0.0058790953,1.0
109,25,0.12986094,0.56978726,-0.23916264,1.0
109,26,-0.029928625,0.49206674,-0.03760388,1.0
109,27,0.27108812,0.4966536,0.14412397,1.0
109,28,-0.011133391,0.08873413,0.120576516,1.0
109,29,0.26841307,0.49001265,0.19062436,1.0
109,30,-0.00794259,0.049046513,0.10628922,1.0
109,31,0.27375284,0.4096727,0.2231732,1.0
109,32,-0.040772725,0.01693239,0.051667776,1.0
110,0,-0.045386206,1.466582,-0.27800536,1.0
110,1,-0.03846193,1.4863783,-0.27697477,1.0
110,2,-0.025605025,1.4826531,-0.26753047,1.0
110,3,-0.024171833,1.4760926,-0.253767,1.0
110,4,-0.049234185,1.4904655,-0.2787897,1.0
110,5,-0.056089215,1.5019207,-0.30188644,1.0
110,6,-0.045994148,1.495334,-0.26773843,1.0
110,7,0.013197134,1.4695371,-0.16502507,1.0
110,8,-0.10280087,1.4358149,-0.17395586,1.0
110,9,-0.025003778,1.440997,-0.23533589,1.0
110,10,-0.05513589,1.4187821,-0.2580475,1.0
110,11,0.07716869,1.3195342,-0.082307294,1.0
110,12,-0.19215173,1.3389462,0.031030728,1.0
110,13,0.05910591,1.1259102,-0.14124642,1.0
110,14,-0.16812576,1.020021,-0.026675742,1.0
110,15,-0.05682271,1.1576531,-0.20541625,1.0
110,16,-0.3053276,1.0265926,-0.2049299,1.0
110,17,-0.09121097,1.1713865,-0.21671282,1.0
110,18,-0.3131295,1.0581986,-0.25182393,1.0
110,19,-0.0953498,1.1992953,-0.21749656,1.0
110,20,-0.33086452,1.1258962,-0.2688632,1.0
110,21,-0.05752027,1.1369358,-0.20308903,1.0
110,22,-0.31515843,1.0595875,-0.2194387,1.0
110,23,0.08767419,0.87661856,-0.0014251694,1.0
110,24,-0.07751744,0.8464906,-0.0076689073,1.0
110,25,0.13408367,0.5574629,-0.2223728,1.0
110,26,-0.030767825,0.49933514,-0.03866984,1.0
110,27,0.30795294,0.4828268,0.15606216,1.0
110,28,-0.017075183,0.0886944,0.11618416,1.0
110,29,0.30875117,0.47408515,0.20266838,1.0
110,30,-0.012640144,0.050338965,0.10099909,1.0
110,31,0.32016057,0.39638132,0.2358257,1.0
110,32,-0.04309008,0.015309684,0.047993995,1.0
111,0,-0.0528347,1.4642432,-0.27184027,1.0
111,1,-0.043902308,1.4834019,-0.26702878,1.0
111,2,-0.03171862,1.4845337,-0.2605553,1.0
111,3,-0.028731536,1.4772049,-0.24771324,1.0
111,4,-0.055450458,1.4940257,-0.270753,1.0
111,5,-0.06386142,1.4997327,-0.2957395,1.0
111,6,-0.05083818,1.4972932,-0.2619377,1.0
111,7,0.007055859,1.474577,-0.15791465,1.0
111,8,-0.109503716,1.4357085,-0.16711079,1.0
111,9,-0.031070307,1.4437814,-0.22957815,1.0
111,10,-0.06391477,1.4210037,-0.25272194,1.0
111,11,0.06562589,1.3268584,-0.07427879,1.0
111,12,-0.20169297,1.3383944,0.0314268,1.0
111,13,0.06572636,1.1316373,-0.12715124,1.0
111,14,-0.1946965,1.0284241,-0.032966353,1.0
111,15,0.01069208,1.1102691,-0.20504978,1.0
111,16,-0.3152487,1.0323293,-0.22322251,1.0
111,17,-0.0092545785,1.1099266,-0.21839792,1.0
111,18,-0.317645,1.0634018,-0.27435508,1.0
111,19,-0.016164728,1.1280699,-0.22790723,1.0
111,20,-0.3303101,1.1338482,-0.29187003,1.0
111,21,0.011156276,1.0847249,-0.20582958,1.0
111,22,-0.31597972,1.0625196,-0.23991004,1.0
111,23,0.08846831,0.8795501,-0.0027391352,1.0
111,24,-0.080774486,0.84543,-0.011866184,1.0
111,25,0.16996779,0.55666107,-0.19509737,1.0
111,26,-0.043120373,0.5068134,-0.04030455,1.0
111,27,0.3607431,0.45430937,0.18549551,1.0
111,28,-0.03844192,0.09018993,0.117652796,1.0
111,29,0.36252677,0.44301537,0.23276056,1.0
111,30,-0.036081564,0.048944995,0.10290453,1.0
111,31,0.37176445,0.36881912,0.25609943,1.0
111,32,-0.06375215,0.016098402,0.044439532,1.0
112,0,-0.058006015,1.4651963,-0.26828,1.0
112,1,-0.048759528,1.4880713,-0.2612154,1.0
112,2,-0.030918824,1.488774,-0.2564908,1.0
112,3,-0.029638141,1.4786868,-0.23997371,1.0
112,4,-0.061399143,1.4965596,-0.26859847,1.0
112,5,-0.07258487,1.5064658,-0.2938499,1.0
112,6,-0.055354506,1.5044876,-0.25924012,1.0
112,7,0.0058020856,1.4819617,-0.1434766,1.0
112,8,-0.1166302,1.4382188,-0.16006216,1.0
112,9,-0.0393131,1.4481122,-0.22353312,1.0
112,10,-0.07198824,1.4230502,-0.25121063,1.0
112,11,0.0502238,1.3368028,-0.06342496,1.0
112,12,-0.21769354,1.3409336,0.038045228,1.0
112,13,0.06424656,1.1339616,-0.11911262,1.0
112,14,-0.21941574,1.0312313,-0.03675873,1.0
112,15,0.032940324,1.0814584,-0.21012436,1.0
112,16,-0.31953922,1.0578269,-0.23747222,1.0
112,17,0.021718971,1.0659701,-0.22765096,1.0
112,18,-0.31460163,1.0932797,-0.29406747,1.0
112,19,0.0029684715,1.0831158,-0.23739025,1.0
112,20,-0.32046193,1.1680644,-0.3122236,1.0
112,21,0.036295064,1.0575714,-0.21404855,1.0
112,22,-0.31169927,1.0900922,-0.2553999,1.0
112,23,0.091400065,0.8884521,-0.0027979966,1.0
112,24,-0.087885514,0.845062,-0.015947158,1.0
112,25,0.21921064,0.52863705,-0.11571691,1.0
112,26,-0.05230428,0.51723045,-0.03122558,1.0
112,27,0.43141007,0.30770573,0.1845555,1.0
112,28,-0.07913005,0.09307798,0.12111443,1.0
112,29,0.43219912,0.2793088,0.22264278,1.0
112,30,-0.08684144,0.0509189,0.09893523,1.0
112,31,0.43861765,0.20841871,0.2119273,1.0
112,32,-0.11935281,0.016738199,0.03539797,1.0
113,0,-0.05638386,1.4517514,-0.21259186,1.0
113,1,-0.048853084,1.4732468,-0.20277658,1.0
113,2,-0.031703826,1.477979,-0.19502908,1.0
113,3,-0.028987419,1.4649042,-0.1845315,1.0
113,4,-0.06488995,1.4847139,-0.21529493,1.0
113,5,-0.07048787,1.4922405,-0.24015024,1.0
113,6,-0.05283021,1.4902099,-0.20588526,1.0
113,7,-0.0058897845,1.4685649,-0.07925551,1.0
113,8,-0.12778425,1.4296547,-0.113244615,1.0
113,9,-0.046973135,1.4348794,-0.16477582,1.0
113,10,-0.07861507,1.4127643,-0.19874172,1.0
113,11,0.026073378,1.3184091,0.0010797875,1.0
113,12,-0.23195523,1.3375365,0.06800465,1.0
113,13,0.042766847,1.0973431,-0.062010456,1.0
113,14,-0.23482203,1.0301241,-0.024805345,1.0
113,15,0.06238076,1.0777475,-0.18082286,1.0
113,16,-0.31620336,1.0762439,-0.22917944,1.0
113,17,0.06378991,1.0705262,-0.20079182,1.0
113,18,-0.3080645,1.1175789,-0.28981477,1.0
113,19,0.049344048,1.0932262,-0.2142844,1.0
113,20,-0.3146707,1.1950904,-0.3061966,1.0
113,21,0.07064332,1.0637273,-0.19016345,1.0
113,22,-0.30767304,1.1071788,-0.24787474,1.0
113,23,0.09312129,0.8823667,0.0024798717,1.0
113,24,-0.090491936,0.83715916,-0.022684533,1.0
113,25,0.23463845,0.5150514,-0.07251451,1.0
113,26,-0.049001265,0.5142288,-0.026832387,1.0
113,27,0.44958684,0.23130494,0.13842322,1.0
113,28,-0.0880896,0.090049356,0.12310809,1.0
113,29,0.4458384,0.1980399,0.16516455,1.0
113,30,-0.09878548,0.04566197,0.09820782,1.0
113,31,0.44396716,0.13218208,0.13012165,1.0
113,32,-0.12452405,0.01578287,0.02581168,1.0
114,0,-0.063568264,1.4192197,-0.20652041,1.0
114,1,-0.055318717,1.4411272,-0.19974375,1.0
114,2,-0.03920788,1.4462647,-0.18876758,1.0
114,3,-0.039271157,1.4330231,-0.18228784,1.0
114,4,-0.07455308,1.4562488,-0.2126254,1.0
114,5,-0.07754791,1.4608521,-0.23611538,1.0
114,6,-0.06006997,1.4580137,-0.20326227,1.0
114,7,-0.018022764,1.4391191,-0.068045594,1.0
114,8,-0.14162195,1.4078006,-0.113759674,1.0
114,9,-0.0550961,1.4053872,-0.1578663,1.0
114,10,-0.09075785,1.3851367,-0.19514658,1.0
114,11,0.013091747,1.2928509,0.029453766,1.0
114,12,-0.25354844,1.3217152,0.06414043,1.0
114,13,0.037852757,1.0655613,-0.0027912718,1.0
114,14,-0.26046222,1.0191561,-0.030082852,1.0
114,15,0.084751055,1.0706215,-0.10248119,1.0
114,16,-0.30860335,1.0797807,-0.23315893,1.0
114,17,0.08847756,1.076622,-0.119936876,1.0
114,18,-0.29125136,1.1259722,-0.29627725,1.0
114,19,0.08154786,1.1017408,-0.13655807,1.0
114,20,-0.2919916,1.2067829,-0.3090433,1.0
114,21,0.097487524,1.0657043,-0.11491042,1.0
114,22,-0.29761988,1.1126341,-0.24923307,1.0
114,23,0.09463169,0.86906594,0.0082401065,1.0
114,24,-0.094614446,0.82395273,-0.026140157,1.0
114,25,0.23735435,0.49245742,-0.057547837,1.0
114,26,-0.05096593,0.49754214,-0.030745909,1.0
114,27,0.4481377,0.16556664,0.093753725,1.0
114,28,-0.10782676,0.083995804,0.1254668,1.0
114,29,0.43988693,0.12934534,0.11472459,1.0
114,30,-0.11826742,0.038088087,0.10190199,1.0
114,31,0.43615267,0.067855984,0.059943393,1.0
114,32,-0.14202559,0.01719734,0.020526268,1.0
115,0,-0.06705702,1.3726821,-0.22612503,1.0
115,1,-0.05823278,1.3960704,-0.22170742,1.0
115,2,-0.044130065,1.4003719,-0.20921585,1.0
115,3,-0.045630503,1.3880866,-0.20323281,1.0
115,4,-0.0790875,1.4134407,-0.23473375,1.0
115,5,-0.08141603,1.4145972,-0.2563496,1.0
115,6,-0.063929595,1.4129689,-0.22395477,1.0
115,7,-0.02623885,1.3936872,-0.08884974,1.0
115,8,-0.14545327,1.3685803,-0.14128469,1.0
115,9,-0.06176305,1.3598452,-0.17754804,1.0
115,10,-0.09593525,1.3418849,-0.21718757,1.0
115,11,0.0039644353,1.2516503,0.0132059995,1.0
115,12,-0.26572043,1.2898065,0.033229336,1.0
115,13,0.032106116,1.0243785,-0.022008866,1.0
115,14,-0.28095168,1.0023363,-0.06862682,1.0
115,15,0.09445511,1.0412434,-0.116513655,1.0
115,16,-0.2934705,1.0554943,-0.2608849,1.0
115,17,0.101233564,1.0515126,-0.13102043,1.0
115,18,-0.26441327,1.0973977,-0.32224417,1.0
115,19,0.09778574,1.0756567,-0.1460891,1.0
115,20,-0.2596542,1.1763759,-0.33292037,1.0
115,21,0.110204734,1.0386728,-0.12819055,1.0
115,22,-0.27806282,1.0861624,-0.2746867,1.0
115,23,0.09327893,0.846475,0.009842929,1.0
115,24,-0.09589045,0.7987687,-0.026364733,1.0
115,25,0.23645476,0.47178373,-0.0544311,1.0
115,26,-0.06292369,0.48311785,-0.031619243,1.0
115,27,0.43915263,0.132075,0.07155685,1.0
115,28,-0.12248329,0.07803868,0.13199726,1.0
115,29,0.43035397,0.094588935,0.089591466,1.0
115,30,-0.13215119,0.0339066,0.108047366,1.0
115,31,0.42660218,0.036920674,0.02880617,1.0
115,32,-0.16421117,0.017478734,0.024394706,1.0
116,0,-0.073793195,1.3584578,-0.2459388,1.0
116,1,-0.06583744,1.3816215,-0.2424352,1.0
116,2,-0.052101906,1.3843229,-0.23003493,1.0
116,3,-0.054062285,1.3722544,-0.22349417,1.0
116,4,-0.08735328,1.3976074,-0.2569908,1.0
116,5,-0.08885634,1.4011687,-0.27711365,1.0
116,6,-0.07252527,1.3988066,-0.24554998,1.0
116,7,-0.036805026,1.3775513,-0.10665675,1.0
116,8,-0.15580681,1.3515623,-0.16382986,1.0
116,9,-0.070572324,1.3448211,-0.19782786,1.0
116,10,-0.10390095,1.3281505,-0.23915294,1.0
116,11,-0.004672639,1.233774,0.0025413437,1.0
116,12,-0.27720362,1.2722418,0.008993525,1.0
116,13,0.024870433,0.9998415,-0.02967441,1.0
116,14,-0.28717566,0.99219906,-0.097234055,1.0
116,15,0.08563883,1.0139873,-0.11940104,1.0
116,16,-0.2812043,1.0422808,-0.28265765,1.0
116,17,0.09153176,1.0228378,-0.13331306,1.0
116,18,-0.24717242,1.0823659,-0.3428772,1.0
116,19,0.089358196,1.0456,-0.14731298,1.0
116,20,-0.23940744,1.1622139,-0.35119593,1.0
116,21,0.10301088,1.0079879,-0.13160798,1.0
116,22,-0.26477706,1.0734744,-0.29565123,1.0
116,23,0.0947421,0.8349555,0.010960463,1.0
116,24,-0.095855124,0.78647155,-0.028534496,1.0
116,25,0.24452859,0.45845237,-0.056200977,1.0
116,26,-0.071229264,0.47374374,-0.02895632,1.0
116,27,0.43252808,0.11865656,0.06605441,1.0
116,28,-0.13321029,0.074453235,0.14427002,1.0
116,29,0.42306742,0.08043192,0.083438314,1.0
116,30,-0.14351292,0.03238817,0.120716095,1.0
116,31,0.42299342,0.024032356,0.022448642,1.0
116,32,-0.18211472,0.016259119,0.0404025,1.0
117,0,-0.08150012,1.3456894,-0.24923745,1.0
117,1,-0.07346937,1.3682152,-0.24682872,1.0
117,2,-0.06045611,1.3699249,-0.2344907,1.0
117,3,-0.062359594,1.3592805,-0.2278721,1.0
117,4,-0.0954695,1.3833637,-0.26062027,1.0
117,5,-0.097234465,1.388175,-0.27965388,1.0
117,6,-0.081407495,1.3858829,-0.24869847,1.0
117,7,-0.040307343,1.3640242,-0.1123141,1.0
117,8,-0.16082224,1.337601,-0.16570361,1.0
117,9,-0.07675796,1.3314269,-0.20247841,1.0
117,10,-0.11018679,1.3149862,-0.24220008,1.0
117,11,-0.004506234,1.2219474,-0.0025064894,1.0
117,12,-0.28070498,1.2585337,0.007963728,1.0
117,13,0.027410068,0.9889698,-0.034331307,1.0
117,14,-0.29292187,0.98108786,-0.09661396,1.0
117,15,0.079208486,1.0014044,-0.11941034,1.0
117,16,-0.27821437,1.0342652,-0.28016856,1.0
117,17,0.083970524,1.0091294,-0.13322213,1.0
117,18,-0.24025667,1.0742905,-0.33948627,1.0
117,19,0.08049187,1.0312146,-0.14595893,1.0
117,20,-0.23231487,1.1548009,-0.34778523,1.0
117,21,0.09714336,0.99395746,-0.12987992,1.0
117,22,-0.2604375,1.065816,-0.29300958,1.0
117,23,0.09600098,0.82690376,0.011756616,1.0
117,24,-0.096961014,0.77935445,-0.029188965,1.0
117,25,0.25489962,0.45154974,-0.053348843,1.0
117,26,-0.079054825,0.4681959,-0.03270296,1.0
117,27,0.42893302,0.11179552,0.07300403,1.0
117,28,-0.14535794,0.07699831,0.14367712,1.0
117,29,0.4189465,0.07351899,0.08989565,1.0
117,30,-0.15591244,0.035366315,0.1208943,1.0
117,31,0.4210394,0.017083442,0.028102105,1.0
117,32,-0.19438232,0.018791996,0.040228464,1.0
118,0,-0.08786944,1.3509825,-0.26012313,1.0
118,1,-0.07878016,1.3736869,-0.25828934,1.0
118,2,-0.06573875,1.3752432,-0.2454755,1.0
118,3,-0.06704939,1.364742,-0.23852143,1.0
118,4,-0.101402774,1.3873397,-0.2688337,1.0
118,5,-0.10474996,1.393184,-0.28778908,1.0
118,6,-0.08807725,1.3907552,-0.25738972,1.0
118,7,-0.036729842,1.3693762,-0.12328941,1.0
118,8,-0.16269676,1.3400341,-0.16785802,1.0
118,9,-0.07986256,1.3368202,-0.213697,1.0
118,10,-0.11507245,1.3186811,-0.25052458,1.0
118,11,0.004115409,1.2271779,-0.015768323,1.0
118,12,-0.2772411,1.259406,0.0053436295,1.0
118,13,0.041059777,0.99940306,-0.06264394,1.0
118,14,-0.2789021,0.9791441,-0.10469024,1.0
118,15,0.075752124,0.999253,-0.16279268,1.0
118,16,-0.27643013,1.0306997,-0.30062667,1.0
118,17,0.07834884,1.0023758,-0.17987289,1.0
118,18,-0.24210742,1.0670059,-0.3629563,1.0
118,19,0.069824845,1.0230888,-0.19158895,1.0
118,20,-0.23613568,1.1474155,-0.37375954,1.0
118,21,0.09207443,0.98917335,-0.17318754,1.0
118,22,-0.2590197,1.0607495,-0.31409124,1.0
118,23,0.0977326,0.8252931,0.011148031,1.0
118,24,-0.09828464,0.7800198,-0.027648589,1.0
118,25,0.261808,0.44863135,-0.051093742,1.0
118,26,-0.091166615,0.4676069,-0.03303831,1.0
118,27,0.43858662,0.10636871,0.08018025,1.0
118,28,-0.1612228,0.07823262,0.14578904,1.0
118,29,0.4298021,0.06788241,0.09834383,1.0
118,30,-0.1721909,0.037089776,0.122984454,1.0
118,31,0.43837935,0.012011243,0.03300906,1.0
118,32,-0.20894274,0.018606715,0.041005187,1.0
119,0,-0.0935259,1.3590734,-0.25781688,1.0
119,1,-0.08410075,1.3813072,-0.2535948,1.0
119,2,-0.07067439,1.3842235,-0.24109107,1.0
119,3,-0.070705295,1.3727831,-0.23554653,1.0
119,4,-0.106985606,1.3925362,-0.26318523,1.0
119,5,-0.1099736,1.401128,-0.28172165,1.0
119,6,-0.09372003,1.3955768,-0.25300407,1.0
119,7,-0.035038203,1.3802605,-0.12129782,1.0
119,8,-0.1626806,1.3460581,-0.15433313,1.0
119,9,-0.08116331,1.3481075,-0.20806381,1.0
119,10,-0.11611134,1.3248585,-0.24169801,1.0
119,11,0.013530677,1.2433559,-0.019518334,1.0
119,12,-0.268991,1.2663875,0.018297685,1.0
119,13,0.059838884,1.0182166,-0.053988818,1.0
119,14,-0.27037147,0.98827577,-0.084980495,1.0
119,15,0.066734605,0.95035803,-0.13640614,1.0
119,16,-0.2890418,1.037078,-0.2851458,1.0
119,17,0.063791335,0.9368472,-0.15267342,1.0
119,18,-0.26277936,1.0705514,-0.34869072,1.0
119,19,0.042848986,0.9499187,-0.16392364,1.0
119,20,-0.25852373,1.1479348,-0.36244255,1.0
119,21,0.077514626,0.936083,-0.14630723,1.0
119,22,-0.2713995,1.0677986,-0.29984945,1.0
119,23,0.098676324,0.8283786,0.008993775,1.0
119,24,-0.098996125,0.7844717,-0.026034407,1.0
119,25,0.26338166,0.44810128,-0.05140231,1.0
119,26,-0.08800667,0.46222112,-0.028444633,1.0
119,27,0.45709935,0.09938907,0.067827314,1.0
119,28,-0.15680812,0.07715596,0.14407009,1.0
119,29,0.45034075,0.0574826,0.08364331,1.0
119,30,-0.16977242,0.038582496,0.12353426,1.0
119,31,0.4611205,0.008343846,0.012808708,1.0
119,32,-0.19802333,0.01555495,0.040780284,1.0
120,0,-0.09209842,1.3452617,-0.26313734,1.0
120,1,-0.081005126,1.3673593,-0.2577476,1.0
120,2,-0.06950656,1.3694161,-0.24516477,1.0
120,3,-0.06952469,1.3590661,-0.23938932,1.0
120,4,-0.10587698,1.3753566,-0.26881376,1.0
120,5,-0.108101815,1.3839946,-0.28695777,1.0
120,6,-0.091678165,1.3792213,-0.2573648,1.0
120,7,-0.030208284,1.3662528,-0.12724726,1.0
120,8,-0.15988564,1.3293474,-0.15606613,1.0
120,9,-0.0797692,1.3328342,-0.21359599,1.0
120,10,-0.11140874,1.3101486,-0.24694493,1.0
120,11,0.022805918,1.2295808,-0.029523628,1.0
120,12,-0.25788188,1.2491416,0.020948675,1.0
120,13,0.07014361,1.0019246,-0.07429759,1.0
120,14,-0.24060422,0.9608964,-0.073808,1.0
120,15,0.0679961,0.9494802,-0.16418926,1.0
120,16,-0.30867642,1.0113928,-0.26893052,1.0
120,17,0.067087695,0.9417234,-0.18256067,1.0
120,18,-0.29891318,1.0431364,-0.3280301,1.0
120,19,0.04395121,0.9548594,-0.19202916,1.0
120,20,-0.30574122,1.1197479,-0.34478912,1.0
120,21,0.07721007,0.93624055,-0.17230763,1.0
120,22,-0.29829255,1.0411228,-0.28700754,1.0
120,23,0.09865619,0.8086868,0.006596015,1.0
120,24,-0.096281044,0.7714896,-0.02356295,1.0
120,25,0.25881755,0.42293754,-0.05326899,1.0
120,26,-0.09332248,0.45680857,-0.028935459,1.0
120,27,0.4508905,0.085936934,0.07859348,1.0
120,28,-0.16695784,0.08898329,0.17902213,1.0
120,29,0.44751483,0.047236953,0.09479073,1.0
120,30,-0.17871837,0.050078444,0.16226728,1.0
120,31,0.45267794,-0.007651881,0.031209197,1.0
120,32,-0.20718749,0.02016481,0.08967907,1.0
121,0,-0.09283346,1.3534864,-0.2763986,1.0
121,1,-0.08043018,1.3764765,-0.27218992,1.0
121,2,-0.068616994,1.3787425,-0.25980902,1.0
121,3,-0.06771178,1.3693634,-0.25350893,1.0
121,4,-0.10693645,1.381539,-0.281916,1.0
121,5,-0.10772256,1.3909404,-0.30091083,1.0
121,6,-0.09314964,1.3841175,-0.26942825,1.0
121,7,-0.020170806,1.3754184,-0.14331992,1.0
121,8,-0.15554343,1.3368233,-0.16172814,1.0
121,9,-0.07544214,1.3421426,-0.22655748,1.0
121,10,-0.107705995,1.3174769,-0.25841993,1.0
121,11,0.039979834,1.2376382,-0.04809878,1.0
121,12,-0.24239542,1.2609262,0.022647897,1.0
121,13,0.08651052,1.0114012,-0.10901263,1.0
121,14,-0.2189073,0.96407104,-0.063120574,1.0
121,15,0.064516604,0.9644193,-0.20738308,1.0
121,16,-0.32639658,1.0068512,-0.2598621,1.0
121,17,0.060173377,0.95789284,-0.22652355,1.0
121,18,-0.32898802,1.0360328,-0.32048383,1.0
121,19,0.035503495,0.97293836,-0.23456009,1.0
121,20,-0.33932495,1.1082789,-0.34085166,1.0
121,21,0.073014036,0.9525496,-0.21234736,1.0
121,22,-0.32011214,1.0347027,-0.28062865,1.0
121,23,0.09942028,0.81406933,0.0040829424,1.0
121,24,-0.09748864,0.7818848,-0.019755455,1.0
121,25,0.25471103,0.4305775,-0.05714244,1.0
121,26,-0.0987949,0.46492139,-0.029120412,1.0
121,27,0.44639105,0.087038584,0.07883645,1.0
121,28,-0.17389993,0.09657212,0.17076515,1.0
121,29,0.44070616,0.049973458,0.095453836,1.0
121,30,-0.18584609,0.058092818,0.15511726,1.0
121,31,0.4448956,-0.0090836715,0.030614283,1.0
121,32,-0.20984502,0.026188597,0.07841747,1.0
122,0,-0.08634792,1.354011,-0.32720396,1.0
122,1,-0.07403116,1.37977,-0.32710138,1.0
122,2,-0.06165165,1.379899,-0.31443894,1.0
122,3,-0.061984986,1.3719807,-0.3077522,1.0
122,4,-0.10143083,1.3818067,-0.33439127,1.0
122,5,-0.10066587,1.3915899,-0.35240856,1.0
122,6,-0.0869659,1.3834715,-0.32169887,1.0
122,7,-0.0011575297,1.379027,-0.1967008,1.0
122,8,-0.14324892,1.3379564,-0.20323068,1.0
122,9,-0.062911615,1.3449574,-0.2782204,1.0
122,10,-0.09650115,1.3188559,-0.3075793,1.0
122,11,0.06804852,1.2415504,-0.086589634,1.0
122,12,-0.21506643,1.26497,-0.007327718,1.0
122,13,0.100930795,1.013298,-0.15088727,1.0
122,14,-0.18526715,0.95385206,-0.07971599,1.0
122,15,0.04211879,0.9888123,-0.25652033,1.0
122,16,-0.31512,0.992083,-0.28137794,1.0
122,17,0.02823885,0.98881185,-0.27918935,1.0
122,18,-0.32350677,1.020464,-0.34250784,1.0
122,19,0.0038210861,1.0102398,-0.28742948,1.0
122,20,-0.33401346,1.093078,-0.36582732,1.0
122,21,0.049985237,0.9805103,-0.26100382,1.0
122,22,-0.31196222,1.0196536,-0.3028663,1.0
122,23,0.10109912,0.8143545,0.003989946,1.0
122,24,-0.10048116,0.7894272,-0.019269375,1.0
122,25,0.24247023,0.42574912,-0.05983195,1.0
122,26,-0.10621786,0.46491617,-0.030594304,1.0
122,27,0.43769506,0.088042565,0.08188549,1.0
122,28,-0.1876308,0.10151383,0.16965713,1.0
122,29,0.43184173,0.05405336,0.10033685,1.0
122,30,-0.19776218,0.0655954,0.15416731,1.0
122,31,0.43742862,-0.009100965,0.034136347,1.0
122,32,-0.2162484,0.02733031,0.075172186,1.0
123,0,-0.07344429,1.3537493,-0.3137451,1.0
123,1,-0.06302321,1.3806959,-0.31396726,1.0
123,2,-0.050261166,1.3785053,-0.3018743,1.0
123,3,-0.050397728,1.3726308,-0.29468274,1.0
123,4,-0.08927263,1.3789337,-0.3198612,1.0
123,5,-0.088571675,1.3907819,-0.33862153,1.0
123,6,-0.07514972,1.382127,-0.30776262,1.0
123,7,0.010998237,1.3774648,-0.18689042,1.0
123,8,-0.13090123,1.3352535,-0.1892687,1.0
123,9,-0.048881922,1.345198,-0.26527914,1.0
123,10,-0.082671806,1.3184878,-0.29300496,1.0
123,11,0.08719149,1.2382219,-0.07473421,1.0
123,12,-0.19947286,1.2631072,-5.9437472e-05,1.0
123,13,0.1255913,1.0097439,-0.13763869,1.0
123,14,-0.17225645,0.9447341,-0.07240114,1.0
123,15,0.04287764,0.9876607,-0.23983768,1.0
123,16,-0.30489987,0.9839284,-0.27668452,1.0
123,17,0.021630742,0.98742783,-0.26052377,1.0
123,18,-0.31590813,1.0138009,-0.34009358,1.0
123,19,-0.004811969,1.0116669,-0.2703797,1.0
123,20,-0.32662186,1.0839683,-0.3609735,1.0
123,21,0.047378026,0.9797128,-0.24389802,1.0
123,22,-0.30565876,1.0105172,-0.29888958,1.0
123,23,0.10115781,0.8079899,0.0076094056,1.0
123,24,-0.09924643,0.7872495,-0.020948526,1.0
123,25,0.22806251,0.41725746,-0.06281444,1.0
123,26,-0.109233655,0.45539558,-0.03013229,1.0
123,27,0.43365422,0.08107266,0.08397769,1.0
123,28,-0.19286524,0.094367556,0.16726248,1.0
123,29,0.42829219,0.050368078,0.10267675,1.0
123,30,-0.20173874,0.057100374,0.1519794,1.0
123,31,0.43880078,-0.0110633895,0.034012586,1.0
123,32,-0.21628459,0.024197176,0.06834579,1.0
124,0,-0.063084885,1.35167,-0.31925988,1.0
124,1,-0.053291593,1.3792886,-0.31956905,1.0
124,2,-0.0392722,1.3769066,-0.30746022,1.0
124,3,-0.040656384,1.370954,-0.30152458,1.0
124,4,-0.07864912,1.3777685,-0.32472727,1.0
124,5,-0.076679096,1.3884729,-0.3449352,1.0
124,6,-0.064179495,1.379636,-0.3140371,1.0
124,7,0.022272523,1.3758125,-0.1940794,1.0
124,8,-0.12032044,1.3343285,-0.1935646,1.0
124,9,-0.036105603,1.3432976,-0.2708074,1.0
124,10,-0.07094036,1.3158431,-0.29870364,1.0
124,11,0.09948844,1.2377496,-0.0788627,1.0
124,12,-0.18594289,1.2636015,-0.0017541768,1.0
124,13,0.1364183,1.0096538,-0.13817714,1.0
124,14,-0.16190472,0.94142455,-0.07049777,1.0
124,15,0.04460954,0.9882798,-0.23833829,1.0
124,16,-0.29845205,0.9804384,-0.27288634,1.0
124,17,0.021241665,0.9895234,-0.25952277,1.0
124,18,-0.31085926,1.0106028,-0.33667666,1.0
124,19,-0.005730151,1.0146711,-0.2700726,1.0
124,20,-0.32093683,1.079705,-0.35687685,1.0
124,21,0.04773303,0.9807808,-0.24376807,1.0
124,22,-0.30071768,1.0072714,-0.2958562,1.0
124,23,0.1005151,0.80408645,0.0066825403,1.0
124,24,-0.098875396,0.786988,-0.019213445,1.0
124,25,0.2091327,0.40945023,-0.06991219,1.0
124,26,-0.11436123,0.4535998,-0.030856263,1.0
124,27,0.42906326,0.07861006,0.077242754,1.0
124,28,-0.20092493,0.09361484,0.16537547,1.0
124,29,0.42565903,0.04942875,0.096038714,1.0
124,30,-0.20921536,0.055900812,0.15013532,1.0
124,31,0.43327194,-0.013355366,0.028219815,1.0
124,32,-0.22480462,0.023186378,0.06735202,1.0
125,0,-0.052781817,1.3488463,-0.339513,1.0
125,1,-0.043288022,1.3770938,-0.3389283,1.0
125,2,-0.028653914,1.3749151,-0.32711422,1.0
125,3,-0.031155672,1.3672857,-0.3217445,1.0
125,4,-0.06877298,1.3750573,-0.34560016,1.0
125,5,-0.06630805,1.3852631,-0.36659807,1.0
125,6,-0.053150646,1.3775183,-0.3353822,1.0
125,7,0.029302241,1.373543,-0.21317917,1.0
125,8,-0.112649016,1.3321221,-0.21484183,1.0
125,9,-0.02613888,1.3397061,-0.28967705,1.0
125,10,-0.06055828,1.3124958,-0.31927451,1.0
125,11,0.10525228,1.2376777,-0.09244013,1.0
125,12,-0.17544372,1.2602816,-0.020555006,1.0
125,13,0.13933748,1.010503,-0.1469143,1.0
125,14,-0.15111326,0.9378331,-0.08811972,1.0
125,15,0.055408865,0.9887358,-0.25264847,1.0
125,16,-0.29239124,0.9770844,-0.290381,1.0
125,17,0.03415363,0.9917885,-0.27530962,1.0
125,18,-0.30729482,1.0077608,-0.35494715,1.0
125,19,0.0077698585,1.0166166,-0.28786433,1.0
125,20,-0.3163003,1.0785875,-0.37486956,1.0
125,21,0.057902396,0.9813641,-0.26020774,1.0
125,22,-0.29496038,1.0057371,-0.3147556,1.0
125,23,0.10103613,0.79974777,0.007408018,1.0
125,24,-0.0989308,0.78524464,-0.019697994,1.0
125,25,0.19455941,0.39985198,-0.07240104,1.0
125,26,-0.116514176,0.45094362,-0.029197942,1.0
125,27,0.42637748,0.07698419,0.07906865,1.0
125,28,-0.20989431,0.09131522,0.16423991,1.0
125,29,0.4242805,0.048319284,0.097712494,1.0
125,30,-0.21889584,0.053141106,0.14960797,1.0
125,31,0.43085888,-0.014195834,0.03235961,1.0
125,32,-0.23520043,0.021899901,0.06798305,1.0
126,0,-0.047348913,1.3506588,-0.3277691,1.0
126,1,-0.037041258,1.37832,-0.32566586,1.0
126,2,-0.023807967,1.3758888,-0.31517053,1.0
126,3,-0.027084433,1.3682299,-0.30938494,1.0
126,4,-0.06357608,1.3768414,-0.33401346,1.0
126,5,-0.06249155,1.3869407,-0.3558523,1.0
126,6,-0.048180655,1.3789821,-0.32386163,1.0
126,7,0.029305542,1.3755615,-0.20131612,1.0
126,8,-0.10912041,1.3336189,-0.20439321,1.0
126,9,-0.022839902,1.3423616,-0.28012347,1.0
126,10,-0.056129303,1.3135694,-0.30843407,1.0
126,11,0.1032,1.2385149,-0.086293176,1.0
126,12,-0.17296286,1.2622539,-0.013652831,1.0
126,13,0.13985573,1.015911,-0.13801438,1.0
126,14,-0.14873587,0.9410749,-0.08418434,1.0
126,15,0.09570037,0.9862448,-0.24272229,1.0
126,16,-0.28854665,0.9780823,-0.28253,1.0
126,17,0.086236164,0.98832417,-0.25996107,1.0
126,18,-0.30192772,1.0070623,-0.347434,1.0
126,19,0.06346142,1.0088484,-0.2751039,1.0
126,20,-0.3127828,1.0774889,-0.36513543,1.0
126,21,0.10051693,0.9751594,-0.24871385,1.0
126,22,-0.2901943,1.0064529,-0.3066463,1.0
126,23,0.101298966,0.80004907,0.0073167235,1.0
126,24,-0.098259695,0.7873749,-0.0187752,1.0
126,25,0.18887737,0.39983147,-0.073986985,1.0
126,26,-0.12024078,0.45572305,-0.030145023,1.0
126,27,0.41517785,0.07896308,0.08030861,1.0
126,28,-0.21672569,0.0921415,0.16102588,1.0
126,29,0.41291633,0.05122765,0.09913637,1.0
126,30,-0.22700249,0.053012364,0.14490667,1.0
126,31,0.41236976,-0.013569931,0.036293395,1.0
126,32,-0.24547775,0.024672724,0.06471879,1.0
127,0,-0.04541802,1.3766265,-0.25943592,1.0
127,1,-0.0329612,1.4039301,-0.2563692,1.0
127,2,-0.019271377,1.4016209,-0.2468922,1.0
127,3,-0.0225816,1.3949963,-0.24060448,1.0
127,4,-0.0598812,1.4038043,-0.26456514,1.0
127,5,-0.060323566,1.4127121,-0.2865484,1.0
127,6,-0.043881968,1.4068592,-0.25548586,1.0
127,7,0.032242686,1.3992454,-0.13169701,1.0
127,8,-0.1087727,1.3551809,-0.13840961,1.0
127,9,-0.01916155,1.3673408,-0.21440686,1.0
127,10,-0.05384745,1.3388796,-0.24366847,1.0
127,11,0.10148206,1.2570636,-0.029477198,1.0
127,12,-0.17957304,1.2761012,0.033843257,1.0
127,13,0.14290674,1.0365876,-0.08997183,1.0
127,14,-0.15732409,0.95287377,-0.045367092,1.0
127,15,0.11188687,0.99434197,-0.21715115,1.0
127,16,-0.28290668,0.9879769,-0.2524718,1.0
127,17,0.10429987,0.9925002,-0.23761316,1.0
127,18,-0.2940886,1.0151703,-0.3185571,1.0
127,19,0.08015381,1.0123388,-0.25501654,1.0
127,20,-0.299095,1.0891823,-0.3364361,1.0
127,21,0.11618905,0.9829704,-0.22625916,1.0
127,22,-0.28257757,1.0165037,-0.2757699,1.0
127,23,0.10277296,0.80086553,0.008753061,1.0
127,24,-0.10053218,0.7895426,-0.020449108,1.0
127,25,0.19250385,0.3996722,-0.07240492,1.0
127,26,-0.1248204,0.4558915,-0.03026184,1.0
127,27,0.40742698,0.08091699,0.093335256,1.0
127,28,-0.23188235,0.090956435,0.1646027,1.0
127,29,0.40420696,0.0519638,0.11422123,1.0
127,30,-0.24050003,0.05133716,0.14651617,1.0
127,31,0.40360895,-0.01357902,0.05009622,1.0
127,32,-0.25918347,0.02297929,0.06682087,1.0
128,0,-0.04358037,1.3903829,-0.22913767,1.0
128,1,-0.031005546,1.4166982,-0.22497822,1.0
128,2,-0.016307458,1.4145061,-0.21499747,1.0
128,3,-0.02011345,1.4081284,-0.20970626,1.0
128,4,-0.05719241,1.41903,-0.2326438,1.0
128,5,-0.058127858,1.4266019,-0.25479445,1.0
128,6,-0.04191538,1.4202818,-0.22357996,1.0
128,7,0.03469413,1.4095436,-0.0989827,1.0
128,8,-0.10764662,1.3683634,-0.10818439,1.0
128,9,-0.017287208,1.3793017,-0.18458155,1.0
128,10,-0.05367452,1.351453,-0.21385346,1.0
128,11,0.099198,1.2628207,-0.0028278762,1.0
128,12,-0.18109989,1.2880776,0.059059586,1.0
128,13,0.13765107,1.0427384,-0.059806492,1.0
128,14,-0.16157003,0.9683962,-0.026123647,1.0
128,15,0.12542388,0.9954361,-0.18130441,1.0
128,16,-0.25480595,1.0029298,-0.22938922,1.0
128,17,0.1229568,0.9918253,-0.20029822,1.0
128,18,-0.25710553,1.0283391,-0.2957419,1.0
128,19,0.10030727,1.0093781,-0.21748406,1.0
128,20,-0.25799352,1.1027175,-0.31195226,1.0
128,21,0.13203907,0.9826425,-0.19065376,1.0
128,22,-0.25159532,1.0316305,-0.2513746,1.0
128,23,0.10210527,0.80271184,0.00810036,1.0
128,24,-0.101194374,0.79071015,-0.020538028,1.0
128,25,0.19353202,0.39958254,-0.070917316,1.0
128,26,-0.1236494,0.4582178,-0.031448346,1.0
128,27,0.40158704,0.08277763,0.09771218,1.0
128,28,-0.23677322,0.09525787,0.16935708,1.0
128,29,0.39675602,0.053356547,0.1196477,1.0
128,30,-0.24618,0.055388283,0.15095997,1.0
128,31,0.39273667,-0.013268695,0.057955354,1.0
128,32,-0.26604903,0.026394188,0.074734434,1.0
129,0,-0.040584028,1.3783795,-0.3195104,1.0
129,1,-0.031173475,1.4049208,-0.31654868,1.0
129,2,-0.016781881,1.4029956,-0.30500957,1.0
129,3,-0.02089905,1.3949869,-0.30087507,1.0
129,4,-0.05624216,1.4078269,-0.32576534,1.0
129,5,-0.056849927,1.4164411,-0.3482648,1.0
129,6,-0.043543257,1.4098724,-0.31685042,1.0
129,7,0.02959342,1.39728,-0.18670866,1.0
129,8,-0.108944,1.3570434,-0.20040019,1.0
129,9,-0.019094596,1.3665013,-0.27621877,1.0
129,10,-0.05480185,1.3399224,-0.30486277,1.0
129,11,0.096483186,1.2457399,-0.06617668,1.0
129,12,-0.18218966,1.2832075,-0.019215196,1.0
129,13,0.123420164,1.0038261,-0.11142981,1.0
129,14,-0.16523744,0.97044337,-0.103740945,1.0
129,15,0.13226284,0.979924,-0.2276893,1.0
129,16,-0.2390071,1.0054479,-0.30147094,1.0
129,17,0.13341177,0.9848092,-0.24476504,1.0
129,18,-0.23646304,1.0293034,-0.36827576,1.0
129,19,0.117070615,1.0041037,-0.26543617,1.0
129,20,-0.23502047,1.1066444,-0.3814846,1.0
129,21,0.1406279,0.969736,-0.2358437,1.0
129,22,-0.23364344,1.0336183,-0.32490364,1.0
129,23,0.10141925,0.80328864,0.010676445,1.0
129,24,-0.10083608,0.7896625,-0.02370127,1.0
129,25,0.18652514,0.40052316,-0.0680172,1.0
129,26,-0.12910658,0.46586454,-0.032254763,1.0
129,27,0.38643265,0.08226358,0.107441194,1.0
129,28,-0.24148932,0.099394426,0.17433995,1.0
129,29,0.3816638,0.052696936,0.12769803,1.0
129,30,-0.25378075,0.06145413,0.15559278,1.0
129,31,0.3803596,-0.010513894,0.06889227,1.0
129,32,-0.2777454,0.036194935,0.07861789,1.0
130,0,-0.040123817,1.3590575,-0.3511063,1.0
130,1,-0.03250916,1.3851203,-0.34770772,1.0
130,2,-0.017922526,1.3840505,-0.33583242,1.0
130,3,-0.02450411,1.3748689,-0.33345026,1.0
130,4,-0.055236008,1.3913447,-0.3589361,1.0
130,5,-0.058177613,1.399978,-0.38157976,1.0
130,6,-0.045625925,1.393325,-0.35117123,1.0
130,7,0.022058474,1.381848,-0.21451846,1.0
130,8,-0.11328269,1.3445549,-0.23559128,1.0
130,9,-0.022246841,1.3481901,-0.30991897,1.0
130,10,-0.059275635,1.3231285,-0.33609685,1.0
130,11,0.0856009,1.2336423,-0.07899822,1.0
130,12,-0.19673577,1.279803,-0.04752731,1.0
130,13,0.11002922,0.98708194,-0.10706529,1.0
130,14,-0.2081478,0.98096484,-0.12987798,1.0
130,15,0.1633242,0.97111464,-0.21874547,1.0
130,16,-0.23430847,1.0053653,-0.32348222,1.0
130,17,0.17281163,0.9814534,-0.23436962,1.0
130,18,-0.2162881,1.0254993,-0.3923261,1.0
130,19,0.16041708,0.9998671,-0.25690904,1.0
130,20,-0.20518889,1.106389,-0.4009797,1.0
130,21,0.17268881,0.9633926,-0.22670153,1.0
130,22,-0.22081476,1.0347517,-0.34688395,1.0
130,23,0.10190034,0.8045122,0.013696859,1.0
130,24,-0.101756394,0.7904381,-0.026715957,1.0
130,25,0.185815,0.4015377,-0.058250032,1.0
130,26,-0.13815166,0.47696266,-0.03503038,1.0
130,27,0.37390348,0.08641299,0.122480445,1.0
130,28,-0.25692502,0.10611406,0.17680629,1.0
130,29,0.36926025,0.054214634,0.14051941,1.0
130,30,-0.27062324,0.06972186,0.1568669,1.0
130,31,0.36426002,-0.0065372065,0.084017366,1.0
130,32,-0.2959741,0.04652307,0.079022385,1.0
131,0,-0.03904172,1.3525181,-0.35362875,1.0
131,1,-0.03312856,1.3779525,-0.35022628,1.0
131,2,-0.018302085,1.3773447,-0.33730695,1.0
131,3,-0.026335433,1.3674273,-0.33650607,1.0
131,4,-0.054633632,1.3859692,-0.36182195,1.0
131,5,-0.058227003,1.3951521,-0.38401663,1.0
131,6,-0.045331717,1.3889197,-0.35507226,1.0
131,7,0.017462872,1.3746555,-0.21634403,1.0
131,8,-0.11504373,1.3386985,-0.24201855,1.0
131,9,-0.023528744,1.341675,-0.3146411,1.0
131,10,-0.061018456,1.3168066,-0.33918124,1.0
131,11,0.07752219,1.2233098,-0.07817902,1.0
131,12,-0.20462224,1.2768314,-0.056737714,1.0
131,13,0.102623805,0.97104025,-0.096343905,1.0
131,14,-0.23406954,0.98541254,-0.140381,1.0
131,15,0.1763957,0.95280194,-0.2041597,1.0
131,16,-0.22609991,0.99914664,-0.33097374,1.0
131,17,0.18863423,0.96372336,-0.2180197,1.0
131,18,-0.19837274,1.0142028,-0.40012157,1.0
131,19,0.17756093,0.9813805,-0.24153657,1.0
131,20,-0.18030198,1.0967791,-0.40595692,1.0
131,21,0.18546918,0.9450437,-0.21125549,1.0
131,22,-0.20767619,1.0282898,-0.35410202,1.0
131,23,0.10166065,0.80612546,0.016710956,1.0
131,24,-0.10182058,0.79290354,-0.029191097,1.0
131,25,0.1865197,0.4051492,-0.052393105,1.0
131,26,-0.14124183,0.48287103,-0.03728621,1.0
131,27,0.36686778,0.08696258,0.12653233,1.0
131,28,-0.26884848,0.11150324,0.17580126,1.0
131,29,0.3623271,0.05276119,0.14236714,1.0
131,30,-0.28371936,0.07592413,0.15505584,1.0
131,31,0.35843006,-0.0064435108,0.085123725,1.0
131,32,-0.308556,0.053001143,0.07598833,1.0
132,0,-0.039699797,1.3536305,-0.34191665,1.0
132,1,-0.03310038,1.3768383,-0.33887693,1.0
132,2,-0.018257711,1.3768349,-0.325943,1.0
132,3,-0.026553474,1.3671228,-0.32491547,1.0
132,4,-0.05545969,1.3859347,-0.34992096,1.0
132,5,-0.057922393,1.3951705,-0.37141788,1.0
132,6,-0.043969125,1.3892981,-0.3436257,1.0
132,7,0.017186098,1.3755131,-0.20379591,1.0
132,8,-0.11659278,1.3413663,-0.23190498,1.0
132,9,-0.023554532,1.3427184,-0.30205646,1.0
132,10,-0.06182244,1.317335,-0.32736638,1.0
132,11,0.07536526,1.2246749,-0.06764887,1.0
132,12,-0.21241309,1.2778414,-0.04594627,1.0
132,13,0.10275538,0.97108436,-0.07257583,1.0
132,14,-0.2481867,0.9809048,-0.12712318,1.0
132,15,0.18320376,0.9453738,-0.17258614,1.0
132,16,-0.2370206,0.9885493,-0.3215909,1.0
132,17,0.19744593,0.9549094,-0.18633609,1.0
132,18,-0.2081577,1.0023365,-0.38946155,1.0
132,19,0.186704,0.9713016,-0.21003842,1.0
132,20,-0.18908226,1.0852934,-0.39697894,1.0
132,21,0.19392075,0.9363534,-0.18013407,1.0
132,22,-0.2178226,1.0171323,-0.34382865,1.0
132,23,0.10316141,0.8078046,0.016873498,1.0
132,24,-0.10205681,0.7952421,-0.02864785,1.0
132,25,0.18619166,0.40671167,-0.04917036,1.0
132,26,-0.14547351,0.48228255,-0.041098308,1.0
132,27,0.3606328,0.09017254,0.13943644,1.0
132,28,-0.27065498,0.12263866,0.18414585,1.0
132,29,0.35531902,0.056303203,0.15684862,1.0
132,30,-0.2844026,0.08649499,0.16605599,1.0
132,31,0.34940752,-0.0074919313,0.10124774,1.0
132,32,-0.30851805,0.06125982,0.08795687,1.0
133,0,-0.03451699,1.3590641,-0.34930506,1.0
133,1,-0.027573239,1.3821304,-0.345298,1.0
133,2,-0.012883808,1.3822707,-0.33267885,1.0
133,3,-0.020600542,1.3716388,-0.3313347,1.0
133,4,-0.050574362,1.3903935,-0.35767195,1.0
133,5,-0.05308495,1.4004775,-0.3792078,1.0
133,6,-0.039270513,1.3948934,-0.35085574,1.0
133,7,0.0213556,1.3801701,-0.2074532,1.0
133,8,-0.1134807,1.346301,-0.23808211,1.0
133,9,-0.019321527,1.3475182,-0.30852076,1.0
133,10,-0.056816816,1.3223529,-0.33446625,1.0
133,11,0.07722314,1.2298359,-0.07168501,1.0
133,12,-0.21260157,1.2826641,-0.050669596,1.0
133,13,0.10561025,0.97657573,-0.07376447,1.0
133,14,-0.24710123,0.9847793,-0.12884134,1.0
133,15,0.18893342,0.9465924,-0.17546962,1.0
133,16,-0.24345933,0.98873997,-0.32299826,1.0
133,17,0.20408629,0.95476013,-0.18891218,1.0
133,18,-0.2174644,1.001818,-0.39070976,1.0
133,19,0.1925693,0.9702271,-0.21331885,1.0
133,20,-0.19853187,1.0837437,-0.398905,1.0
133,21,0.19949771,0.93606156,-0.18281582,1.0
133,22,-0.2239962,1.0173559,-0.34535694,1.0
133,23,0.10450155,0.8127984,0.017451487,1.0
133,24,-0.10322274,0.80087763,-0.02932167,1.0
133,25,0.18801513,0.41079012,-0.049431596,1.0
133,26,-0.14744091,0.48654673,-0.042407338,1.0
133,27,0.3620518,0.09197838,0.1426569,1.0
133,28,-0.2658102,0.12616782,0.18254143,1.0
133,29,0.3566561,0.056563325,0.16043366,1.0
133,30,-0.27971524,0.09105724,0.16488457,1.0
133,31,0.35174748,-0.008008959,0.10524015,1.0
133,32,-0.30341873,0.06405413,0.08691562,1.0
134,0,-0.022383736,1.3600997,-0.3736444,1.0
134,1,-0.017180288,1.383261,-0.36905515,1.0
134,2,-0.0013885945,1.3828274,-0.35590193,1.0
134,3,-0.009882035,1.3710539,-0.3558705,1.0
134,4,-0.037998,1.3912303,-0.381995,1.0
134,5,-0.041513562,1.4029233,-0.40499082,1.0
134,6,-0.029482746,1.3957316,-0.37736323,1.0
134,7,0.027986242,1.3825787,-0.2327889,1.0
134,8,-0.10494545,1.3466386,-0.26382256,1.0
134,9,-0.008482138,1.3497242,-0.33418235,1.0
134,10,-0.046880465,1.3232543,-0.35907608,1.0
134,11,0.082759395,1.2316058,-0.09325972,1.0
134,12,-0.20330125,1.287587,-0.07394143,1.0
134,13,0.107320316,0.9810027,-0.10302597,1.0
134,14,-0.23911974,0.9944036,-0.15765932,1.0
134,15,0.1876212,0.9524269,-0.21093121,1.0
134,16,-0.24442787,0.9941211,-0.3542654,1.0
134,17,0.20169382,0.9614611,-0.22484554,1.0
134,18,-0.22331172,1.0042746,-0.42510965,1.0
134,19,0.1891586,0.97607905,-0.24885713,1.0
134,20,-0.20428453,1.0852847,-0.43288007,1.0
134,21,0.1959495,0.94157696,-0.21711853,1.0
134,22,-0.22630095,1.0208094,-0.37835717,1.0
134,23,0.10462786,0.8149024,0.019115526,1.0
134,24,-0.10311156,0.8023517,-0.030367015,1.0
134,25,0.18973626,0.4126667,-0.04800611,1.0
134,26,-0.15192325,0.490584,-0.043765154,1.0
134,27,0.36187184,0.09213217,0.14909954,1.0
134,28,-0.2606676,0.12637179,0.18116234,1.0
134,29,0.35698253,0.056386873,0.16622646,1.0
134,30,-0.27541408,0.09182011,0.16134086,1.0
134,31,0.3544587,-0.006567659,0.11163516,1.0
134,32,-0.2975165,0.065485895,0.08422003,1.0
135,0,-0.008709929,1.3729074,-0.36443827,1.0
135,1,-0.0021935562,1.3957573,-0.35866344,1.0
135,2,0.012879537,1.3942976,-0.34717676,1.0
135,3,0.006672508,1.384178,-0.34466714,1.0
135,4,-0.025141366,1.4003761,-0.37320822,1.0
135,5,-0.027232092,1.414015,-0.39489764,1.0
135,6,-0.015256403,1.4054259,-0.36647668,1.0
135,7,0.044590317,1.3916674,-0.22214484,1.0
135,8,-0.09078324,1.3551985,-0.24971911,1.0
135,9,0.0056902603,1.3621823,-0.32220632,1.0
135,10,-0.030523567,1.3347052,-0.34928343,1.0
135,11,0.10136807,1.2399819,-0.0877409,1.0
135,12,-0.18635139,1.2934587,-0.062492386,1.0
135,13,0.12652335,0.99113435,-0.104959,1.0
135,14,-0.20863582,0.9913388,-0.14473055,1.0
135,15,0.18183997,0.95934045,-0.21743259,1.0
135,16,-0.26053482,0.99504817,-0.34689406,1.0
135,17,0.1907173,0.96491826,-0.23155424,1.0
135,18,-0.2542974,1.0086536,-0.41620573,1.0
135,19,0.17559993,0.98128474,-0.2549455,1.0
135,20,-0.24258931,1.0851282,-0.42771527,1.0
135,21,0.18879028,0.9475234,-0.22297928,1.0
135,22,-0.24788398,1.020794,-0.37164277,1.0
135,23,0.10580791,0.81442255,0.019035446,1.0
135,24,-0.103846505,0.80432403,-0.031454757,1.0
135,25,0.19047877,0.4123866,-0.04859338,1.0
135,26,-0.1511429,0.48465568,-0.041504048,1.0
135,27,0.3624265,0.08890207,0.15228274,1.0
135,28,-0.25832593,0.12570837,0.18159284,1.0
135,29,0.3573159,0.054689318,0.1707786,1.0
135,30,-0.2728339,0.0918218,0.16286185,1.0
135,31,0.35742053,-0.0085463775,0.11581647,1.0
135,32,-0.2934845,0.0639506,0.08382342,1.0
136,0,-0.0039764177,1.3880053,-0.3457285,1.0
136,1,0.005727056,1.4117148,-0.34309575,1.0
136,2,0.021431457,1.4095474,-0.33092457,1.0
136,3,0.013684451,1.4008007,-0.32875848,1.0
136,4,-0.018001406,1.4146272,-0.35477588,1.0
136,5,-0.019251466,1.4271214,-0.3744986,1.0
136,6,-0.007462686,1.4196209,-0.3471145,1.0
136,7,0.06123797,1.4022616,-0.21159385,1.0
136,8,-0.076413885,1.3660935,-0.22722232,1.0
136,9,0.016944787,1.3750519,-0.30756727,1.0
136,10,-0.020315366,1.3470876,-0.33227608,1.0
136,11,0.12051427,1.2472423,-0.08637224,1.0
136,12,-0.16435325,1.2955563,-0.04494737,1.0
136,13,0.14016607,1.0015825,-0.11651415,1.0
136,14,-0.18433052,0.99056447,-0.11903308,1.0
136,15,0.17285235,0.95974493,-0.23853199,1.0
136,16,-0.26639035,1.0026128,-0.32019302,1.0
136,17,0.17776497,0.9637973,-0.25530386,1.0
136,18,-0.2679715,1.0177851,-0.3875899,1.0
136,19,0.15973262,0.9804742,-0.27943328,1.0
136,20,-0.25764105,1.0944642,-0.40485054,1.0
136,21,0.17712113,0.94930947,-0.24588312,1.0
136,22,-0.25739545,1.0305052,-0.34674054,1.0
136,23,0.10653006,0.8094151,0.015630841,1.0
136,24,-0.10516714,0.8046853,-0.026336659,1.0
136,25,0.18553062,0.40686846,-0.06243435,1.0
136,26,-0.15677187,0.48044524,-0.034465466,1.0
136,27,0.36386207,0.08671539,0.13621868,1.0
136,28,-0.2613316,0.12530959,0.18173057,1.0
136,29,0.35797542,0.053188086,0.15483068,1.0
136,30,-0.27224758,0.08956874,0.16163845,1.0
136,31,0.36070102,-0.00973893,0.09943349,1.0
136,32,-0.2933335,0.06104271,0.0842851,1.0
137,0,0.0077083698,1.385293,-0.35858876,1.0
137,1,0.017368244,1.4098585,-0.35652205,1.0
137,2,0.03347908,1.4074776,-0.34360725,1.0
137,3,0.02437384,1.398369,-0.34261858,1.0
137,4,-0.0053549567,1.4107763,-0.3662589,1.0
137,5,-0.0068824952,1.4251026,-0.38625732,1.0
137,6,0.003266992,1.4163848,-0.3598414,1.0
137,7,0.07857986,1.3980165,-0.2300056,1.0
137,8,-0.059201177,1.3604419,-0.23257837,1.0
137,9,0.031214507,1.372551,-0.32371128,1.0
137,10,-0.0070675,1.3429807,-0.3433382,1.0
137,11,0.14358374,1.2411162,-0.10580449,1.0
137,12,-0.13951783,1.292108,-0.048861336,1.0
137,13,0.17149082,0.99936485,-0.15604357,1.0
137,14,-0.16115038,0.98839754,-0.119030006,1.0
137,15,0.1718262,0.9594131,-0.29000324,1.0
137,16,-0.26705605,1.0058265,-0.3211313,1.0
137,17,0.17003807,0.9635773,-0.31035525,1.0
137,18,-0.27453303,1.0194267,-0.38893342,1.0
137,19,0.14514638,0.98324674,-0.33134913,1.0
137,20,-0.2681606,1.0950856,-0.40833554,1.0
137,21,0.17052887,0.95127785,-0.29619518,1.0
137,22,-0.2609648,1.033699,-0.35068113,1.0
137,23,0.106502704,0.8037352,0.013396873,1.0
137,24,-0.10514441,0.8033585,-0.022920065,1.0
137,25,0.17876652,0.40216693,-0.07781989,1.0
137,26,-0.15722267,0.4795311,-0.027205586,1.0
137,27,0.36373237,0.081090614,0.111904845,1.0
137,28,-0.25945178,0.11992486,0.17645809,1.0
137,29,0.36023727,0.04874147,0.12723456,1.0
137,30,-0.2704085,0.08406101,0.15344195,1.0
137,31,0.36432168,-0.009305097,0.06941884,1.0
137,32,-0.29156113,0.057641447,0.07396797,1.0
138,0,0.022136703,1.3811462,-0.3440314,1.0
138,1,0.03452187,1.402326,-0.34493977,1.0
138,2,0.05117278,1.4004277,-0.3330176,1.0
138,3,0.04340199,1.3935546,-0.33008057,1.0
138,4,0.010593809,1.4042434,-0.35250926,1.0
138,5,0.011534323,1.4170399,-0.3720516,1.0
138,6,0.020591592,1.4081316,-0.34437206,1.0
138,7,0.10236315,1.3877877,-0.22250141,1.0
138,8,-0.03999196,1.3543913,-0.21732746,1.0
138,9,0.050671916,1.3638196,-0.30855045,1.0
138,10,0.010032056,1.3364016,-0.32898623,1.0
138,11,0.16731119,1.2307161,-0.10099423,1.0
138,12,-0.11459765,1.2831066,-0.027515694,1.0
138,13,0.19958612,0.99781823,-0.15157959,1.0
138,14,-0.14471298,0.9772538,-0.08670844,1.0
138,15,0.1698297,0.9612863,-0.27393088,1.0
138,16,-0.26914504,1.000056,-0.28162608,1.0
138,17,0.16346933,0.96406716,-0.29525068,1.0
138,18,-0.2784211,1.0178092,-0.346307,1.0
138,19,0.13566676,0.98764503,-0.31486934,1.0
138,20,-0.27291393,1.0905517,-0.3690984,1.0
138,21,0.16821854,0.95255935,-0.28058675,1.0
138,22,-0.26589912,1.028834,-0.31174648,1.0
138,23,0.105716325,0.7859288,0.008709451,1.0
138,24,-0.10356361,0.78900486,-0.019058498,1.0
138,25,0.17478701,0.3842696,-0.08175814,1.0
138,26,-0.15425281,0.4626264,-0.016556554,1.0
138,27,0.36755526,0.0763052,0.10408729,1.0
138,28,-0.26300964,0.10309007,0.1712644,1.0
138,29,0.36450475,0.048245642,0.120030984,1.0
138,30,-0.27307138,0.064857155,0.1491856,1.0
138,31,0.36373457,-0.009329655,0.06382488,1.0
138,32,-0.2973214,0.0427571,0.068906985,1.0
139,0,0.038952447,1.3835074,-0.3180338,1.0
139,1,0.05149956,1.4033262,-0.31944647,1.0
139,2,0.068925515,1.4009031,-0.30898818,1.0
139,3,0.06172844,1.3955004,-0.3041516,1.0
139,4,0.029013747,1.4051763,-0.32630175,1.0
139,5,0.029561035,1.4175668,-0.3459558,1.0
139,6,0.038745563,1.4083959,-0.3177462,1.0
139,7,0.1200708,1.3870075,-0.20258553,1.0
139,8,-0.022090707,1.3538903,-0.19485009,1.0
139,9,0.068779804,1.3637797,-0.28324425,1.0
139,10,0.027723366,1.3366773,-0.30445826,1.0
139,11,0.18382564,1.2284259,-0.09059982,1.0
139,12,-0.09626674,1.2808895,-0.0055845235,1.0
139,13,0.21842234,1.0063801,-0.14880393,1.0
139,14,-0.13105325,0.974409,-0.0657651,1.0
139,15,0.17291628,0.9681901,-0.2681107,1.0
139,16,-0.26577386,0.9997003,-0.25808695,1.0
139,17,0.16474135,0.96851724,-0.28915125,1.0
139,18,-0.27739835,1.0187037,-0.32132488,1.0
139,19,0.13493885,0.993092,-0.30721477,1.0
139,20,-0.2731523,1.088897,-0.34519222,1.0
139,21,0.17026724,0.9576993,-0.27419794,1.0
139,22,-0.26544198,1.0279647,-0.2889507,1.0
139,23,0.104568124,0.7772477,0.005253192,1.0
139,24,-0.10265411,0.78299606,-0.016168395,1.0
139,25,0.16907425,0.37413162,-0.09107598,1.0
139,26,-0.1529162,0.45716333,-0.008420597,1.0
139,27,0.3693706,0.07439173,0.10151621,1.0
139,28,-0.2547932,0.095151156,0.17313316,1.0
139,29,0.36730906,0.048518836,0.11909975,1.0
139,30,-0.26348925,0.05592472,0.15078977,1.0
139,31,0.36578268,-0.010239018,0.06519702,1.0
139,32,-0.29202232,0.035252847,0.07330031,1.0
140,0,0.047417898,1.3813785,-0.31473562,1.0
140,1,0.059304852,1.4005035,-0.315591,1.0
140,2,0.07735545,1.3981146,-0.3060434,1.0
140,3,0.07011772,1.3921431,-0.30062407,1.0
140,4,0.038310193,1.4021415,-0.32374278,1.0
140,5,0.03857182,1.4148568,-0.34402046,1.0
140,6,0.04736542,1.4055136,-0.3151281,1.0
140,7,0.124224484,1.385053,-0.20063442,1.0
140,8,-0.015678292,1.3522534,-0.19520468,1.0
140,9,0.07600715,1.3608302,-0.28019115,1.0
140,10,0.03552148,1.3341458,-0.30270582,1.0
140,11,0.1864725,1.2257166,-0.089144945,1.0
140,12,-0.08976602,1.2804742,-0.005650789,1.0
140,13,0.21935591,1.0024469,-0.14745632,1.0
140,14,-0.12424236,0.97495264,-0.067739844,1.0
140,15,0.17757256,0.96980494,-0.26645878,1.0
140,16,-0.26279905,0.9978231,-0.25922045,1.0
140,17,0.16959979,0.97215176,-0.28658235,1.0
140,18,-0.27640483,1.0165893,-0.32232225,1.0
140,19,0.14151242,0.9970871,-0.30531883,1.0
140,20,-0.27229276,1.086149,-0.34518263,1.0
140,21,0.17436102,0.9591907,-0.27210447,1.0
140,22,-0.26362357,1.0261575,-0.29054224,1.0
140,23,0.103872135,0.77448714,0.004395782,1.0
140,24,-0.10147059,0.78251547,-0.01546966,1.0
140,25,0.15953842,0.36901185,-0.09318037,1.0
140,26,-0.1531824,0.45734122,-0.0067094946,1.0
140,27,0.3663391,0.073615834,0.100103796,1.0
140,28,-0.2543151,0.093908556,0.17442676,1.0
140,29,0.36561757,0.048135832,0.11789708,1.0
140,30,-0.26348856,0.054353114,0.15227257,1.0
140,31,0.36268172,-0.010514339,0.06644534,1.0
140,32,-0.29583886,0.034909062,0.07828296,1.0
141,0,0.05147098,1.3800241,-0.32440054,1.0
141,1,0.06312829,1.3991842,-0.32386997,1.0
141,2,0.08113346,1.3966625,-0.3147529,1.0
141,3,0.073769875,1.3899322,-0.3092003,1.0
141,4,0.04254502,1.400987,-0.33375776,1.0
141,5,0.042441458,1.4146637,-0.35452583,1.0
141,6,0.050806426,1.4055927,-0.3260824,1.0
141,7,0.12377231,1.3853557,-0.20695315,1.0
141,8,-0.015617368,1.3511676,-0.20544939,1.0
141,9,0.07834146,1.3601235,-0.28987172,1.0
141,10,0.03792104,1.3336929,-0.31323984,1.0
141,11,0.18342997,1.2256364,-0.090356335,1.0
141,12,-0.0885311,1.2819451,-0.01608749,1.0
141,13,0.21314725,1.0003493,-0.14941688,1.0
141,14,-0.114657246,0.97746557,-0.0797984,1.0
141,15,0.17991167,0.97252387,-0.27676114,1.0
141,16,-0.25443703,0.99651885,-0.2723578,1.0
141,17,0.17316717,0.976526,-0.298062,1.0
141,18,-0.26999804,1.0143619,-0.33661234,1.0
141,19,0.14644384,1.0021853,-0.31761467,1.0
141,20,-0.26603392,1.0855738,-0.3590243,1.0
141,21,0.1762456,0.9621644,-0.28242224,1.0
141,22,-0.25565854,1.0251113,-0.305127,1.0
141,23,0.10384125,0.77424556,0.0056347605,1.0
141,24,-0.10119224,0.7838502,-0.017664094,1.0
141,25,0.15998578,0.3671407,-0.0917402,1.0
141,26,-0.15480249,0.4617843,-0.0060082152,1.0
141,27,0.36133027,0.07312204,0.100128695,1.0
141,28,-0.25799626,0.09541292,0.1725953,1.0
141,29,0.3614321,0.04673859,0.117027715,1.0
141,30,-0.26846093,0.056607373,0.14882156,1.0
141,31,0.35826445,-0.009443864,0.06632357,1.0
141,32,-0.30223927,0.03942699,0.07644624,1.0
142,0,0.04845547,1.3810992,-0.324222,1.0
142,1,0.060122572,1.4001677,-0.32225612,1.0
142,2,0.07790661,1.3988321,-0.3130597,1.0
142,3,0.070798956,1.3921119,-0.30766046,1.0
142,4,0.039275408,1.4033229,-0.33213767,1.0
142,5,0.039468065,1.4160305,-0.3542988,1.0
142,6,0.047289193,1.408042,-0.32523614,1.0
142,7,0.11934187,1.3872576,-0.2040445,1.0
142,8,-0.020720975,1.3529106,-0.20400059,1.0
142,9,0.074596554,1.3625311,-0.28868982,1.0
142,10,0.03389442,1.3358144,-0.31245562,1.0
142,11,0.17797801,1.2263249,-0.08552827,1.0
142,12,-0.0930676,1.285815,-0.0166219,1.0
142,13,0.20543423,1.001912,-0.1438941,1.0
142,14,-0.116467156,0.9798123,-0.08100812,1.0
142,15,0.18335348,0.97556686,-0.27292672,1.0
142,16,-0.24957946,0.998106,-0.27247974,1.0
142,17,0.17978445,0.9794539,-0.29430813,1.0
142,18,-0.26287472,1.0148606,-0.33718202,1.0
142,19,0.15496248,1.0050462,-0.31438842,1.0
142,20,-0.2592919,1.0871351,-0.3585979,1.0
142,21,0.18135245,0.96418065,-0.27868217,1.0
142,22,-0.2493524,1.0260541,-0.30461937,1.0
142,23,0.10337362,0.7767724,0.006694937,1.0
142,24,-0.10062431,0.7869227,-0.019692183,1.0
142,25,0.1596315,0.36983564,-0.08873988,1.0
142,26,-0.15588713,0.46730435,-0.008413128,1.0
142,27,0.35480332,0.072825745,0.09997916,1.0
142,28,-0.27199417,0.09694045,0.16258128,1.0
142,29,0.3544858,0.046307944,0.11681196,1.0
142,30,-0.2836052,0.058009133,0.13828266,1.0
142,31,0.34977433,-0.0090413615,0.064119905,1.0
142,32,-0.3145111,0.04384523,0.060504787,1.0
143,0,0.045380693,1.3927304,-0.2987501,1.0
143,1,0.057472903,1.4126306,-0.29595754,1.0
143,2,0.074627064,1.4110203,-0.28657907,1.0
143,3,0.06824419,1.4058133,-0.28152722,1.0
143,4,0.035812464,1.4162083,-0.30609742,1.0
143,5,0.036339466,1.4282602,-0.32841334,1.0
143,6,0.044756092,1.4205022,-0.2999947,1.0
143,7,0.11415976,1.4006329,-0.17416303,1.0
143,8,-0.026887367,1.3675835,-0.18044943,1.0
143,9,0.06985377,1.3771468,-0.26131988,1.0
143,10,0.028761895,1.3511044,-0.2876901,1.0
143,11,0.17260173,1.239249,-0.054190826,1.0
143,12,-0.10280652,1.3027167,-0.00076223025,1.0
143,13,0.19921497,1.0114979,-0.10790216,1.0
143,14,-0.12384526,0.9927266,-0.071109116,1.0
143,15,0.19203094,0.99266475,-0.23872489,1.0
143,16,-0.23059286,1.0045025,-0.265075,1.0
143,17,0.19063476,0.99978,-0.26072043,1.0
143,18,-0.23859963,1.019305,-0.3311908,1.0
143,19,0.16873308,1.0253952,-0.2824722,1.0
143,20,-0.23110515,1.092053,-0.3503337,1.0
143,21,0.19287257,0.9832721,-0.24628517,1.0
143,22,-0.22869521,1.0297046,-0.29625645,1.0
143,23,0.10345926,0.7895685,0.009799775,1.0
143,24,-0.10138424,0.7996912,-0.023989277,1.0
143,25,0.160688,0.3794893,-0.07042509,1.0
143,26,-0.15593792,0.47653228,-0.0141391205,1.0
143,27,0.3420612,0.07085436,0.11331549,1.0
143,28,-0.28497148,0.11151501,0.16278036,1.0
143,29,0.3387139,0.044521227,0.1312598,1.0
143,30,-0.29659012,0.07228832,0.13930337,1.0
143,31,0.33541933,-0.010073386,0.07345295,1.0
143,32,-0.32594168,0.060235403,0.05832071,1.0
144,0,0.04457008,1.4095789,-0.2764793,1.0
144,1,0.055194158,1.4304606,-0.27190167,1.0
144,2,0.07312211,1.4295958,-0.2607688,1.0
144,3,0.06591376,1.4231569,-0.25833336,1.0
144,4,0.03468109,1.4353591,-0.28263015,1.0
144,5,0.034823578,1.4470809,-0.30570656,1.0
144,6,0.04430442,1.4387665,-0.27861348,1.0
144,7,0.10574052,1.4192542,-0.14603277,1.0
144,8,-0.033922907,1.3880036,-0.16222994,1.0
144,9,0.06632292,1.3969898,-0.23787709,1.0
144,10,0.023626855,1.370367,-0.26551846,1.0
144,11,0.16076046,1.2540464,-0.027814938,1.0
144,12,-0.11514968,1.3266697,0.008211893,1.0
144,13,0.17626227,1.0205718,-0.07581068,1.0
144,14,-0.13674733,1.010275,-0.0722141,1.0
144,15,0.19588293,1.0060889,-0.20722501,1.0
144,16,-0.1968194,0.99712354,-0.26709002,1.0
144,17,0.1992203,1.0165523,-0.22769292,1.0
144,18,-0.19411251,1.0026141,-0.33729756,1.0
144,19,0.18139867,1.0405282,-0.25016543,1.0
144,20,-0.17884183,1.0751488,-0.35154814,1.0
144,21,0.19954975,0.99725896,-0.21493132,1.0
144,22,-0.18940355,1.0185024,-0.29720232,1.0
144,23,0.10363712,0.8074755,0.015323856,1.0
144,24,-0.102092996,0.81768316,-0.02824613,1.0
144,25,0.15944171,0.3968312,-0.054157376,1.0
144,26,-0.15905564,0.49179125,-0.03247849,1.0
144,27,0.3205623,0.07162424,0.12869903,1.0
144,28,-0.30042255,0.13244867,0.16143915,1.0
144,29,0.31350186,0.044243764,0.14707558,1.0
144,30,-0.31295288,0.092797175,0.13969953,1.0
144,31,0.31179687,-0.012264609,0.085255496,1.0
144,32,-0.33990446,0.08053397,0.056245513,1.0
145,0,0.03811461,1.4180611,-0.28559706,1.0
145,1,0.04667989,1.4381618,-0.2805087,1.0
145,2,0.063126594,1.4389898,-0.26921073,1.0
145,3,0.055016495,1.431291,-0.26727527,1.0
145,4,0.026676863,1.4445451,-0.29289618,1.0
145,5,0.024468781,1.4567653,-0.31551597,1.0
145,6,0.036093563,1.4507647,-0.28978595,1.0
145,7,0.08792035,1.4262263,-0.15310416,1.0
145,8,-0.044798657,1.3948245,-0.18043698,1.0
145,9,0.055015564,1.4055234,-0.24923366,1.0
145,10,0.013473097,1.3787289,-0.27598614,1.0
145,11,0.13990526,1.25626,-0.03188383,1.0
145,12,-0.1396626,1.3327931,-0.009306958,1.0
145,13,0.15478675,1.0198185,-0.07000335,1.0
145,14,-0.20159775,1.0266222,-0.08992351,1.0
145,15,0.20489028,1.0088109,-0.19948585,1.0
145,16,-0.18444192,1.0014263,-0.27692237,1.0
145,17,0.21327502,1.0217187,-0.21919098,1.0
145,18,-0.15830253,1.0008552,-0.3462026,1.0
145,19,0.19699799,1.0451888,-0.2405657,1.0
145,20,-0.12951054,1.078126,-0.35437176,1.0
145,21,0.21046294,1.001305,-0.20539813,1.0
145,22,-0.1660431,1.0231788,-0.30348095,1.0
145,23,0.10250085,0.8181803,0.019719087,1.0
145,24,-0.10139629,0.82584316,-0.030846417,1.0
145,25,0.15953481,0.40409118,-0.035528414,1.0
145,26,-0.16335887,0.5078075,-0.0380057,1.0
145,27,0.30180976,0.07398147,0.14831151,1.0
145,28,-0.31343016,0.14330861,0.1626546,1.0
145,29,0.29380664,0.043304097,0.16619848,1.0
145,30,-0.3280051,0.10543074,0.14068359,1.0
145,31,0.29051995,-0.0113632595,0.10526001,1.0
145,32,-0.35417363,0.09573599,0.054877214,1.0
146,0,0.025314234,1.4186804,-0.28868634,1.0
146,1,0.031397596,1.4368441,-0.28430977,1.0
146,2,0.048426837,1.4392403,-0.27215743,1.0
146,3,0.04046614,1.4317073,-0.27073961,1.0
146,4,0.012369284,1.446741,-0.2960454,1.0
146,5,0.01068026,1.4581125,-0.31677997,1.0
146,6,0.021419533,1.4526498,-0.2914354,1.0
146,7,0.071359664,1.4236474,-0.15680017,1.0
146,8,-0.056609184,1.3954824,-0.18816802,1.0
146,9,0.042421587,1.4048482,-0.2510282,1.0
146,10,7.548835e-06,1.3784603,-0.27791685,1.0
146,11,0.125174,1.2551363,-0.02839321,1.0
146,12,-0.15698466,1.3313067,-0.018171474,1.0
146,13,0.14202921,1.0216814,-0.050771754,1.0
146,14,-0.24708858,1.0330648,-0.09890104,1.0
146,15,0.2052822,0.9974125,-0.16233154,1.0
146,16,-0.1579397,0.9910102,-0.2736432,1.0
146,17,0.21492031,1.0060383,-0.18161228,1.0
146,18,-0.107238874,0.9854738,-0.34002417,1.0
146,19,0.19929332,1.0272075,-0.20073654,1.0
146,20,-0.06696263,1.0621862,-0.34526825,1.0
146,21,0.21299534,0.9864799,-0.16924368,1.0
146,22,-0.13003372,1.0126355,-0.29553694,1.0
146,23,0.10046999,0.82097214,0.023402363,1.0
146,24,-0.099253334,0.82608294,-0.03437986,1.0
146,25,0.15862444,0.40345576,-0.025634397,1.0
146,26,-0.16316879,0.5101438,-0.042398434,1.0
146,27,0.28242123,0.07373402,0.16009589,1.0
146,28,-0.32891953,0.14548407,0.15917352,1.0
146,29,0.27357534,0.04016285,0.17829514,1.0
146,30,-0.3451748,0.10803465,0.13901399,1.0
146,31,0.2741418,-0.011631961,0.120923564,1.0
146,32,-0.36948216,0.09961102,0.052133195,1.0
147,0,0.022657184,1.4167807,-0.28448558,1.0
147,1,0.02792606,1.4345208,-0.27877468,1.0
147,2,0.044349298,1.4360805,-0.2673797,1.0
147,3,0.03721666,1.4283521,-0.26452523,1.0
147,4,0.009159375,1.444293,-0.29126602,1.0
147,5,0.0066647828,1.4570372,-0.31054777,1.0
147,6,0.01747282,1.4509666,-0.28538954,1.0
147,7,0.06444966,1.4203929,-0.1491889,1.0
147,8,-0.062129308,1.3932191,-0.18770626,1.0
147,9,0.038249943,1.4028496,-0.24392928,1.0
147,10,-0.0044156983,1.3762708,-0.27256075,1.0
147,11,0.120268956,1.2574718,-0.018790383,1.0
147,12,-0.16965157,1.3293276,-0.02318477,1.0
147,13,0.16174549,1.0446565,-0.041717637,1.0
147,14,-0.280906,1.0487189,-0.09917169,1.0
147,15,0.21802773,0.99498206,-0.15096746,1.0
147,16,-0.1659642,0.97584105,-0.2558457,1.0
147,17,0.22465718,0.992147,-0.17206685,1.0
147,18,-0.10575879,0.9631373,-0.3168176,1.0
147,19,0.2028744,1.0098385,-0.18906705,1.0
147,20,-0.058129918,1.0333678,-0.32317552,1.0
147,21,0.2249809,0.97714853,-0.15976293,1.0
147,22,-0.13312025,0.9951531,-0.27420425,1.0
147,23,0.100091726,0.819629,0.028196134,1.0
147,24,-0.097956255,0.8228684,-0.040269405,1.0
147,25,0.1600378,0.3985512,-0.016709073,1.0
147,26,-0.16171888,0.50557244,-0.04733545,1.0
147,27,0.26618242,0.070499286,0.16911624,1.0
147,28,-0.33765677,0.13737895,0.1398275,1.0
147,29,0.25647658,0.035561986,0.18831117,1.0
147,30,-0.35545087,0.101471104,0.119183555,1.0
147,31,0.26744232,-0.01058894,0.13394286,1.0
147,32,-0.37597376,0.09597282,0.030750103,1.0
148,0,0.013795657,1.420565,-0.29303595,1.0
148,1,0.021782652,1.4366106,-0.28831804,1.0
148,2,0.035427187,1.4381198,-0.27809548,1.0
148,3,0.031947713,1.4318306,-0.27087462,1.0
148,4,-0.0015187515,1.4446687,-0.29849872,1.0
148,5,-0.0025125146,1.4582956,-0.31677076,1.0
148,6,0.011103543,1.4531114,-0.29057226,1.0
148,7,0.06323798,1.4235165,-0.15472451,1.0
148,8,-0.069128625,1.3968338,-0.19403526,1.0
148,9,0.030729199,1.4074857,-0.24417277,1.0
148,10,-0.010350417,1.3810711,-0.27655187,1.0
148,11,0.12882237,1.271958,-0.02357945,1.0
148,12,-0.18243803,1.3350178,-0.02652174,1.0
148,13,0.21312216,1.0914657,-0.017028397,1.0
148,14,-0.30983981,1.0714002,-0.095150575,1.0
148,15,0.24124278,0.9953448,-0.079272725,1.0
148,16,-0.18470287,0.9756796,-0.24035263,1.0
148,17,0.2428741,0.97568184,-0.09530633,1.0
148,18,-0.11936388,0.9587036,-0.29341066,1.0
148,19,0.21014775,0.9866072,-0.11231941,1.0
148,20,-0.06642434,1.0183954,-0.30129853,1.0
148,21,0.24941781,0.96773756,-0.089882895,1.0
148,22,-0.14887531,0.99013996,-0.25364888,1.0
148,23,0.10236852,0.8256039,0.031074803,1.0
148,24,-0.09781056,0.8254624,-0.042860694,1.0
148,25,0.15825404,0.40037918,-0.013550786,1.0
148,26,-0.15697443,0.49496415,-0.049012642,1.0
148,27,0.24943991,0.06430638,0.16565758,1.0
148,28,-0.3514459,0.13199164,0.12364393,1.0
148,29,0.23755413,0.03058473,0.18809748,1.0
148,30,-0.37187302,0.09754798,0.10632655,1.0
148,31,0.2563534,-0.0133685935,0.1282008,1.0
148,32,-0.39433745,0.094872005,0.012089604,1.0
149,0,0.005484249,1.429528,-0.29338136,1.0
149,1,0.010811163,1.4439875,-0.2905673,1.0
149,2,0.024592286,1.4443611,-0.280253,1.0
149,3,0.021757048,1.4405617,-0.2717756,1.0
149,4,-0.010293955,1.4537245,-0.29903165,1.0
149,5,-0.010762443,1.4673461,-0.31507695,1.0
149,6,0.0018251371,1.4617577,-0.29070565,1.0
149,7,0.05631672,1.4291161,-0.15797101,1.0
149,8,-0.07316271,1.402203,-0.19630489,1.0
149,9,0.023256367,1.4162468,-0.2457567,1.0
149,10,-0.015709538,1.3887525,-0.27601597,1.0
149,11,0.12961175,1.2804523,-0.027967026,1.0
149,12,-0.18487479,1.3414855,-0.028412871,1.0
149,13,0.24638398,1.1246941,0.008319483,1.0
149,14,-0.3238962,1.1039934,-0.09310378,1.0
149,15,0.24276194,0.99892586,0.0068655857,1.0
149,16,-0.1997679,0.9941212,-0.21940139,1.0
149,17,0.23575258,0.9683064,0.0020463937,1.0
149,18,-0.13242361,0.971784,-0.26539212,1.0
149,19,0.19492497,0.9729184,-0.012737578,1.0
149,20,-0.0806281,1.0244391,-0.2722637,1.0
149,21,0.2494446,0.96654,0.00080905156,1.0
149,22,-0.16380697,1.0040262,-0.22956857,1.0
149,23,0.10138245,0.83004683,0.032483812,1.0
149,24,-0.098041624,0.83055025,-0.045353062,1.0
149,25,0.15292616,0.40157008,-0.0036816825,1.0
149,26,-0.16793334,0.50150657,-0.057683624,1.0
149,27,0.2203543,0.06317069,0.17566077,1.0
149,28,-0.35740605,0.13423252,0.11726923,1.0
149,29,0.20676142,0.029924497,0.19940232,1.0
149,30,-0.37744007,0.100874946,0.100960076,1.0
149,31,0.22812912,-0.013261369,0.14287812,1.0
149,32,-0.3987538,0.09456848,0.008331546,1.0
150,0,-0.00019274803,1.44318,-0.2960572,1.0
150,1,0.002812281,1.4599091,-0.29379234,1.0
150,2,0.019478222,1.4585463,-0.28454182,1.0
150,3,0.01821363,1.4561664,-0.27557164,1.0
150,4,-0.016643634,1.4699519,-0.30015275,1.0
150,5,-0.017902397,1.4843503,-0.31589648,1.0
150,6,-0.004293522,1.4755892,-0.29283476,1.0
150,7,0.056796372,1.4457779,-0.16232872,1.0
150,8,-0.074478164,1.4163159,-0.19708267,1.0
150,9,0.02040271,1.4325947,-0.24910203,1.0
150,10,-0.021270758,1.4004912,-0.27660117,1.0
150,11,0.1358657,1.3053086,-0.033244044,1.0
150,12,-0.18546906,1.3650434,-0.026959138,1.0
150,13,0.28407678,1.1803364,-0.006122758,1.0
150,14,-0.33847636,1.1513801,-0.087257504,1.0
150,15,0.24896502,1.0348972,-0.006675174,1.0
150,16,-0.21700692,1.02543,-0.20492116,1.0
150,17,0.23425837,0.9926151,-0.012645511,1.0
150,18,-0.1487179,0.9984651,-0.25034577,1.0
150,19,0.1819065,0.99599767,-0.026731644,1.0
150,20,-0.09445724,1.0450557,-0.26002264,1.0
150,21,0.25197637,0.9976887,-0.012818795,1.0
150,22,-0.1801607,1.0316303,-0.21554446,1.0
150,23,0.09953817,0.8417607,0.031299092,1.0
150,24,-0.097502954,0.84345436,-0.046584696,1.0
150,25,0.14674607,0.41519663,-0.007863047,1.0
150,26,-0.17538562,0.515619,-0.05698686,1.0
150,27,0.19619799,0.06484278,0.16923492,1.0
150,28,-0.37755117,0.14957222,0.113791764,1.0
150,29,0.17943266,0.030563636,0.19241157,1.0
150,30,-0.40002543,0.12044149,0.09689036,1.0
150,31,0.20509402,-0.015548751,0.13516366,1.0
150,32,-0.418984,0.11062737,0.00986489,1.0
151,0,-0.0058315876,1.4597226,-0.2828423,1.0
151,1,-0.008196428,1.4790294,-0.27898642,1.0
151,2,0.013451392,1.4781426,-0.26754168,1.0
151,3,0.008891131,1.4740074,-0.26278716,1.0
151,4,-0.021196706,1.4882467,-0.28420576,1.0
151,5,-0.023073237,1.5007288,-0.30240348,1.0
151,6,-0.012395306,1.4912165,-0.27778894,1.0
151,7,0.050224967,1.466395,-0.15276738,1.0
151,8,-0.07688937,1.4346386,-0.18226565,1.0
151,9,0.019926881,1.4499556,-0.23553747,1.0
151,10,-0.026295193,1.4166254,-0.2608729,1.0
151,11,0.1393259,1.3392718,-0.018564459,1.0
151,12,-0.17835587,1.3868483,-0.017211728,1.0
151,13,0.30435076,1.2426218,0.0036009785,1.0
151,14,-0.35250238,1.1900022,-0.08120908,1.0
151,15,0.2769543,1.0971068,0.001953678,1.0
151,16,-0.23882653,1.0815462,-0.196395,1.0
151,17,0.26135406,1.0576493,-0.0068636704,1.0
151,18,-0.17046364,1.0601839,-0.24597323,1.0
151,19,0.20338394,1.0564212,-0.019602332,1.0
151,20,-0.115568206,1.1064004,-0.25484762,1.0
151,21,0.27435178,1.0596547,-0.00711378,1.0
151,22,-0.20326068,1.0910864,-0.20749587,1.0
151,23,0.09843121,0.85733944,0.036284726,1.0
151,24,-0.09532056,0.86084485,-0.048811093,1.0
151,25,0.14236608,0.42348492,-0.005768956,1.0
151,26,-0.17619108,0.5248091,-0.07524199,1.0
151,27,0.18653856,0.066489436,0.17091082,1.0
151,28,-0.40157714,0.17604673,0.100888565,1.0
151,29,0.16823407,0.030455576,0.1933939,1.0
151,30,-0.42453665,0.14461857,0.08597945,1.0
151,31,0.20042972,-0.014153257,0.1404651,1.0
151,32,-0.43220273,0.12990451,0.004181423,1.0
152,0,-0.0052225045,1.48029,-0.2134974,1.0
152,1,-0.011172941,1.4984087,-0.21151678,1.0
152,2,0.01297476,1.4985446,-0.19865543,1.0
152,3,0.0071906177,1.4970102,-0.19828919,1.0
152,4,-0.021214506,1.5106834,-0.21516375,1.0
152,5,-0.02115278,1.5181295,-0.23517677,1.0
152,6,-0.011979533,1.5096419,-0.21203053,1.0
152,7,0.048520073,1.4937079,-0.09421751,1.0
152,8,-0.075419076,1.4546334,-0.11956849,1.0
152,9,0.02335785,1.4734253,-0.17118812,1.0
152,10,-0.024486214,1.4360375,-0.1974934,1.0
152,11,0.14164762,1.3702903,0.028835569,1.0
152,12,-0.1665561,1.4106957,0.016710594,1.0
152,13,0.31381452,1.2972028,0.026719524,1.0
152,14,-0.33844104,1.2306023,-0.08136511,1.0
152,15,0.32079107,1.1780643,0.0027668374,1.0
152,16,-0.23648697,1.1774172,-0.21195172,1.0
152,17,0.31245285,1.1469384,-0.0043569496,1.0
152,18,-0.1711558,1.1648648,-0.2670454,1.0
152,19,0.2589961,1.1405718,-0.020329645,1.0
152,20,-0.120039165,1.2176796,-0.27300093,1.0
152,21,0.31824332,1.1402593,-0.0064675706,1.0
152,22,-0.20362517,1.1881725,-0.22131565,1.0
152,23,0.096830316,0.8743799,0.04597895,1.0
152,24,-0.09287614,0.8789143,-0.057548366,1.0
152,25,0.13781002,0.4418595,-0.008950258,1.0
152,26,-0.14494121,0.53242797,-0.119135134,1.0
152,27,0.15001878,0.07433716,0.16432713,1.0
152,28,-0.42140773,0.22771066,0.06680653,1.0
152,29,0.12481911,0.0385503,0.18980068,1.0
152,30,-0.44846493,0.19682398,0.054184485,1.0
152,31,0.1627504,-0.015886178,0.14206292,1.0
152,32,-0.44143304,0.16807547,-0.016806133,1.0
153,0,-0.0063959328,1.4919028,-0.2057041,1.0
153,1,-0.012069708,1.5077931,-0.20016499,1.0
153,2,0.014017701,1.5059108,-0.19199957,1.0
153,3,0.010431747,1.5049422,-0.18659854,1.0
153,4,-0.023780163,1.5204991,-0.21022904,1.0
153,5,-0.016086303,1.5224955,-0.23353928,1.0
153,6,-0.014488446,1.5164663,-0.20604229,1.0
153,7,0.045754112,1.5050051,-0.08272816,1.0
153,8,-0.07634288,1.4585763,-0.1129766,1.0
153,9,0.025486683,1.4823965,-0.16680087,1.0
153,10,-0.021966266,1.4449829,-0.19964449,1.0
153,11,0.13585816,1.3854023,0.04455612,1.0
153,12,-0.15490642,1.4090935,0.006739295,1.0
153,13,0.29463902,1.3175888,-0.0056511476,1.0
153,14,-0.3163087,1.2432767,-0.13090037,1.0
153,15,0.33850265,1.2850615,-0.11735637,1.0
153,16,-0.21215832,1.2827458,-0.2970356,1.0
153,17,0.3332091,1.2707989,-0.13875331,1.0
153,18,-0.15089563,1.2959291,-0.3564965,1.0
153,19,0.28607315,1.2667009,-0.15216206,1.0
153,20,-0.096205935,1.3636626,-0.35761702,1.0
153,21,0.33660847,1.2497523,-0.12802821,1.0
153,22,-0.18162356,1.3047694,-0.30063403,1.0
153,23,0.08880465,0.8701226,0.047156487,1.0
153,24,-0.08345355,0.86680245,-0.06353986,1.0
153,25,0.11434158,0.42105696,-0.006952232,1.0
153,26,-0.065280594,0.52339494,-0.13879597,1.0
153,27,0.111351445,0.077501215,0.13906442,1.0
153,28,-0.4017186,0.36166295,0.08303444,1.0
153,29,0.084999226,0.042410076,0.1653915,1.0
153,30,-0.43102497,0.34577736,0.076472685,1.0
153,31,0.11750929,-0.011119463,0.14158507,1.0
153,32,-0.43136477,0.30486932,0.056416288,1.0
154,0,-0.0061983666,1.5139343,-0.1884969,1.0
154,1,-0.014478328,1.5327989,-0.18474893,1.0
154,2,0.013716692,1.5234032,-0.1810795,1.0
154,3,0.008652723,1.5287589,-0.17172404,1.0
154,4,-0.022778785,1.5410023,-0.19917938,1.0
154,5,-0.013199466,1.5470164,-0.22099987,1.0
154,6,-0.012054728,1.5358237,-0.19603752,1.0
154,7,0.049864247,1.518319,-0.06584112,1.0
154,8,-0.0796054,1.475545,-0.09949454,1.0
154,9,0.032414064,1.4981257,-0.15284163,1.0
154,10,-0.018152965,1.4655871,-0.18273059,1.0
154,11,0.13946515,1.3905424,0.06674963,1.0
154,12,-0.14890912,1.4336234,0.017766923,1.0
154,13,0.31962073,1.372616,0.08879393,1.0
154,14,-0.30874023,1.3089317,-0.1261541,1.0
154,15,0.45077333,1.4409456,0.096022695,1.0
154,16,-0.21027894,1.4401773,-0.28685412,1.0
154,17,0.4613685,1.460509,0.10287829,1.0
154,18,-0.15390265,1.4796289,-0.34265617,1.0
154,19,0.43812102,1.4559686,0.093709916,1.0
154,20,-0.10418573,1.5439261,-0.3365053,1.0
154,21,0.46305737,1.4123027,0.0903239,1.0
154,22,-0.18569258,1.4694556,-0.28498206,1.0
154,23,0.088419996,0.8859605,0.05185175,1.0
154,24,-0.07822015,0.8774968,-0.064734824,1.0
154,25,0.11580269,0.42952293,-0.006126514,1.0
154,26,-0.0420164,0.5485938,-0.16367488,1.0
154,27,0.09404428,0.0812971,0.12567908,1.0
154,28,-0.37277547,0.44524196,0.0931773,1.0
154,29,0.060594775,0.046443675,0.15269427,1.0
154,30,-0.4024628,0.43898705,0.092265815,1.0
154,31,0.086006954,-0.008325575,0.13281623,1.0
154,32,-0.4134933,0.39364374,0.0887071,1.0
155,0,-0.001967697,1.524966,-0.17937376,1.0
155,1,-0.008265324,1.5388665,-0.18373863,1.0
155,2,0.01399125,1.5266645,-0.17370585,1.0
155,3,0.0064952793,1.533867,-0.1680713,1.0
155,4,-0.021471066,1.5447892,-0.1961378,1.0
155,5,-0.011177589,1.5563788,-0.21531531,1.0
155,6,-0.0035155136,1.5452981,-0.19282478,1.0
155,7,0.05969447,1.5128034,-0.061894476,1.0
155,8,-0.07718969,1.4745052,-0.093506806,1.0
155,9,0.0348149,1.4987389,-0.1530578,1.0
155,10,-0.012758708,1.4705604,-0.17957596,1.0
155,11,0.1614996,1.389317,0.06123941,1.0
155,12,-0.13976413,1.4295813,0.01018067,1.0
155,13,0.3479595,1.3895992,0.071194135,1.0
155,14,-0.26841715,1.3448089,-0.1414082,1.0
155,15,0.46536338,1.5234433,0.07792088,1.0
155,16,-0.21133104,1.5330411,-0.30189753,1.0
155,17,0.4684756,1.5689793,0.08284752,1.0
155,18,-0.16926818,1.5821514,-0.35282624,1.0
155,19,0.44593176,1.5718997,0.08169235,1.0
155,20,-0.12809128,1.6436573,-0.3506262,1.0
155,21,0.4732929,1.5109673,0.07238916,1.0
155,22,-0.19260366,1.5543985,-0.2977049,1.0
155,23,0.091925584,0.8866075,0.057190478,1.0
155,24,-0.0780968,0.88230133,-0.063886344,1.0
155,25,0.108992435,0.43845513,-0.009231484,1.0
155,26,-0.036313098,0.56320727,-0.16901416,1.0
155,27,0.072393626,0.08181929,0.12418533,1.0
155,28,-0.33260602,0.51252794,0.14933853,1.0
155,29,0.042677425,0.045622915,0.15000826,1.0
155,30,-0.3609706,0.5105829,0.15111727,1.0
155,31,0.08427939,-0.006031827,0.12515809,1.0
155,32,-0.3748365,0.46375117,0.16051462,1.0
156,0,0.0031862147,1.5115248,-0.19409229,1.0
156,1,-0.0013675354,1.5401663,-0.20934367,1.0
156,2,0.021762023,1.5185633,-0.19891857,1.0
156,3,0.010145011,1.5242152,-0.18091096,1.0
156,4,-0.0189112,1.535555,-0.2121666,1.0
156,5,-0.0068023717,1.5430877,-0.23560597,1.0
156,6,0.0033960007,1.5341787,-0.20930897,1.0
156,7,0.051666245,1.4990072,-0.084787734,1.0
156,8,-0.08375319,1.4625517,-0.12124559,1.0
156,9,0.031198604,1.4894156,-0.16795324,1.0
156,10,-0.0018609772,1.4643508,-0.19480959,1.0
156,11,0.15515353,1.3880386,0.041585244,1.0
156,12,-0.14231546,1.4220324,-0.04840647,1.0
156,13,0.3319149,1.4205807,0.060226444,1.0
156,14,-0.17473449,1.3506545,-0.2608245,1.0
156,15,0.4559823,1.584933,0.104533404,1.0
156,16,-0.18858784,1.5507531,-0.4677395,1.0
156,17,0.47659495,1.6319625,0.12567447,1.0
156,18,-0.17498636,1.6009318,-0.53071314,1.0
156,19,0.45590883,1.629136,0.12663472,1.0
156,20,-0.14831828,1.6538472,-0.52460337,1.0
156,21,0.46823525,1.5564716,0.10284885,1.0
156,22,-0.18281162,1.5654453,-0.46219602,1.0
156,23,0.08940186,0.8780866,0.068776004,1.0
156,24,-0.06958212,0.8719872,-0.07448173,1.0
156,25,0.09669883,0.42869338,-0.006036841,1.0
156,26,0.007900972,0.55090946,-0.1694296,1.0
156,27,0.027914546,0.08177237,0.12512541,1.0
156,28,-0.26693842,0.52462447,0.16877773,1.0
156,29,0.010359934,0.044169445,0.1506443,1.0
156,30,-0.2893606,0.52361727,0.16102012,1.0
156,31,0.07284125,-0.005390198,0.12444194,1.0
156,32,-0.309374,0.46673965,0.17828402,1.0
157,0,0.008484797,1.5042335,-0.21827544,1.0
157,1,0.004928426,1.5425439,-0.23991627,1.0
157,2,0.031099996,1.5121322,-0.22555065,1.0
157,3,0.01364259,1.5093962,-0.19959812,1.0
157,4,-0.017839555,1.5292265,-0.23777322,1.0
157,5,-0.0058913026,1.534871,-0.26228473,1.0
157,6,0.0034422576,1.52637,-0.23181449,1.0
157,7,0.044948794,1.4842049,-0.108517945,1.0
157,8,-0.088676766,1.4484737,-0.15232916,1.0
157,9,0.027684467,1.4795188,-0.19050226,1.0
157,10,-0.0008336529,1.4610652,-0.21770033,1.0
157,11,0.14452635,1.3934989,0.02931961,1.0
157,12,-0.14504267,1.4156182,-0.080339566,1.0
157,13,0.31978104,1.4430426,0.06463041,1.0
157,14,-0.13423486,1.3738029,-0.3022452,1.0
157,15,0.43548545,1.6055492,0.14093617,1.0
157,16,-0.17341712,1.5768882,-0.51183,1.0
157,17,0.4605741,1.647596,0.1691708,1.0
157,18,-0.16870603,1.629018,-0.5765441,1.0
157,19,0.44247225,1.6378875,0.17150293,1.0
157,20,-0.14580569,1.6743468,-0.5670024,1.0
157,21,0.45400822,1.5652767,0.13758041,1.0
157,22,-0.17371811,1.5910864,-0.5019703,1.0
157,23,0.08750093,0.877833,0.071140185,1.0
157,24,-0.06184288,0.86676884,-0.08419833,1.0
157,25,0.08091126,0.42028812,0.001692675,1.0
157,26,0.053736117,0.55923206,-0.16413315,1.0
157,27,-0.011476527,0.082763635,0.1275629,1.0
157,28,-0.21783894,0.53104454,0.16769205,1.0
157,29,-0.028733645,0.047487274,0.15446676,1.0
157,30,-0.24269834,0.5373976,0.16059567,1.0
157,31,0.051740196,-0.0025415923,0.1316477,1.0
157,32,-0.2621951,0.47315443,0.18857937,1.0
158,0,0.010978361,1.512717,-0.21874158,1.0
158,1,0.006101612,1.5479718,-0.2399716,1.0
158,2,0.033288054,1.5200186,-0.22480811,1.0
158,3,0.014906756,1.5140426,-0.19808032,1.0
158,4,-0.016658602,1.5352893,-0.23794115,1.0
158,5,-0.006269307,1.5427502,-0.2606085,1.0
158,6,0.0056243185,1.5349317,-0.23124178,1.0
158,7,0.042093895,1.49079,-0.10741114,1.0
158,8,-0.08936035,1.4523544,-0.15464377,1.0
158,9,0.02707115,1.4873255,-0.18798906,1.0
158,10,0.00093951216,1.4672147,-0.21770541,1.0
158,11,0.13421036,1.407794,0.034355294,1.0
158,12,-0.14113145,1.4220113,-0.08700521,1.0
158,13,0.30839792,1.4720263,0.07556703,1.0
158,14,-0.10190608,1.3962528,-0.3047502,1.0
158,15,0.4154975,1.6339228,0.16017126,1.0
158,16,-0.14944552,1.6122355,-0.49653566,1.0
158,17,0.44264004,1.672749,0.1854744,1.0
158,18,-0.14730452,1.6645172,-0.55605495,1.0
158,19,0.42282134,1.6630096,0.18986067,1.0
158,20,-0.13166754,1.7100945,-0.54949415,1.0
158,21,0.43756437,1.5917338,0.15189645,1.0
158,22,-0.15434524,1.627011,-0.48422387,1.0
158,23,0.083360754,0.881408,0.07482648,1.0
158,24,-0.056596667,0.87126905,-0.0882444,1.0
158,25,0.075700946,0.4297862,-0.0013987604,1.0
158,26,0.076259404,0.5661357,-0.15999871,1.0
158,27,-0.02591722,0.07920421,0.106668845,1.0
158,28,-0.2078098,0.5303975,0.15136369,1.0
158,29,-0.041537575,0.044712044,0.13027163,1.0
158,30,-0.23608774,0.53731346,0.14194022,1.0
158,31,0.04951996,-0.0021873508,0.11134954,1.0
158,32,-0.25463986,0.4762531,0.17456636,1.0
159,0,0.02711903,1.5274963,-0.20622787,1.0
159,1,0.017763797,1.5647024,-0.22486453,1.0
159,2,0.046068035,1.5383991,-0.212629,1.0
159,3,0.031106003,1.5306988,-0.18340471,1.0
159,4,-0.0029212956,1.5531318,-0.22933319,1.0
159,5,0.006925433,1.5600177,-0.2524139,1.0
159,6,0.021740073,1.5505319,-0.22352363,1.0
159,7,0.03702809,1.5113285,-0.09533751,1.0
159,8,-0.083913095,1.4675186,-0.15584354,1.0
159,9,0.03760499,1.5084441,-0.17649026,1.0
159,10,0.012319805,1.4851598,-0.20995782,1.0
159,11,0.116726145,1.425155,0.044657897,1.0
159,12,-0.13275726,1.4500929,-0.084693894,1.0
159,13,0.278325,1.4938,0.102029316,1.0
159,14,-0.04883983,1.4467864,-0.30420905,1.0
159,15,0.39828858,1.6681032,0.2002493,1.0
159,16,-0.09397042,1.6692932,-0.46050602,1.0
159,17,0.41861072,1.7104114,0.23168921,1.0
159,18,-0.0974799,1.726863,-0.5176859,1.0
159,19,0.4076533,1.7025734,0.23436819,1.0
159,20,-0.087684855,1.7780695,-0.50555205,1.0
159,21,0.4123664,1.6300251,0.19669193,1.0
159,22,-0.10368105,1.6903881,-0.45052105,1.0
159,23,0.07258,0.898063,0.07612273,1.0
159,24,-0.047334224,0.8919403,-0.09056962,1.0
159,25,0.0617155,0.44487035,-0.0031332108,1.0
159,26,0.11628139,0.5985115,-0.17489158,1.0
159,27,-0.040742297,0.078506954,0.103305094,1.0
159,28,-0.19452854,0.5240066,0.1041991,1.0
159,29,-0.05718348,0.046464473,0.12338717,1.0
159,30,-0.22332695,0.52504474,0.09053001,1.0
159,31,0.028748397,-0.006734321,0.11632256,1.0
159,32,-0.24273568,0.46319664,0.12832311,1.0
160,0,0.054256402,1.5204448,-0.1803221,1.0
160,1,0.037056625,1.554695,-0.19191244,1.0
160,2,0.06453856,1.5300823,-0.1858759,1.0
160,3,0.05788029,1.5307395,-0.1564293,1.0
160,4,0.021874033,1.5436397,-0.20790735,1.0
160,5,0.026936486,1.5597364,-0.2271395,1.0
160,6,0.051024243,1.5467395,-0.2019838,1.0
160,7,0.044977777,1.5119696,-0.06501883,1.0
160,8,-0.066181004,1.465748,-0.14440176,1.0
160,9,0.058142003,1.5098479,-0.1497921,1.0
160,10,0.035688654,1.4786665,-0.19024399,1.0
160,11,0.11293049,1.4125175,0.064495996,1.0
160,12,-0.11849815,1.4499816,-0.07518409,1.0
160,13,0.26637506,1.4913552,0.108022176,1.0
160,14,-0.011619506,1.4618895,-0.28650403,1.0
160,15,0.3544782,1.6836152,0.1868653,1.0
160,16,-0.020916272,1.6921053,-0.3996559,1.0
160,17,0.3611691,1.7232089,0.21622029,1.0
160,18,-0.0193144,1.7535154,-0.45241243,1.0
160,19,0.3477714,1.7296076,0.22129096,1.0
160,20,-0.012093682,1.8140352,-0.43424857,1.0
160,21,0.3607959,1.65209,0.18870305,1.0
160,22,-0.031737972,1.7180053,-0.3889361,1.0
160,23,0.06511104,0.886632,0.08221324,1.0
160,24,-0.04447072,0.89048856,-0.09295613,1.0
160,25,0.048000857,0.44071385,0.008466104,1.0
160,26,0.13283995,0.5887959,-0.20523863,1.0
160,27,-0.038715232,0.0709286,0.123210244,1.0
160,28,-0.18196593,0.47710153,-0.0015048443,1.0
160,29,-0.059805915,0.045858983,0.14188614,1.0
160,30,-0.20932792,0.46776026,-0.024612524,1.0
160,31,0.01725911,-0.011118691,0.14782754,1.0
160,32,-0.21953364,0.43286848,-0.0062307557,1.0
161,0,0.05293676,1.5095435,-0.18163602,1.0
161,1,0.028124878,1.5365982,-0.17530055,1.0
161,2,0.060705602,1.5256227,-0.17132208,1.0
161,3,0.055376396,1.5240824,-0.15757498,1.0
161,4,0.02404843,1.5359566,-0.19906251,1.0
161,5,0.026301764,1.5492148,-0.2171853,1.0
161,6,0.043234818,1.5329278,-0.19448228,1.0
161,7,0.049562126,1.5088034,-0.06036505,1.0
161,8,-0.063133754,1.4576331,-0.13218018,1.0
161,9,0.06296828,1.5038571,-0.14215277,1.0
161,10,0.033903748,1.4669673,-0.19166464,1.0
161,11,0.11360274,1.3870616,0.082766116,1.0
161,12,-0.09235849,1.4402726,-0.07777402,1.0
161,13,0.26537472,1.4443145,0.1204148,1.0
161,14,0.039889008,1.4567014,-0.25645447,1.0
161,15,0.31434464,1.6553193,0.18660109,1.0
161,16,0.06876388,1.6847523,-0.28588384,1.0
161,17,0.30949032,1.7000179,0.2148151,1.0
161,18,0.080715455,1.7494242,-0.33032858,1.0
161,19,0.30063185,1.7125977,0.21193278,1.0
161,20,0.07707806,1.8170722,-0.31325445,1.0
161,21,0.31985244,1.6340812,0.18345092,1.0
161,22,0.054088257,1.7219474,-0.28034055,1.0
161,23,0.057496034,0.8742355,0.08884977,1.0
161,24,-0.04585967,0.8812691,-0.1034342,1.0
161,25,0.036677014,0.45290083,0.029453848,1.0
161,26,0.15314196,0.58492583,-0.20755808,1.0
161,27,-0.029998641,0.06429398,0.13217548,1.0
161,28,-0.1532552,0.438408,0.0054452987,1.0
161,29,-0.065171495,0.041392103,0.15278162,1.0
161,30,-0.17981876,0.42514104,-0.0128921885,1.0
161,31,0.024065211,-0.015351216,0.16153312,1.0
161,32,-0.16231035,0.38203645,0.014741735,1.0
162,0,0.04887317,1.4967388,-0.17861412,1.0
162,1,0.028052624,1.5187395,-0.16482686,1.0
162,2,0.058966056,1.5202622,-0.16414887,1.0
162,3,0.048914876,1.5113579,-0.15237547,1.0
162,4,0.028172072,1.5261592,-0.19240399,1.0
162,5,0.02804694,1.531125,-0.20899901,1.0
162,6,0.0440408,1.5186347,-0.18675436,1.0
162,7,0.044997707,1.5021532,-0.05285134,1.0
162,8,-0.053007066,1.4461193,-0.124308735,1.0
162,9,0.0636223,1.4911988,-0.13205674,1.0
162,10,0.03017938,1.4480214,-0.18260692,1.0
162,11,0.101283535,1.372323,0.09075765,1.0
162,12,-0.06959031,1.429228,-0.07664041,1.0
162,13,0.25829527,1.4214392,0.120877996,1.0
162,14,0.085949495,1.4159435,-0.22739246,1.0
162,15,0.28498456,1.625491,0.16590469,1.0
162,16,0.14922044,1.6292942,-0.2237248,1.0
162,17,0.27233356,1.675979,0.19165914,1.0
162,18,0.17418148,1.6910826,-0.26347476,1.0
162,19,0.2596386,1.6890616,0.18925822,1.0
162,20,0.16803958,1.7607783,-0.24703051,1.0
162,21,0.29057834,1.6072984,0.16233118,1.0
162,22,0.14365655,1.6727327,-0.219533,1.0
162,23,0.051145997,0.8560123,0.0899179,1.0
162,24,-0.045916114,0.86383075,-0.10096874,1.0
162,25,0.022532614,0.4413445,0.039117787,1.0
162,26,0.16052201,0.5582696,-0.19429643,1.0
162,27,-0.025360212,0.056200735,0.13623309,1.0
162,28,-0.13790521,0.33789006,0.018253056,1.0
162,29,-0.06568694,0.03663689,0.1582897,1.0
162,30,-0.16082098,0.3200198,0.0053054914,1.0
162,31,0.013848256,-0.018926093,0.16525684,1.0
162,32,-0.12466144,0.26896176,0.015708223,1.0
163,0,0.054668695,1.494304,-0.15019773,1.0
163,1,0.032392554,1.5102705,-0.13891701,1.0
163,2,0.06390007,1.514071,-0.13815339,1.0
163,3,0.05189096,1.5046908,-0.12714428,1.0
163,4,0.035767287,1.5180963,-0.16576199,1.0
163,5,0.03381177,1.5241308,-0.18380235,1.0
163,6,0.05259929,1.5165602,-0.16065721,1.0
163,7,0.046367794,1.5000478,-0.027975436,1.0
163,8,-0.043062903,1.44789,-0.10603589,1.0
163,9,0.067731336,1.4826465,-0.10568682,1.0
163,10,0.033414833,1.4398453,-0.15624985,1.0
163,11,0.09862225,1.3727938,0.11114523,1.0
163,12,-0.060229827,1.4228249,-0.0748716,1.0
163,13,0.24223845,1.4108891,0.117909,1.0
163,14,0.11366942,1.3944566,-0.2281945,1.0
163,15,0.2684458,1.6115769,0.11242032,1.0
163,16,0.18326662,1.6053749,-0.2350969,1.0
163,17,0.25524205,1.665196,0.12659703,1.0
163,18,0.21196465,1.6628549,-0.2700381,1.0
163,19,0.23982348,1.676925,0.11996707,1.0
163,20,0.20544256,1.7302886,-0.2582267,1.0
163,21,0.27412286,1.5942618,0.10524211,1.0
163,22,0.18267952,1.6410244,-0.22534809,1.0
163,23,0.054012574,0.8506698,0.094077945,1.0
163,24,-0.04736538,0.8577545,-0.09957933,1.0
163,25,-7.3468545e-05,0.44037837,0.039333466,1.0
163,26,0.14099257,0.5089659,-0.16870551,1.0
163,27,-0.04533163,0.056602534,0.13677767,1.0
163,28,-0.11728653,0.23716459,0.013457414,1.0
163,29,-0.081073985,0.032359064,0.15937833,1.0
163,30,-0.1355262,0.21410331,-0.002856059,1.0
163,31,-0.0038507394,-0.02547642,0.16112068,1.0
163,32,-0.08396559,0.1628505,-0.02058512,1.0
164,0,0.068287455,1.4921634,-0.14063486,1.0
164,1,0.048869178,1.5049275,-0.13147186,1.0
164,2,0.07496564,1.5132428,-0.12672792,1.0
164,3,0.060695454,1.5022081,-0.1197586,1.0
164,4,0.045508042,1.5113435,-0.15882,1.0
164,5,0.048264086,1.5192479,-0.17664477,1.0
164,6,0.06623637,1.5145223,-0.15273695,1.0
164,7,0.04875414,1.4973226,-0.022739807,1.0
164,8,-0.02898773,1.4478204,-0.10601429,1.0
164,9,0.07593874,1.4790177,-0.097711384,1.0
164,10,0.045568697,1.4370532,-0.14457114,1.0
164,11,0.09684846,1.3735627,0.113321155,1.0
164,12,-0.045718182,1.4217212,-0.0795207,1.0
164,13,0.22568984,1.4084368,0.12063253,1.0
164,14,0.13138969,1.382312,-0.21982875,1.0
164,15,0.26922306,1.5886886,0.103054,1.0
164,16,0.20032226,1.5832447,-0.22638895,1.0
164,17,0.2619093,1.6416692,0.11295884,1.0
164,18,0.23012857,1.6383872,-0.26011494,1.0
164,19,0.24674152,1.6508646,0.10442482,1.0
164,20,0.22479418,1.7044988,-0.25049075,1.0
164,21,0.27783704,1.5734253,0.09578714,1.0
164,22,0.20496683,1.6158712,-0.21614009,1.0
164,23,0.053560734,0.8499685,0.09656826,1.0
164,24,-0.04644583,0.8602515,-0.09690103,1.0
164,25,-0.0029749512,0.4421658,0.058926217,1.0
164,26,0.11780384,0.49486834,-0.13194273,1.0
164,27,-0.060143773,0.05392588,0.15233669,1.0
164,28,-0.10916669,0.1809196,0.012396692,1.0
164,29,-0.09726538,0.029680902,0.16729537,1.0
164,30,-0.124837905,0.15171283,-0.007908789,1.0
164,31,-0.028819915,-0.026822008,0.16401224,1.0
164,32,-0.06252613,0.110911176,-0.05392545,1.0
165,0,0.079345435,1.4826653,-0.10668493,1.0
165,1,0.061828278,1.4927796,-0.09599833,1.0
165,2,0.07737835,1.5041246,-0.09436492,1.0
165,3,0.06846556,1.4932569,-0.08763681,1.0
165,4,0.05793756,1.4953794,-0.12856059,1.0
165,5,0.061431803,1.5073538,-0.14905778,1.0
165,6,0.075383805,1.5030707,-0.12185307,1.0
165,7,0.03549816,1.4860094,-0.0049235155,1.0
165,8,-0.02147246,1.4407464,-0.10088606,1.0
165,9,0.078582,1.4703391,-0.069049574,1.0
165,10,0.057833478,1.4286854,-0.119137764,1.0
165,11,0.07966344,1.3606977,0.13223132,1.0
165,12,-0.042561416,1.4030039,-0.08129756,1.0
165,13,0.21261802,1.380328,0.13156736,1.0
165,14,0.1547842,1.3246045,-0.2013724,1.0
165,15,0.26828006,1.55609,0.08425875,1.0
165,16,0.22775914,1.5063428,-0.20322254,1.0
165,17,0.27074894,1.6095904,0.08366022,1.0
165,18,0.25985336,1.5664965,-0.23439728,1.0
165,19,0.2602351,1.6263223,0.07934746,1.0
165,20,0.25576538,1.6359752,-0.22729123,1.0
165,21,0.28333518,1.5442055,0.07621707,1.0
165,22,0.23242462,1.5395784,-0.1890432,1.0
165,23,0.048362385,0.8480804,0.09714532,1.0
165,24,-0.03985407,0.85735637,-0.09629193,1.0
165,25,0.004602588,0.4310131,0.07830341,1.0
165,26,0.08065468,0.49470225,-0.11097954,1.0
165,27,-0.03863776,0.048082918,0.1566304,1.0
165,28,-0.07896349,0.1460724,-0.009976849,1.0
165,29,-0.07532382,0.019444425,0.1709937,1.0
165,30,-0.08986527,0.1141276,-0.032964163,1.0
165,31,-0.007392993,-0.024749469,0.16091473,1.0
165,32,-0.013851692,0.09479936,-0.10499919,1.0
166,0,0.08586667,1.4761837,-0.0936251,1.0
166,1,0.067583784,1.4845558,-0.08453052,1.0
166,2,0.0813253,1.496222,-0.08307376,1.0
166,3,0.07615709,1.4842275,-0.077887565,1.0
166,4,0.06658447,1.4871005,-0.11836756,1.0
166,5,0.0689001,1.4980305,-0.14010008,1.0
166,6,0.07960178,1.4931505,-0.11259406,1.0
166,7,0.027936706,1.4814358,0.0009839156,1.0
166,8,-0.021804368,1.4321398,-0.10492513,1.0
166,9,0.08320474,1.462299,-0.059635587,1.0
166,10,0.06318864,1.4204919,-0.11131118,1.0
166,11,0.06799604,1.3520154,0.14232886,1.0
166,12,-0.04502114,1.3880364,-0.08298682,1.0
166,13,0.20565014,1.3230038,0.13408363,1.0
166,14,0.15470403,1.2680906,-0.19704773,1.0
166,15,0.26790315,1.4509311,0.07033401,1.0
166,16,0.23853889,1.4174054,-0.19471617,1.0
166,17,0.27379498,1.4946215,0.065484814,1.0
166,18,0.27251902,1.4734639,-0.22510262,1.0
166,19,0.2628142,1.5107224,0.0627448,1.0
166,20,0.27023894,1.5424032,-0.22128904,1.0
166,21,0.2818523,1.4374365,0.0638599,1.0
166,22,0.24150266,1.4505734,-0.18255058,1.0
166,23,0.046797097,0.84436077,0.09634656,1.0
166,24,-0.03798745,0.85113543,-0.097456165,1.0
166,25,0.0037946475,0.42363954,0.09145885,1.0
166,26,0.062344022,0.49298075,-0.10394161,1.0
166,27,-0.04926516,0.04740551,0.1684147,1.0
166,28,-0.08516194,0.13975832,-0.006067371,1.0
166,29,-0.08307988,0.014616778,0.18273607,1.0
166,30,-0.09998643,0.10564463,-0.030433737,1.0
166,31,-0.016423646,-0.026100665,0.17333548,1.0
166,32,-0.0271944,0.091224454,-0.099919714,1.0
167,0,0.085021816,1.4438186,-0.07608004,1.0
167,1,0.06693541,1.4486611,-0.06839204,1.0
167,2,0.07748685,1.4629334,-0.06753704,1.0
167,3,0.07471652,1.4522239,-0.06176962,1.0
167,4,0.06851911,1.4553161,-0.1032116,1.0
167,5,0.06926611,1.4651865,-0.123159185,1.0
167,6,0.076905094,1.4606113,-0.09757088,1.0
167,7,0.014038422,1.4551262,0.010563387,1.0
167,8,-0.02575691,1.405005,-0.10347236,1.0
167,9,0.08012569,1.4327413,-0.044304416,1.0
167,10,0.06346572,1.3895724,-0.09889944,1.0
167,11,0.05199397,1.3254043,0.15207326,1.0
167,12,-0.05518284,1.3535641,-0.08136526,1.0
167,13,0.17517334,1.2466546,0.13334191,1.0
167,14,0.13185443,1.1793827,-0.17928731,1.0
167,15,0.26574996,1.3332486,0.050342236,1.0
167,16,0.23965594,1.2910314,-0.16324274,1.0
167,17,0.28181773,1.3686501,0.041531183,1.0
167,18,0.2784501,1.342616,-0.1882304,1.0
167,19,0.27444458,1.3849221,0.038635705,1.0
167,20,0.27761832,1.4104452,-0.18952268,1.0
167,21,0.28404105,1.3181977,0.043342445,1.0
167,22,0.2445537,1.3231287,-0.15205175,1.0
167,23,0.04361435,0.83515954,0.09807202,1.0
167,24,-0.03711883,0.8386754,-0.09970461,1.0
167,25,0.0032669415,0.4220449,0.097207434,1.0
167,26,0.045124877,0.4917947,-0.10451798,1.0
167,27,-0.052016813,0.047773726,0.1836997,1.0
167,28,-0.103036456,0.1304423,-0.009646404,1.0
167,29,-0.08495998,0.0100289555,0.20035805,1.0
167,30,-0.12209803,0.09332954,-0.034228742,1.0
167,31,-0.016615376,-0.03074954,0.19332995,1.0
167,32,-0.047573198,0.08064203,-0.10399159,1.0
168,0,0.08431337,1.4018021,-0.08098823,1.0
168,1,0.065722875,1.407777,-0.07716592,1.0
168,2,0.080456,1.4206362,-0.07437975,1.0
168,3,0.0756869,1.4139619,-0.070295766,1.0
168,4,0.06971849,1.419509,-0.10912177,1.0
168,5,0.07227039,1.4247729,-0.12894757,1.0
168,6,0.07728909,1.4192312,-0.10541153,1.0
168,7,0.013393651,1.4237791,-0.00067072804,1.0
168,8,-0.022866022,1.374056,-0.114286765,1.0
168,9,0.08146171,1.3950664,-0.049959704,1.0
168,10,0.064873144,1.3523514,-0.10588214,1.0
168,11,0.04268943,1.2936039,0.1442826,1.0
168,12,-0.057480663,1.3246387,-0.08825074,1.0
168,13,0.13804704,1.1630747,0.13230309,1.0
168,14,0.105494626,1.1066118,-0.1800234,1.0
168,15,0.2640284,1.1871604,0.054815173,1.0
168,16,0.23469064,1.1642641,-0.16209829,1.0
168,17,0.2905579,1.2079769,0.048839666,1.0
168,18,0.27634424,1.2023349,-0.18824422,1.0
168,19,0.2907535,1.2160009,0.040943105,1.0
168,20,0.28523302,1.266208,-0.19401242,1.0
168,21,0.28770885,1.1656177,0.046053942,1.0
168,22,0.24115561,1.1934747,-0.1549868,1.0
168,23,0.03860908,0.8264088,0.09880531,1.0
168,24,-0.034747235,0.8255517,-0.099858545,1.0
168,25,-0.0031642427,0.41821882,0.10521116,1.0
168,26,0.060729746,0.49396372,-0.11183308,1.0
168,27,-0.05622586,0.052858796,0.19679837,1.0
168,28,-0.11287014,0.15537126,-0.025889281,1.0
168,29,-0.09104208,0.01297001,0.21504858,1.0
168,30,-0.13482946,0.11958926,-0.05249943,1.0
168,31,-0.024754103,-0.034546144,0.21430005,1.0
168,32,-0.06549906,0.101417944,-0.10914001,1.0
169,0,0.09096506,1.3782269,-0.08316847,1.0
169,1,0.071518585,1.3900865,-0.07865682,1.0
169,2,0.08288147,1.4041504,-0.075309455,1.0
169,3,0.07746722,1.3987722,-0.07172245,1.0
169,4,0.07498706,1.4021198,-0.11337597,1.0
169,5,0.07821791,1.4039228,-0.12918575,1.0
169,6,0.08466763,1.3966506,-0.10621504,1.0
169,7,0.01013873,1.4106169,-0.009705894,1.0
169,8,-0.013309671,1.3567156,-0.12527393,1.0
169,9,0.08446087,1.3802743,-0.050567556,1.0
169,10,0.07521412,1.3361936,-0.108472236,1.0
169,11,0.03112939,1.27937,0.13501783,1.0
169,12,-0.050038796,1.3056922,-0.10211919,1.0
169,13,0.101227835,1.1186612,0.15395646,1.0
169,14,0.06893014,1.0506933,-0.18539657,1.0
169,15,0.25923613,1.0699998,0.111736245,1.0
169,16,0.2132155,1.0440935,-0.17473744,1.0
169,17,0.2893094,1.0732323,0.11564196,1.0
169,18,0.25995168,1.0621355,-0.20728454,1.0
169,19,0.29708418,1.0710658,0.09925917,1.0
169,20,0.28310692,1.1211457,-0.20642819,1.0
169,21,0.28436717,1.0394381,0.10411798,1.0
169,22,0.22607857,1.0688765,-0.16850528,1.0
169,23,0.029520247,0.81903917,0.09990479,1.0
169,24,-0.03221847,0.823365,-0.10162223,1.0
169,25,0.00016347226,0.41718793,0.10856152,1.0
169,26,0.10819969,0.49624056,-0.112882316,1.0
169,27,-0.05355707,0.05767131,0.18984616,1.0
169,28,-0.108383074,0.18075994,-0.017607572,1.0
169,29,-0.08936195,0.018375747,0.2099554,1.0
169,30,-0.13417894,0.1482023,-0.041508555,1.0
169,31,-0.023085468,-0.033502944,0.21281132,1.0
169,32,-0.06257429,0.11921101,-0.087153204,1.0
170,0,0.09406103,1.3576652,-0.1696426,1.0
170,1,0.07009728,1.3789804,-0.17430305,1.0
170,2,0.079572394,1.3829293,-0.16417876,1.0
170,3,0.07498099,1.3823582,-0.16468014,1.0
170,4,0.07363776,1.390319,-0.20097251,1.0
170,5,0.07820791,1.3912811,-0.21102154,1.0
170,6,0.08822649,1.3822017,-0.19754882,1.0
170,7,0.0051528467,1.408541,-0.09720731,1.0
170,8,-0.014442585,1.3489465,-0.21184027,1.0
170,9,0.07626777,1.3689997,-0.13257536,1.0
170,10,0.0713872,1.3223295,-0.18815795,1.0
170,11,0.018598933,1.2671205,0.06900686,1.0
170,12,-0.045486543,1.2982885,-0.16457811,1.0
170,13,0.07818082,1.0771378,0.1140351,1.0
170,14,0.023024276,1.00587,-0.2397646,1.0
170,15,0.24327205,0.9695572,0.11095233,1.0
170,16,0.16771968,0.9235341,-0.24010745,1.0
170,17,0.2776025,0.95543754,0.12213687,1.0
170,18,0.21675183,0.91459703,-0.280893,1.0
170,19,0.2841779,0.9424756,0.096944645,1.0
170,20,0.2441683,0.97022957,-0.27223846,1.0
170,21,0.2742786,0.9222858,0.10412875,1.0
170,22,0.18127665,0.9426749,-0.2396079,1.0
170,23,0.023256421,0.82215655,0.09684527,1.0
170,24,-0.032404605,0.83124125,-0.10012028,1.0
170,25,0.008117628,0.42277342,0.10025979,1.0
170,26,0.12510964,0.51775324,-0.1225171,1.0
170,27,-0.06467579,0.064191796,0.18750611,1.0
170,28,-0.102752715,0.20789853,-0.009011959,1.0
170,29,-0.101772055,0.02919103,0.20718457,1.0
170,30,-0.12841547,0.17278361,-0.024440814,1.0
170,31,-0.03677755,-0.02392585,0.21177901,1.0
170,32,-0.061390433,0.14109468,-0.06287841,1.0
171,0,0.092684425,1.3859684,-0.18226448,1.0
171,1,0.071320996,1.4168302,-0.1831806,1.0
171,2,0.080069035,1.4157937,-0.16961376,1.0
171,3,0.07708354,1.414937,-0.17251937,1.0
171,4,0.07421939,1.4252261,-0.21301289,1.0
171,5,0.079878,1.427438,-0.22537686,1.0
171,6,0.08842624,1.4173405,-0.21007356,1.0
171,7,0.0015422171,1.4437813,-0.104187444,1.0
171,8,-0.01590216,1.378664,-0.22229637,1.0
171,9,0.07220945,1.4002447,-0.14116961,1.0
171,10,0.06824342,1.3554621,-0.19933611,1.0
171,11,0.011291526,1.2978977,0.06297821,1.0
171,12,-0.049777858,1.3303827,-0.16275224,1.0
171,13,0.0704804,1.1005448,0.10818548,1.0
171,14,-0.01804918,1.0228263,-0.24474333,1.0
171,15,0.1981411,0.9572759,0.119397946,1.0
171,16,0.06911039,0.8682871,-0.25650117,1.0
171,17,0.2238261,0.92998576,0.12926526,1.0
171,18,0.10266689,0.83992183,-0.2966241,1.0
171,19,0.22062415,0.915412,0.10849418,1.0
171,20,0.13530734,0.8823638,-0.29434368,1.0
171,21,0.22357273,0.9076739,0.112631835,1.0
171,22,0.08092282,0.8783807,-0.2633971,1.0
171,23,0.021210168,0.8410233,0.09643714,1.0
171,24,-0.026669387,0.8527349,-0.100454375,1.0
171,25,0.0025403884,0.4279044,0.09808826,1.0
171,26,0.14835393,0.5476374,-0.11779181,1.0
171,27,-0.090330996,0.066826165,0.1622806,1.0
171,28,-0.09976164,0.23359895,-0.0039543174,1.0
171,29,-0.12788877,0.029644007,0.17411236,1.0
171,30,-0.13154745,0.19456083,-0.024323659,1.0
171,31,-0.059586268,-0.020672755,0.17646563,1.0
171,32,-0.06453767,0.16188803,-0.051961534,1.0
172,0,0.095123746,1.3999219,-0.14960167,1.0
172,1,0.07950531,1.4368229,-0.15468134,1.0
172,2,0.09078742,1.4246927,-0.13936289,1.0
172,3,0.089041315,1.44015,-0.13061723,1.0
172,4,0.086219445,1.4457697,-0.18301897,1.0
172,5,0.083728164,1.4360714,-0.18827298,1.0
172,6,0.10377323,1.443931,-0.17478417,1.0
172,7,-0.0009633871,1.4570004,-0.08039015,1.0
172,8,-0.0049616913,1.3970246,-0.19846576,1.0
172,9,0.07155065,1.4129043,-0.11009554,1.0
172,10,0.07368542,1.3766298,-0.18016239,1.0
172,11,0.0013485188,1.3082111,0.08618592,1.0
172,12,-0.04733999,1.3452859,-0.14875548,1.0
172,13,0.027222974,1.0813667,0.12032085,1.0
172,14,-0.029612701,1.0416793,-0.24776596,1.0
172,15,0.085242055,0.89499515,0.14476039,1.0
172,16,-0.003880296,0.84626585,-0.2738164,1.0
172,17,0.09707013,0.85508674,0.16680264,1.0
172,18,0.011706424,0.8111814,-0.3158332,1.0
172,19,0.09940341,0.82468814,0.15258187,1.0
172,20,0.041327998,0.8492563,-0.32108584,1.0
172,21,0.11497771,0.84165907,0.13755596,1.0
172,22,-0.0012282024,0.86078095,-0.28404236,1.0
172,23,0.018850308,0.8487657,0.10404275,1.0
172,24,-0.023283653,0.85636276,-0.11599489,1.0
172,25,0.0033017711,0.43998894,0.08861779,1.0
172,26,0.15981579,0.5708616,-0.1015955,1.0
172,27,-0.10013767,0.06793615,0.1534469,1.0
172,28,-0.0901609,0.24139892,0.0005358986,1.0
172,29,-0.14018054,0.02883833,0.1740497,1.0
172,30,-0.124658406,0.20050281,-0.025797252,1.0
172,31,-0.04841221,-0.024737831,0.18470167,1.0
172,32,-0.059910137,0.16741967,-0.042893097,1.0
173,0,0.09608402,1.4052932,-0.127653,1.0
173,1,0.08984403,1.4364746,-0.13548395,1.0
173,2,0.09696015,1.4262192,-0.12005027,1.0
173,3,0.099738166,1.4437717,-0.104070306,1.0
173,4,0.09399744,1.4486427,-0.1619739,1.0
173,5,0.08643321,1.436196,-0.16683346,1.0
173,6,0.110929936,1.4476539,-0.1526878,1.0
173,7,0.003382565,1.455553,-0.06201292,1.0
173,8,0.0009780189,1.3982576,-0.18084453,1.0
173,9,0.07614149,1.4111758,-0.088071935,1.0
173,10,0.07747766,1.3814762,-0.16943285,1.0
173,11,0.002454172,1.3120794,0.10707183,1.0
173,12,-0.048588954,1.3476287,-0.13161975,1.0
173,13,0.0073612006,1.0853932,0.13684179,1.0
173,14,-0.03579189,1.058581,-0.24226199,1.0
173,15,0.051159088,0.90112555,0.15362011,1.0
173,16,-0.05709442,0.8493532,-0.28248614,1.0
173,17,0.056044657,0.8627589,0.1777378,1.0
173,18,-0.05801213,0.8201719,-0.32344663,1.0
173,19,0.062153872,0.8278812,0.16568156,1.0
173,20,-0.030157566,0.85333896,-0.33513016,1.0
173,21,0.07883024,0.84996104,0.14337356,1.0
173,22,-0.05900574,0.86837786,-0.29664394,1.0
173,23,0.01770151,0.84498435,0.106515974,1.0
173,24,-0.018061846,0.85534155,-0.12506692,1.0
173,25,0.0047939634,0.44339207,0.08439114,1.0
173,26,0.15382184,0.5856559,-0.098337345,1.0
173,27,-0.1230437,0.067665316,0.14869267,1.0
173,28,-0.08587491,0.2538726,-0.0018657211,1.0
173,29,-0.16413224,0.027768906,0.17497022,1.0
173,30,-0.122071475,0.2118535,-0.034261856,1.0
173,31,-0.060625453,-0.029279739,0.1847683,1.0
173,32,-0.0540742,0.17522863,-0.051480338,1.0
174,0,0.09911065,1.4165134,-0.09919868,1.0
174,1,0.0983621,1.4400895,-0.108387515,1.0
174,2,0.103849545,1.4320241,-0.09479088,1.0
174,3,0.10995349,1.4535606,-0.0746178,1.0
174,4,0.10154438,1.4529014,-0.13280834,1.0
174,5,0.0944362,1.4442356,-0.14164694,1.0
174,6,0.115442574,1.4545716,-0.12441252,1.0
174,7,0.011802748,1.4596285,-0.03669858,1.0
174,8,0.007544481,1.4037584,-0.15365563,1.0
174,9,0.0847607,1.4169517,-0.060582377,1.0
174,10,0.08613553,1.3905107,-0.14730382,1.0
174,11,0.010240719,1.3190506,0.13140304,1.0
174,12,-0.04283865,1.3604069,-0.09807439,1.0
174,13,-0.008503854,1.0882417,0.15500058,1.0
174,14,-0.04503923,1.0800836,-0.21463455,1.0
174,15,0.017415715,0.9109197,0.16287878,1.0
174,16,-0.11064471,0.8808714,-0.26919287,1.0
174,17,0.016285228,0.87242496,0.1840193,1.0
174,18,-0.12271484,0.86248004,-0.30816838,1.0
174,19,0.023934767,0.8416107,0.17811191,1.0
174,20,-0.10059306,0.891715,-0.3269013,1.0
174,21,0.042817652,0.8622158,0.15111998,1.0
174,22,-0.11640847,0.90083146,-0.28700295,1.0
174,23,0.015872946,0.8506369,0.10781731,1.0
174,24,-0.009068688,0.86722517,-0.12989816,1.0
174,25,0.0056468844,0.4496596,0.081413195,1.0
174,26,0.15489398,0.5989997,-0.09664116,1.0
174,27,-0.14022662,0.06767293,0.14544569,1.0
174,28,-0.068227045,0.26142418,-0.009959367,1.0
174,29,-0.1832417,0.029121837,0.17446052,1.0
174,30,-0.10278251,0.21758386,-0.045523763,1.0
174,31,-0.07469949,-0.03145642,0.18227376,1.0
174,32,-0.019219045,0.18496484,-0.07285172,1.0
175,0,0.104956,1.415786,-0.074383065,1.0
175,1,0.10679029,1.4354756,-0.084461,1.0
175,2,0.10881638,1.428818,-0.07306305,1.0
175,3,0.11848398,1.4513899,-0.051124528,1.0
175,4,0.10927867,1.4452636,-0.10903464,1.0
175,5,0.10474558,1.442184,-0.12147997,1.0
175,6,0.12125264,1.4498701,-0.10163392,1.0
175,7,0.013039348,1.4551667,-0.016621357,1.0
175,8,0.012710927,1.401583,-0.13778579,1.0
175,9,0.09158287,1.4139727,-0.03731852,1.0
175,10,0.095208205,1.3896433,-0.12698615,1.0
175,11,0.012297386,1.316746,0.14671065,1.0
175,12,-0.038476776,1.3638107,-0.08200723,1.0
175,13,-0.018683614,1.0874484,0.16576616,1.0
175,14,-0.06577036,1.0979327,-0.20560685,1.0
175,15,0.016400026,0.91275775,0.17026886,1.0
175,16,-0.145652,0.9039427,-0.26672453,1.0
175,17,0.017922986,0.87527114,0.1881161,1.0
175,18,-0.15990128,0.89035285,-0.30535653,1.0
175,19,0.026899729,0.84783477,0.1851489,1.0
175,20,-0.13614096,0.91762453,-0.32442808,1.0
175,21,0.041756578,0.8649923,0.15685484,1.0
175,22,-0.15056151,0.9204954,-0.28630492,1.0
175,23,0.013722215,0.84758174,0.107469246,1.0
175,24,-0.0012688208,0.86923426,-0.12888762,1.0
175,25,-0.0028561691,0.44574606,0.08344787,1.0
175,26,0.15443273,0.59030294,-0.09442588,1.0
175,27,-0.15357737,0.064079836,0.150191,1.0
175,28,-0.04270245,0.24146819,-0.012656496,1.0
175,29,-0.19712429,0.028606946,0.17939669,1.0
175,30,-0.07533613,0.19259083,-0.04735045,1.0
175,31,-0.089215256,-0.03248459,0.18476592,1.0
175,32,0.018700536,0.17011705,-0.08493266,1.0
176,0,0.11354188,1.4145267,-0.056242384,1.0
176,1,0.11635867,1.4282154,-0.06834428,1.0
176,2,0.11627649,1.4199048,-0.06047297,1.0
176,3,0.12912881,1.4431746,-0.040019043,1.0
176,4,0.11961036,1.4380476,-0.09486722,1.0
176,5,0.11529867,1.4373045,-0.10942651,1.0
176,6,0.130965,1.4451373,-0.08616007,1.0
176,7,0.021944705,1.4496776,-0.0016212808,1.0
176,8,0.020114714,1.3999106,-0.12609473,1.0
176,9,0.100481495,1.4065961,-0.022409204,1.0
176,10,0.10480044,1.3863349,-0.11345647,1.0
176,11,0.01742941,1.3108385,0.16152085,1.0
176,12,-0.02546764,1.3665416,-0.0685074,1.0
176,13,-0.015143486,1.0809615,0.18256299,1.0
176,14,-0.06295563,1.1047231,-0.19828147,1.0
176,15,0.027854018,0.9037141,0.18077935,1.0
176,16,-0.14394814,0.9132526,-0.27452633,1.0
176,17,0.036746323,0.86801374,0.19419286,1.0
176,18,-0.15469159,0.89732826,-0.31412527,1.0
176,19,0.04285253,0.8448065,0.19243425,1.0
176,20,-0.12961051,0.9261423,-0.33227584,1.0
176,21,0.05318491,0.8564121,0.1655069,1.0
176,22,-0.14819036,0.9243507,-0.2945737,1.0
176,23,0.012036661,0.84593064,0.108513445,1.0
176,24,0.002378888,0.87021804,-0.12693124,1.0
176,25,-0.0066495994,0.43694764,0.08383727,1.0
176,26,0.16718444,0.5713257,-0.08887251,1.0
176,27,-0.15659955,0.05781559,0.14498502,1.0
176,28,-0.001510581,0.21081306,-0.013831753,1.0
176,29,-0.19796449,0.023539819,0.1731698,1.0
176,30,-0.030668393,0.15765399,-0.046389274,1.0
176,31,-0.09186009,-0.029169802,0.17279968,1.0
176,32,0.075305276,0.15060753,-0.097229905,1.0
177,0,0.11037184,1.404795,-0.038278595,1.0
177,1,0.11714074,1.4041082,-0.05256007,1.0
177,2,0.121182814,1.408696,-0.042615555,1.0
177,3,0.1241496,1.4277947,-0.026571337,1.0
177,4,0.122185156,1.4259608,-0.081501044,1.0
177,5,0.120159425,1.4272726,-0.103058904,1.0
177,6,0.12984528,1.4395685,-0.057290822,1.0
177,7,0.02799052,1.4297935,-0.0017722785,1.0
177,8,0.033229373,1.3904308,-0.12082113,1.0
177,9,0.10538138,1.3879209,-0.011494802,1.0
177,10,0.11485206,1.380322,-0.09461458,1.0
177,11,0.015290523,1.2970634,0.16274644,1.0
177,12,-0.017504998,1.3575274,-0.05378925,1.0
177,13,-0.053207837,1.0737717,0.19401997,1.0
177,14,-0.06779394,1.0972474,-0.185886,1.0
177,15,-0.072171554,0.9275515,0.21047223,1.0
177,16,-0.15586993,0.91816235,-0.24850014,1.0
177,17,-0.07330591,0.910021,0.215992,1.0
177,18,-0.15318365,0.9024629,-0.28331697,1.0
177,19,-0.0641623,0.88725924,0.22089858,1.0
177,20,-0.14165036,0.9445399,-0.29739267,1.0
177,21,-0.043198295,0.9003815,0.18538338,1.0
177,22,-0.16546144,0.92973274,-0.2567287,1.0
177,23,0.0066410755,0.83308786,0.11406119,1.0
177,24,0.010799419,0.85036576,-0.13007194,1.0
177,25,-0.011492777,0.40898466,0.09474307,1.0
177,26,0.16050775,0.5529501,-0.07848569,1.0
177,27,-0.13977055,0.055587046,0.14402758,1.0
177,28,0.015970457,0.16339101,-0.007010796,1.0
177,29,-0.1835259,0.03177232,0.17255989,1.0
177,30,0.0036535943,0.09849886,-0.035128936,1.0
177,31,-0.08517895,-0.017653573,0.17072944,1.0
177,32,0.11829875,0.10833284,-0.10245494,1.0
178,0,0.12663795,1.4005892,-0.034266707,1.0
178,1,0.1299232,1.3945224,-0.053059544,1.0
178,2,0.1360501,1.3950505,-0.0476473,1.0
178,3,0.14170028,1.4147847,-0.03348102,1.0
178,4,0.13427031,1.4192393,-0.086157486,1.0
178,5,0.12973605,1.4142189,-0.10031192,1.0
178,6,0.14227942,1.4238026,-0.06304428,1.0
178,7,0.043698467,1.420753,0.0025061932,1.0
178,8,0.043404393,1.3817616,-0.120304435,1.0
178,9,0.120530546,1.3768182,-0.011669757,1.0
178,10,0.12098398,1.3675797,-0.094099075,1.0
178,11,0.029791959,1.2893043,0.16496386,1.0
178,12,-0.0055982335,1.353884,-0.05727678,1.0
178,13,-0.020691177,1.08409,0.20099272,1.0
178,14,-0.068901375,1.1050193,-0.20672688,1.0
178,15,-0.0052275276,0.91560256,0.20533186,1.0
178,16,-0.121429145,0.93297076,-0.3154773,1.0
178,17,0.011277966,0.88947064,0.21085493,1.0
178,18,-0.10894113,0.9107417,-0.3612812,1.0
178,19,0.01379491,0.8724173,0.20878784,1.0
178,20,-0.08009663,0.94636965,-0.37398505,1.0
178,21,0.023415182,0.8830624,0.18353562,1.0
178,22,-0.12247131,0.94036055,-0.32818553,1.0
178,23,0.009119113,0.8244909,0.11587879,1.0
178,24,0.0060913805,0.8439314,-0.12551823,1.0
178,25,0.00882702,0.40611404,0.10612548,1.0
178,26,0.17524934,0.53107834,-0.07731983,1.0
178,27,-0.11970171,0.0669866,0.15941462,1.0
178,28,0.057063866,0.1389165,-0.021379804,1.0
178,29,-0.1598833,0.034149386,0.18764989,1.0
178,30,0.046756115,0.08040521,-0.05296743,1.0
178,31,-0.063139714,-0.0098887,0.19041355,1.0
178,32,0.17484464,0.091326974,-0.12295949,1.0
179,0,0.12463536,1.4134077,-0.037179384,1.0
179,1,0.12983803,1.4069752,-0.051733326,1.0
179,2,0.13628127,1.4062821,-0.047791895,1.0
179,3,0.14251982,1.4213216,-0.037454158,1.0
179,4,0.13288493,1.4315553,-0.08968731,1.0
179,5,0.12890029,1.4249499,-0.1031396,1.0
179,6,0.14230812,1.4307348,-0.06655099,1.0
179,7,0.045398816,1.4269036,0.0054188715,1.0
179,8,0.044330876,1.3861756,-0.11895222,1.0
179,9,0.12472074,1.3871528,-0.014631703,1.0
179,10,0.11495177,1.3711877,-0.09227628,1.0
179,11,0.02901828,1.3020257,0.1577018,1.0
179,12,0.0032233903,1.366361,-0.062842034,1.0
179,13,-0.009718763,1.1310333,0.19900921,1.0
179,14,-0.066410266,1.1387888,-0.23339899,1.0
179,15,0.018102905,0.9506233,0.21618222,1.0
179,16,-0.10540129,0.9513762,-0.36208543,1.0
179,17,0.036949933,0.91506326,0.22509271,1.0
179,18,-0.096019484,0.92097694,-0.4122921,1.0
179,19,0.032612853,0.89434683,0.21745785,1.0
179,20,-0.0568988,0.9498978,-0.42201534,1.0
179,21,0.044483177,0.9123727,0.1957969,1.0
179,22,-0.10494212,0.95521766,-0.3737299,1.0
179,23,0.010315701,0.8193618,0.11546606,1.0
179,24,0.004018509,0.83185554,-0.12701863,1.0
179,25,0.022706563,0.42443275,0.10750483,1.0
179,26,0.16416633,0.506155,-0.07234026,1.0
179,27,-0.08579455,0.07845066,0.15441437,1.0
179,28,0.043052644,0.11204919,-0.029588522,1.0
179,29,-0.1204547,0.04326185,0.17942154,1.0
179,30,0.033765923,0.058006648,-0.06493093,1.0
179,31,-0.031787507,0.002510799,0.18445946,1.0
179,32,0.15652278,0.05763723,-0.13240586,1.0
180,0,0.12496815,1.4032187,-0.03573954,1.0
180,1,0.13066404,1.4016472,-0.05021085,1.0
180,2,0.13004544,1.401672,-0.04353114,1.0
180,3,0.13328132,1.4069698,-0.041734852,1.0
180,4,0.124891736,1.4204172,-0.089933,1.0
180,5,0.12802029,1.4204719,-0.10516114,1.0
180,6,0.13539454,1.4156672,-0.0691167,1.0
180,7,0.045980193,1.4193506,0.0056354185,1.0
180,8,0.042772595,1.3665535,-0.12289329,1.0
180,9,0.12555796,1.3809549,-0.016649285,1.0
180,10,0.114527814,1.357863,-0.084500805,1.0
180,11,0.026351854,1.295589,0.1534892,1.0
180,12,0.010726722,1.352066,-0.055203687,1.0
180,13,-0.021113435,1.1356821,0.20164296,1.0
180,14,-0.08006324,1.1097862,-0.22055978,1.0
180,15,0.029187901,0.98648304,0.2299699,1.0
180,16,-0.09315419,0.93215257,-0.32763886,1.0
180,17,0.053201135,0.9573427,0.23187654,1.0
180,18,-0.06991344,0.9006862,-0.37977454,1.0
180,19,0.051470634,0.9480018,0.21999596,1.0
180,20,-0.028596409,0.94235474,-0.38032755,1.0
180,21,0.05784277,0.9599523,0.21141253,1.0
180,22,-0.090973906,0.93483585,-0.33672738,1.0
180,23,0.009129237,0.7963165,0.11268525,1.0
180,24,0.0027986672,0.80793023,-0.12647195,1.0
180,25,0.10733513,0.44579536,0.08339198,1.0
180,26,0.15948908,0.48201656,-0.101012826,1.0
180,27,-0.03169734,0.10276584,0.07663755,1.0
180,28,0.024115438,0.091279395,-0.05698709,1.0
180,29,-0.06737646,0.07483281,0.08882765,1.0
180,30,0.016285634,0.039190378,-0.0941702,1.0
180,31,-0.0056326557,0.02970521,0.08225011,1.0
180,32,0.14185342,0.0206962,-0.1515378,1.0
181,0,0.1455725,1.4233307,-0.049360767,1.0
181,1,0.13993555,1.4280632,-0.061992314,1.0
181,2,0.14074293,1.4243306,-0.05729129,1.0
181,3,0.14330865,1.4294289,-0.055072222,1.0
181,4,0.13825914,1.4341316,-0.104743674,1.0
181,5,0.14400305,1.4434426,-0.11820856,1.0
181,6,0.14492542,1.4384028,-0.08591353,1.0
181,7,0.050890706,1.4345473,-0.0031896643,1.0
181,8,0.049622208,1.3763206,-0.13360839,1.0
181,9,0.13331029,1.4028851,-0.028943144,1.0
181,10,0.13389239,1.3749695,-0.09670992,1.0
181,11,0.025366537,1.2989582,0.1425644,1.0
181,12,0.023586016,1.3503375,-0.07166116,1.0
181,13,-0.020185018,1.1432748,0.1710139,1.0
181,14,-0.057553977,1.0971347,-0.18834595,1.0
181,15,0.029244624,0.9965204,0.17801508,1.0
181,16,-0.032067247,0.93544745,-0.22270225,1.0
181,17,0.055642325,0.9645811,0.17512295,1.0
181,18,0.0045868093,0.9029884,-0.27412438,1.0
181,19,0.048221275,0.96437365,0.16460195,1.0
181,20,0.0481404,0.94973755,-0.26649413,1.0
181,21,0.05786643,0.9672577,0.16329373,1.0
181,22,-0.022087872,0.9363997,-0.22880852,1.0
181,23,0.00877629,0.7955286,0.11051902,1.0
181,24,-0.0017857347,0.8103081,-0.12280255,1.0
181,25,0.14166325,0.43860504,0.08959227,1.0
181,26,0.16142832,0.4749236,-0.101046056,1.0
181,27,-0.008372007,0.101609305,0.08259764,1.0
181,28,0.027487021,0.08302884,-0.045473658,1.0
181,29,-0.045793995,0.070693694,0.095510036,1.0
181,30,0.015984083,0.03679493,-0.08179141,1.0
181,31,0.0034336909,0.030277384,0.09011584,1.0
181,32,0.14828646,0.020886473,-0.1347609,1.0
182,0,0.14587641,1.4304532,-0.028932078,1.0
182,1,0.14071137,1.4298505,-0.04638058,1.0
182,2,0.13614735,1.4269862,-0.03959549,1.0
182,3,0.14393431,1.4340506,-0.038188007,1.0
182,4,0.13986728,1.4376266,-0.08644591,1.0
182,5,0.14423268,1.4468331,-0.098935634,1.0
182,6,0.14380564,1.4439346,-0.06620782,1.0
182,7,0.05004543,1.4334427,0.0045159673,1.0
182,8,0.05588469,1.3781328,-0.1195636,1.0
182,9,0.12977888,1.4090853,-0.015446374,1.0
182,10,0.13276592,1.3841252,-0.08311914,1.0
182,11,0.02521132,1.2977726,0.14741138,1.0
182,12,0.038972713,1.349406,-0.06488897,1.0
182,13,-0.023624027,1.145985,0.16977647,1.0
182,14,-0.014989609,1.0933012,-0.18603653,1.0
182,15,0.040802076,0.9862563,0.15981191,1.0
182,16,0.0155139025,0.93142015,-0.2332983,1.0
182,17,0.073824525,0.95355606,0.14897633,1.0
182,18,0.054778136,0.89629984,-0.28496274,1.0
182,19,0.06637755,0.95457286,0.13648973,1.0
182,20,0.09639989,0.94333404,-0.27687812,1.0
182,21,0.06880391,0.958747,0.14154333,1.0
182,22,0.025914311,0.9268429,-0.23817176,1.0
182,23,0.008464746,0.7981642,0.110884935,1.0
182,24,-0.0003368836,0.8132929,-0.1256611,1.0
182,25,0.17894053,0.44365072,0.08723406,1.0
182,26,0.15441842,0.46834958,-0.09289774,1.0
182,27,0.01184367,0.09995849,0.098577544,1.0
182,28,0.037377965,0.07513117,-0.038716264,1.0
182,29,-0.025956715,0.067007154,0.11774127,1.0
182,30,0.02613258,0.030283764,-0.07507511,1.0
182,31,0.033700515,0.035837486,0.1100448,1.0
182,32,0.1667536,0.022842504,-0.13726059,1.0
183,0,0.14692564,1.4212368,-0.028924061,1.0
183,1,0.13889195,1.4225943,-0.037446987,1.0
183,2,0.13812172,1.4303006,-0.03000245,1.0
183,3,0.1430044,1.4273368,-0.034841582,1.0
183,4,0.14062734,1.4356977,-0.083068356,1.0
183,5,0.15091039,1.441322,-0.09978289,1.0
183,6,0.1448145,1.4301034,-0.06519024,1.0
183,7,0.046840966,1.4169258,0.0071323486,1.0
183,8,0.063267276,1.3741777,-0.122151546,1.0
183,9,0.13671836,1.4005201,-0.014441715,1.0
183,10,0.13218415,1.3732922,-0.07589519,1.0
183,11,0.019294951,1.2862533,0.14627571,1.0
183,12,0.044516347,1.3372428,-0.06741233,1.0
183,13,-0.0131479185,1.1703777,0.17180821,1.0
183,14,-0.0014780685,1.0684112,-0.1692837,1.0
183,15,0.099725984,1.1191617,0.16209023,1.0
183,16,0.039586946,0.8984729,-0.21650152,1.0
183,17,0.13773027,1.1082784,0.14791775,1.0
183,18,0.07642304,0.8772744,-0.26525515,1.0
183,19,0.14052874,1.1232985,0.13968216,1.0
183,20,0.12399799,0.9190567,-0.2651136,1.0
183,21,0.13030395,1.0964608,0.14366539,1.0
183,22,0.05359623,0.9053599,-0.22157732,1.0
183,23,0.0085063195,0.7910809,0.10699481,1.0
183,24,-0.003367249,0.80464846,-0.120169,1.0
183,25,0.1840384,0.44150662,0.08926219,1.0
183,26,0.13980407,0.4659096,-0.09682047,1.0
183,27,0.06554662,0.08173114,0.112464815,1.0
183,28,0.028783998,0.08107984,-0.04524121,1.0
183,29,0.025419759,0.049514458,0.12601869,1.0
183,30,0.018602554,0.0398558,-0.07768625,1.0
183,31,0.08660925,0.016455693,0.12988089,1.0
183,32,0.15060453,0.027733497,-0.1359716,1.0
184,0,0.14343825,1.4109105,-0.02547267,1.0
184,1,0.13695085,1.4110752,-0.03677964,1.0
184,2,0.13332729,1.4165787,-0.029731095,1.0
184,3,0.13900049,1.4165342,-0.032470636,1.0
184,4,0.13891989,1.4246118,-0.08015597,1.0
184,5,0.1452413,1.4291942,-0.09443242,1.0
184,6,0.14161702,1.4223155,-0.061854027,1.0
184,7,0.04388138,1.4089924,0.008036895,1.0
184,8,0.06113517,1.3633895,-0.11928125,1.0
184,9,0.13300504,1.3902665,-0.014298638,1.0
184,10,0.12904184,1.362986,-0.074451275,1.0
184,11,0.017924637,1.2788037,0.14689189,1.0
184,12,0.044441074,1.3239352,-0.06595298,1.0
184,13,-0.0110146515,1.1530288,0.16372593,1.0
184,14,0.0034764456,1.0463332,-0.16722697,1.0
184,15,0.096791655,1.0732313,0.14042863,1.0
184,16,0.03614046,0.87066966,-0.2182369,1.0
184,17,0.13487831,1.0578246,0.124158435,1.0
184,18,0.07438904,0.8436595,-0.26504198,1.0
184,19,0.13452019,1.0727395,0.11567585,1.0
184,20,0.11815339,0.88806844,-0.26595038,1.0
184,21,0.12537949,1.0502721,0.12280587,1.0
184,22,0.049334195,0.87493205,-0.22136599,1.0
184,23,0.008254929,0.7841611,0.108560145,1.0
184,24,-0.002490187,0.7972154,-0.120775655,1.0
184,25,0.19105339,0.43305942,0.092967704,1.0
184,26,0.13144843,0.45784697,-0.09704535,1.0
184,27,0.054089334,0.08662727,0.117271625,1.0
184,28,0.011088135,0.07408718,-0.040153492,1.0
184,29,0.016429614,0.05222925,0.13406903,1.0
184,30,-0.00040623266,0.032582827,-0.07400368,1.0
184,31,0.07692209,0.023282582,0.13875796,1.0
184,32,0.1343718,0.021798782,-0.13483417,1.0
185,0,0.1458042,1.4064735,-0.02743115,1.0
185,1,0.13228755,1.4125441,-0.04445439,1.0
185,2,0.12916069,1.4063573,-0.04068629,1.0
185,3,0.1383877,1.4179642,-0.038680702,1.0
185,4,0.14244078,1.415121,-0.0816156,1.0
185,5,0.14166576,1.4223883,-0.09378436,1.0
185,6,0.13948599,1.423784,-0.066691294,1.0
185,7,0.03686326,1.4168544,0.006314057,1.0
185,8,0.052717246,1.3624619,-0.11972466,1.0
185,9,0.12368752,1.3880095,-0.01639344,1.0
185,10,0.13262685,1.360187,-0.07923125,1.0
185,11,0.01573554,1.2673393,0.14821543,1.0
185,12,0.03984913,1.3247292,-0.07407236,1.0
185,13,-0.025044749,1.0699464,0.16647406,1.0
185,14,0.012204412,1.0315685,-0.15746541,1.0
185,15,0.071292095,0.8951477,0.15064836,1.0
185,16,0.026400805,0.862301,-0.1804493,1.0
185,17,0.111335956,0.8662305,0.14382513,1.0
185,18,0.06447531,0.8258491,-0.23129827,1.0
185,19,0.10808563,0.86977965,0.13264109,1.0
185,20,0.09428696,0.87084824,-0.22506249,1.0
185,21,0.098142944,0.8679684,0.13929325,1.0
185,22,0.04172884,0.8574722,-0.18665275,1.0
185,23,0.008592291,0.78948885,0.10786106,1.0
185,24,-0.0033100862,0.80566144,-0.120308846,1.0
185,25,0.19513609,0.43945897,0.09834884,1.0
185,26,0.11337754,0.45724875,-0.09382576,1.0
185,27,0.025688406,0.09682451,0.13659965,1.0
185,28,-0.010192701,0.0681341,-0.0029670491,1.0
185,29,-0.0105862,0.05770611,0.16216996,1.0
185,30,-0.02632058,0.02875641,-0.03411221,1.0
185,31,0.044481613,0.026721189,0.157913,1.0
185,32,0.11426706,0.023474865,-0.09878481,1.0
186,0,0.14016065,1.3971124,-0.042444117,1.0
186,1,0.12680343,1.4074914,-0.061216265,1.0
186,2,0.1237375,1.3951987,-0.056843176,1.0
186,3,0.1362906,1.4137121,-0.050833993,1.0
186,4,0.1358788,1.4108435,-0.09763981,1.0
186,5,0.1313719,1.4117175,-0.10835996,1.0
186,6,0.13616177,1.4201436,-0.08009221,1.0
186,7,0.028191462,1.4154181,-0.007241544,1.0
186,8,0.04521221,1.3617637,-0.13609494,1.0
186,9,0.11402862,1.3789008,-0.027330935,1.0
186,10,0.124699764,1.3562541,-0.09685659,1.0
186,11,0.0018809112,1.2647043,0.14149518,1.0
186,12,0.031402085,1.3191739,-0.08656762,1.0
186,13,-0.06182222,1.0466177,0.16583978,1.0
186,14,-0.0013789488,1.0251224,-0.16649646,1.0
186,15,0.0185565,0.84258527,0.16295953,1.0
186,16,0.014707055,0.8420546,-0.19515352,1.0
186,17,0.057877496,0.80955297,0.16737631,1.0
186,18,0.050287545,0.804073,-0.24954745,1.0
186,19,0.05935983,0.8007889,0.15825602,1.0
186,20,0.081995636,0.85051787,-0.244259,1.0
186,21,0.050070524,0.8086362,0.15595207,1.0
186,22,0.029969519,0.84151846,-0.20172682,1.0
186,23,0.009125317,0.79341376,0.10893695,1.0
186,24,-0.005259447,0.8092843,-0.12343782,1.0
186,25,0.19705047,0.43917555,0.103886314,1.0
186,26,0.09373103,0.4655269,-0.09064594,1.0
186,27,0.02797797,0.10579582,0.16516794,1.0
186,28,-0.030649953,0.07407318,0.011037076,1.0
186,29,-0.008531864,0.065374635,0.19620115,1.0
186,30,-0.049525294,0.03415785,-0.018856712,1.0
186,31,0.046312436,0.027595388,0.19799891,1.0
186,32,0.09336762,0.028872006,-0.07888541,1.0
187,0,0.13316847,1.3842707,-0.07293174,1.0
187,1,0.120584294,1.3942761,-0.09212048,1.0
187,2,0.11804829,1.3846601,-0.08509034,1.0
187,3,0.1289257,1.4022906,-0.078895256,1.0
187,4,0.12647505,1.400408,-0.129555,1.0
187,5,0.12282289,1.3993717,-0.13923943,1.0
187,6,0.13053274,1.4097271,-0.10805939,1.0
187,7,0.021127403,1.4067037,-0.03822214,1.0
187,8,0.039307874,1.3513672,-0.1694737,1.0
187,9,0.10722303,1.366854,-0.054207914,1.0
187,10,0.118761875,1.3452113,-0.12445108,1.0
187,11,-0.004452082,1.2623948,0.11841264,1.0
187,12,0.02282068,1.3069482,-0.110172905,1.0
187,13,-0.086651824,1.0404806,0.1468875,1.0
187,14,-0.022901937,1.014264,-0.18116362,1.0
187,15,-0.04748371,0.83839023,0.15256429,1.0
187,16,-0.020698914,0.8289183,-0.1987257,1.0
187,17,-0.015625766,0.8085831,0.15831071,1.0
187,18,0.012233305,0.7916576,-0.25168324,1.0
187,19,-0.015510965,0.79168373,0.1534326,1.0
187,20,0.037896395,0.8422416,-0.24810976,1.0
187,21,-0.012852015,0.80479074,0.14513938,1.0
187,22,-0.008301553,0.8329549,-0.20666096,1.0
187,23,0.008472834,0.7930064,0.114277735,1.0
187,24,-0.0023640003,0.8061763,-0.12748764,1.0
187,25,0.18778352,0.4356409,0.111554354,1.0
187,26,0.0749508,0.46394715,-0.08641098,1.0
187,27,0.023697738,0.11592456,0.1739356,1.0
187,28,-0.059562135,0.07573121,0.015071099,1.0
187,29,-0.012814557,0.081041805,0.20216176,1.0
187,30,-0.073244475,0.030690463,-0.013186667,1.0
187,31,0.04138883,0.040717512,0.20712224,1.0
187,32,0.0702679,0.027898587,-0.075391255,1.0
188,0,0.13153699,1.3815068,-0.10842283,1.0
188,1,0.12076937,1.3918749,-0.12377517,1.0
188,2,0.1157515,1.3890406,-0.1142109,1.0
188,3,0.122038744,1.3969073,-0.11187533,1.0
188,4,0.12010457,1.4003068,-0.16087742,1.0
188,5,0.12121589,1.4013878,-0.17269403,1.0
188,6,0.12688838,1.4060966,-0.14133483,1.0
188,7,0.022483611,1.4076427,-0.061893865,1.0
188,8,0.031770177,1.3471446,-0.19747731,1.0
188,9,0.107953474,1.3660381,-0.08259881,1.0
188,10,0.11699944,1.3409178,-0.1491808,1.0
188,11,0.0042026173,1.2657033,0.09936221,1.0
188,12,0.0035238145,1.303735,-0.12840801,1.0
188,13,-0.0705254,1.0543482,0.13673247,1.0
188,14,-0.048249796,0.99946046,-0.19667277,1.0
188,15,-0.041371252,0.8750658,0.14790042,1.0
188,16,-0.056422405,0.82056665,-0.20552556,1.0
188,17,-0.015110947,0.8495596,0.15033674,1.0
188,18,-0.023373105,0.78545725,-0.25611055,1.0
188,19,-0.017395731,0.836606,0.14703526,1.0
188,20,-0.004805524,0.8379193,-0.25321388,1.0
188,21,-0.008973918,0.8471815,0.13871242,1.0
188,22,-0.044764865,0.8238524,-0.21536493,1.0
188,23,0.014240651,0.794191,0.11545387,1.0
188,24,-0.008390995,0.8059521,-0.12817213,1.0
188,25,0.19364563,0.43823615,0.09240942,1.0
188,26,0.06775157,0.46769074,-0.1036065,1.0
188,27,0.02349161,0.11665832,0.13417152,1.0
188,28,-0.07154787,0.0762996,-0.013696883,1.0
188,29,-0.013840443,0.086695656,0.1536557,1.0
188,30,-0.08351797,0.031108553,-0.04253284,1.0
188,31,0.036195047,0.044927083,0.14809905,1.0
188,32,0.054253656,0.023164548,-0.116324134,1.0
189,0,0.13572146,1.3747116,-0.10739591,1.0
189,1,0.12015404,1.3832953,-0.10806662,1.0
189,2,0.11985503,1.4088296,-0.09252693,1.0
189,3,0.11423259,1.3918551,-0.09741324,1.0
189,4,0.11512762,1.4065211,-0.15084237,1.0
189,5,0.1275162,1.4084071,-0.16557772,1.0
189,6,0.12781543,1.393876,-0.1336006,1.0
189,7,0.022332793,1.4011801,-0.053987972,1.0
189,8,0.04035857,1.3384252,-0.1889657,1.0
189,9,0.116985865,1.3729318,-0.079030044,1.0
189,10,0.12165148,1.3352246,-0.12649198,1.0
189,11,0.017816477,1.283041,0.10192396,1.0
189,12,-0.013365004,1.2912177,-0.1206788,1.0
189,13,0.033785336,1.2402619,0.23788041,1.0
189,14,-0.05638668,0.9975466,-0.19509912,1.0
189,15,0.10594831,1.2404969,0.38479072,1.0
189,16,-0.07253495,0.81544715,-0.21576613,1.0
189,17,0.12620875,1.2502924,0.4055127,1.0
189,18,-0.04159469,0.80675673,-0.25881666,1.0
189,19,0.12370333,1.2513855,0.40861642,1.0
189,20,-0.023207303,0.8446372,-0.26829922,1.0
189,21,0.13614063,1.2233196,0.38196197,1.0
189,22,-0.054162793,0.83671814,-0.22466868,1.0
189,23,0.019210123,0.7799848,0.10772669,1.0
189,24,-0.017119125,0.79000586,-0.12205377,1.0
189,25,0.1840572,0.45096818,0.05540224,1.0
189,26,0.064008616,0.4619384,-0.10553501,1.0
189,27,0.031760305,0.09835386,0.106079824,1.0
189,28,-0.06219258,0.07422233,-0.03027811,1.0
189,29,-0.014920992,0.07341963,0.10103543,1.0
189,30,-0.07157021,0.02774296,-0.059867583,1.0
189,31,0.04001521,0.017662773,0.10391696,1.0
189,32,0.032080125,0.0072215274,-0.12157077,1.0
190,0,0.13352543,1.3788635,-0.12007099,1.0
190,1,0.12552045,1.385968,-0.12891269,1.0
190,2,0.12086481,1.4036437,-0.111156784,1.0
190,3,0.11887284,1.3932623,-0.117716275,1.0
190,4,0.11509144,1.4079111,-0.17026617,1.0
190,5,0.12935586,1.4132562,-0.19262394,1.0
190,6,0.12459213,1.3998896,-0.15189517,1.0
190,7,0.03136029,1.4053313,-0.07556932,1.0
190,8,0.034373187,1.3471925,-0.21277575,1.0
190,9,0.1191816,1.373621,-0.09511654,1.0
190,10,0.11895127,1.3488365,-0.1556129,1.0
190,11,0.016189262,1.2911725,0.08730693,1.0
190,12,-0.021293119,1.298494,-0.13592568,1.0
190,13,-0.038724154,1.1820743,0.15122357,1.0
190,14,-0.053386204,1.007841,-0.22429974,1.0
190,15,-0.05371484,1.1664708,0.20965223,1.0
190,16,-0.07706471,0.82822067,-0.25038335,1.0
190,17,-0.05640249,1.1771278,0.20882127,1.0
190,18,-0.04606196,0.81133956,-0.2891484,1.0
190,19,-0.050909135,1.1826397,0.20936424,1.0
190,20,-0.024364036,0.8680743,-0.29570654,1.0
190,21,-0.027736021,1.154306,0.1954158,1.0
190,22,-0.06809909,0.84487116,-0.2524824,1.0
190,23,0.024095323,0.7887547,0.1107755,1.0
190,24,-0.014238607,0.8027075,-0.12467166,1.0
190,25,0.1716724,0.4371552,0.075612925,1.0
190,26,0.04890578,0.4560839,-0.105287276,1.0
190,27,0.04183368,0.09009468,0.12386482,1.0
190,28,-0.09706789,0.07807119,-0.0255317,1.0
190,29,0.0013702307,0.069101535,0.12899272,1.0
190,30,-0.10140519,0.03014752,-0.05170479,1.0
190,31,0.07278881,0.023461392,0.11965904,1.0
190,32,0.011572282,0.020474024,-0.11629842,1.0
191,0,0.12991706,1.4037871,-0.115227304,1.0
191,1,0.12454693,1.4085335,-0.12313703,1.0
191,2,0.12006374,1.4224933,-0.10737034,1.0
191,3,0.11936549,1.4115695,-0.11133914,1.0
191,4,0.114739865,1.4285692,-0.16310824,1.0
191,5,0.12350993,1.4335728,-0.18394035,1.0
191,6,0.12346542,1.4209834,-0.14207318,1.0
191,7,0.032046884,1.4270506,-0.06635569,1.0
191,8,0.03236551,1.3675603,-0.20035571,1.0
191,9,0.11675081,1.3944846,-0.08905387,1.0
191,10,0.11546602,1.3666815,-0.15047422,1.0
191,11,0.013771813,1.3079783,0.089916125,1.0
191,12,-0.023107395,1.3180767,-0.12634891,1.0
191,13,-0.06792029,1.1722093,0.14504007,1.0
191,14,-0.052310444,1.02378,-0.22826117,1.0
191,15,-0.08566915,1.0893894,0.18597367,1.0
191,16,-0.07303475,0.8487871,-0.26141962,1.0
191,17,-0.08400216,1.0806508,0.18468562,1.0
191,18,-0.041207355,0.82645345,-0.30292198,1.0
191,19,-0.079483494,1.0774605,0.18268071,1.0
191,20,-0.023377966,0.883358,-0.30543545,1.0
191,21,-0.05910191,1.0708376,0.16788782,1.0
191,22,-0.06579119,0.8614204,-0.26285332,1.0
191,23,0.020416345,0.8012912,0.11052543,1.0
191,24,-0.011898406,0.8143019,-0.12568031,1.0
191,25,0.15122852,0.43905714,0.082393944,1.0
191,26,0.054400507,0.46402454,-0.09707662,1.0
191,27,0.052537467,0.09337231,0.12908675,1.0
191,28,-0.113222964,0.08626228,-0.023366896,1.0
191,29,0.017831856,0.0702915,0.1378227,1.0
191,30,-0.12070988,0.039102565,-0.051972654,1.0
191,31,0.09620122,0.0283434,0.12841038,1.0
191,32,-0.0020514773,0.03125026,-0.12051309,1.0
192,0,0.1338735,1.4109224,-0.11169863,1.0
192,1,0.12260006,1.4192542,-0.11722216,1.0
192,2,0.12269971,1.4340773,-0.10285708,1.0
192,3,0.12249056,1.4207904,-0.10691045,1.0
192,4,0.11487053,1.436227,-0.15749437,1.0
192,5,0.12441485,1.4419835,-0.17835312,1.0
192,6,0.12477005,1.4250623,-0.140095,1.0
192,7,0.028856345,1.433859,-0.058478646,1.0
192,8,0.03327119,1.3728783,-0.19452673,1.0
192,9,0.11767568,1.4041336,-0.085305244,1.0
192,10,0.11561578,1.369373,-0.14189339,1.0
192,11,0.008961892,1.3078977,0.09272185,1.0
192,12,-0.01929102,1.3256186,-0.121210545,1.0
192,13,-0.07411248,1.1624004,0.16833654,1.0
192,14,-0.037025347,1.0340916,-0.22551666,1.0
192,15,-0.09087245,1.0656337,0.24019966,1.0
192,16,-0.04205264,0.88301086,-0.25935102,1.0
192,17,-0.08737355,1.0489345,0.24731751,1.0
192,18,-0.007942735,0.87069166,-0.30793703,1.0
192,19,-0.08438283,1.0465229,0.246018,1.0
192,20,0.009323604,0.9245956,-0.3064235,1.0
192,21,-0.061614588,1.0423598,0.22803299,1.0
192,22,-0.034313332,0.89978576,-0.2627535,1.0
192,23,0.01897395,0.8040232,0.10614061,1.0
192,24,-0.01260297,0.812333,-0.12093212,1.0
192,25,0.16079868,0.45453265,0.079807475,1.0
192,26,0.035647158,0.462524,-0.09318217,1.0
192,27,0.08192519,0.09878278,0.1321511,1.0
192,28,-0.10924292,0.084519394,-0.009579303,1.0
192,29,0.045953505,0.07494523,0.13851969,1.0
192,30,-0.116717905,0.040635675,-0.036166355,1.0
192,31,0.1169387,0.026903173,0.13435866,1.0
192,32,-0.0032651322,0.028267287,-0.098836385,1.0
193,0,0.14104004,1.4086838,-0.11108919,1.0
193,1,0.12124643,1.4240583,-0.11332415,1.0
193,2,0.12432803,1.4395598,-0.10010736,1.0
193,3,0.12335693,1.4263817,-0.10203719,1.0
193,4,0.11936431,1.4356834,-0.15481378,1.0
193,5,0.12690936,1.4410151,-0.17187986,1.0
193,6,0.1261619,1.429207,-0.13876842,1.0
193,7,0.026026398,1.4346448,-0.052088797,1.0
193,8,0.033848073,1.3727798,-0.1867359,1.0
193,9,0.115284584,1.4064014,-0.08075807,1.0
193,10,0.1213283,1.3672192,-0.13498338,1.0
193,11,0.0017810361,1.299584,0.09468453,1.0
193,12,-0.018624526,1.3223944,-0.12244089,1.0
193,13,-0.08836407,1.1485708,0.14940245,1.0
193,14,-0.026596567,1.040275,-0.17532483,1.0
193,15,-0.100451924,1.0526278,0.20368169,1.0
193,16,-0.024254002,0.9105395,-0.1386999,1.0
193,17,-0.09062599,1.0370113,0.21343559,1.0
193,18,0.010103972,0.90065986,-0.18641457,1.0
193,19,-0.09167488,1.0342633,0.21330336,1.0
193,20,0.025669476,0.95023996,-0.1829235,1.0
193,21,-0.069813155,1.0234975,0.19618717,1.0
193,22,-0.01435199,0.9250995,-0.14306995,1.0
193,23,0.019218396,0.80812556,0.10770188,1.0
193,24,-0.018681936,0.81444764,-0.116656825,1.0
193,25,0.17075363,0.45468903,0.09059471,1.0
193,26,0.02358605,0.4647453,-0.099425144,1.0
193,27,0.09528532,0.09963368,0.15673152,1.0
193,28,-0.11430898,0.08210689,-0.01101992,1.0
193,29,0.061206155,0.06950242,0.1628326,1.0
193,30,-0.12302253,0.04121796,-0.03912353,1.0
193,31,0.12727652,0.02268649,0.16493659,1.0
193,32,-0.01252078,0.025984965,-0.09849524,1.0
194,0,0.14200833,1.4163405,-0.08572085,1.0
194,1,0.12347737,1.4287013,-0.090861246,1.0
194,2,0.124882445,1.4429883,-0.07904437,1.0
194,3,0.12575366,1.4325798,-0.07981206,1.0
194,4,0.12362089,1.4418945,-0.13100475,1.0
194,5,0.13101356,1.4468361,-0.14918661,1.0
194,6,0.1293736,1.4388075,-0.118952624,1.0
194,7,0.022726271,1.4393601,-0.03224523,1.0
194,8,0.035051696,1.3842614,-0.1673759,1.0
194,9,0.11444592,1.413636,-0.0597961,1.0
194,10,0.118900396,1.3760686,-0.11703043,1.0
194,11,-0.0064274333,1.3001574,0.11052044,1.0
194,12,-0.017073484,1.3367237,-0.11139651,1.0
194,13,-0.0952737,1.1458385,0.14682841,1.0
194,14,-0.01636758,1.0615734,-0.17599325,1.0
194,15,-0.06065794,1.0590706,0.16531162,1.0
194,16,0.0079796,0.9322577,-0.15761635,1.0
194,17,-0.039865635,1.0448393,0.16762514,1.0
194,18,0.043478154,0.91829354,-0.2074571,1.0
194,19,-0.034267835,1.0494324,0.16297717,1.0
194,20,0.06991014,0.9665739,-0.20276216,1.0
194,21,-0.027721992,1.02805,0.15384743,1.0
194,22,0.01738695,0.94001937,-0.16011277,1.0
194,23,0.019275786,0.81889516,0.10783099,1.0
194,24,-0.018112333,0.823391,-0.11330819,1.0
194,25,0.16911468,0.45314133,0.09608083,1.0
194,26,0.030908108,0.4672012,-0.09707991,1.0
194,27,0.12018741,0.08783464,0.1720621,1.0
194,28,-0.11665786,0.08514281,-0.01492166,1.0
194,29,0.089481816,0.053275533,0.1850416,1.0
194,30,-0.13009034,0.044450924,-0.044721957,1.0
194,31,0.16611394,0.014031032,0.18936378,1.0
194,32,-0.02154741,0.036897533,-0.10748024,1.0
195,0,0.14238855,1.427281,-0.06225507,1.0
195,1,0.122038156,1.4395443,-0.0670631,1.0
195,2,0.12599298,1.452178,-0.059851274,1.0
195,3,0.12636167,1.4434043,-0.06077121,1.0
195,4,0.1289379,1.4538633,-0.10843967,1.0
195,5,0.13200182,1.4544793,-0.12437971,1.0
195,6,0.13325489,1.4479122,-0.09666954,1.0
195,7,0.0224846,1.4445415,-0.013398882,1.0
195,8,0.03903562,1.3985579,-0.15005329,1.0
195,9,0.11643527,1.4202772,-0.039229736,1.0
195,10,0.11873952,1.3828386,-0.098049186,1.0
195,11,-0.010047794,1.2993573,0.12467012,1.0
195,12,-0.011030422,1.3498988,-0.102031395,1.0
195,13,-0.088446096,1.1300213,0.15588377,1.0
195,14,-0.0069651557,1.0817809,-0.17934316,1.0
195,15,0.019620763,1.0348165,0.15336457,1.0
195,16,0.047930043,0.9486959,-0.17665185,1.0
195,17,0.05298469,1.0191551,0.15528136,1.0
195,18,0.08740307,0.93128407,-0.23005593,1.0
195,19,0.06541683,1.0232753,0.14721972,1.0
195,20,0.12307979,0.97441393,-0.2252452,1.0
195,21,0.051038116,1.0036758,0.13969772,1.0
195,22,0.06297651,0.9528515,-0.179845,1.0
195,23,0.016653785,0.8264943,0.10398245,1.0
195,24,-0.018306628,0.83445364,-0.10812008,1.0
195,25,0.15972331,0.44546545,0.10365316,1.0
195,26,0.034131553,0.48637685,-0.09277675,1.0
195,27,0.1348697,0.075857796,0.16561912,1.0
195,28,-0.12114601,0.09596339,-0.012131364,1.0
195,29,0.104160964,0.035287257,0.18199934,1.0
195,30,-0.13761394,0.05914732,-0.044920016,1.0
195,31,0.18157013,0.0013097767,0.18573274,1.0
195,32,-0.036514122,0.0499006,-0.10897852,1.0
196,0,0.13716355,1.4339854,-0.04917761,1.0
196,1,0.115957856,1.4482453,-0.052651208,1.0
196,2,0.12348549,1.4595819,-0.046136335,1.0
196,3,0.12085483,1.453914,-0.046955176,1.0
196,4,0.12570336,1.4623734,-0.092983246,1.0
196,5,0.12966962,1.4646277,-0.10851497,1.0
196,6,0.12942235,1.456064,-0.08110153,1.0
196,7,0.022928901,1.4602389,0.002576039,1.0
196,8,0.034149934,1.4124686,-0.12869582,1.0
196,9,0.113652766,1.4333943,-0.02279018,1.0
196,10,0.11890388,1.3926467,-0.08359636,1.0
196,11,-0.011348138,1.3139976,0.13906756,1.0
196,12,-0.011907134,1.3668916,-0.08634472,1.0
196,13,-0.07433017,1.1381484,0.18608724,1.0
196,14,0.015562084,1.0941771,-0.15525912,1.0
196,15,0.036450338,0.9984477,0.21368055,1.0
196,16,0.07834712,0.9629986,-0.1360931,1.0
196,17,0.06718942,0.9733964,0.22112775,1.0
196,18,0.11587463,0.94364446,-0.18436348,1.0
196,19,0.077851206,0.96949863,0.21217415,1.0
196,20,0.1477609,0.9815582,-0.18028489,1.0
196,21,0.06829269,0.9617486,0.1997662,1.0
196,22,0.09279373,0.9672564,-0.13894805,1.0
196,23,0.013021689,0.8389868,0.09977737,1.0
196,24,-0.01716315,0.8507611,-0.10253149,1.0
196,25,0.12280913,0.44458964,0.096773505,1.0
196,26,0.049475327,0.49315122,-0.0831211,1.0
196,27,0.11112647,0.06874747,0.14424211,1.0
196,28,-0.14024298,0.11373701,-0.00946685,1.0
196,29,0.07999517,0.026678348,0.15896451,1.0
196,30,-0.16021954,0.074846156,-0.04197023,1.0
196,31,0.15208822,-0.011229871,0.16339104,1.0
196,32,-0.066273354,0.066627234,-0.099860735,1.0
197,0,0.13553515,1.4378144,-0.045984816,1.0
197,1,0.116214216,1.4511288,-0.047170766,1.0
197,2,0.12676589,1.4684396,-0.037677072,1.0
197,3,0.117967956,1.458573,-0.042492755,1.0
197,4,0.12774567,1.472148,-0.08586465,1.0
197,5,0.13758127,1.4777024,-0.10320309,1.0
197,6,0.13562822,1.4581702,-0.07732147,1.0
197,7,0.036092743,1.4643404,-0.0028319624,1.0
197,8,0.051116996,1.4177742,-0.12192271,1.0
197,9,0.1278075,1.4376794,-0.019646715,1.0
197,10,0.12607595,1.3967565,-0.06881398,1.0
197,11,-0.002946902,1.3197908,0.14299099,1.0
197,12,0.021720849,1.3705053,-0.07439464,1.0
197,13,-0.028457662,1.2106977,0.26450524,1.0
197,14,0.049179055,1.1065528,-0.13078263,1.0
197,15,0.09911386,1.1573659,0.4066993,1.0
197,16,0.11210701,0.96737635,-0.11146443,1.0
197,17,0.12355527,1.1528744,0.42871308,1.0
197,18,0.14409003,0.96033543,-0.15091407,1.0
197,19,0.14391793,1.1478521,0.4218993,1.0
197,20,0.17651792,0.9908058,-0.1531996,1.0
197,21,0.13916582,1.1219685,0.39510208,1.0
197,22,0.12440701,0.9848943,-0.1115473,1.0
197,23,0.0047102263,0.83366233,0.09917316,1.0
197,24,-0.011021951,0.8491965,-0.099512406,1.0
197,25,0.09756098,0.4464829,0.09320655,1.0
197,26,0.061127625,0.49355665,-0.07757244,1.0
197,27,0.11094665,0.05386901,0.13410488,1.0
197,28,-0.12896228,0.12947543,-0.009166799,1.0
197,29,0.073344864,0.019407319,0.1391002,1.0
197,30,-0.14355624,0.082546875,-0.036881875,1.0
197,31,0.14758529,-0.021207184,0.15004058,1.0
197,32,-0.06421523,0.06992244,-0.07918829,1.0
198,0,0.1445759,1.436764,-0.048994794,1.0
198,1,0.120154485,1.449481,-0.049199127,1.0
198,2,0.1311369,1.4603883,-0.041584097,1.0
198,3,0.12889831,1.4552089,-0.04427672,1.0
198,4,0.1378857,1.4628868,-0.0846309,1.0
198,5,0.14403644,1.4740125,-0.1022555,1.0
198,6,0.14140365,1.4589795,-0.079610534,1.0
198,7,0.044708803,1.4618119,-0.00023510796,1.0
198,8,0.059488647,1.413817,-0.11478091,1.0
198,9,0.13553391,1.4368532,-0.021554701,1.0
198,10,0.13201272,1.3892771,-0.071497016,1.0
198,11,0.008132732,1.3254076,0.15463224,1.0
198,12,0.044316974,1.3649132,-0.07662734,1.0
198,13,0.006421334,1.1894062,0.2430184,1.0
198,14,0.09266457,1.1029155,-0.123405576,1.0
198,15,0.122381836,1.0609934,0.30455512,1.0
198,16,0.14386402,0.97183263,-0.09740787,1.0
198,17,0.14239235,1.0341759,0.3081797,1.0
198,18,0.17133024,0.9586647,-0.12978236,1.0
198,19,0.14427656,1.0305878,0.29506955,1.0
198,20,0.1985405,0.989531,-0.13556632,1.0
198,21,0.1497051,1.0169517,0.28620943,1.0
198,22,0.15388203,0.98248535,-0.093386605,1.0
198,23,0.00078847166,0.8301881,0.10283923,1.0
198,24,-0.00079785846,0.847368,-0.103206314,1.0
198,25,0.06749965,0.429821,0.10072111,1.0
198,26,0.0975851,0.4777964,-0.06505035,1.0
198,27,0.06195842,0.04431516,0.13315359,1.0
198,28,-0.116554394,0.12201421,-0.0044671865,1.0
198,29,0.03436052,0.0048735864,0.14445625,1.0
198,30,-0.13327427,0.08184144,-0.033579897,1.0
198,31,0.117125586,-0.019027429,0.15911259,1.0
198,32,-0.03566808,0.069335096,-0.07338961,1.0
199,0,0.14606774,1.429754,-0.047842734,1.0
199,1,0.11896105,1.4451426,-0.049441814,1.0
199,2,0.12976974,1.4505353,-0.043871585,1.0
199,3,0.13123952,1.4497132,-0.0446164,1.0
199,4,0.1422097,1.4509571,-0.08383358,1.0
199,5,0.14514361,1.4651833,-0.10303604,1.0
199,6,0.14274333,1.45377,-0.0793524,1.0
199,7,0.04231657,1.4538062,-0.00090358965,1.0
199,8,0.060732193,1.4031738,-0.1159245,1.0
199,9,0.13171375,1.4289489,-0.022217244,1.0
199,10,0.13792779,1.3824031,-0.073151186,1.0
199,11,0.0011727763,1.3118033,0.15028158,1.0
199,12,0.054475565,1.355121,-0.07799134,1.0
199,13,0.0013272688,1.1600702,0.2289549,1.0
199,14,0.10115637,1.0920548,-0.120287225,1.0
199,15,0.12015786,1.0172452,0.28231928,1.0
199,16,0.14888918,0.9717465,-0.084481865,1.0
199,17,0.14364573,0.99042434,0.29004395,1.0
199,18,0.17919898,0.9596228,-0.11956012,1.0
199,19,0.14304918,0.98531836,0.2791567,1.0
199,20,0.20190822,0.99218506,-0.119087785,1.0
199,21,0.14617115,0.9716359,0.26762053,1.0
199,22,0.16098851,0.98075825,-0.07992413,1.0
199,23,-0.0031619035,0.82460463,0.103373945,1.0
199,24,0.0063834474,0.8420343,-0.1038845,1.0
199,25,0.057899557,0.42151976,0.12490817,1.0
199,26,0.113635086,0.47069627,-0.06619984,1.0
199,27,0.035103127,0.045862984,0.16663368,1.0
199,28,-0.079675,0.11352347,0.0055159885,1.0
199,29,0.005417888,0.0073052626,0.18196794,1.0
199,30,-0.09876187,0.07743092,-0.020433014,1.0
199,31,0.078732915,-0.018024182,0.19632755,1.0
199,32,0.0060874103,0.06697702,-0.05947271,1.0
200,0,0.13856137,1.4272015,-0.06738501,1.0
200,1,0.114552766,1.4434897,-0.0672458,1.0
200,2,0.12429538,1.4484977,-0.06176644,1.0
200,3,0.124816485,1.4473611,-0.061444595,1.0
200,4,0.13449712,1.4494313,-0.10009811,1.0
200,5,0.13477442,1.4621272,-0.120584846,1.0
200,6,0.13464259,1.454146,-0.09657244,1.0
200,7,0.04406307,1.4547442,-0.008274743,1.0
200,8,0.049571283,1.4033731,-0.12345484,1.0
200,9,0.12686938,1.42652,-0.037885793,1.0
200,10,0.13073024,1.3820587,-0.08914303,1.0
200,11,0.0019505639,1.3109531,0.14542413,1.0
200,12,0.041973453,1.353722,-0.081262715,1.0
200,13,-0.005884936,1.1485783,0.22512622,1.0
200,14,0.08550484,1.0911539,-0.12864794,1.0
200,15,0.1140042,0.9848961,0.2743801,1.0
200,16,0.13418204,0.96571267,-0.10517346,1.0
200,17,0.13731624,0.95481664,0.28376102,1.0
200,18,0.16512714,0.95319563,-0.14605592,1.0
200,19,0.1362264,0.94562566,0.27307692,1.0
200,20,0.19116758,0.98526984,-0.14441845,1.0
200,21,0.13825634,0.93856716,0.2599664,1.0
200,22,0.14928369,0.97674155,-0.103560746,1.0
200,23,0.001046089,0.8232982,0.1042705,1.0
200,24,0.0031685843,0.8422916,-0.10249565,1.0
200,25,0.048788168,0.4161302,0.1334559,1.0
200,26,0.107957296,0.47385818,-0.06927878,1.0
200,27,0.010941563,0.049350057,0.18504146,1.0
200,28,-0.07816766,0.1094149,0.0046103965,1.0
200,29,-0.020568866,0.009230477,0.20052792,1.0
200,30,-0.09645937,0.074442714,-0.022992007,1.0
200,31,0.047101524,-0.01683894,0.21276616,1.0
200,32,0.0076549603,0.06624254,-0.06539735,1.0
201,0,0.108691044,1.4350731,-0.12133575,1.0
201,1,0.09178224,1.4549309,-0.11345208,1.0
201,2,0.10461169,1.4561803,-0.110615805,1.0
201,3,0.10137083,1.4552166,-0.10721277,1.0
201,4,0.10348116,1.4618158,-0.14542307,1.0
201,5,0.10195863,1.4706873,-0.16706061,1.0
201,6,0.10340171,1.4614882,-0.13982348,1.0
201,7,0.051214263,1.4694889,-0.027155926,1.0
201,8,0.0144622605,1.4181974,-0.13586473,1.0
201,9,0.112040766,1.433445,-0.075781554,1.0
201,10,0.101944745,1.3917863,-0.12971874,1.0
201,11,0.0054308735,1.3160168,0.14397638,1.0
201,12,0.011047235,1.3605748,-0.07883834,1.0
201,13,-0.03352598,1.140154,0.22541155,1.0
201,14,0.039090283,1.1013936,-0.1354445,1.0
201,15,0.103481404,0.9730567,0.26336697,1.0
201,16,0.10945064,0.9711149,-0.13796553,1.0
201,17,0.12538084,0.93973356,0.27642664,1.0
201,18,0.14098299,0.96030813,-0.18669085,1.0
201,19,0.13848689,0.9238339,0.26035553,1.0
201,20,0.17774296,0.990685,-0.18626045,1.0
201,21,0.1345786,0.92334276,0.24871378,1.0
201,22,0.12362968,0.9873664,-0.1372037,1.0
201,23,0.009711452,0.8278401,0.10335781,1.0
201,24,-0.006724635,0.8488408,-0.100519046,1.0
201,25,0.01920103,0.4127859,0.14069086,1.0
201,26,0.108669415,0.48148832,-0.08444904,1.0
201,27,0.0027960443,0.054041035,0.18192855,1.0
201,28,-0.088455945,0.116326936,-0.03460696,1.0
201,29,-0.028822117,0.010534577,0.19752592,1.0
201,30,-0.10232345,0.085788235,-0.0640291,1.0
201,31,0.034466084,-0.01300538,0.20810023,1.0
201,32,0.0006694747,0.07618669,-0.10209896,1.0
202,0,0.092714146,1.4322754,-0.15681583,1.0
202,1,0.07969338,1.4525889,-0.14322273,1.0
202,2,0.09738596,1.4564426,-0.13971189,1.0
202,3,0.09015666,1.4534501,-0.13673493,1.0
202,4,0.08553667,1.4658775,-0.17442723,1.0
202,5,0.08719258,1.4720024,-0.19957247,1.0
202,6,0.08741276,1.4597881,-0.1685339,1.0
202,7,0.05474648,1.469079,-0.044155374,1.0
202,8,-0.0032602407,1.4185959,-0.1490726,1.0
202,9,0.10723173,1.4303747,-0.1031469,1.0
202,10,0.08361213,1.3889991,-0.15626733,1.0
202,11,0.013503516,1.3107405,0.14220153,1.0
202,12,-0.010047865,1.3597351,-0.08242615,1.0
202,13,-0.04305307,1.1301793,0.22340468,1.0
202,14,-0.0058170063,1.1018963,-0.14523177,1.0
202,15,0.07991562,0.9762531,0.25083914,1.0
202,16,0.046379264,0.9632071,-0.16640264,1.0
202,17,0.09441102,0.94426394,0.2597006,1.0
202,18,0.07165776,0.9551262,-0.21769091,1.0
202,19,0.11202301,0.9300275,0.24130958,1.0
202,20,0.11149663,0.9831752,-0.2223544,1.0
202,21,0.111960575,0.92957354,0.23201704,1.0
202,22,0.05696667,0.9822884,-0.16974717,1.0
202,23,0.01407598,0.8213996,0.10623886,1.0
202,24,-0.011992978,0.83979183,-0.103963874,1.0
202,25,0.006910569,0.40504506,0.13745204,1.0
202,26,0.11901603,0.4809916,-0.08717466,1.0
202,27,-0.0012135613,0.052051127,0.1795433,1.0
202,28,-0.09294703,0.1234951,-0.044190314,1.0
202,29,-0.03206174,0.01060264,0.19308479,1.0
202,30,-0.10256689,0.09228692,-0.07379124,1.0
202,31,0.035928097,-0.013359543,0.20149688,1.0
202,32,0.003510925,0.08005659,-0.11170328,1.0
203,0,0.07616613,1.426595,-0.20197365,1.0
203,1,0.064547315,1.448522,-0.18655586,1.0
203,2,0.08614567,1.4539878,-0.17905088,1.0
203,3,0.07499514,1.4497083,-0.17816909,1.0
203,4,0.06607879,1.4656639,-0.214004,1.0
203,5,0.07173546,1.4681939,-0.24342601,1.0
203,6,0.07024183,1.4555861,-0.20916656,1.0
203,7,0.050521344,1.4648954,-0.07859577,1.0
203,8,-0.022215126,1.4124929,-0.17883067,1.0
203,9,0.09609514,1.4250207,-0.14404589,1.0
203,10,0.06420643,1.383633,-0.19711791,1.0
203,11,0.016692145,1.3036863,0.11533387,1.0
203,12,-0.029640928,1.3512645,-0.101304226,1.0
203,13,-0.04510393,1.1141584,0.1799199,1.0
203,14,-0.039837822,1.0808513,-0.17475282,1.0
203,15,0.045758136,0.9634714,0.19065693,1.0
203,16,-0.0019890964,0.9435013,-0.20846641,1.0
203,17,0.052123215,0.9283435,0.19490679,1.0
203,18,0.019308483,0.9368296,-0.2613627,1.0
203,19,0.06639777,0.91684324,0.17687142,1.0
203,20,0.058488064,0.96567994,-0.26879954,1.0
203,21,0.07606238,0.9166291,0.1698355,1.0
203,22,0.003632563,0.96415395,-0.21424362,1.0
203,23,0.015500275,0.81732875,0.10645056,1.0
203,24,-0.01425272,0.82964087,-0.10367541,1.0
203,25,-0.007995549,0.3951107,0.13030052,1.0
203,26,0.13978922,0.48495302,-0.092043154,1.0
203,27,-0.009843002,0.04805848,0.16210821,1.0
203,28,-0.094649024,0.1492054,-0.046708062,1.0
203,29,-0.04137516,0.010934417,0.17496447,1.0
203,30,-0.10439588,0.11836615,-0.07519062,1.0
203,31,0.030710828,-0.0155150145,0.18125908,1.0
203,32,-0.00081338454,0.10314592,-0.10860094,1.0
204,0,0.05940915,1.427448,-0.21970157,1.0
204,1,0.048230294,1.4494857,-0.20480038,1.0
204,2,0.070791624,1.454542,-0.1969715,1.0
204,3,0.059571765,1.4520981,-0.19536299,1.0
204,4,0.048050337,1.4670463,-0.22964278,1.0
204,5,0.05467599,1.4664781,-0.2591256,1.0
204,6,0.05380048,1.4559402,-0.22532856,1.0
204,7,0.042736657,1.4659802,-0.09198301,1.0
204,8,-0.039499536,1.4079515,-0.18747354,1.0
204,9,0.080823965,1.4251152,-0.1622541,1.0
204,10,0.04626132,1.3833936,-0.215545,1.0
204,11,0.021981385,1.3045413,0.09970474,1.0
204,12,-0.051290564,1.3437942,-0.10428915,1.0
204,13,-0.024066107,1.1042717,0.14928822,1.0
204,14,-0.06965092,1.0586978,-0.18281384,1.0
204,15,0.043685228,0.9518421,0.14079086,1.0
204,16,-0.047730073,0.93040097,-0.2278113,1.0
204,17,0.043664,0.9141232,0.14408748,1.0
204,18,-0.028151337,0.9243729,-0.28009623,1.0
204,19,0.051152304,0.9056764,0.12529767,1.0
204,20,0.008006979,0.95583856,-0.29063255,1.0
204,21,0.06807121,0.90725535,0.12198325,1.0
204,22,-0.04352991,0.949871,-0.23722783,1.0
204,23,0.019716505,0.8177831,0.104924515,1.0
204,24,-0.018882366,0.82921743,-0.10369274,1.0
204,25,-0.01693133,0.3947397,0.13044228,1.0
204,26,0.15893163,0.49034366,-0.10204579,1.0
204,27,-0.028546557,0.05249594,0.17168184,1.0
204,28,-0.09615893,0.17371522,-0.044361692,1.0
204,29,-0.05969245,0.015204674,0.18736991,1.0
204,30,-0.10870666,0.14479023,-0.0712746,1.0
204,31,0.014058474,-0.01687695,0.19129062,1.0
204,32,-0.006663439,0.12111042,-0.10016119,1.0
205,0,0.04928632,1.4247732,-0.22564621,1.0
205,1,0.038640782,1.4456263,-0.21171544,1.0
205,2,0.06081672,1.4489878,-0.20408012,1.0
205,3,0.05088848,1.4496458,-0.20013238,1.0
205,4,0.036114197,1.4632021,-0.23370042,1.0
205,5,0.04194654,1.4602586,-0.26287636,1.0
205,6,0.043451108,1.4528143,-0.23226808,1.0
205,7,0.03531315,1.4618737,-0.09253931,1.0
205,8,-0.053526193,1.3992152,-0.1882696,1.0
205,9,0.06733095,1.4219965,-0.1686612,1.0
205,10,0.033554688,1.3779949,-0.22296862,1.0
205,11,0.0273129,1.2983127,0.095639914,1.0
205,12,-0.07778696,1.3370003,-0.103364475,1.0
205,13,0.011875669,1.0824839,0.14652228,1.0
205,14,-0.088710934,1.04531,-0.19002187,1.0
205,15,0.053931434,0.9069284,0.14214852,1.0
205,16,-0.08143784,0.915963,-0.24259809,1.0
205,17,0.04736176,0.86088777,0.15191486,1.0
205,18,-0.06613482,0.904906,-0.29497626,1.0
205,19,0.045869716,0.85259485,0.13264784,1.0
205,20,-0.033726227,0.9362465,-0.305912,1.0
205,21,0.0718774,0.86235255,0.12915999,1.0
205,22,-0.0782093,0.9294295,-0.25492254,1.0
205,23,0.025165394,0.8142962,0.10399586,1.0
205,24,-0.024999429,0.82318765,-0.10485358,1.0
205,25,-0.015134528,0.3937384,0.12757307,1.0
205,26,0.16548625,0.49562123,-0.10998735,1.0
205,27,-0.033262465,0.054653678,0.17491125,1.0
205,28,-0.09788402,0.18143958,-0.041961286,1.0
205,29,-0.062274165,0.016843894,0.19298576,1.0
205,30,-0.11691257,0.15592468,-0.06955363,1.0
205,31,0.0134809995,-0.017598737,0.19239819,1.0
205,32,-0.02051681,0.12655026,-0.09842198,1.0
206,0,0.047846586,1.4259759,-0.20900066,1.0
206,1,0.041271154,1.4491452,-0.19504943,1.0
206,2,0.061355613,1.4530382,-0.1848132,1.0
206,3,0.050989423,1.4547762,-0.17867646,1.0
206,4,0.0359129,1.4666986,-0.21632324,1.0
206,5,0.04119225,1.4594074,-0.24311393,1.0
206,6,0.046151772,1.457637,-0.21168287,1.0
206,7,0.03141457,1.4638574,-0.08127805,1.0
206,8,-0.050247356,1.4042538,-0.17142491,1.0
206,9,0.06581853,1.4268013,-0.15336476,1.0
206,10,0.031902228,1.3850706,-0.20887552,1.0
206,11,0.035516378,1.2997726,0.09820253,1.0
206,12,-0.077668294,1.3444355,-0.094707794,1.0
206,13,0.019665549,1.0791876,0.15269132,1.0
206,14,-0.081522085,1.0525763,-0.22740674,1.0
206,15,0.058834463,0.8965759,0.15429619,1.0
206,16,-0.10000186,0.9173577,-0.33570665,1.0
206,17,0.048883542,0.84957874,0.16632222,1.0
206,18,-0.09559373,0.90444916,-0.39619744,1.0
206,19,0.05054233,0.8370726,0.14647563,1.0
206,20,-0.06297141,0.93560493,-0.40738747,1.0
206,21,0.07424964,0.85478354,0.14172718,1.0
206,22,-0.09879644,0.9303823,-0.35041228,1.0
206,23,0.028736956,0.817936,0.10003832,1.0
206,24,-0.0259353,0.8258443,-0.105368756,1.0
206,25,-0.021133425,0.40525582,0.09584055,1.0
206,26,0.1605528,0.5096024,-0.111366846,1.0
206,27,-0.037239563,0.053890478,0.14291531,1.0
206,28,-0.093551226,0.1943037,-0.034867425,1.0
206,29,-0.06771831,0.016877381,0.16114987,1.0
206,30,-0.114076875,0.1678842,-0.063637115,1.0
206,31,0.015445456,-0.019847458,0.15912972,1.0
206,32,-0.024781067,0.1353699,-0.09482322,1.0
207,0,0.047381878,1.4468651,-0.20271969,1.0
207,1,0.044185285,1.4732199,-0.18939818,1.0
207,2,0.06351695,1.4761063,-0.1783764,1.0
207,3,0.053682946,1.4791278,-0.17127708,1.0
207,4,0.03423856,1.4892713,-0.21175069,1.0
207,5,0.04034919,1.4804422,-0.23544596,1.0
207,6,0.048631012,1.4805107,-0.20601769,1.0
207,7,0.035501923,1.4845673,-0.07314089,1.0
207,8,-0.05025478,1.4242977,-0.15839095,1.0
207,9,0.06537134,1.4500275,-0.14696857,1.0
207,10,0.03267956,1.4084936,-0.20431152,1.0
207,11,0.047176372,1.315164,0.1005891,1.0
207,12,-0.07821137,1.3703741,-0.08246737,1.0
207,13,0.030538589,1.0809658,0.15011553,1.0
207,14,-0.08363759,1.0724627,-0.22610587,1.0
207,15,0.062378883,0.89858234,0.15010142,1.0
207,16,-0.11009017,0.93848085,-0.35518867,1.0
207,17,0.05328554,0.8511837,0.16189235,1.0
207,18,-0.11150748,0.9233345,-0.41741744,1.0
207,19,0.052517813,0.8413043,0.14275005,1.0
207,20,-0.075641304,0.9551996,-0.42994797,1.0
207,21,0.077618666,0.8591086,0.1372285,1.0
207,22,-0.10881018,0.95126754,-0.37356946,1.0
207,23,0.032909825,0.83704376,0.09716417,1.0
207,24,-0.031629417,0.84574205,-0.105167195,1.0
207,25,-0.011396911,0.4286458,0.07402508,1.0
207,26,0.17121768,0.53971666,-0.11182028,1.0
207,27,-0.047978252,0.06145133,0.119329534,1.0
207,28,-0.07468821,0.21740077,-0.017549032,1.0
207,29,-0.080795825,0.023979181,0.13598597,1.0
207,30,-0.095791884,0.18967569,-0.047955573,1.0
207,31,-0.0034803795,-0.023070803,0.12680262,1.0
207,32,-0.008437869,0.14630428,-0.082202606,1.0
208,0,0.048835218,1.453032,-0.19812457,1.0
208,1,0.04685254,1.4797341,-0.18294406,1.0
208,2,0.06460574,1.4843447,-0.17264873,1.0
208,3,0.05389829,1.4848135,-0.16639812,1.0
208,4,0.033030298,1.494192,-0.20581801,1.0
208,5,0.04042091,1.488361,-0.23031768,1.0
208,6,0.046766814,1.4852438,-0.19837794,1.0
208,7,0.040456828,1.489134,-0.06399744,1.0
208,8,-0.049327325,1.4280478,-0.14686461,1.0
208,9,0.0684434,1.4564725,-0.14216393,1.0
208,10,0.035256527,1.4138945,-0.19598252,1.0
208,11,0.06235947,1.317619,0.10277633,1.0
208,12,-0.07993114,1.3777943,-0.06762358,1.0
208,13,0.04439217,1.0890851,0.1502048,1.0
208,14,-0.095006,1.0847266,-0.22198048,1.0
208,15,0.06647274,0.9037279,0.15261698,1.0
208,16,-0.12126154,0.965454,-0.36516178,1.0
208,17,0.056456804,0.85706073,0.16138498,1.0
208,18,-0.12016759,0.9537001,-0.43063515,1.0
208,19,0.053119462,0.85190004,0.14594238,1.0
208,20,-0.08480787,0.9848523,-0.43932244,1.0
208,21,0.07932915,0.86698246,0.14100887,1.0
208,22,-0.118817866,0.97648174,-0.38371825,1.0
208,23,0.033820774,0.8425976,0.094236255,1.0
208,24,-0.034946803,0.85339135,-0.10239743,1.0
208,25,-0.0042231646,0.43285322,0.06608153,1.0
208,26,0.17423706,0.5490073,-0.11757655,1.0
208,27,-0.054810762,0.064909846,0.12406223,1.0
208,28,-0.047307346,0.2169029,-0.0124401925,1.0
208,29,-0.08822074,0.027204057,0.14146176,1.0
208,30,-0.06378496,0.18870503,-0.041948922,1.0
208,31,-0.010920598,-0.021935757,0.12779975,1.0
208,32,0.027930867,0.14389727,-0.083570145,1.0
209,0,0.048297238,1.4555148,-0.19490087,1.0
209,1,0.04758942,1.4837968,-0.17777504,1.0
209,2,0.06509522,1.4894055,-0.16569446,1.0
209,3,0.05357074,1.4880532,-0.16017696,1.0
209,4,0.0330218,1.4967297,-0.19771959,1.0
209,5,0.039995857,1.4941764,-0.22626093,1.0
209,6,0.044553157,1.4921141,-0.19258599,1.0
209,7,0.042957284,1.4897059,-0.054678917,1.0
209,8,-0.049558032,1.4320928,-0.13862872,1.0
209,9,0.0705607,1.4585752,-0.13859472,1.0
209,10,0.03600438,1.4170734,-0.18883629,1.0
209,11,0.06393848,1.314825,0.115816,1.0
209,12,-0.07810654,1.3874893,-0.06660814,1.0
209,13,0.04109644,1.0980371,0.17878853,1.0
209,14,-0.08862689,1.1142411,-0.23554917,1.0
209,15,0.067061715,0.9162073,0.19471745,1.0
209,16,-0.11575578,0.9990964,-0.39265135,1.0
209,17,0.059835315,0.87006027,0.2040978,1.0
209,18,-0.11739374,0.98976856,-0.46270993,1.0
209,19,0.059741046,0.8630388,0.18983819,1.0
209,20,-0.082031295,1.0179356,-0.46984592,1.0
209,21,0.084094785,0.87638605,0.18218584,1.0
209,22,-0.113900945,1.0106723,-0.4088201,1.0
209,23,0.03417503,0.8455323,0.098233745,1.0
209,24,-0.033111446,0.8562816,-0.10751676,1.0
209,25,-0.0064948443,0.43826574,0.06971016,1.0
209,26,0.16501918,0.55474085,-0.115756236,1.0
209,27,-0.067403264,0.06453926,0.12801015,1.0
209,28,-0.027888874,0.21392184,-0.018696005,1.0
209,29,-0.10270917,0.025688533,0.14616378,1.0
209,30,-0.039679382,0.18637198,-0.049555965,1.0
209,31,-0.015943978,-0.021109482,0.12857603,1.0
209,32,0.06420085,0.14341486,-0.10010665,1.0
210,0,0.046841267,1.4546707,-0.17584932,1.0
210,1,0.051755514,1.484614,-0.15805593,1.0
210,2,0.06722285,1.4888985,-0.14338963,1.0
210,3,0.053720675,1.4888037,-0.13643621,1.0
210,4,0.03530159,1.4957793,-0.17597894,1.0
210,5,0.041323658,1.4950207,-0.2065775,1.0
210,6,0.046068273,1.4954339,-0.16877581,1.0
210,7,0.043108836,1.4883693,-0.03591154,1.0
210,8,-0.046438508,1.4373082,-0.11906873,1.0
210,9,0.07438407,1.4562957,-0.120001115,1.0
210,10,0.036850616,1.4202495,-0.16940305,1.0
210,11,0.06368688,1.3141052,0.14285415,1.0
210,12,-0.07025852,1.3944715,-0.057896648,1.0
210,13,0.044040218,1.107368,0.23360567,1.0
210,14,-0.079027124,1.1370841,-0.2463514,1.0
210,15,0.06964557,0.91856015,0.28575125,1.0
210,16,-0.10394117,1.0070015,-0.41932756,1.0
210,17,0.06286854,0.8713597,0.2980389,1.0
210,18,-0.11067703,1.0003538,-0.4913998,1.0
210,19,0.06716454,0.8575802,0.28824514,1.0
210,20,-0.07011245,1.0271211,-0.5006474,1.0
210,21,0.09370443,0.8759479,0.27073148,1.0
210,22,-0.10658955,1.0231262,-0.43268338,1.0
210,23,0.03510576,0.8460926,0.1005241,1.0
210,24,-0.032294415,0.85687584,-0.11410194,1.0
210,25,-0.006405987,0.43816072,0.06579652,1.0
210,26,0.14718278,0.5591611,-0.112246364,1.0
210,27,-0.071039505,0.059752326,0.12062692,1.0
210,28,-0.024321271,0.20270328,-0.04296657,1.0
210,29,-0.10929825,0.023387492,0.13686134,1.0
210,30,-0.032853853,0.17166576,-0.07669876,1.0
210,31,-0.011702844,-0.019576933,0.11969968,1.0
210,32,0.07419699,0.13748628,-0.13617876,1.0
211,0,0.04424933,1.4460186,-0.16263154,1.0
211,1,0.052448776,1.4745733,-0.14419407,1.0
211,2,0.06420472,1.4792588,-0.12887521,1.0
211,3,0.050312907,1.477077,-0.12267187,1.0
211,4,0.032024775,1.4848298,-0.16407268,1.0
211,5,0.038213316,1.4865261,-0.19513671,1.0
211,6,0.04178951,1.484859,-0.15315296,1.0
211,7,0.038166523,1.4804611,-0.022183873,1.0
211,8,-0.0498929,1.4308507,-0.107676454,1.0
211,9,0.07299435,1.4451679,-0.107384615,1.0
211,10,0.034224313,1.4113525,-0.15535392,1.0
211,11,0.058329392,1.3067156,0.16260041,1.0
211,12,-0.06801674,1.3896075,-0.051867373,1.0
211,13,0.028724374,1.1049296,0.26011333,1.0
211,14,-0.07965834,1.1390698,-0.24002998,1.0
211,15,0.061012033,0.90784454,0.31731716,1.0
211,16,-0.106759995,0.9970579,-0.4105534,1.0
211,17,0.05705329,0.85981196,0.32713884,1.0
211,18,-0.1148747,0.9931192,-0.4850489,1.0
211,19,0.06265327,0.84581953,0.31898293,1.0
211,20,-0.071078956,1.0185403,-0.4942687,1.0
211,21,0.08662997,0.8661982,0.30199897,1.0
211,22,-0.11177365,1.0155988,-0.4248755,1.0
211,23,0.034575388,0.83711386,0.10244125,1.0
211,24,-0.03308094,0.85098106,-0.117431514,1.0
211,25,0.02655291,0.43335396,0.056969732,1.0
211,26,0.13465092,0.5484361,-0.11372651,1.0
211,27,-0.060024682,0.054782886,0.09812448,1.0
211,28,-0.02421261,0.17678693,-0.06555008,1.0
211,29,-0.099480964,0.018705701,0.108394265,1.0
211,30,-0.030167919,0.14451718,-0.103028074,1.0
211,31,0.0006253002,-0.015116286,0.090113685,1.0
211,32,0.084914245,0.12294089,-0.1717491,1.0
212,0,0.039981656,1.4375639,-0.14620337,1.0
212,1,0.040899526,1.4629911,-0.12990487,1.0
212,2,0.05422102,1.4684831,-0.12047977,1.0
212,3,0.042704094,1.4638265,-0.11579238,1.0
212,4,0.02221894,1.4752543,-0.15694104,1.0
212,5,0.03158807,1.4821206,-0.18391135,1.0
212,6,0.031259198,1.4729749,-0.14608257,1.0
212,7,0.029373553,1.4723401,-0.009253364,1.0
212,8,-0.056903332,1.4174314,-0.10151217,1.0
212,9,0.06519712,1.4382145,-0.09504643,1.0
212,10,0.028115625,1.402408,-0.14057907,1.0
212,11,0.058755364,1.3038762,0.17549601,1.0
212,12,-0.07757707,1.3792502,-0.037079465,1.0
212,13,0.027916495,1.1276395,0.256699,1.0
212,14,-0.11494819,1.1341509,-0.18821359,1.0
212,15,0.07090548,0.97886795,0.2906364,1.0
212,16,-0.122079685,0.98747444,-0.32726026,1.0
212,17,0.07196495,0.9391008,0.29131728,1.0
212,18,-0.11081187,0.98061335,-0.39515853,1.0
212,19,0.07365991,0.9369498,0.28036875,1.0
212,20,-0.067965,1.007789,-0.40271437,1.0
212,21,0.09422329,0.9381393,0.27520442,1.0
212,22,-0.11690617,1.0033364,-0.3442463,1.0
212,23,0.037705377,0.8329757,0.10645354,1.0
212,24,-0.0337602,0.8466069,-0.11605547,1.0
212,25,0.056725863,0.4288054,0.060957197,1.0
212,26,0.1412425,0.52004796,-0.11955572,1.0
212,27,-0.058887113,0.053195186,0.1009464,1.0
212,28,-0.016642258,0.14428566,-0.08056906,1.0
212,29,-0.10048392,0.01884426,0.10709642,1.0
212,30,-0.017176818,0.10464788,-0.118021086,1.0
212,31,-0.007822371,-0.0115502635,0.08384042,1.0
212,32,0.101076104,0.09293275,-0.19461782,1.0
213,0,0.03908886,1.4110222,-0.14619625,1.0
213,1,0.040394057,1.4344977,-0.13169773,1.0
213,2,0.05223221,1.4378331,-0.12284278,1.0
213,3,0.043285195,1.4342289,-0.118727334,1.0
213,4,0.024258424,1.4465255,-0.1598967,1.0
213,5,0.031901307,1.4508952,-0.18433338,1.0
213,6,0.029232748,1.4435836,-0.1472403,1.0
213,7,0.02727427,1.4405205,-0.009667933,1.0
213,8,-0.05693902,1.3864362,-0.106177896,1.0
213,9,0.062226016,1.4047923,-0.09571231,1.0
213,10,0.027265599,1.3723179,-0.14144556,1.0
213,11,0.054280203,1.2785405,0.17199992,1.0
213,12,-0.070355676,1.3472424,-0.038447484,1.0
213,13,0.04117287,1.1184262,0.2502782,1.0
213,14,-0.106729604,1.1013975,-0.16890587,1.0
213,15,0.12097042,0.99698126,0.27801985,1.0
213,16,-0.114214525,0.9570676,-0.2872757,1.0
213,17,0.13259377,0.9683303,0.28133693,1.0
213,18,-0.101452485,0.9505144,-0.3535223,1.0
213,19,0.13451272,0.96627367,0.2662317,1.0
213,20,-0.06269725,0.98055893,-0.36062485,1.0
213,21,0.14394273,0.9605463,0.26498333,1.0
213,22,-0.10488814,0.97610897,-0.30512497,1.0
213,23,0.038362328,0.8009788,0.106278256,1.0
213,24,-0.0346801,0.8169569,-0.118047394,1.0
213,25,0.09063232,0.42273253,0.06551665,1.0
213,26,0.13705644,0.4890479,-0.124029316,1.0
213,27,-0.030891128,0.06827442,0.111173876,1.0
213,28,0.0011100778,0.09759611,-0.084437504,1.0
213,29,-0.06795514,0.034172695,0.11904727,1.0
213,30,0.0024465746,0.058158323,-0.120942265,1.0
213,31,0.0035236157,0.0047916975,0.098880775,1.0
213,32,0.12721957,0.04085608,-0.19513708,1.0
214,0,0.04070502,1.4098728,-0.1450623,1.0
214,1,0.04340431,1.4339839,-0.13370019,1.0
214,2,0.051860858,1.4311737,-0.12568545,1.0
214,3,0.046946447,1.4317319,-0.120569006,1.0
214,4,0.026814347,1.4414525,-0.1612395,1.0
214,5,0.03172261,1.4468552,-0.18202078,1.0
214,6,0.029114801,1.4426701,-0.14877841,1.0
214,7,0.031591274,1.435712,-0.0064317887,1.0
214,8,-0.057728603,1.3804954,-0.10486579,1.0
214,9,0.06082711,1.3993018,-0.09657732,1.0
214,10,0.028507704,1.3688793,-0.14141549,1.0
214,11,0.05988108,1.2739868,0.17418604,1.0
214,12,-0.06632566,1.341908,-0.030808967,1.0
214,13,0.055498175,1.1051478,0.24403548,1.0
214,14,-0.09662219,1.0801305,-0.1431012,1.0
214,15,0.13775587,0.98439413,0.2589966,1.0
214,16,-0.10658178,0.9294549,-0.24895327,1.0
214,17,0.15442404,0.95736307,0.26028696,1.0
214,18,-0.09272171,0.91709626,-0.3139,1.0
214,19,0.15163621,0.95695275,0.24386685,1.0
214,20,-0.05760758,0.95253235,-0.32258466,1.0
214,21,0.16049258,0.95072466,0.2480937,1.0
214,22,-0.09473137,0.94877386,-0.27095175,1.0
214,23,0.044121467,0.7960718,0.10558958,1.0
214,24,-0.040676218,0.81457865,-0.12008376,1.0
214,25,0.15304668,0.43804896,0.044701334,1.0
214,26,0.105999455,0.4849737,-0.13057058,1.0
214,27,-0.009625264,0.08509711,0.083368264,1.0
214,28,-0.003790361,0.08084097,-0.080765076,1.0
214,29,-0.045131125,0.049828906,0.090617,1.0
214,30,-0.0025756052,0.04292354,-0.11888081,1.0
214,31,0.01061669,0.019215422,0.06369555,1.0
214,32,0.1249545,0.017398424,-0.19440603,1.0
215,0,0.038238462,1.410616,-0.14565709,1.0
215,1,0.039983727,1.4340533,-0.13471544,1.0
215,2,0.048728283,1.432016,-0.12736331,1.0
215,3,0.0435796,1.4328524,-0.122974046,1.0
215,4,0.023745352,1.441894,-0.16278465,1.0
215,5,0.029213443,1.4467918,-0.18275051,1.0
215,6,0.026473965,1.4416244,-0.15057561,1.0
215,7,0.029084656,1.4344724,-0.007796299,1.0
215,8,-0.060588587,1.3785336,-0.10624671,1.0
215,9,0.058949765,1.4001846,-0.09899418,1.0
215,10,0.026859762,1.3687003,-0.144447,1.0
215,11,0.06044204,1.2714932,0.17102642,1.0
215,12,-0.06711222,1.3390456,-0.03387665,1.0
215,13,0.057248525,1.1064594,0.24781054,1.0
215,14,-0.093057856,1.0728515,-0.14589462,1.0
215,15,0.14692158,0.9884551,0.2690905,1.0
215,16,-0.10308409,0.9230016,-0.256564,1.0
215,17,0.16455258,0.9625793,0.271041,1.0
215,18,-0.09078373,0.91294765,-0.32218304,1.0
215,19,0.16070452,0.9646872,0.25343767,1.0
215,20,-0.055532556,0.94582415,-0.33183178,1.0
215,21,0.16904007,0.9575196,0.2581198,1.0
215,22,-0.09176115,0.9435217,-0.28036702,1.0
215,23,0.047123317,0.7888079,0.10449043,1.0
215,24,-0.044962723,0.8064451,-0.120428465,1.0
215,25,0.1762899,0.44007355,0.043563616,1.0
215,26,0.091548525,0.4783409,-0.1239248,1.0
215,27,0.004740363,0.09499872,0.09062609,1.0
215,28,-0.012873507,0.08162554,-0.05643465,1.0
215,29,-0.032594487,0.05902358,0.10026176,1.0
215,30,-0.011982809,0.045498494,-0.093433976,1.0
215,31,0.01833561,0.02618855,0.07451095,1.0
215,32,0.116556145,0.01646477,-0.17033048,1.0
216,0,0.039691556,1.401319,-0.14746362,1.0
216,1,0.041418668,1.4253213,-0.13545579,1.0
216,2,0.050093424,1.4224769,-0.12918083,1.0
216,3,0.045744877,1.4242518,-0.123771265,1.0
216,4,0.02416447,1.4326527,-0.16330592,1.0
216,5,0.02963188,1.4386512,-0.18444899,1.0
216,6,0.02748283,1.4335002,-0.15322112,1.0
216,7,0.029573563,1.427428,-0.009091692,1.0
216,8,-0.06172338,1.3708261,-0.107143015,1.0
216,9,0.060098004,1.3935624,-0.09997934,1.0
216,10,0.027032228,1.3610597,-0.14673495,1.0
216,11,0.065261796,1.2657977,0.17631832,1.0
216,12,-0.06730744,1.3304961,-0.03663374,1.0
216,13,0.059769712,1.0959057,0.23955819,1.0
216,14,-0.091243945,1.0561651,-0.14570288,1.0
216,15,0.14662871,0.98565614,0.22799322,1.0
216,16,-0.10310918,0.89785695,-0.26077047,1.0
216,17,0.16218984,0.96002644,0.22033598,1.0
216,18,-0.0914517,0.8860884,-0.3254526,1.0
216,19,0.15779714,0.9666495,0.20144826,1.0
216,20,-0.05705272,0.9213376,-0.33763146,1.0
216,21,0.16715826,0.9557809,0.21405335,1.0
216,22,-0.092962794,0.9183558,-0.28477064,1.0
216,23,0.048859473,0.78167,0.10653627,1.0
216,24,-0.044812236,0.7982942,-0.12446811,1.0
216,25,0.18864396,0.43836817,0.036417402,1.0
216,26,0.09752329,0.4672976,-0.12626176,1.0
216,27,0.00891666,0.108209446,0.093698665,1.0
216,28,-0.011663835,0.07902428,-0.0593226,1.0
216,29,-0.027777383,0.07610297,0.103822455,1.0
216,30,-0.009667399,0.042618223,-0.09457849,1.0
216,31,0.026909567,0.046949983,0.08103577,1.0
216,32,0.12642156,0.017277509,-0.17506655,1.0
217,0,0.038137775,1.3991957,-0.15045014,1.0
217,1,0.039735787,1.4229767,-0.13814272,1.0
217,2,0.04895074,1.4193875,-0.13299245,1.0
217,3,0.044306606,1.4217974,-0.12706392,1.0
217,4,0.024054812,1.4299409,-0.16466762,1.0
217,5,0.026998807,1.4358152,-0.18550743,1.0
217,6,0.025705539,1.4300851,-0.15581375,1.0
217,7,0.029565338,1.425038,-0.011482155,1.0
217,8,-0.06362373,1.3683969,-0.107917726,1.0
217,9,0.059287596,1.3910756,-0.102246225,1.0
217,10,0.025102528,1.356408,-0.1484503,1.0
217,11,0.06483655,1.2629864,0.17330791,1.0
217,12,-0.073419265,1.323856,-0.03766569,1.0
217,13,0.055580452,1.0903819,0.2321149,1.0
217,14,-0.097928256,1.0403798,-0.1416938,1.0
217,15,0.14555533,0.97614145,0.21728124,1.0
217,16,-0.1086366,0.8816497,-0.2520847,1.0
217,17,0.16148767,0.9496099,0.21138816,1.0
217,18,-0.09641692,0.8686635,-0.3165568,1.0
217,19,0.15899777,0.95606196,0.19132255,1.0
217,20,-0.062753975,0.9035006,-0.3290803,1.0
217,21,0.16631356,0.94609976,0.20309132,1.0
217,22,-0.099147975,0.90155244,-0.2755295,1.0
217,23,0.04872315,0.7803951,0.105688706,1.0
217,24,-0.046304,0.7953998,-0.122510985,1.0
217,25,0.18958695,0.4379564,0.033945575,1.0
217,26,0.09288285,0.4644506,-0.1183287,1.0
217,27,0.030818392,0.09303896,0.08261434,1.0
217,28,-0.016835615,0.07575057,-0.04827847,1.0
217,29,-0.0027741636,0.057283737,0.09336161,1.0
217,30,-0.014064598,0.04050103,-0.08332735,1.0
217,31,0.057541966,0.032780774,0.06470493,1.0
217,32,0.11954843,0.01744213,-0.16499364,1.0
218,0,0.036781788,1.4027977,-0.15485956,1.0
218,1,0.0384529,1.4254687,-0.14083594,1.0
218,2,0.048443574,1.4230207,-0.13659129,1.0
218,3,0.044046223,1.4245845,-0.13032596,1.0
218,4,0.023278864,1.4337393,-0.16776164,1.0
218,5,0.02497352,1.4385587,-0.18984662,1.0
218,6,0.024435714,1.4327915,-0.15926504,1.0
218,7,0.02889457,1.4269745,-0.014120201,1.0
218,8,-0.066591635,1.3719008,-0.11070584,1.0
218,9,0.057792794,1.3942883,-0.10556638,1.0
218,10,0.023182701,1.3598142,-0.15263888,1.0
218,11,0.06618622,1.2640746,0.16990586,1.0
218,12,-0.084230475,1.3261787,-0.03938022,1.0
218,13,0.063975036,1.0912864,0.22912939,1.0
218,14,-0.11084885,1.0440236,-0.14668506,1.0
218,15,0.1489861,0.9807425,0.22007334,1.0
218,16,-0.12571758,0.8802643,-0.25785726,1.0
218,17,0.16202854,0.9544162,0.216791,1.0
218,18,-0.114168204,0.8670608,-0.3227765,1.0
218,19,0.15985,0.9610199,0.19674256,1.0
218,20,-0.08095482,0.8997778,-0.3342094,1.0
218,21,0.16789952,0.9515059,0.20659348,1.0
218,22,-0.116108015,0.8992229,-0.2819084,1.0
218,23,0.05052651,0.78447014,0.1051037,1.0
218,24,-0.048233736,0.79619205,-0.12245086,1.0
218,25,0.19782226,0.44353786,0.030547097,1.0
218,26,0.092081524,0.46581554,-0.117619164,1.0
218,27,0.05199876,0.08882286,0.076438874,1.0
218,28,-0.020812768,0.07455105,-0.043059424,1.0
218,29,0.019782346,0.051998068,0.08689285,1.0
218,30,-0.019641489,0.039527647,-0.077565,1.0
218,31,0.084779136,0.029768879,0.05387307,1.0
218,32,0.108531125,0.018574812,-0.16128483,1.0
219,0,0.026785789,1.4017856,-0.15351906,1.0
219,1,0.028116943,1.4245353,-0.1389602,1.0
219,2,0.03847291,1.4207141,-0.13509485,1.0
219,3,0.03480312,1.4226183,-0.12858209,1.0
219,4,0.013441483,1.431863,-0.16518843,1.0
219,5,0.013312606,1.4368249,-0.18920869,1.0
219,6,0.013799931,1.4314699,-0.15767519,1.0
219,7,0.019876845,1.4254775,-0.012970537,1.0
219,8,-0.08005891,1.3688303,-0.10922991,1.0
219,9,0.046342712,1.3924515,-0.104100496,1.0
219,10,0.012479546,1.3576646,-0.1526625,1.0
219,11,0.06050318,1.2599167,0.16914558,1.0
219,12,-0.09952059,1.320361,-0.037255835,1.0
219,13,0.062085748,1.0800695,0.22153465,1.0
219,14,-0.11489279,1.0318367,-0.14883128,1.0
219,15,0.14486675,0.97018284,0.20771885,1.0
219,16,-0.15826006,0.86758953,-0.2605023,1.0
219,17,0.1592866,0.9433945,0.20621166,1.0
219,18,-0.15504128,0.8526353,-0.3241066,1.0
219,19,0.15894806,0.94880915,0.18444222,1.0
219,20,-0.12826198,0.8867685,-0.33740425,1.0
219,21,0.16412249,0.9396578,0.19457315,1.0
219,22,-0.15318902,0.88529897,-0.28542596,1.0
219,23,0.052318435,0.78349316,0.103979066,1.0
219,24,-0.04809468,0.7938759,-0.122116864,1.0
219,25,0.18794124,0.44148615,0.016355667,1.0
219,26,0.08798137,0.46612573,-0.121845745,1.0
219,27,0.052923255,0.077242985,0.044798672,1.0
219,28,-0.038515378,0.069577225,-0.06430411,1.0
219,29,0.021860624,0.04025463,0.053063527,1.0
219,30,-0.040031422,0.03453885,-0.09924881,1.0
219,31,0.09270824,0.020158498,0.011874598,1.0
219,32,0.082826816,0.018301979,-0.1864002,1.0
220,0,0.013639365,1.4046651,-0.16077545,1.0
220,1,0.014764931,1.4280915,-0.14575861,1.0
220,2,0.023610331,1.4246174,-0.14124435,1.0
220,3,0.021266907,1.4244736,-0.1336506,1.0
220,4,-0.001370321,1.4333574,-0.17072473,1.0
220,5,-0.0032180296,1.438475,-0.19543248,1.0
220,6,0.00039258413,1.4348938,-0.1631939,1.0
220,7,0.005619809,1.429191,-0.020785598,1.0
220,8,-0.09261914,1.3679013,-0.115458,1.0
220,9,0.031624362,1.3963883,-0.11320707,1.0
220,10,-0.00067098346,1.3594298,-0.15921079,1.0
220,11,0.049245946,1.2591861,0.1542265,1.0
220,12,-0.11556319,1.3168494,-0.04232739,1.0
220,13,0.04507,1.0492482,0.2115095,1.0
220,14,-0.116900995,1.0257839,-0.17395896,1.0
220,15,0.09903895,0.88750845,0.20829616,1.0
220,16,-0.17416053,0.8663769,-0.30583358,1.0
220,17,0.10827836,0.8463699,0.20994519,1.0
220,18,-0.17366585,0.8519775,-0.37215286,1.0
220,19,0.103387564,0.84688115,0.18978563,1.0
220,20,-0.15347575,0.88688916,-0.3835113,1.0
220,21,0.11535828,0.85288477,0.19745947,1.0
220,22,-0.17107095,0.88320273,-0.33181563,1.0
220,23,0.052738912,0.7860043,0.10028538,1.0
220,24,-0.04540486,0.7935669,-0.118281074,1.0
220,25,0.17716397,0.44383648,0.015326355,1.0
220,26,0.056651827,0.46997494,-0.12041234,1.0
220,27,0.046051126,0.07664065,0.05340086,1.0
220,28,-0.065717235,0.072043516,-0.056579392,1.0
220,29,0.017808331,0.03871448,0.060790434,1.0
220,30,-0.06781647,0.037655763,-0.0928541,1.0
220,31,0.09028395,0.015629476,0.018116461,1.0
220,32,0.044504043,0.021800242,-0.18119222,1.0
221,0,0.006988731,1.3994882,-0.16971534,1.0
221,1,0.009596916,1.4210837,-0.1545684,1.0
221,2,0.017846204,1.4198419,-0.15001489,1.0
221,3,0.014973453,1.4191424,-0.1420127,1.0
221,4,-0.009798901,1.4271336,-0.17839527,1.0
221,5,-0.011394489,1.4321573,-0.20235732,1.0
221,6,-0.0061765816,1.4290885,-0.1695389,1.0
221,7,0.004611407,1.421236,-0.030958917,1.0
221,8,-0.096060686,1.3609087,-0.11940739,1.0
221,9,0.024532977,1.3900139,-0.12277843,1.0
221,10,-0.007839554,1.3538452,-0.16724081,1.0
221,11,0.051516887,1.2489994,0.1364675,1.0
221,12,-0.12318087,1.3022106,-0.04074989,1.0
221,13,0.04828889,1.0332525,0.18468499,1.0
221,14,-0.11650498,1.0043116,-0.17965683,1.0
221,15,0.08949942,0.8644461,0.17510228,1.0
221,16,-0.17750917,0.86258787,-0.32961583,1.0
221,17,0.09680554,0.82104445,0.17547086,1.0
221,18,-0.17668988,0.8540865,-0.39855176,1.0
221,19,0.09047264,0.8231773,0.1573847,1.0
221,20,-0.16002782,0.89090025,-0.41074145,1.0
221,21,0.10430849,0.83045125,0.16630644,1.0
221,22,-0.17441328,0.8818501,-0.35623887,1.0
221,23,0.056043915,0.7826118,0.09487566,1.0
221,24,-0.049198546,0.78661907,-0.113546655,1.0
221,25,0.19620079,0.44489953,0.003101001,1.0
221,26,0.05350992,0.46575478,-0.11703829,1.0
221,27,0.057273153,0.07516998,0.051100895,1.0
221,28,-0.07035486,0.07027792,-0.049123425,1.0
221,29,0.026854804,0.03550279,0.060667895,1.0
221,30,-0.07435902,0.03654888,-0.08468343,1.0
221,31,0.09951325,0.010656482,0.016304597,1.0
221,32,0.029771823,0.022379313,-0.17531247,1.0
222,0,0.007603262,1.4017204,-0.17261006,1.0
222,1,0.009516094,1.4217764,-0.15710579,1.0
222,2,0.01981385,1.422097,-0.15434428,1.0
222,3,0.017911233,1.4205655,-0.14452645,1.0
222,4,-0.010896032,1.4252844,-0.18290645,1.0
222,5,-0.010437877,1.437016,-0.20390461,1.0
222,6,-0.0011535045,1.4318144,-0.17333351,1.0
222,7,0.010315331,1.4183109,-0.030034512,1.0
222,8,-0.09772942,1.362025,-0.113656275,1.0
222,9,0.021587612,1.3904071,-0.12263953,1.0
222,10,-0.008516746,1.3568302,-0.17158732,1.0
222,11,0.053789098,1.2478663,0.119773224,1.0
222,12,-0.13474052,1.2924744,-0.022600606,1.0
222,13,0.078392155,1.0577966,0.120606445,1.0
222,14,-0.118058495,0.98629683,-0.14681743,1.0
222,15,0.12104885,0.98244005,0.052964296,1.0
222,16,-0.20092925,0.90949863,-0.31229946,1.0
222,17,0.12549971,0.96168244,0.04049211,1.0
222,18,-0.20938988,0.9200442,-0.38043368,1.0
222,19,0.11657061,0.98228616,0.027183875,1.0
222,20,-0.20039314,0.9667564,-0.39521462,1.0
222,21,0.13416654,0.95869225,0.044009384,1.0
222,22,-0.19995578,0.9357887,-0.3369897,1.0
222,23,0.06679011,0.77880275,0.08275172,1.0
222,24,-0.0626343,0.7789255,-0.09903764,1.0
222,25,0.24373622,0.4474221,-0.009817313,1.0
222,26,0.057313163,0.45427668,-0.10367439,1.0
222,27,0.09574658,0.08776941,0.06722334,1.0
222,28,-0.07028321,0.07419732,0.006633738,1.0
222,29,0.06172923,0.05070264,0.08323025,1.0
222,30,-0.08044039,0.03907995,-0.023002494,1.0
222,31,0.10650245,0.010304382,0.04047989,1.0
222,32,0.0068591936,0.020950735,-0.11221353,1.0
223,0,0.0030085486,1.4058931,-0.18487786,1.0
223,1,0.0049515106,1.4227344,-0.17343493,1.0
223,2,0.015754253,1.4273719,-0.16785373,1.0
223,3,0.01144152,1.4227518,-0.15867798,1.0
223,4,-0.015887478,1.4292345,-0.1943464,1.0
223,5,-0.01430148,1.4402868,-0.21465544,1.0
223,6,-0.0032273736,1.4369271,-0.1850745,1.0
223,7,0.013167547,1.4183247,-0.042663895,1.0
223,8,-0.098310016,1.3672625,-0.12032338,1.0
223,9,0.01669264,1.3893094,-0.13617302,1.0
223,10,-0.013717415,1.3600243,-0.18306236,1.0
223,11,0.057361554,1.24559,0.0988421,1.0
223,12,-0.14357372,1.2869729,-0.017239623,1.0
223,13,0.08936535,1.0640063,0.08018597,1.0
223,14,-0.12253337,0.98297316,-0.11606326,1.0
223,15,0.16048004,1.057083,-0.019669546,1.0
223,16,-0.21763203,0.9693853,-0.2737302,1.0
223,17,0.17506123,1.060811,-0.03806652,1.0
223,18,-0.22608514,0.99732625,-0.33774686,1.0
223,19,0.17162026,1.089916,-0.050804064,1.0
223,20,-0.22489496,1.0532583,-0.35598817,1.0
223,21,0.17678887,1.0427209,-0.031901617,1.0
223,22,-0.21935879,1.0021595,-0.29407948,1.0
223,23,0.073570244,0.78148896,0.07661949,1.0
223,24,-0.07232064,0.7764742,-0.08749793,1.0
223,25,0.25425008,0.45189646,-0.018930301,1.0
223,26,0.054692138,0.45015296,-0.09588308,1.0
223,27,0.10738763,0.10540653,0.091141,1.0
223,28,-0.069439024,0.08090706,0.048355535,1.0
223,29,0.070607506,0.06821992,0.115217894,1.0
223,30,-0.08049053,0.044461846,0.02371607,1.0
223,31,0.10353816,0.015102467,0.07637693,1.0
223,32,-0.0022022473,0.020457871,-0.06310349,1.0
224,0,0.0035013964,1.4190367,-0.20091248,1.0
224,1,0.0032644998,1.4333701,-0.1921474,1.0
224,2,0.015263213,1.4390244,-0.18434563,1.0
224,3,0.009623812,1.43298,-0.17449434,1.0
224,4,-0.01692736,1.4406272,-0.21118158,1.0
224,5,-0.014616826,1.4527029,-0.23183084,1.0
224,6,-0.0040677004,1.4502436,-0.20048064,1.0
224,7,0.013558273,1.4241215,-0.056351505,1.0
224,8,-0.09859989,1.3776537,-0.1367327,1.0
224,9,0.014238264,1.3961965,-0.15377028,1.0
224,10,-0.016583797,1.3709577,-0.20066506,1.0
224,11,0.05380358,1.2489133,0.08261363,1.0
224,12,-0.15296042,1.2910786,-0.025517156,1.0
224,13,0.09021158,1.0742631,0.056463484,1.0
224,14,-0.13470422,0.9972116,-0.12542239,1.0
224,15,0.18710677,1.1167897,-0.052831195,1.0
224,16,-0.22653599,1.0295275,-0.2872405,1.0
224,17,0.20979312,1.1350881,-0.07279539,1.0
224,18,-0.23216735,1.0736454,-0.3511598,1.0
224,19,0.21216114,1.1697397,-0.08334559,1.0
224,20,-0.23322996,1.1333688,-0.36912364,1.0
224,21,0.20783666,1.107581,-0.06581125,1.0
224,22,-0.22940034,1.0674549,-0.30487156,1.0
224,23,0.07565885,0.7943682,0.0746841,1.0
224,24,-0.075164,0.77813554,-0.08470598,1.0
224,25,0.26976767,0.4829502,-0.023517637,1.0
224,26,0.046671458,0.45562217,-0.09154445,1.0
224,27,0.10448268,0.15601683,0.12818588,1.0
224,28,-0.08530873,0.085685305,0.051921777,1.0
224,29,0.06274091,0.119223304,0.15905166,1.0
224,30,-0.0993065,0.04998269,0.026359733,1.0
224,31,0.092774615,0.054971963,0.13179308,1.0
224,32,-0.030339915,0.023121707,-0.061838664,1.0
225,0,0.007861938,1.4211799,-0.20958246,1.0
225,1,0.002627569,1.4328158,-0.20145425,1.0
225,2,0.015544767,1.4394763,-0.19382684,1.0
225,3,0.009358329,1.4337393,-0.18524475,1.0
225,4,-0.0145741245,1.4399576,-0.22051905,1.0
225,5,-0.0107357865,1.4518985,-0.24213739,1.0
225,6,-0.0038239416,1.4483985,-0.21031733,1.0
225,7,0.01074261,1.4215286,-0.07028069,1.0
225,8,-0.09741569,1.3743677,-0.15081981,1.0
225,9,0.017392477,1.396502,-0.16337323,1.0
225,10,-0.013762023,1.3706933,-0.21148102,1.0
225,11,0.059078585,1.2480332,0.07597217,1.0
225,12,-0.1479772,1.2839088,-0.04581529,1.0
225,13,0.11415086,1.0891864,0.04892791,1.0
225,14,-0.13286863,1.0064557,-0.16033472,1.0
225,15,0.20430583,1.1680931,-0.0507454,1.0
225,16,-0.21988834,1.0895017,-0.32017684,1.0
225,17,0.2219,1.196651,-0.069739364,1.0
225,18,-0.22459158,1.149053,-0.38452432,1.0
225,19,0.22592273,1.2337596,-0.07920429,1.0
225,20,-0.22983503,1.2118117,-0.39784214,1.0
225,21,0.2244546,1.1621909,-0.064359546,1.0
225,22,-0.22678591,1.1307696,-0.33598715,1.0
225,23,0.07376132,0.7954907,0.077340186,1.0
225,24,-0.07386077,0.77521634,-0.08922115,1.0
225,25,0.2589989,0.48559898,-0.014868753,1.0
225,26,0.044575524,0.45017776,-0.09370251,1.0
225,27,0.09951456,0.16287035,0.15407008,1.0
225,28,-0.10947205,0.08602397,0.038528133,1.0
225,29,0.05473631,0.1291586,0.18728313,1.0
225,30,-0.12435016,0.048461568,0.015820201,1.0
225,31,0.09363525,0.0662031,0.16573405,1.0
225,32,-0.05506574,0.026565045,-0.078096844,1.0
226,0,0.012128583,1.4178892,-0.22017275,1.0
226,1,0.002921574,1.4319818,-0.2113287,1.0
226,2,0.01754131,1.4363647,-0.20274279,1.0
226,3,0.01080176,1.4311225,-0.19591704,1.0
226,4,-0.01124238,1.4387649,-0.2303152,1.0
226,5,-0.007009712,1.4493082,-0.25404948,1.0
226,6,-0.0028326884,1.4452556,-0.22182606,1.0
226,7,0.0077667763,1.4179428,-0.07987078,1.0
226,8,-0.09732868,1.3706261,-0.16614386,1.0
226,9,0.020497363,1.3936639,-0.17401983,1.0
226,10,-0.012216033,1.3680055,-0.2233422,1.0
226,11,0.06387788,1.2475864,0.07602242,1.0
226,12,-0.14572586,1.279791,-0.069531634,1.0
226,13,0.14898421,1.1051439,0.05953285,1.0
226,14,-0.12144254,1.0159539,-0.20522805,1.0
226,15,0.23612645,1.1999223,-0.024869042,1.0
226,16,-0.20271927,1.1139699,-0.37151676,1.0
226,17,0.24794,1.2325912,-0.040932417,1.0
226,18,-0.21017961,1.1801212,-0.4380896,1.0
226,19,0.25099146,1.2686088,-0.0505928,1.0
226,20,-0.2158226,1.2432358,-0.44770324,1.0
226,21,0.25431213,1.1945747,-0.038642924,1.0
226,22,-0.21196486,1.1560706,-0.3877482,1.0
226,23,0.07293224,0.79493386,0.080503404,1.0
226,24,-0.07410993,0.7719489,-0.09559189,1.0
226,25,0.24837568,0.4726383,0.0010588681,1.0
226,26,0.030015033,0.4486406,-0.10363669,1.0
226,27,0.09711558,0.15359214,0.19373149,1.0
226,28,-0.12431144,0.08787255,0.032683752,1.0
226,29,0.05077909,0.12284022,0.22887315,1.0
226,30,-0.13688463,0.04875572,0.011071064,1.0
226,31,0.097471476,0.059949636,0.21100837,1.0
226,32,-0.06799913,0.027994618,-0.085816555,1.0
227,0,0.015367,1.4213412,-0.21563615,1.0
227,1,0.0047616963,1.4331192,-0.20739122,1.0
227,2,0.020595014,1.4381757,-0.19935647,1.0
227,3,0.014274226,1.4333466,-0.19224483,1.0
227,4,-0.010134487,1.4404557,-0.22735474,1.0
227,5,-0.004918685,1.4517549,-0.24915582,1.0
227,6,0.000427993,1.4470706,-0.2177159,1.0
227,7,0.014456726,1.4173112,-0.07492649,1.0
227,8,-0.09386047,1.3706057,-0.15923512,1.0
227,9,0.022988886,1.3968835,-0.17048948,1.0
227,10,-0.009359838,1.3702978,-0.21975978,1.0
227,11,0.072084025,1.2522125,0.07708335,1.0
227,12,-0.14303777,1.2839118,-0.06576594,1.0
227,13,0.17972763,1.1299425,0.06811561,1.0
227,14,-0.08722712,1.0408349,-0.20409843,1.0
227,15,0.25034404,1.2404709,-0.0022721677,1.0
227,16,-0.17145406,1.1629189,-0.36158428,1.0
227,17,0.25727567,1.2767581,-0.015440917,1.0
227,18,-0.17932348,1.2335867,-0.42380714,1.0
227,19,0.255228,1.3121217,-0.024391167,1.0
227,20,-0.19239253,1.2963971,-0.4336883,1.0
227,21,0.2665532,1.2362585,-0.014625035,1.0
227,22,-0.18226977,1.2042507,-0.37624672,1.0
227,23,0.075768165,0.79743016,0.07932651,1.0
227,24,-0.07683702,0.77587414,-0.09647808,1.0
227,25,0.24278495,0.47101653,0.010043603,1.0
227,26,0.026776452,0.44831282,-0.10452688,1.0
227,27,0.10235822,0.13984564,0.19631557,1.0
227,28,-0.11559604,0.08909971,0.027748954,1.0
227,29,0.05619999,0.10948112,0.23031326,1.0
227,30,-0.12726316,0.050954416,0.007847086,1.0
227,31,0.10426356,0.045545958,0.20955858,1.0
227,32,-0.06429557,0.027129136,-0.08924546,1.0
228,0,0.01740671,1.4336373,-0.20365806,1.0
228,1,0.0058016255,1.4454821,-0.19371648,1.0
228,2,0.02119869,1.4493756,-0.1844325,1.0
228,3,0.015382924,1.4437906,-0.17802134,1.0
228,4,-0.007989424,1.4532971,-0.21346949,1.0
228,5,-0.0044440012,1.4634336,-0.23539488,1.0
228,6,0.0015227292,1.4579508,-0.20434459,1.0
228,7,0.016874034,1.4276296,-0.06289728,1.0
228,8,-0.094221205,1.3815991,-0.1452096,1.0
228,9,0.023108138,1.4096262,-0.15576793,1.0
228,10,-0.0090465555,1.3804665,-0.20534672,1.0
228,11,0.07330832,1.2647337,0.08484493,1.0
228,12,-0.14167683,1.3015211,-0.051732466,1.0
228,13,0.17585456,1.1512806,0.07416565,1.0
228,14,-0.066192806,1.0836976,-0.18673341,1.0
228,15,0.23987247,1.2724183,0.0069020917,1.0
228,16,-0.11673367,1.231996,-0.312718,1.0
228,17,0.24638262,1.3116194,-0.0036948062,1.0
228,18,-0.11379983,1.3025227,-0.3662492,1.0
228,19,0.24457617,1.3420106,-0.010712303,1.0
228,20,-0.13082324,1.3686298,-0.37266156,1.0
228,21,0.25631535,1.265619,-0.0045239683,1.0
228,22,-0.124810226,1.2723701,-0.32215726,1.0
228,23,0.07548883,0.8039719,0.07619874,1.0
228,24,-0.07447661,0.78838557,-0.09355795,1.0
228,25,0.19321992,0.4387963,0.028908586,1.0
228,26,0.022954492,0.45423108,-0.10359641,1.0
228,27,0.09812305,0.09390861,0.19226843,1.0
228,28,-0.112732366,0.0898616,0.029356822,1.0
228,29,0.060152546,0.06389378,0.2217511,1.0
228,30,-0.12241688,0.05252895,0.009439085,1.0
228,31,0.10420615,0.0032903384,0.19364402,1.0
228,32,-0.061832625,0.02589482,-0.08545304,1.0
229,0,0.008864901,1.4776436,-0.1732226,1.0
229,1,0.00021688035,1.4900101,-0.16213146,1.0
229,2,0.014014848,1.4951392,-0.15158626,1.0
229,3,0.009131751,1.4899983,-0.1458661,1.0
229,4,-0.015129958,1.4982516,-0.17837612,1.0
229,5,-0.013349327,1.5065147,-0.19925188,1.0
229,6,-0.0045021325,1.5015057,-0.17135254,1.0
229,7,0.01749713,1.4743116,-0.038758542,1.0
229,8,-0.09370216,1.4274609,-0.107042514,1.0
229,9,0.017504994,1.458642,-0.12595977,1.0
229,10,-0.014852888,1.4241556,-0.17131808,1.0
229,11,0.086641446,1.3105168,0.09187469,1.0
229,12,-0.1458824,1.3498936,-0.020338424,1.0
229,13,0.18053418,1.1908743,0.056411404,1.0
229,14,-0.060716465,1.1335822,-0.17637315,1.0
229,15,0.2303306,1.3138134,-0.03780392,1.0
229,16,-0.040290914,1.2901392,-0.31232816,1.0
229,17,0.23550802,1.3551561,-0.05307863,1.0
229,18,-0.016622968,1.3479799,-0.36384436,1.0
229,19,0.23110527,1.3807156,-0.05699772,1.0
229,20,-0.028278552,1.4221513,-0.36513335,1.0
229,21,0.24705614,1.3067319,-0.047661867,1.0
229,22,-0.04009962,1.3250322,-0.3166979,1.0
229,23,0.07576326,0.84263223,0.06607567,1.0
229,24,-0.07349863,0.83241075,-0.08057555,1.0
229,25,0.13353756,0.43520227,0.031046532,1.0
229,26,0.014998228,0.48488754,-0.0971027,1.0
229,27,0.097130865,0.073352754,0.18759966,1.0
229,28,-0.100617304,0.13550882,0.07940206,1.0
229,29,0.06802485,0.04459591,0.2148367,1.0
229,30,-0.10516477,0.09882867,0.06379153,1.0
229,31,0.113284536,-0.013707286,0.17812133,1.0
229,32,-0.058630664,0.068373024,-0.023927942,1.0
230,0,0.0022136746,1.4910703,-0.15182209,1.0
230,1,-0.00039862609,1.5037754,-0.14398487,1.0
230,2,0.015132088,1.5068021,-0.1345391,1.0
230,3,0.010630417,1.5009627,-0.1285761,1.0
230,4,-0.01641413,1.5100839,-0.15906556,1.0
230,5,-0.017577566,1.5202041,-0.17754161,1.0
230,6,-0.0073890034,1.5114107,-0.1511697,1.0
230,7,0.031929307,1.4859326,-0.025096275,1.0
230,8,-0.090637006,1.444089,-0.073560074,1.0
230,9,0.01749854,1.4708319,-0.107422255,1.0
230,10,-0.020030502,1.4400855,-0.14884444,1.0
230,11,0.10475953,1.3244562,0.0874362,1.0
230,12,-0.14787105,1.3723898,0.02870713,1.0
230,13,0.19153215,1.2022823,0.02214659,1.0
230,14,-0.043281823,1.162002,-0.11936986,1.0
230,15,0.18692109,1.3465239,-0.07588534,1.0
230,16,0.020271294,1.3154774,-0.25066373,1.0
230,17,0.17919624,1.393719,-0.09303252,1.0
230,18,0.056537654,1.3723994,-0.30271357,1.0
230,19,0.170778,1.4224304,-0.08795267,1.0
230,20,0.054769088,1.4459031,-0.30151173,1.0
230,21,0.19930288,1.3428934,-0.081224166,1.0
230,22,0.023158306,1.3516831,-0.25794363,1.0
230,23,0.08320052,0.86388427,0.046574175,1.0
230,24,-0.08042013,0.8510134,-0.060138904,1.0
230,25,0.119910076,0.43776083,0.008934903,1.0
230,26,0.008229012,0.50373864,-0.08251336,1.0
230,27,0.12196951,0.06826547,0.15682401,1.0
230,28,-0.049997732,0.14914793,0.10159673,1.0
230,29,0.09444382,0.037798475,0.17972484,1.0
230,30,-0.05202998,0.11210986,0.084622905,1.0
230,31,0.12704396,-0.017146127,0.13351719,1.0
230,32,-0.041597653,0.08702894,0.004790076,1.0
231,0,-0.001292731,1.4829272,-0.13553058,1.0
231,1,-0.001356625,1.4938686,-0.12968549,1.0
231,2,0.014650535,1.4959686,-0.12078061,1.0
231,3,0.009931912,1.4915415,-0.11399994,1.0
231,4,-0.017914152,1.501398,-0.14422897,1.0
231,5,-0.018747084,1.5114759,-0.16107088,1.0
231,6,-0.008824874,1.5023613,-0.13662109,1.0
231,7,0.033569958,1.4738601,-0.014392311,1.0
231,8,-0.08831161,1.4357376,-0.057969738,1.0
231,9,0.015227726,1.4611467,-0.0941036,1.0
231,10,-0.022300376,1.4317007,-0.13500087,1.0
231,11,0.10558319,1.3115721,0.08910966,1.0
231,12,-0.14891113,1.3638775,0.04260138,1.0
231,13,0.18177302,1.1868528,0.012821741,1.0
231,14,-0.03560536,1.1657755,-0.101013206,1.0
231,15,0.14922145,1.3273629,-0.08320366,1.0
231,16,0.057584736,1.3073653,-0.21425404,1.0
231,17,0.13549088,1.3724558,-0.09944405,1.0
231,18,0.10413017,1.3598361,-0.262218,1.0
231,19,0.12571271,1.4005834,-0.09281497,1.0
231,20,0.10713974,1.4314036,-0.26030737,1.0
231,21,0.16130668,1.3240952,-0.08673813,1.0
231,22,0.06321708,1.3424509,-0.22079188,1.0
231,23,0.08373726,0.8562367,0.04120757,1.0
231,24,-0.081088364,0.8408681,-0.05356127,1.0
231,25,0.11551065,0.43209103,-0.0050848112,1.0
231,26,0.006918336,0.49669152,-0.08154074,1.0
231,27,0.12304093,0.058562256,0.11756148,1.0
231,28,-0.014333031,0.13674478,0.08801582,1.0
231,29,0.097120844,0.028645022,0.13662966,1.0
231,30,-0.012986968,0.09993588,0.06791347,1.0
231,31,0.12738805,-0.017709954,0.08695632,1.0
231,32,-0.017052013,0.08313202,-0.008230842,1.0
232,0,-0.009979747,1.4711822,-0.12545724,1.0
232,1,-0.009178368,1.482092,-0.11820698,1.0
232,2,0.0057373694,1.4840637,-0.10988766,1.0
232,3,0.0008283369,1.481162,-0.102764554,1.0
232,4,-0.025762726,1.4902087,-0.13142817,1.0
232,5,-0.026285198,1.4994223,-0.14835888,1.0
232,6,-0.01812222,1.4902232,-0.12305942,1.0
232,7,0.030241031,1.4628206,-0.005107616,1.0
232,8,-0.09160218,1.426146,-0.04252497,1.0
232,9,0.00922557,1.4507272,-0.08373991,1.0
232,10,-0.027033744,1.419304,-0.12262832,1.0
232,11,0.105833486,1.303196,0.0959422,1.0
232,12,-0.14953916,1.3510418,0.05746414,1.0
232,13,0.17866845,1.1806335,0.015879987,1.0
232,14,-0.039061233,1.1475105,-0.076526046,1.0
232,15,0.12845924,1.3150924,-0.078774996,1.0
232,16,0.042055633,1.2946416,-0.1847374,1.0
232,17,0.11050368,1.3577572,-0.09522287,1.0
232,18,0.08822526,1.3501008,-0.23063906,1.0
232,19,0.10046159,1.3859153,-0.08723296,1.0
232,20,0.08556278,1.421746,-0.22976466,1.0
232,21,0.14044116,1.3125342,-0.080947466,1.0
232,22,0.046526756,1.3309978,-0.18852696,1.0
232,23,0.081471674,0.8477472,0.039909113,1.0
232,24,-0.080381215,0.8335548,-0.051634014,1.0
232,25,0.10798127,0.42803162,-0.01653829,1.0
232,26,0.003872822,0.49107268,-0.08420071,1.0
232,27,0.11961278,0.055364415,0.0897406,1.0
232,28,-0.013337241,0.13839564,0.08096064,1.0
232,29,0.09526405,0.025244934,0.10779889,1.0
232,30,-0.0102169635,0.10236269,0.062019575,1.0
232,31,0.123629846,-0.016527269,0.056977883,1.0
232,32,-0.008390714,0.08818523,-0.013751133,1.0
233,0,-0.016963491,1.4706421,-0.13814686,1.0
233,1,-0.013817936,1.4831766,-0.13087434,1.0
233,2,0.0014813687,1.4838445,-0.12215965,1.0
233,3,-0.0024773367,1.4815954,-0.11535547,1.0
233,4,-0.03358896,1.4886101,-0.14153214,1.0
233,5,-0.03270783,1.4993421,-0.16046217,1.0
233,6,-0.024297701,1.4892386,-0.1332384,1.0
233,7,0.037210733,1.4625647,-0.013004359,1.0
233,8,-0.09212682,1.4285896,-0.0408838,1.0
233,9,0.0044065895,1.4498223,-0.09609462,1.0
233,10,-0.03278882,1.4197631,-0.13061588,1.0
233,11,0.114212915,1.2962937,0.07818757,1.0
233,12,-0.14850709,1.3580383,0.06994888,1.0
233,13,0.17143908,1.1594303,-0.010971963,1.0
233,14,-0.048456192,1.1405408,-0.06515412,1.0
233,15,0.11110438,1.29302,-0.10896395,1.0
233,16,0.031497892,1.2767043,-0.19624823,1.0
233,17,0.09458253,1.333868,-0.12540264,1.0
233,18,0.07631142,1.3261918,-0.2478754,1.0
233,19,0.08446196,1.3634354,-0.1168374,1.0
233,20,0.07600394,1.3983053,-0.24563448,1.0
233,21,0.12481527,1.2896019,-0.1073891,1.0
233,22,0.03822981,1.3113084,-0.2009153,1.0
233,23,0.083821505,0.84841573,0.031270023,1.0
233,24,-0.08311081,0.8361224,-0.04348578,1.0
233,25,0.10486929,0.42960873,-0.025474653,1.0
233,26,-0.003040214,0.49467325,-0.079648435,1.0
233,27,0.11207281,0.065671444,0.09619976,1.0
233,28,-0.021077346,0.14829305,0.10557075,1.0
233,29,0.08563312,0.038093578,0.1174133,1.0
233,30,-0.020689804,0.11436051,0.088184476,1.0
233,31,0.09535239,-0.0164941,0.066574484,1.0
233,32,-0.018488158,0.094187774,0.011968293,1.0
234,0,-0.018021619,1.4682584,-0.1444262,1.0
234,1,-0.015958924,1.4809387,-0.13683468,1.0
234,2,0.00085701514,1.4825928,-0.12936051,1.0
234,3,-0.0031622816,1.4823515,-0.12145007,1.0
234,4,-0.035662893,1.4850165,-0.14599386,1.0
234,5,-0.036005422,1.4970945,-0.16569442,1.0
234,6,-0.027623186,1.4870518,-0.13755305,1.0
234,7,0.040474255,1.4624386,-0.022971667,1.0
234,8,-0.09054887,1.4250265,-0.04239369,1.0
234,9,0.0038692732,1.4499751,-0.10309535,1.0
234,10,-0.036413457,1.4204938,-0.13427407,1.0
234,11,0.12567651,1.2921697,0.067283124,1.0
234,12,-0.15427358,1.3535686,0.07792554,1.0
234,13,0.16985513,1.1300433,-0.02657767,1.0
234,14,-0.078391954,1.122118,-0.05749966,1.0
234,15,0.11075802,1.2224545,-0.1363691,1.0
234,16,0.0002429504,1.2562127,-0.20901345,1.0
234,17,0.09321331,1.2538036,-0.15649775,1.0
234,18,0.045562834,1.305987,-0.26586193,1.0
234,19,0.08180489,1.2807976,-0.15000468,1.0
234,20,0.047298364,1.3816193,-0.26452258,1.0
234,21,0.121198334,1.2172024,-0.13400026,1.0
234,22,0.007006551,1.28977,-0.21937472,1.0
234,23,0.089262016,0.8473477,0.026325982,1.0
234,24,-0.08777675,0.8358103,-0.041641288,1.0
234,25,0.11068373,0.42251995,-0.024963515,1.0
234,26,-0.009055716,0.49504057,-0.07034236,1.0
234,27,0.11518972,0.07196769,0.16252723,1.0
234,28,-0.023611438,0.14631815,0.1199673,1.0
234,29,0.08580845,0.04615137,0.1899102,1.0
234,30,-0.02122907,0.11072777,0.105714664,1.0
234,31,0.095479034,-0.013772038,0.14182459,1.0
234,32,-0.018828724,0.0908153,0.02103497,1.0
235,0,-0.027866326,1.4228765,-0.15724301,1.0
235,1,-0.022953296,1.4346627,-0.15386465,1.0
235,2,-0.0046837265,1.436239,-0.14362352,1.0
235,3,-0.009492196,1.4363765,-0.13354841,1.0
235,4,-0.041451085,1.4420506,-0.15660755,1.0
235,5,-0.043147475,1.45625,-0.17785665,1.0
235,6,-0.03792365,1.446976,-0.14594442,1.0
235,7,0.043601245,1.417262,-0.040478222,1.0
235,8,-0.08873478,1.3828506,-0.05038941,1.0
235,9,-0.0005689962,1.4002035,-0.1185351,1.0
235,10,-0.042003788,1.3758873,-0.14001411,1.0
235,11,0.12447971,1.2480159,0.043454483,1.0
235,12,-0.16109885,1.305767,0.08924629,1.0
235,13,0.13017392,1.0819272,-0.044995576,1.0
235,14,-0.12422962,1.0465763,-0.03266985,1.0
235,15,0.031799972,1.1604334,-0.13224109,1.0
235,16,-0.030050466,1.138061,-0.20622571,1.0
235,17,0.0017005065,1.1846725,-0.15204433,1.0
235,18,0.023267504,1.1804366,-0.26733539,1.0
235,19,-0.011266416,1.2173765,-0.14069317,1.0
235,20,0.035040293,1.2553633,-0.26526365,1.0
235,21,0.037425585,1.1522505,-0.12817991,1.0
235,22,-0.017606292,1.174442,-0.21814728,1.0
235,23,0.091489114,0.8019945,0.023641221,1.0
235,24,-0.08846741,0.78859526,-0.03466976,1.0
235,25,0.117438465,0.37677202,-0.036132745,1.0
235,26,-0.009750058,0.45318028,-0.061432414,1.0
235,27,0.11239863,0.10198662,0.2682044,1.0
235,28,-0.024572106,0.10197251,0.14758766,1.0
235,29,0.08339134,0.07957828,0.30455148,1.0
235,30,-0.023347344,0.06392617,0.13465548,1.0
235,31,0.07945252,-0.00013049413,0.28287223,1.0
235,32,-0.02002563,0.03802485,0.051949054,1.0
236,0,-0.03605741,1.4046166,-0.17307687,1.0
236,1,-0.026880953,1.4153042,-0.17256296,1.0
236,2,-0.008176318,1.4194945,-0.16028136,1.0
236,3,-0.013256954,1.4193931,-0.1481647,1.0
236,4,-0.047446262,1.4288682,-0.16923057,1.0
236,5,-0.047637906,1.4415678,-0.1913988,1.0
236,6,-0.04294941,1.4334878,-0.16069886,1.0
236,7,0.04482565,1.4023201,-0.056820046,1.0
236,8,-0.08719897,1.3686001,-0.056141477,1.0
236,9,-0.004490319,1.3839283,-0.13328595,1.0
236,10,-0.04750182,1.3608938,-0.15020412,1.0
236,11,0.12797612,1.2348616,0.027698196,1.0
236,12,-0.16179167,1.2855757,0.09739803,1.0
236,13,0.12462698,1.0699346,-0.052418806,1.0
236,14,-0.1449679,1.0029175,-0.0018256512,1.0
236,15,-0.003506752,1.1041712,-0.13691397,1.0
236,16,-0.1137155,1.040939,-0.1979713,1.0
236,17,-0.041712806,1.1164621,-0.16008168,1.0
236,18,-0.07629893,1.0734698,-0.2576568,1.0
236,19,-0.060638387,1.1528221,-0.14746465,1.0
236,20,-0.06402287,1.1393285,-0.26855436,1.0
236,21,-0.004739998,1.0945225,-0.13456242,1.0
236,22,-0.10599694,1.0736676,-0.2139473,1.0
236,23,0.095456876,0.7865693,0.022533476,1.0
236,24,-0.088498905,0.7725625,-0.030039562,1.0
236,25,0.11698716,0.36571184,-0.047085803,1.0
236,26,-0.0096667325,0.44566655,-0.057067014,1.0
236,27,0.10977763,0.16116674,0.30432543,1.0
236,28,-0.021731347,0.08961408,0.12911172,1.0
236,29,0.08253453,0.14123268,0.3466285,1.0
236,30,-0.023609295,0.051472593,0.113281086,1.0
236,31,0.07743814,0.064340204,0.34396827,1.0
236,32,-0.013133471,0.029202364,0.0288027,1.0
237,0,-0.040235654,1.3881849,-0.19733348,1.0
237,1,-0.026769903,1.4026017,-0.19747964,1.0
237,2,-0.010901589,1.4036926,-0.1856188,1.0
237,3,-0.015752375,1.4043227,-0.17283593,1.0
237,4,-0.04852076,1.4169462,-0.19275795,1.0
237,5,-0.04897902,1.426619,-0.21617639,1.0
237,6,-0.045510575,1.4207742,-0.1842121,1.0
237,7,0.0431932,1.3943108,-0.08126724,1.0
237,8,-0.08835631,1.359984,-0.07709039,1.0
237,9,-0.006715596,1.3676995,-0.15707764,1.0
237,10,-0.047640145,1.3485754,-0.17306338,1.0
237,11,0.13158302,1.233709,0.0075048897,1.0
237,12,-0.15958929,1.2789967,0.08809856,1.0
237,13,0.12161348,1.0589341,-0.05958934,1.0
237,14,-0.15145296,0.98973316,0.0024988297,1.0
237,15,-0.0153074805,1.0616736,-0.14007927,1.0
237,16,-0.16450533,1.0176773,-0.19894886,1.0
237,17,-0.05063851,1.0685283,-0.16579933,1.0
237,18,-0.1400485,1.0535438,-0.25690883,1.0
237,19,-0.07284087,1.101153,-0.15358958,1.0
237,20,-0.13071775,1.1174284,-0.2723326,1.0
237,21,-0.018178174,1.04848,-0.13870183,1.0
237,22,-0.15943627,1.0536087,-0.21974185,1.0
237,23,0.09656872,0.7865037,0.019689482,1.0
237,24,-0.08973561,0.77031523,-0.028772777,1.0
237,25,0.1185372,0.37515092,-0.080185816,1.0
237,26,-0.021018527,0.44751465,-0.060243808,1.0
237,27,0.10862807,0.2471749,0.32859644,1.0
237,28,-0.024028385,0.09275253,0.12800004,1.0
237,29,0.08441645,0.2347498,0.37547237,1.0
237,30,-0.02443228,0.053461626,0.11236492,1.0
237,31,0.073637255,0.15282702,0.39266652,1.0
237,32,-0.0131731825,0.026826613,0.033420287,1.0
238,0,-0.041939262,1.3938305,-0.20300739,1.0
238,1,-0.025901414,1.4104177,-0.2051673,1.0
238,2,-0.010445145,1.4077842,-0.194176,1.0
238,3,-0.013538177,1.4101644,-0.17890368,1.0
238,4,-0.046810113,1.4221263,-0.2007435,1.0
238,5,-0.046790782,1.4334059,-0.2246699,1.0
238,6,-0.043716624,1.4266038,-0.19197315,1.0
238,7,0.045509852,1.3985147,-0.09328692,1.0
238,8,-0.0845128,1.3667394,-0.083618246,1.0
238,9,-0.008787435,1.3712431,-0.16382653,1.0
238,10,-0.045697942,1.3548341,-0.18235612,1.0
238,11,0.13168727,1.2376266,-0.012426188,1.0
238,12,-0.15584703,1.2848439,0.09780853,1.0
238,13,0.12011427,1.0588372,-0.08100937,1.0
238,14,-0.1507034,0.98388845,0.04090198,1.0
238,15,-0.036808938,1.0639061,-0.14753647,1.0
238,16,-0.26379696,0.9683713,-0.14263809,1.0
238,17,-0.07374827,1.0697469,-0.17002052,1.0
238,18,-0.2682731,0.9962894,-0.19356914,1.0
238,19,-0.097525,1.1015127,-0.15974836,1.0
238,20,-0.26956555,1.050703,-0.21768068,1.0
238,21,-0.040888347,1.0478972,-0.14322878,1.0
238,22,-0.2684755,0.99879855,-0.17169806,1.0
238,23,0.095517956,0.7908831,0.011156747,1.0
238,24,-0.08557607,0.7776062,-0.022103999,1.0
238,25,0.115437105,0.3926699,-0.10758803,1.0
238,26,-0.02628135,0.4523847,-0.056175917,1.0
238,27,0.10824505,0.2951282,0.31723243,1.0
238,28,-0.02564822,0.094160244,0.12423412,1.0
238,29,0.08593134,0.2893982,0.36357498,1.0
238,30,-0.028691672,0.052712943,0.108366445,1.0
238,31,0.06884411,0.20067959,0.3914243,1.0
238,32,-0.026616845,0.023162983,0.0386168,1.0
239,0,-0.037668206,1.3955581,-0.23404782,1.0
239,1,-0.02084534,1.4119387,-0.23343453,1.0
239,2,-0.01642854,1.4077827,-0.22429566,1.0
239,3,-0.016867112,1.4110596,-0.21080165,1.0
239,4,-0.045718804,1.4298646,-0.22878261,1.0
239,5,-0.046642654,1.43365,-0.25171402,1.0
239,6,-0.042014286,1.4270359,-0.21883935,1.0
239,7,0.04828489,1.400883,-0.12389523,1.0
239,8,-0.08276061,1.3727068,-0.118711,1.0
239,9,-0.012927776,1.3711458,-0.19261989,1.0
239,10,-0.04347549,1.3582548,-0.20962505,1.0
239,11,0.12904905,1.2434509,-0.044514332,1.0
239,12,-0.15432167,1.2812164,0.08594688,1.0
239,13,0.12162447,1.0640566,-0.1138283,1.0
239,14,-0.14771812,0.98426443,0.026202168,1.0
239,15,-0.041808292,1.064762,-0.186888,1.0
239,16,-0.28816053,0.9604124,-0.1525133,1.0
239,17,-0.082962774,1.0781618,-0.20010164,1.0
239,18,-0.2846116,0.9855363,-0.19252749,1.0
239,19,-0.09816615,1.1055299,-0.18681641,1.0
239,20,-0.30529684,1.0424085,-0.21761265,1.0
239,21,-0.050333798,1.0526462,-0.17732523,1.0
239,22,-0.29333013,0.9902746,-0.16859573,1.0
239,23,0.09184373,0.78911763,0.009460358,1.0
239,24,-0.07791526,0.7789417,-0.019248677,1.0
239,25,0.111132324,0.39993,-0.10438751,1.0
239,26,-0.028155923,0.44308773,-0.03758545,1.0
239,27,0.1052526,0.47251204,0.3228354,1.0
239,28,-0.025103005,0.08690251,0.16516586,1.0
239,29,0.09115361,0.48486882,0.37834543,1.0
239,30,-0.025244605,0.050734878,0.15016545,1.0
239,31,0.06026374,0.4064195,0.43258896,1.0
239,32,-0.030582849,0.019564323,0.105439834,1.0
240,0,-0.035882246,1.4102032,-0.22673754,1.0
240,1,-0.020782324,1.4275815,-0.22593828,1.0
240,2,-0.015141059,1.4228591,-0.21714588,1.0
240,3,-0.014532537,1.4251548,-0.20331645,1.0
240,4,-0.04363993,1.443471,-0.22280613,1.0
240,5,-0.04351057,1.4473505,-0.24561659,1.0
240,6,-0.04225009,1.4394292,-0.21254618,1.0
240,7,0.045500413,1.4160799,-0.11628998,1.0
240,8,-0.08236163,1.3889802,-0.114364326,1.0
240,9,-0.011967594,1.3870505,-0.18337995,1.0
240,10,-0.042695533,1.3727571,-0.20274241,1.0
240,11,0.1255764,1.2563903,-0.034893632,1.0
240,12,-0.15682948,1.2968144,0.08544695,1.0
240,13,0.10846686,1.0719532,-0.10441388,1.0
240,14,-0.15703683,0.99539703,0.03354088,1.0
240,15,-0.052243847,1.0781478,-0.17370069,1.0
240,16,-0.3127956,0.9687566,-0.13368906,1.0
240,17,-0.09247704,1.0885354,-0.18586668,1.0
240,18,-0.31389564,0.9951409,-0.1745253,1.0
240,19,-0.105902895,1.117502,-0.1756506,1.0
240,20,-0.33438328,1.0492254,-0.19810688,1.0
240,21,-0.058993876,1.0663376,-0.16676258,1.0
240,22,-0.31928745,0.9967665,-0.15311083,1.0
240,23,0.091022395,0.803146,0.010154638,1.0
240,24,-0.078132346,0.7906349,-0.0218569,1.0
240,25,0.113196515,0.41779473,-0.10322757,1.0
240,26,-0.030535638,0.44957593,-0.03549399,1.0
240,27,0.10538684,0.4718421,0.31301144,1.0
240,28,-0.033578306,0.086176395,0.1524178,1.0
240,29,0.08859406,0.48357138,0.3653595,1.0
240,30,-0.03252108,0.048275936,0.13645777,1.0
240,31,0.05856516,0.4051736,0.4152003,1.0
240,32,-0.036320094,0.020144425,0.08418223,1.0
241,0,-0.04052597,1.4327747,-0.23533797,1.0
241,1,-0.0249167,1.4507614,-0.2373839,1.0
241,2,-0.013574889,1.4457711,-0.22779182,1.0
241,3,-0.013854632,1.4477158,-0.211588,1.0
241,4,-0.04427511,1.4607756,-0.23469815,1.0
241,5,-0.045387328,1.473156,-0.25912517,1.0
241,6,-0.041684628,1.465818,-0.22541507,1.0
241,7,0.041235007,1.4363236,-0.12668648,1.0
241,8,-0.0863642,1.4062854,-0.12044863,1.0
241,9,-0.012363131,1.4104025,-0.19474861,1.0
241,10,-0.046096697,1.3937649,-0.21619827,1.0
241,11,0.11538638,1.2747312,-0.046155225,1.0
241,12,-0.15815587,1.315965,0.074042864,1.0
241,13,0.09531568,1.0863895,-0.11480949,1.0
241,14,-0.17045747,1.0033339,0.029000837,1.0
241,15,-0.051858217,1.1020566,-0.17868775,1.0
241,16,-0.3285499,0.97830313,-0.1467674,1.0
241,17,-0.08816895,1.1104894,-0.19550101,1.0
241,18,-0.3405001,1.0064461,-0.1904793,1.0
241,19,-0.10410011,1.1430923,-0.19048952,1.0
241,20,-0.3506457,1.0577356,-0.21615282,1.0
241,21,-0.05331958,1.0862458,-0.17277594,1.0
241,22,-0.3362962,1.0049052,-0.1713363,1.0
241,23,0.09266375,0.8340431,0.008961075,1.0
241,24,-0.08101891,0.81436104,-0.021340488,1.0
241,25,0.13165817,0.46501473,-0.101371825,1.0
241,26,-0.03707242,0.47098312,-0.034738738,1.0
241,27,0.16736478,0.39500558,0.30522528,1.0
241,28,-0.05607092,0.09444439,0.13191162,1.0
241,29,0.15268296,0.3923791,0.35388714,1.0
241,30,-0.06201077,0.0504663,0.11521013,1.0
241,31,0.14087097,0.3101723,0.3844668,1.0
241,32,-0.06466649,0.020941116,0.049890824,1.0
242,0,-0.04739965,1.4376134,-0.23981915,1.0
242,1,-0.032457083,1.454434,-0.24191432,1.0
242,2,-0.017817246,1.4514693,-0.23190498,1.0
242,3,-0.019386936,1.4512362,-0.21600142,1.0
242,4,-0.049529593,1.463987,-0.23777296,1.0
242,5,-0.053656243,1.478149,-0.2636645,1.0
242,6,-0.047606274,1.4720864,-0.23019685,1.0
242,7,0.037167918,1.4407924,-0.13045645,1.0
242,8,-0.09172899,1.4094291,-0.12169408,1.0
242,9,-0.017886491,1.4149697,-0.20014027,1.0
242,10,-0.053969476,1.3964826,-0.2203782,1.0
242,11,0.107143044,1.2770668,-0.04931991,1.0
242,12,-0.16905999,1.3192369,0.06966265,1.0
242,13,0.08456047,1.088729,-0.12334943,1.0
242,14,-0.18207806,1.0101378,0.019071512,1.0
242,15,-0.047473967,1.1135224,-0.1956803,1.0
242,16,-0.33395812,0.9997985,-0.16943851,1.0
242,17,-0.08004979,1.1227952,-0.21573487,1.0
242,18,-0.34654072,1.0313046,-0.219366,1.0
242,19,-0.094585165,1.1558107,-0.21337871,1.0
242,20,-0.35441378,1.0858407,-0.24422652,1.0
242,21,-0.046933778,1.0964341,-0.19302526,1.0
242,22,-0.34103903,1.0278604,-0.19536084,1.0
242,23,0.09372507,0.8399821,0.009451715,1.0
242,24,-0.0833823,0.81561184,-0.021724323,1.0
242,25,0.15691195,0.47515574,-0.09295842,1.0
242,26,-0.037714224,0.47750133,-0.036656886,1.0
242,27,0.21419227,0.36598012,0.31313172,1.0
242,28,-0.07233851,0.09281024,0.119311206,1.0
242,29,0.19982734,0.3582216,0.36095065,1.0
242,30,-0.07988592,0.047860317,0.10139635,1.0
242,31,0.19916241,0.27826747,0.38199088,1.0
242,32,-0.0862569,0.0225785,0.027148843,1.0
243,0,-0.050353616,1.4388534,-0.26627523,1.0
243,1,-0.038337026,1.4537097,-0.26785043,1.0
243,2,-0.019939313,1.454133,-0.25677824,1.0
243,3,-0.021557087,1.4521421,-0.24057761,1.0
243,4,-0.0550968,1.4644512,-0.26457152,1.0
243,5,-0.061011456,1.4807004,-0.2915388,1.0
243,6,-0.052208632,1.4757627,-0.25697622,1.0
243,7,0.03221826,1.439485,-0.1507317,1.0
243,8,-0.09836733,1.4098334,-0.14958711,1.0
243,9,-0.025015006,1.4152743,-0.22457537,1.0
243,10,-0.062442806,1.3971303,-0.2456923,1.0
243,11,0.092820466,1.2769804,-0.060619447,1.0
243,12,-0.18702985,1.31914,0.047635276,1.0
243,13,0.0713792,1.0838367,-0.13077646,1.0
243,14,-0.20617248,1.0174205,-0.0041237436,1.0
243,15,-0.036794495,1.1164427,-0.21392056,1.0
243,16,-0.33959317,1.0104127,-0.19658433,1.0
243,17,-0.06783651,1.1275959,-0.23453894,1.0
243,18,-0.34669015,1.0426044,-0.2518618,1.0
243,19,-0.08210307,1.1606096,-0.23547995,1.0
243,20,-0.35192052,1.1017139,-0.27609435,1.0
243,21,-0.035774745,1.1020883,-0.2118159,1.0
243,22,-0.3433348,1.0400283,-0.22236228,1.0
243,23,0.09713924,0.84221035,0.013491191,1.0
243,24,-0.08671045,0.81380326,-0.026697198,1.0
243,25,0.20158143,0.47207755,-0.056676757,1.0
243,26,-0.048179865,0.4858885,-0.03519882,1.0
243,27,0.29062122,0.31948653,0.33680567,1.0
243,28,-0.092068575,0.09424912,0.123467706,1.0
243,29,0.27657264,0.3043811,0.38224095,1.0
243,30,-0.09930577,0.05020948,0.10741356,1.0
243,31,0.2882876,0.22873347,0.39221817,1.0
243,32,-0.10529924,0.024451084,0.028651461,1.0
244,0,-0.056200042,1.4361926,-0.265951,1.0
244,1,-0.043817278,1.4522359,-0.2641912,1.0
244,2,-0.02527565,1.4560131,-0.2542496,1.0
244,3,-0.025379784,1.4515924,-0.23934717,1.0
244,4,-0.06126002,1.4663317,-0.26434284,1.0
244,5,-0.06812003,1.4775212,-0.2904538,1.0
244,6,-0.054301888,1.4747399,-0.2554808,1.0
244,7,0.030247174,1.4380506,-0.14626001,1.0
244,8,-0.105160706,1.4078645,-0.14817518,1.0
244,9,-0.033158477,1.413932,-0.2225997,1.0
244,10,-0.06976318,1.3949251,-0.24820581,1.0
244,11,0.07558712,1.2728658,-0.059008963,1.0
244,12,-0.19837886,1.3145562,0.043740198,1.0
244,13,0.0519292,1.0782387,-0.13905038,1.0
244,14,-0.21333776,1.0158881,-0.030279882,1.0
244,15,-0.015519578,1.1191818,-0.24072309,1.0
244,16,-0.3333349,1.0293221,-0.23756437,1.0
244,17,-0.036966633,1.1292315,-0.26295972,1.0
244,18,-0.33559918,1.062591,-0.29372454,1.0
244,19,-0.04668442,1.1606728,-0.2683388,1.0
244,20,-0.34162405,1.1264501,-0.3187677,1.0
244,21,-0.009223672,1.1081151,-0.24348208,1.0
244,22,-0.33214468,1.057472,-0.25921318,1.0
244,23,0.09741992,0.8404948,0.009456731,1.0
244,24,-0.09009727,0.80944145,-0.02593671,1.0
244,25,0.21960679,0.46250919,-0.044890296,1.0
244,26,-0.057313647,0.4954602,-0.030628406,1.0
244,27,0.3600355,0.22997138,0.27631193,1.0
244,28,-0.11559869,0.093053035,0.12866402,1.0
244,29,0.3500017,0.20480156,0.31687242,1.0
244,30,-0.12388164,0.050419733,0.10959004,1.0
244,31,0.36461106,0.13129137,0.29919907,1.0
244,32,-0.13793314,0.021210976,0.02734527,1.0
245,0,-0.058217593,1.4344218,-0.21497424,1.0
245,1,-0.043573648,1.4542117,-0.2111571,1.0
245,2,-0.02874603,1.4590508,-0.19997118,1.0
245,3,-0.02975301,1.4510032,-0.18953155,1.0
245,4,-0.06628936,1.4667207,-0.21537344,1.0
245,5,-0.07073012,1.4747214,-0.24036719,1.0
245,6,-0.05338905,1.4706438,-0.20697728,1.0
245,7,0.01759774,1.4399605,-0.09072145,1.0
245,8,-0.11767274,1.4087423,-0.102507345,1.0
245,9,-0.038107112,1.417365,-0.16987854,1.0
245,10,-0.076022334,1.3954468,-0.20210388,1.0
245,11,0.05557892,1.2759804,-0.014090588,1.0
245,12,-0.20901994,1.3167309,0.0722613,1.0
245,13,0.04906717,1.087367,-0.11039082,1.0
245,14,-0.2240485,1.0214179,-0.024085242,1.0
245,15,0.020781616,1.1250496,-0.22453794,1.0
245,16,-0.3231871,1.065198,-0.23186268,1.0
245,17,0.00957616,1.135625,-0.24414733,1.0
245,18,-0.31914935,1.1014838,-0.2948745,1.0
245,19,0.0022853278,1.1655679,-0.24794926,1.0
245,20,-0.3234782,1.1697619,-0.31247947,1.0
245,21,0.031451963,1.1178358,-0.22934301,1.0
245,22,-0.31894583,1.0931436,-0.24989656,1.0
245,23,0.09702827,0.8411637,0.008311425,1.0
245,24,-0.093366124,0.8096287,-0.022451464,1.0
245,25,0.24115343,0.460837,-0.03794797,1.0
245,26,-0.056423787,0.49194604,-0.024059158,1.0
245,27,0.4063714,0.15661049,0.16973902,1.0
245,28,-0.13134253,0.09330082,0.14484666,1.0
245,29,0.39604476,0.12585108,0.20205992,1.0
245,30,-0.1425813,0.047941457,0.12217009,1.0
245,31,0.39837995,0.055581227,0.15325475,1.0
245,32,-0.15758738,0.021680929,0.038387522,1.0
246,0,-0.065327294,1.4297959,-0.1861572,1.0
246,1,-0.05020257,1.450903,-0.18179286,1.0
246,2,-0.036576714,1.459318,-0.16936316,1.0
246,3,-0.039487727,1.4473901,-0.16171755,1.0
246,4,-0.07476296,1.463668,-0.18926284,1.0
246,5,-0.077925146,1.4686886,-0.213349,1.0
246,6,-0.060583606,1.4637436,-0.18039428,1.0
246,7,0.00078971405,1.4367905,-0.06268849,1.0
246,8,-0.12720188,1.4058262,-0.08216711,1.0
246,9,-0.047374234,1.4132845,-0.14329936,1.0
246,10,-0.08553348,1.3908235,-0.17904674,1.0
246,11,0.038870912,1.278444,0.014896082,1.0
246,12,-0.22278433,1.3131927,0.08126896,1.0
246,13,0.040183768,1.0816051,-0.07891558,1.0
246,14,-0.2488894,1.0272957,-0.023877125,1.0
246,15,0.056779075,1.1107243,-0.20627579,1.0
246,16,-0.31581503,1.0809163,-0.2290867,1.0
246,17,0.05171196,1.1227995,-0.22768946,1.0
246,18,-0.302245,1.1222872,-0.2943725,1.0
246,19,0.043840017,1.1506213,-0.2346783,1.0
246,20,-0.30018365,1.1921047,-0.30724233,1.0
246,21,0.06593931,1.1073151,-0.2146344,1.0
246,22,-0.30546108,1.1130834,-0.24542665,1.0
246,23,0.09490987,0.83951503,0.007126569,1.0
246,24,-0.09192623,0.807874,-0.02100769,1.0
246,25,0.24400948,0.45831123,-0.03559185,1.0
246,26,-0.06357495,0.49067542,-0.022803731,1.0
246,27,0.42184567,0.12793304,0.13411321,1.0
246,28,-0.13672692,0.09405657,0.15493901,1.0
246,29,0.41240212,0.09260186,0.16223553,1.0
246,30,-0.14420746,0.048785806,0.12991059,1.0
246,31,0.40915406,0.0241875,0.10695931,1.0
246,32,-0.16151509,0.019327886,0.047239453,1.0
247,0,-0.07174044,1.4185903,-0.17226689,1.0
247,1,-0.0589264,1.441488,-0.16924448,1.0
247,2,-0.045091506,1.4459455,-0.15669622,1.0
247,3,-0.047668777,1.4359286,-0.15092754,1.0
247,4,-0.0817512,1.4542041,-0.17648295,1.0
247,5,-0.08622928,1.4582673,-0.19904557,1.0
247,6,-0.06865668,1.4538841,-0.16723934,1.0
247,7,-0.0058381595,1.4264157,-0.047744937,1.0
247,8,-0.13701569,1.39786,-0.06978457,1.0
247,9,-0.05383175,1.4019243,-0.13118543,1.0
247,10,-0.0932018,1.3803941,-0.16593441,1.0
247,11,0.03192071,1.2648027,0.038779613,1.0
247,12,-0.23537593,1.3100102,0.09264599,1.0
247,13,0.038655147,1.048197,-0.04019494,1.0
247,14,-0.2673937,1.0246947,-0.019108472,1.0
247,15,0.07302153,1.0946273,-0.16017677,1.0
247,16,-0.29275724,1.089112,-0.22372119,1.0
247,17,0.072697096,1.1094012,-0.17943168,1.0
247,18,-0.2667034,1.1316581,-0.2903143,1.0
247,19,0.06866561,1.138134,-0.18932869,1.0
247,20,-0.26039755,1.2072567,-0.29963496,1.0
247,21,0.08589287,1.0894318,-0.16906926,1.0
247,22,-0.27951604,1.1224258,-0.23970684,1.0
247,23,0.09390838,0.83678555,0.0070018554,1.0
247,24,-0.092790544,0.80473715,-0.022574667,1.0
247,25,0.24612741,0.45026278,-0.0343012,1.0
247,26,-0.06488487,0.48833662,-0.026872732,1.0
247,27,0.42961398,0.10593385,0.101560175,1.0
247,28,-0.1424472,0.09489656,0.16262698,1.0
247,29,0.42157525,0.070457764,0.12264705,1.0
247,30,-0.14946067,0.049188685,0.13737081,1.0
247,31,0.41812494,0.007341657,0.05693435,1.0
247,32,-0.17178355,0.022810161,0.05621528,1.0
248,0,-0.08246131,1.3988906,-0.17925178,1.0
248,1,-0.069981754,1.4215878,-0.17687808,1.0
248,2,-0.056946967,1.4259734,-0.16254948,1.0
248,3,-0.05993235,1.4144553,-0.15750717,1.0
248,4,-0.09422935,1.4366359,-0.18388951,1.0
248,5,-0.09716012,1.4401059,-0.20542713,1.0
248,6,-0.08043131,1.4362392,-0.17476553,1.0
248,7,-0.022973573,1.4094927,-0.04724071,1.0
248,8,-0.15303628,1.3820721,-0.07892193,1.0
248,9,-0.06554521,1.3829826,-0.13622212,1.0
248,10,-0.10643811,1.3624231,-0.17218725,1.0
248,11,0.019340038,1.252865,0.049101204,1.0
248,12,-0.25864238,1.298326,0.08260213,1.0
248,13,0.040033363,1.032091,-0.005261859,1.0
248,14,-0.28805032,1.0160134,-0.027916353,1.0
248,15,0.09248901,1.0739343,-0.11076176,1.0
248,16,-0.27731386,1.0767623,-0.22873981,1.0
248,17,0.09410473,1.0889025,-0.1276704,1.0
248,18,-0.243211,1.1200742,-0.29596958,1.0
248,19,0.09061603,1.1166208,-0.13831271,1.0
248,20,-0.23116353,1.197758,-0.30243576,1.0
248,21,0.105923764,1.068091,-0.120387025,1.0
248,22,-0.26111048,1.1112683,-0.24432757,1.0
248,23,0.09590055,0.8314126,0.011272626,1.0
248,24,-0.09634719,0.7960739,-0.026542114,1.0
248,25,0.2459788,0.44623226,-0.03638877,1.0
248,26,-0.06686688,0.4789743,-0.03674234,1.0
248,27,0.4234756,0.111621186,0.11479724,1.0
248,28,-0.15167426,0.09114825,0.16078171,1.0
248,29,0.4143244,0.07603233,0.13620242,1.0
248,30,-0.16052607,0.044476688,0.1367528,1.0
248,31,0.41159615,0.013318453,0.073792115,1.0
248,32,-0.18354398,0.02175603,0.053198196,1.0
249,0,-0.08746371,1.3876379,-0.1999147,1.0
249,1,-0.076151684,1.4122295,-0.1962599,1.0
249,2,-0.06378342,1.4151502,-0.18300587,1.0
249,3,-0.06666777,1.4031328,-0.17718016,1.0
249,4,-0.10120418,1.4255809,-0.20492795,1.0
249,5,-0.10544601,1.429913,-0.22651985,1.0
249,6,-0.08672114,1.4266775,-0.19513547,1.0
249,7,-0.030433102,1.402272,-0.061329357,1.0
249,8,-0.160914,1.37299,-0.09938838,1.0
249,9,-0.073129505,1.3728703,-0.15449445,1.0
249,10,-0.11195478,1.352846,-0.19006002,1.0
249,11,0.013579978,1.2493013,0.03915959,1.0
249,12,-0.26837415,1.2923532,0.06546184,1.0
249,13,0.044971287,1.0246938,-0.010067791,1.0
249,14,-0.2907019,1.0071213,-0.03925041,1.0
249,15,0.103547424,1.0595689,-0.11584741,1.0
249,16,-0.263642,1.0598792,-0.23440228,1.0
249,17,0.10740496,1.0730307,-0.13125464,1.0
249,18,-0.22509024,1.100419,-0.30031207,1.0
249,19,0.10333535,1.100083,-0.14208439,1.0
249,20,-0.21298248,1.1790841,-0.30620807,1.0
249,21,0.11796478,1.0537096,-0.124529965,1.0
249,22,-0.24568203,1.0935394,-0.2484029,1.0
249,23,0.09737405,0.8336626,0.0142887635,1.0
249,24,-0.09924627,0.79578453,-0.029283607,1.0
249,25,0.25041714,0.44856957,-0.03207483,1.0
249,26,-0.069600955,0.4810614,-0.0396592,1.0
249,27,0.43014202,0.11752529,0.12529263,1.0
249,28,-0.16068736,0.091036566,0.1593893,1.0
249,29,0.42101514,0.08101542,0.14786468,1.0
249,30,-0.17182893,0.046506595,0.13615137,1.0
249,31,0.41909543,0.016621059,0.08635002,1.0
249,32,-0.19449893,0.022425562,0.052511245,1.0
250,0,-0.08885389,1.3842068,-0.20365222,1.0
250,1,-0.07843575,1.4081378,-0.19981341,1.0
250,2,-0.06686456,1.4102821,-0.1872394,1.0
250,3,-0.069350064,1.3983552,-0.18061078,1.0
250,4,-0.10334802,1.4198583,-0.20943013,1.0
250,5,-0.108131245,1.4258268,-0.22966208,1.0
250,6,-0.08938131,1.4222119,-0.1989508,1.0
250,7,-0.03383866,1.3973068,-0.06506492,1.0
250,8,-0.1621283,1.3674761,-0.10376273,1.0
250,9,-0.075358376,1.3683841,-0.15835205,1.0
250,10,-0.11295293,1.3484522,-0.19364049,1.0
250,11,0.0144254975,1.2438334,0.03707576,1.0
250,12,-0.2696995,1.2849097,0.05790583,1.0
250,13,0.04857354,1.0171804,-0.008551276,1.0
250,14,-0.28670302,0.99997616,-0.04704074,1.0
250,15,0.10625277,1.0507181,-0.11013617,1.0
250,16,-0.2489878,1.0482597,-0.23884407,1.0
250,17,0.10975227,1.0639687,-0.124410905,1.0
250,18,-0.20745808,1.0876678,-0.30395856,1.0
250,19,0.10614699,1.0901297,-0.13502234,1.0
250,20,-0.19495738,1.166138,-0.30816504,1.0
250,21,0.12100921,1.0434909,-0.11802382,1.0
250,22,-0.22987667,1.0818995,-0.25190425,1.0
250,23,0.097846486,0.83155906,0.016449872,1.0
250,24,-0.09957092,0.79358375,-0.03136015,1.0
250,25,0.25266245,0.44583392,-0.028823458,1.0
250,26,-0.07345996,0.47739044,-0.043698132,1.0
250,27,0.42262033,0.11294203,0.1349774,1.0
250,28,-0.16368861,0.09001537,0.15823238,1.0
250,29,0.41312376,0.07612526,0.15795068,1.0
250,30,-0.1750538,0.046606448,0.13575834,1.0
250,31,0.41627553,0.013590086,0.09691115,1.0
250,32,-0.1996383,0.023274012,0.051083826,1.0
251,0,-0.09078363,1.3774996,-0.22821918,1.0
251,1,-0.08097653,1.4001176,-0.22691128,1.0
251,2,-0.068474956,1.4016249,-0.21396594,1.0
251,3,-0.071167715,1.3912526,-0.20857674,1.0
251,4,-0.10474559,1.4101189,-0.23525697,1.0
251,5,-0.10974182,1.4168484,-0.2539821,1.0
251,6,-0.09142277,1.4140295,-0.22373086,1.0
251,7,-0.027190777,1.389326,-0.09639617,1.0
251,8,-0.1579077,1.3594633,-0.12600347,1.0
251,9,-0.07481153,1.3599247,-0.18509741,1.0
251,10,-0.11104487,1.3402992,-0.2174999,1.0
251,11,0.023238368,1.2371887,0.008056562,1.0
251,12,-0.2579543,1.2770087,0.041076973,1.0
251,13,0.051721886,1.0107872,-0.038470518,1.0
251,14,-0.27480477,0.98778784,-0.059947547,1.0
251,15,0.096868575,1.0452361,-0.13924621,1.0
251,16,-0.25189665,1.0230852,-0.25393558,1.0
251,17,0.10121057,1.059381,-0.15498175,1.0
251,18,-0.21336778,1.0550324,-0.31953567,1.0
251,19,0.09478615,1.083123,-0.16680123,1.0
251,20,-0.2017678,1.1334027,-0.3265468,1.0
251,21,0.11279407,1.0368394,-0.14655343,1.0
251,22,-0.23276739,1.0556468,-0.26892394,1.0
251,23,0.09845241,0.8217724,0.015260932,1.0
251,24,-0.09809581,0.7885215,-0.03005251,1.0
251,25,0.253053,0.43497184,-0.02285402,1.0
251,26,-0.087220415,0.4741557,-0.045533165,1.0
251,27,0.41996917,0.0967642,0.1355093,1.0
251,28,-0.17723219,0.095010936,0.16229537,1.0
251,29,0.41055417,0.05972074,0.15586634,1.0
251,30,-0.18740074,0.0530964,0.14279748,1.0
251,31,0.41623825,-0.0026779799,0.09260902,1.0
251,32,-0.21263419,0.026369609,0.060686216,1.0
252,0,-0.09012749,1.3747053,-0.23171602,1.0
252,1,-0.080501825,1.3976519,-0.23038156,1.0
252,2,-0.06605106,1.3974748,-0.2169782,1.0
252,3,-0.06893913,1.389127,-0.21201551,1.0
252,4,-0.103907436,1.4061928,-0.23770392,1.0
252,5,-0.10819068,1.413401,-0.25725695,1.0
252,6,-0.09050452,1.4097657,-0.22688134,1.0
252,7,-0.021700246,1.387469,-0.09973775,1.0
252,8,-0.1552148,1.3559823,-0.1254248,1.0
252,9,-0.07267264,1.3580365,-0.18853778,1.0
252,10,-0.10890208,1.3372948,-0.21936174,1.0
252,11,0.0331605,1.234619,0.005209063,1.0
252,12,-0.24991491,1.2773725,0.042834196,1.0
252,13,0.066223025,1.0032538,-0.043248504,1.0
252,14,-0.24059771,0.9799303,-0.05538281,1.0
252,15,0.09731056,1.0426457,-0.14538454,1.0
252,16,-0.24693453,1.0166327,-0.24961764,1.0
252,17,0.10080122,1.0589297,-0.16062227,1.0
252,18,-0.21921822,1.0460881,-0.31468827,1.0
252,19,0.09295224,1.0823705,-0.17335059,1.0
252,20,-0.21505973,1.1248543,-0.32521746,1.0
252,21,0.11250673,1.0351037,-0.15112525,1.0
252,22,-0.23420843,1.0472742,-0.26690158,1.0
252,23,0.09931408,0.8162309,0.015051496,1.0
252,24,-0.09761309,0.78490156,-0.029577391,1.0
252,25,0.25101912,0.42951664,-0.026250316,1.0
252,26,-0.08883113,0.4704215,-0.048895482,1.0
252,27,0.42515036,0.091950096,0.13315295,1.0
252,28,-0.18097183,0.09849519,0.16352223,1.0
252,29,0.4168481,0.05708224,0.15230899,1.0
252,30,-0.19091456,0.05674742,0.14494923,1.0
252,31,0.42347988,-0.0066289976,0.08948978,1.0
252,32,-0.21618174,0.029157571,0.06575629,1.0
253,0,-0.09649371,1.39563,-0.19742776,1.0
253,1,-0.0830728,1.4170499,-0.19631827,1.0
253,2,-0.071175516,1.4193754,-0.18242484,1.0
253,3,-0.07208184,1.4090778,-0.17656456,1.0
253,4,-0.10949952,1.4224112,-0.20081939,1.0
253,5,-0.11367852,1.4312543,-0.21978058,1.0
253,6,-0.09535896,1.4264245,-0.19188821,1.0
253,7,-0.017754342,1.4067196,-0.06998835,1.0
253,8,-0.15287073,1.3684164,-0.079115525,1.0
253,9,-0.07298015,1.3788649,-0.15576136,1.0
253,10,-0.108654834,1.3539101,-0.18450062,1.0
253,11,0.044671673,1.2537035,0.021356963,1.0
253,12,-0.23701787,1.2823387,0.08363065,1.0
253,13,0.0834994,1.0283866,-0.04111324,1.0
253,14,-0.21715145,0.9798779,-0.0077938745,1.0
253,15,0.09874099,1.0392598,-0.15604934,1.0
253,16,-0.27106807,1.0210643,-0.20804885,1.0
253,17,0.100458875,1.0480263,-0.17477524,1.0
253,18,-0.25892103,1.0528075,-0.27408096,1.0
253,19,0.08456516,1.0692632,-0.18565056,1.0
253,20,-0.26027182,1.1287061,-0.28734976,1.0
253,21,0.1097673,1.0286404,-0.1622447,1.0
253,22,-0.26169834,1.0533704,-0.22807235,1.0
253,23,0.09956212,0.81641585,0.0105274785,1.0
253,24,-0.09637815,0.7900557,-0.023252014,1.0
253,25,0.25113884,0.43118533,-0.032794006,1.0
253,26,-0.09911636,0.46889606,-0.04754651,1.0
253,27,0.42342237,0.08765327,0.12711377,1.0
253,28,-0.19313008,0.09992069,0.15902907,1.0
253,29,0.417672,0.05213579,0.14613149,1.0
253,30,-0.20304394,0.05805828,0.13758396,1.0
253,31,0.42244172,-0.010265566,0.08125407,1.0
253,32,-0.22916423,0.028405212,0.058130667,1.0
254,0,-0.09721855,1.4044964,-0.1999172,1.0
254,1,-0.08359271,1.4271433,-0.19910777,1.0
254,2,-0.07116647,1.4279954,-0.1868018,1.0
254,3,-0.07220229,1.4199564,-0.1794831,1.0
254,4,-0.11072375,1.4293218,-0.20352057,1.0
254,5,-0.11347768,1.4391528,-0.22246914,1.0
254,6,-0.09677436,1.4332402,-0.19352864,1.0
254,7,-0.011227658,1.4184477,-0.07310013,1.0
254,8,-0.14982356,1.3751032,-0.07500895,1.0
254,9,-0.06971361,1.3899071,-0.1579564,1.0
254,10,-0.104752384,1.3633233,-0.18646283,1.0
254,11,0.06201763,1.2679231,0.019069951,1.0
254,12,-0.22343536,1.2887977,0.08716947,1.0
254,13,0.108258076,1.0495552,-0.05187204,1.0
254,14,-0.19177441,0.9811624,0.00033980608,1.0
254,15,0.10238292,1.0453649,-0.17087483,1.0
254,16,-0.28183955,1.0211535,-0.20360672,1.0
254,17,0.10025351,1.0505806,-0.19109905,1.0
254,18,-0.28118393,1.0517977,-0.26971677,1.0
254,19,0.08139297,1.0709611,-0.20290402,1.0
254,20,-0.28629074,1.1239848,-0.28542784,1.0
254,21,0.11295333,1.0346144,-0.17806971,1.0
254,22,-0.2781478,1.0506204,-0.22375709,1.0
254,23,0.10131923,0.81428087,0.011150494,1.0
254,24,-0.09851535,0.7913062,-0.022449275,1.0
254,25,0.24809772,0.426403,-0.036169197,1.0
254,26,-0.104460895,0.46382415,-0.04579685,1.0
254,27,0.4184453,0.08691799,0.13186857,1.0
254,28,-0.20395522,0.09712319,0.15929128,1.0
254,29,0.41198742,0.05323877,0.1547829,1.0
254,30,-0.21367778,0.05640932,0.13860461,1.0
254,31,0.42000598,-0.009044239,0.09175319,1.0
254,32,-0.23705077,0.026022963,0.060353078,1.0
255,0,-0.097442456,1.4084836,-0.25095072,1.0
255,1,-0.08392885,1.4316171,-0.2532572,1.0
255,2,-0.06942755,1.4307065,-0.24103124,1.0
255,3,-0.07217943,1.4250934,-0.23417631,1.0
255,4,-0.111087725,1.4313861,-0.25525615,1.0
255,5,-0.11219412,1.4423791,-0.27296078,1.0
255,6,-0.09666961,1.4359225,-0.24341671,1.0
255,7,0.004287826,1.4206388,-0.1289209,1.0
255,8,-0.1396006,1.3768823,-0.11566507,1.0
255,9,-0.06295094,1.3926353,-0.20944966,1.0
255,10,-0.09981439,1.3667328,-0.23222432,1.0
255,11,0.088240296,1.2674159,-0.029986281,1.0
255,12,-0.19761817,1.2901696,0.06049458,1.0
255,13,0.1406285,1.0485431,-0.10854107,1.0
255,14,-0.17373757,0.97915274,-0.017486334,1.0
255,15,0.09701679,1.0494711,-0.22236513,1.0
255,16,-0.2926367,1.0223203,-0.23064797,1.0
255,17,0.08807941,1.0581915,-0.24480367,1.0
255,18,-0.2977767,1.0497733,-0.29591092,1.0
255,19,0.06678523,1.0818466,-0.25446808,1.0
255,20,-0.3048184,1.1205237,-0.3162769,1.0
255,21,0.1065867,1.0420032,-0.22870566,1.0
255,22,-0.2929889,1.0500273,-0.25204396,1.0
255,23,0.102861024,0.8141985,0.009733371,1.0
255,24,-0.09942387,0.7957073,-0.018661072,1.0
255,25,0.24089369,0.42075694,-0.03713559,1.0
255,26,-0.103005975,0.4647083,-0.04284415,1.0
255,27,0.4139609,0.08480772,0.13597819,1.0
255,28,-0.2145295,0.10073803,0.16034949,1.0
255,29,0.4059511,0.053350784,0.15991782,1.0
255,30,-0.22521888,0.060402893,0.14308938,1.0
255,31,0.4178722,-0.008964637,0.09876093,1.0
255,32,-0.24882711,0.02912394,0.066094086,1.0
256,0,-0.09344997,1.4090984,-0.24484447,1.0
256,1,-0.0818667,1.4342571,-0.24801569,1.0
256,2,-0.06587181,1.4307194,-0.23760542,1.0
256,3,-0.0692862,1.4265282,-0.22954147,1.0
256,4,-0.107229665,1.4294598,-0.24970241,1.0
256,5,-0.108279765,1.4422812,-0.26612982,1.0
256,6,-0.093378976,1.4345926,-0.23657715,1.0
256,7,0.012303892,1.4196293,-0.1280171,1.0
256,8,-0.1296664,1.3755814,-0.106743164,1.0
256,9,-0.05585343,1.3921049,-0.20460346,1.0
256,10,-0.09286371,1.3666977,-0.22527549,1.0
256,11,0.10768628,1.262119,-0.02813322,1.0
256,12,-0.18116932,1.2901542,0.06500081,1.0
256,13,0.15823507,1.0397769,-0.109335914,1.0
256,14,-0.17127532,0.97961134,-0.011157811,1.0
256,15,0.09147292,1.0486407,-0.21831456,1.0
256,16,-0.29168326,1.0202281,-0.230095,1.0
256,17,0.074754685,1.0579128,-0.23999982,1.0
256,18,-0.29859582,1.0483409,-0.295975,1.0
256,19,0.052957308,1.0848811,-0.2495101,1.0
256,20,-0.30255884,1.1160693,-0.31511742,1.0
256,21,0.09810543,1.0417448,-0.22369328,1.0
256,22,-0.29376757,1.0477996,-0.25235268,1.0
256,23,0.103949934,0.81034696,0.010382623,1.0
256,24,-0.10126194,0.79731286,-0.01920905,1.0
256,25,0.22667277,0.40972698,-0.039467674,1.0
256,26,-0.105737865,0.45976484,-0.04233251,1.0
256,27,0.40712193,0.08157693,0.14772443,1.0
256,28,-0.22703163,0.09925386,0.15982968,1.0
256,29,0.39816132,0.052835,0.17335528,1.0
256,30,-0.23795585,0.059585184,0.14292394,1.0
256,31,0.4150687,-0.009730151,0.113584146,1.0
256,32,-0.25984493,0.028107554,0.06194909,1.0
257,0,-0.09228631,1.4140118,-0.25140992,1.0
257,1,-0.08186251,1.4375498,-0.25811678,1.0
257,2,-0.06476676,1.4346845,-0.24764991,1.0
257,3,-0.06890719,1.431393,-0.23961146,1.0
257,4,-0.10550028,1.4331236,-0.25655946,1.0
257,5,-0.10504121,1.4451966,-0.2733464,1.0
257,6,-0.091613315,1.4382954,-0.24440286,1.0
257,7,0.017835947,1.4219685,-0.14664645,1.0
257,8,-0.12107711,1.3764874,-0.11420355,1.0
257,9,-0.050346162,1.395348,-0.21469858,1.0
257,10,-0.087606676,1.3693564,-0.23275469,1.0
257,11,0.12238863,1.2603633,-0.046289653,1.0
257,12,-0.16502614,1.2901366,0.05691844,1.0
257,13,0.17301023,1.0388823,-0.12907171,1.0
257,14,-0.16274439,0.97891563,-0.016965773,1.0
257,15,0.09102061,1.0494145,-0.23276776,1.0
257,16,-0.28716666,1.0157925,-0.23773777,1.0
257,17,0.070521146,1.0591301,-0.25494736,1.0
257,18,-0.29465595,1.0405666,-0.30261293,1.0
257,19,0.047817126,1.086929,-0.26474005,1.0
257,20,-0.29727212,1.1072387,-0.32271814,1.0
257,21,0.095528826,1.0413637,-0.23829584,1.0
257,22,-0.290408,1.0420593,-0.2606416,1.0
257,23,0.1039998,0.8071074,0.008612186,1.0
257,24,-0.10025778,0.7996133,-0.016275141,1.0
257,25,0.21210387,0.40186134,-0.051078934,1.0
257,26,-0.115357235,0.45834357,-0.042300858,1.0
257,27,0.40221527,0.07915783,0.14779016,1.0
257,28,-0.24311963,0.09760091,0.15045558,1.0
257,29,0.39410266,0.05253768,0.17404644,1.0
257,30,-0.25334227,0.05694635,0.1338675,1.0
257,31,0.41436923,-0.011058005,0.1156408,1.0
257,32,-0.27749208,0.02625797,0.049165003,1.0
258,0,-0.089968845,1.4202038,-0.24642313,1.0
258,1,-0.08056368,1.4438429,-0.25283235,1.0
258,2,-0.0638865,1.4407259,-0.2436086,1.0
258,3,-0.06736805,1.437843,-0.2351602,1.0
258,4,-0.1039422,1.4371781,-0.25125247,1.0
258,5,-0.10336058,1.4509684,-0.26838043,1.0
258,6,-0.09001401,1.4432207,-0.23950791,1.0
258,7,0.020231996,1.4276917,-0.14384575,1.0
258,8,-0.11792164,1.3793957,-0.10795581,1.0
258,9,-0.047226354,1.4021891,-0.21056382,1.0
258,10,-0.08386991,1.3747789,-0.22755103,1.0
258,11,0.12943637,1.2618086,-0.04220458,1.0
258,12,-0.1549615,1.2943522,0.059903122,1.0
258,13,0.18022572,1.0397706,-0.12471245,1.0
258,14,-0.15677506,0.98142886,-0.012195829,1.0
258,15,0.09516898,1.0541046,-0.2284202,1.0
258,16,-0.28485996,1.0188731,-0.23486254,1.0
258,17,0.07317179,1.0640872,-0.25025716,1.0
258,18,-0.29486254,1.0443029,-0.2997148,1.0
258,19,0.05055154,1.0934063,-0.26121944,1.0
258,20,-0.29760063,1.1110529,-0.31924316,1.0
258,21,0.09930502,1.0457104,-0.23308362,1.0
258,22,-0.28923076,1.0454158,-0.25808805,1.0
258,23,0.103811614,0.8066199,0.008862624,1.0
258,24,-0.10018559,0.8035162,-0.01807771,1.0
258,25,0.20886578,0.40124935,-0.0513356,1.0
258,26,-0.12105709,0.46014634,-0.04097104,1.0
258,27,0.3968382,0.07734428,0.14739485,1.0
258,28,-0.25989884,0.09758325,0.14630584,1.0
258,29,0.3884731,0.051698346,0.17378922,1.0
258,30,-0.2714744,0.057457324,0.12932181,1.0
258,31,0.40842795,-0.01206078,0.11364549,1.0
258,32,-0.29183134,0.026852444,0.04119593,1.0
259,0,-0.09005885,1.4299574,-0.24671717,1.0
259,1,-0.08022542,1.4530717,-0.2543872,1.0
259,2,-0.06316914,1.4510142,-0.24436767,1.0
259,3,-0.0673956,1.448828,-0.23728542,1.0
259,4,-0.10348382,1.4478122,-0.25141847,1.0
259,5,-0.10183616,1.4599049,-0.26837972,1.0
259,6,-0.0887641,1.4529074,-0.24051134,1.0
259,7,0.021724515,1.4376935,-0.14834534,1.0
259,8,-0.1155077,1.3887103,-0.109766826,1.0
259,9,-0.046178147,1.412232,-0.21269286,1.0
259,10,-0.082779326,1.3838141,-0.22928491,1.0
259,11,0.13277489,1.2698162,-0.046569634,1.0
259,12,-0.1488978,1.3053832,0.05728164,1.0
259,13,0.18214668,1.0477898,-0.12736121,1.0
259,14,-0.15365195,0.9895816,-0.015591767,1.0
259,15,0.10617842,1.0649818,-0.23086639,1.0
259,16,-0.28227803,1.0278153,-0.23915151,1.0
259,17,0.088383235,1.077419,-0.25372732,1.0
259,18,-0.29288635,1.0522034,-0.30345988,1.0
259,19,0.06566651,1.1059346,-0.26609236,1.0
259,20,-0.29535088,1.1207312,-0.32490954,1.0
259,21,0.11156877,1.0571015,-0.2361683,1.0
259,22,-0.28710133,1.0548007,-0.26448816,1.0
259,23,0.10324375,0.8124574,0.007999845,1.0
259,24,-0.099985965,0.81294805,-0.018059507,1.0
259,25,0.20246872,0.40655994,-0.05202098,1.0
259,26,-0.12962648,0.46883252,-0.0418017,1.0
259,27,0.3777404,0.077713065,0.14897214,1.0
259,28,-0.2779903,0.10845806,0.14590544,1.0
259,29,0.36786988,0.052099835,0.17478424,1.0
259,30,-0.28954992,0.067139685,0.12910852,1.0
259,31,0.3844263,-0.015577988,0.113595635,1.0
259,32,-0.30979362,0.034716025,0.04015176,1.0
260,0,-0.089697696,1.4440134,-0.27578378,1.0
260,1,-0.078618556,1.4678634,-0.28207353,1.0
260,2,-0.061951473,1.4673356,-0.27141872,1.0
260,3,-0.06655876,1.4651775,-0.26506317,1.0
260,4,-0.104147874,1.4647596,-0.27897865,1.0
260,5,-0.1013141,1.4746959,-0.29634392,1.0
260,6,-0.08777288,1.4700722,-0.26939872,1.0
260,7,0.023797715,1.4542044,-0.17097084,1.0
260,8,-0.11709322,1.4038296,-0.13395983,1.0
260,9,-0.045621097,1.4285802,-0.23978162,1.0
260,10,-0.08230882,1.3985316,-0.25772443,1.0
260,11,0.13368776,1.2875781,-0.061205182,1.0
260,12,-0.1495129,1.323324,0.037062034,1.0
260,13,0.17573288,1.0650803,-0.13209276,1.0
260,14,-0.1543666,1.0058793,-0.03596712,1.0
260,15,0.13162538,1.0696856,-0.24449947,1.0
260,16,-0.28162345,1.0471058,-0.2638103,1.0
260,17,0.12439242,1.0803828,-0.2706991,1.0
260,18,-0.29286942,1.0707456,-0.3283041,1.0
260,19,0.102222934,1.1058793,-0.28708568,1.0
260,20,-0.2938941,1.1430227,-0.35308626,1.0
260,21,0.13979146,1.0596124,-0.25344107,1.0
260,22,-0.28493896,1.0744121,-0.29160678,1.0
260,23,0.10438575,0.8272014,0.008409565,1.0
260,24,-0.102465436,0.83050823,-0.020718733,1.0
260,25,0.20255873,0.41600028,-0.05110825,1.0
260,26,-0.1379935,0.4867392,-0.041968692,1.0
260,27,0.36540142,0.077846214,0.14964989,1.0
260,28,-0.29590446,0.12671119,0.14280702,1.0
260,29,0.35487047,0.049776047,0.17488852,1.0
260,30,-0.30774477,0.08588184,0.12498875,1.0
260,31,0.37063488,-0.017834235,0.11032972,1.0
260,32,-0.32510915,0.05248314,0.032748945,1.0
261,0,-0.09076124,1.4505907,-0.27343467,1.0
261,1,-0.078924894,1.47447,-0.27859998,1.0
261,2,-0.06307496,1.4744778,-0.26778206,1.0
261,3,-0.06756511,1.4724613,-0.26170594,1.0
261,4,-0.105033666,1.4721537,-0.27554387,1.0
261,5,-0.10261581,1.4815209,-0.29325938,1.0
261,6,-0.08841713,1.4776224,-0.2665534,1.0
261,7,0.021829933,1.4616628,-0.16586247,1.0
261,8,-0.12021136,1.4112604,-0.13095893,1.0
261,9,-0.047840297,1.4361827,-0.23638763,1.0
261,10,-0.08437572,1.4061171,-0.2549454,1.0
261,11,0.12961209,1.2946064,-0.05592867,1.0
261,12,-0.15378998,1.3313578,0.037554976,1.0
261,13,0.1677552,1.0730295,-0.12493892,1.0
261,14,-0.15805231,1.0140938,-0.038414177,1.0
261,15,0.1372557,1.0726717,-0.23891026,1.0
261,16,-0.272007,1.0572208,-0.26642877,1.0
261,17,0.13407284,1.08265,-0.26505992,1.0
261,18,-0.28005862,1.0811027,-0.33090603,1.0
261,19,0.11281735,1.1068907,-0.28217685,1.0
261,20,-0.27962133,1.1546468,-0.3552522,1.0
261,21,0.14695126,1.0623465,-0.24864055,1.0
261,22,-0.27373675,1.0847881,-0.29397145,1.0
261,23,0.104682416,0.83351874,0.009198492,1.0
261,24,-0.103141494,0.8367818,-0.022024257,1.0
261,25,0.20229408,0.4214158,-0.04934789,1.0
261,26,-0.14340667,0.49390137,-0.042935077,1.0
261,27,0.3522018,0.07907016,0.14919038,1.0
261,28,-0.3092855,0.13382044,0.14036523,1.0
261,29,0.34049878,0.04978652,0.17454031,1.0
261,30,-0.32212797,0.0929766,0.121698335,1.0
261,31,0.35408354,-0.017763069,0.107642695,1.0
261,32,-0.33981147,0.06099944,0.0273327,1.0
262,0,-0.089983165,1.4555331,-0.28666118,1.0
262,1,-0.078233466,1.4794599,-0.2922457,1.0
262,2,-0.0627339,1.4794468,-0.28064758,1.0
262,3,-0.06742637,1.4777129,-0.27475893,1.0
262,4,-0.10530561,1.4778637,-0.28992817,1.0
262,5,-0.101535186,1.4862269,-0.30826718,1.0
262,6,-0.088379815,1.4834037,-0.2804883,1.0
262,7,0.020534625,1.4661924,-0.17582653,1.0
262,8,-0.123389564,1.4167958,-0.1457893,1.0
262,9,-0.048593994,1.4411731,-0.24881458,1.0
262,10,-0.08492416,1.4121574,-0.2700907,1.0
262,11,0.12569219,1.298415,-0.06111163,1.0
262,12,-0.15744041,1.3394083,0.022172414,1.0
262,13,0.15892777,1.0755067,-0.12854399,1.0
262,14,-0.16112015,1.0247635,-0.06220598,1.0
262,15,0.14623193,1.0876496,-0.24321018,1.0
262,16,-0.2500776,1.070669,-0.2888488,1.0
262,17,0.14696613,1.1015087,-0.2684663,1.0
262,18,-0.25166976,1.0936294,-0.35391602,1.0
262,19,0.12922716,1.1255887,-0.28665054,1.0
262,20,-0.2473519,1.1687608,-0.3756215,1.0
262,21,0.15882345,1.0781996,-0.25349656,1.0
262,22,-0.24921548,1.0973763,-0.3151222,1.0
262,23,0.1043427,0.83907664,0.010746023,1.0
262,24,-0.10321482,0.84211093,-0.02370599,1.0
262,25,0.19973432,0.4258887,-0.04267424,1.0
262,26,-0.14472628,0.5006196,-0.04375763,1.0
262,27,0.34477326,0.080590665,0.15040445,1.0
262,28,-0.31880432,0.14040905,0.14038786,1.0
262,29,0.33284062,0.05143427,0.17597482,1.0
262,30,-0.33166626,0.09971735,0.1209721,1.0
262,31,0.34391358,-0.017174333,0.10784307,1.0
262,32,-0.3514486,0.06758697,0.02632194,1.0
263,0,-0.09229024,1.4544431,-0.29181242,1.0
263,1,-0.080510914,1.4788774,-0.29801512,1.0
263,2,-0.06493587,1.4785591,-0.2860955,1.0
263,3,-0.07030905,1.4766293,-0.28106183,1.0
263,4,-0.10792034,1.477643,-0.29655737,1.0
263,5,-0.1041782,1.4851011,-0.31410766,1.0
263,6,-0.091007836,1.4826074,-0.28626734,1.0
263,7,0.017434746,1.4642276,-0.17962058,1.0
263,8,-0.12758322,1.41561,-0.15273625,1.0
263,9,-0.050959118,1.438887,-0.25522053,1.0
263,10,-0.08814439,1.4106444,-0.27681714,1.0
263,11,0.12069583,1.2930528,-0.06374216,1.0
263,12,-0.16251746,1.3378445,0.013581943,1.0
263,13,0.1405554,1.0604384,-0.12671402,1.0
263,14,-0.17553033,1.0259316,-0.07649632,1.0
263,15,0.14851137,1.0646504,-0.24061003,1.0
263,16,-0.23641104,1.0696673,-0.3031398,1.0
263,17,0.15483904,1.0776609,-0.26383305,1.0
263,18,-0.22992648,1.090444,-0.36981705,1.0
263,19,0.14034325,1.0999718,-0.28411502,1.0
263,20,-0.21922536,1.1672033,-0.389199,1.0
263,21,0.16304195,1.0544791,-0.25146598,1.0
263,22,-0.23144256,1.0962496,-0.3288892,1.0
263,23,0.105101764,0.8372504,0.01173798,1.0
263,24,-0.10460706,0.8406508,-0.0237461,1.0
263,25,0.19600107,0.42531323,-0.03945482,1.0
263,26,-0.15065116,0.50122505,-0.04274041,1.0
263,27,0.33548185,0.08158367,0.15171999,1.0
263,28,-0.32629552,0.14006625,0.14471945,1.0
263,29,0.32248285,0.05187577,0.1771888,1.0
263,30,-0.33897874,0.09949363,0.12432283,1.0
263,31,0.33172855,-0.017210476,0.10782872,1.0
263,32,-0.35950556,0.06770565,0.029254563,1.0
264,0,-0.09191872,1.4526747,-0.286181,1.0
264,1,-0.0817046,1.4766779,-0.2926814,1.0
264,2,-0.06597182,1.4766226,-0.28017706,1.0
264,3,-0.07237932,1.4737536,-0.27632463,1.0
264,4,-0.10781709,1.4762595,-0.29124123,1.0
264,5,-0.10530793,1.4837703,-0.30786505,1.0
264,6,-0.09170669,1.4818418,-0.2809497,1.0
264,7,0.015554946,1.4605296,-0.17505032,1.0
264,8,-0.12750523,1.4127921,-0.14885971,1.0
264,9,-0.05120551,1.4357389,-0.2523162,1.0
264,10,-0.089194685,1.4076481,-0.27163237,1.0
264,11,0.118226826,1.2864076,-0.058331925,1.0
264,12,-0.16512543,1.3338019,0.015566509,1.0
264,13,0.14190628,1.0522684,-0.11723625,1.0
264,14,-0.19577178,1.0269076,-0.075527534,1.0
264,15,0.17493828,1.0584751,-0.23381367,1.0
264,16,-0.23212261,1.0672725,-0.3028577,1.0
264,17,0.18675648,1.0729228,-0.25694594,1.0
264,18,-0.21767646,1.0854203,-0.3702366,1.0
264,19,0.17346254,1.0948756,-0.27826646,1.0
264,20,-0.20207933,1.1646451,-0.38828564,1.0
264,21,0.1899588,1.0486857,-0.24507801,1.0
264,22,-0.22300354,1.0943986,-0.3282105,1.0
264,23,0.10555022,0.8340596,0.012869542,1.0
264,24,-0.10537231,0.83846533,-0.024552591,1.0
264,25,0.19590063,0.42345572,-0.034500115,1.0
264,26,-0.15567222,0.50266206,-0.043343086,1.0
264,27,0.33157542,0.08238107,0.16059044,1.0
264,28,-0.3322852,0.13845213,0.14568338,1.0
264,29,0.3186879,0.051737335,0.18494858,1.0
264,30,-0.34522307,0.097829215,0.12442388,1.0
264,31,0.32728654,-0.015979515,0.11621181,1.0
264,32,-0.36455196,0.066040464,0.028732128,1.0
265,0,-0.091257505,1.4515388,-0.28200337,1.0
265,1,-0.08093622,1.4745474,-0.28867143,1.0
265,2,-0.06526224,1.4747604,-0.27601063,1.0
265,3,-0.07202436,1.4716237,-0.27206147,1.0
265,4,-0.10693767,1.4752043,-0.2875493,1.0
265,5,-0.104835354,1.4823945,-0.30333963,1.0
265,6,-0.09090219,1.4802334,-0.2767378,1.0
265,7,0.015474408,1.4577304,-0.171107,1.0
265,8,-0.12688199,1.4113457,-0.1454033,1.0
265,9,-0.05138397,1.4336057,-0.24848777,1.0
265,10,-0.0894384,1.4060868,-0.26773754,1.0
265,11,0.116957024,1.2826879,-0.05661535,1.0
265,12,-0.166735,1.3315066,0.01816419,1.0
265,13,0.14130981,1.0486655,-0.11596075,1.0
265,14,-0.19870701,1.0267849,-0.07274495,1.0
265,15,0.18084589,1.0534624,-0.23146099,1.0
265,16,-0.2342605,1.0622151,-0.29747897,1.0
265,17,0.19466084,1.067789,-0.25383246,1.0
265,18,-0.21883516,1.0788051,-0.36384574,1.0
265,19,0.18173274,1.0891266,-0.2751344,1.0
265,20,-0.20332022,1.1566429,-0.38225928,1.0
265,21,0.1961292,1.043435,-0.24276233,1.0
265,22,-0.22453243,1.0888305,-0.3227547,1.0
265,23,0.10573515,0.8317872,0.012506446,1.0
265,24,-0.105509385,0.8358801,-0.024202436,1.0
265,25,0.19613156,0.4215583,-0.033365503,1.0
265,26,-0.15619366,0.5014621,-0.043393783,1.0
265,27,0.33064234,0.082077794,0.16262881,1.0
265,28,-0.3313345,0.13564545,0.14569068,1.0
265,29,0.31788495,0.05132803,0.18691263,1.0
265,30,-0.34420165,0.09494058,0.12452985,1.0
265,31,0.32654408,-0.015493779,0.1190725,1.0
265,32,-0.3664011,0.06385808,0.029246755,1.0
266,0,-0.082386665,1.4499387,-0.27753428,1.0
266,1,-0.07156542,1.4726259,-0.28349853,1.0
266,2,-0.055314124,1.4727397,-0.27122402,1.0
266,3,-0.062040295,1.4696596,-0.26673895,1.0
266,4,-0.097553335,1.4741211,-0.2835339,1.0
266,5,-0.09562358,1.4810687,-0.29892236,1.0
266,6,-0.081131466,1.4793048,-0.27233505,1.0
266,7,0.022369076,1.4548833,-0.1642412,1.0
266,8,-0.120165795,1.4109182,-0.1422996,1.0
266,9,-0.04362786,1.4310677,-0.24339814,1.0
266,10,-0.08163682,1.4042549,-0.26378986,1.0
266,11,0.118215024,1.2802055,-0.05024946,1.0
266,12,-0.16508998,1.3308396,0.019952273,1.0
266,13,0.14301106,1.0475441,-0.10435983,1.0
266,14,-0.19592941,1.0277963,-0.070348434,1.0
266,15,0.1934197,1.053157,-0.21949945,1.0
266,16,-0.23737548,1.0655288,-0.29348952,1.0
266,17,0.210586,1.0677271,-0.24106836,1.0
266,18,-0.22338419,1.0830492,-0.35925978,1.0
266,19,0.19853187,1.0887399,-0.26349613,1.0
266,20,-0.20861195,1.1612546,-0.3789559,1.0
266,21,0.20974107,1.0428365,-0.23164669,1.0
266,22,-0.22768009,1.092534,-0.31912646,1.0
266,23,0.10588051,0.8298559,0.013193579,1.0
266,24,-0.10577066,0.83366823,-0.02511843,1.0
266,25,0.19679812,0.42064753,-0.03250272,1.0
266,26,-0.15439266,0.4997552,-0.042573456,1.0
266,27,0.3339139,0.08163039,0.16312648,1.0
266,28,-0.3260614,0.13480319,0.14521796,1.0
266,29,0.3215224,0.05055672,0.18662603,1.0
266,30,-0.3382835,0.09398737,0.124173135,1.0
266,31,0.3302539,-0.015851524,0.119327396,1.0
266,32,-0.3616164,0.06357527,0.029696204,1.0
267,0,-0.057533722,1.4501128,-0.27599278,1.0
267,1,-0.04624782,1.4714864,-0.28187492,1.0
267,2,-0.029267628,1.4715159,-0.2695314,1.0
267,3,-0.036134996,1.4686662,-0.26475832,1.0
267,4,-0.071442395,1.4737207,-0.28298417,1.0
267,5,-0.06965498,1.4810152,-0.29795158,1.0
267,6,-0.055819206,1.4788638,-0.271546,1.0
267,7,0.04570569,1.4518989,-0.16153899,1.0
267,8,-0.09854747,1.4124802,-0.14227556,1.0
267,9,-0.01972845,1.4298203,-0.24212773,1.0
267,10,-0.059287295,1.4042988,-0.26312187,1.0
267,11,0.13261501,1.2768725,-0.047869444,1.0
267,12,-0.14840594,1.3335986,0.020989504,1.0
267,13,0.14959885,1.0469455,-0.104376264,1.0
267,14,-0.18109557,1.0297158,-0.06690225,1.0
267,15,0.18736076,1.0649171,-0.2239173,1.0
267,16,-0.23486912,1.0634649,-0.2889419,1.0
267,17,0.20037726,1.0819192,-0.24642801,1.0
267,18,-0.22392845,1.0807207,-0.35476014,1.0
267,19,0.18791565,1.1057916,-0.26827097,1.0
267,20,-0.20933215,1.1571242,-0.37576362,1.0
267,21,0.2017288,1.0562103,-0.235148,1.0
267,22,-0.22596316,1.0900347,-0.31507924,1.0
267,23,0.10588954,0.8285467,0.014282478,1.0
267,24,-0.10552461,0.83437645,-0.026389306,1.0
267,25,0.19786444,0.42039463,-0.029882282,1.0
267,26,-0.15408415,0.4992638,-0.0425345,1.0
267,27,0.33482888,0.08042253,0.16567342,1.0
267,28,-0.32071218,0.13653181,0.14481692,1.0
267,29,0.32235485,0.04965838,0.18869835,1.0
267,30,-0.33140048,0.095864855,0.12366293,1.0
267,31,0.33308452,-0.015713453,0.12276871,1.0
267,32,-0.35334548,0.06560308,0.028906949,1.0
268,0,-0.0428211,1.4488899,-0.29180753,1.0
268,1,-0.03120086,1.470046,-0.29704872,1.0
268,2,-0.014051437,1.4700806,-0.28451228,1.0
268,3,-0.021144267,1.4666843,-0.28016263,1.0
268,4,-0.05574767,1.4718896,-0.2981417,1.0
268,5,-0.054255918,1.480109,-0.3130966,1.0
268,6,-0.041628435,1.4764994,-0.2867213,1.0
268,7,0.06390054,1.4492164,-0.17745641,1.0
268,8,-0.08233561,1.4109985,-0.15213834,1.0
268,9,-0.0039637284,1.4281397,-0.2581206,1.0
268,10,-0.044369206,1.4022788,-0.27697206,1.0
268,11,0.14851756,1.2734157,-0.06353648,1.0
268,12,-0.12783478,1.3339769,0.016389098,1.0
268,13,0.16170223,1.0444599,-0.13068143,1.0
268,14,-0.15906739,1.030544,-0.0642336,1.0
268,15,0.18218048,1.0628906,-0.2559693,1.0
268,16,-0.23491625,1.0631174,-0.2832186,1.0
268,17,0.19160242,1.0795782,-0.27960253,1.0
268,18,-0.2296075,1.0797741,-0.3486181,1.0
268,19,0.1769224,1.1050283,-0.29962856,1.0
268,20,-0.21828948,1.1533377,-0.37129092,1.0
268,21,0.19392116,1.054683,-0.2656012,1.0
268,22,-0.22789057,1.0895159,-0.31074715,1.0
268,23,0.105460145,0.8257886,0.012555361,1.0
268,24,-0.10546293,0.83457166,-0.024746418,1.0
268,25,0.1952526,0.4186137,-0.03686058,1.0
268,26,-0.153974,0.5013432,-0.041255902,1.0
268,27,0.3334982,0.07916341,0.15598159,1.0
268,28,-0.31640428,0.1375702,0.14380679,1.0
268,29,0.3222515,0.048325703,0.17823158,1.0
268,30,-0.32766187,0.0979868,0.121769875,1.0
268,31,0.33233336,-0.015202142,0.11358736,1.0
268,32,-0.34950265,0.06656719,0.02916167,1.0
269,0,-0.023497287,1.4393468,-0.2890569,1.0
269,1,-0.0111380145,1.4607964,-0.29477873,1.0
269,2,0.0058977944,1.4597751,-0.28292438,1.0
269,3,-0.00011923257,1.4577596,-0.27742916,1.0
269,4,-0.03547638,1.4614655,-0.2951294,1.0
269,5,-0.033580218,1.4699751,-0.3100131,1.0
269,6,-0.021557553,1.4658426,-0.2832933,1.0
269,7,0.08599411,1.4383816,-0.1766939,1.0
269,8,-0.06222611,1.4027495,-0.14904806,1.0
269,9,0.016478535,1.4181823,-0.25492892,1.0
269,10,-0.024685834,1.3931496,-0.27383125,1.0
269,11,0.16986492,1.2622092,-0.06184317,1.0
269,12,-0.1053769,1.3281308,0.0190459,1.0
269,13,0.18436542,1.0356758,-0.1321077,1.0
269,14,-0.1348969,1.0269493,-0.056604747,1.0
269,15,0.18385887,1.0537312,-0.25648955,1.0
269,16,-0.23136528,1.0619924,-0.2724708,1.0
269,17,0.18940975,1.068941,-0.28050452,1.0
269,18,-0.23186661,1.0802109,-0.33706725,1.0
269,19,0.17309248,1.0961947,-0.3006396,1.0
269,20,-0.22325395,1.1507162,-0.36169,1.0
269,21,0.19450977,1.04509,-0.266355,1.0
269,22,-0.22775474,1.0870569,-0.30023432,1.0
269,23,0.10497159,0.81415445,0.012870606,1.0
269,24,-0.10497051,0.82565415,-0.025898062,1.0
269,25,0.19246688,0.40917647,-0.04030322,1.0
269,26,-0.15275204,0.49119624,-0.03910142,1.0
269,27,0.33411685,0.075022325,0.1536773,1.0
269,28,-0.31260175,0.13383436,0.14461616,1.0
269,29,0.32253608,0.046965152,0.17700818,1.0
269,30,-0.32285652,0.09449796,0.123251334,1.0
269,31,0.33643383,-0.015502896,0.112856194,1.0
269,32,-0.34202,0.06392301,0.031159721,1.0
270,0,-0.016933016,1.4339274,-0.31296027,1.0
270,1,-0.0041335765,1.4528412,-0.32044348,1.0
270,2,0.013127696,1.4525664,-0.3079287,1.0
270,3,0.0073131835,1.4507415,-0.30245632,1.0
270,4,-0.028785305,1.4543788,-0.31871727,1.0
270,5,-0.025533445,1.4637051,-0.33403307,1.0
270,6,-0.01608167,1.4589089,-0.3075838,1.0
270,7,0.09710136,1.4341273,-0.20458637,1.0
270,8,-0.05132515,1.3975631,-0.16716732,1.0
270,9,0.025607554,1.4133941,-0.27948958,1.0
270,10,-0.015555684,1.3865913,-0.29589328,1.0
270,11,0.18721277,1.2597209,-0.083407,1.0
270,12,-0.08779651,1.3269192,0.0053927256,1.0
270,13,0.20898165,1.0320426,-0.15382516,1.0
270,14,-0.11505941,1.0277067,-0.06635005,1.0
270,15,0.1872837,1.041833,-0.27483225,1.0
270,16,-0.23035148,1.0631282,-0.28487536,1.0
270,17,0.18839107,1.0554136,-0.29903173,1.0
270,18,-0.23643838,1.0803747,-0.35038888,1.0
270,19,0.16893397,1.0823108,-0.3196907,1.0
270,20,-0.22989766,1.1493225,-0.37534976,1.0
270,21,0.19553627,1.0319895,-0.2833925,1.0
270,22,-0.22885755,1.0880342,-0.3136714,1.0
270,23,0.10444147,0.81166804,0.011948703,1.0
270,24,-0.10395521,0.8262438,-0.024321161,1.0
270,25,0.18564078,0.40623084,-0.051403187,1.0
270,26,-0.15067038,0.48916638,-0.03373046,1.0
270,27,0.33222583,0.07206202,0.13747051,1.0
270,28,-0.30834442,0.1348899,0.1488732,1.0
270,29,0.32300878,0.044879876,0.15935707,1.0
270,30,-0.31945482,0.09598872,0.12798485,1.0
270,31,0.33705544,-0.014759512,0.09505755,1.0
270,32,-0.33876595,0.0662443,0.039052345,1.0
271,0,-0.0035991464,1.4342705,-0.32023126,1.0
271,1,0.008395459,1.4513997,-0.328619,1.0
271,2,0.025967592,1.4515597,-0.3161691,1.0
271,3,0.019851234,1.4495674,-0.31046605,1.0
271,4,-0.015341093,1.4522988,-0.32570925,1.0
271,5,-0.012431444,1.4639276,-0.34139407,1.0
271,6,-0.004138224,1.4580579,-0.31564328,1.0
271,7,0.10978895,1.4341621,-0.21499068,1.0
271,8,-0.037899822,1.3967755,-0.17352901,1.0
271,9,0.039847743,1.4140799,-0.28824228,1.0
271,10,-0.0019166283,1.3852704,-0.30219144,1.0
271,11,0.20231858,1.2592494,-0.092013314,1.0
271,12,-0.073792584,1.3284825,-0.0006718347,1.0
271,13,0.22521877,1.0325203,-0.16144514,1.0
271,14,-0.109438665,1.0297301,-0.0706856,1.0
271,15,0.18970962,1.036839,-0.28145227,1.0
271,16,-0.2310262,1.0647709,-0.29210415,1.0
271,17,0.18714237,1.0492816,-0.3050421,1.0
271,18,-0.23857555,1.0806949,-0.35890117,1.0
271,19,0.16555034,1.0764298,-0.3258553,1.0
271,20,-0.23187643,1.148703,-0.38324654,1.0
271,21,0.19529667,1.0251889,-0.28846595,1.0
271,22,-0.23006576,1.0892828,-0.32036707,1.0
271,23,0.104884095,0.8115271,0.013122926,1.0
271,24,-0.10347061,0.8299806,-0.024631154,1.0
271,25,0.18048519,0.4047115,-0.052513912,1.0
271,26,-0.15249197,0.4892183,-0.028685398,1.0
271,27,0.3257109,0.072608806,0.1421909,1.0
271,28,-0.30641457,0.1396181,0.16154741,1.0
271,29,0.3176628,0.045555383,0.16468978,1.0
271,30,-0.31717712,0.1015736,0.14157398,1.0
271,31,0.3335705,-0.014297293,0.100802176,1.0
271,32,-0.3316899,0.06988518,0.053287856,1.0
272,0,0.005844784,1.4348748,-0.31833932,1.0
272,1,0.017601311,1.4513816,-0.326014,1.0
272,2,0.035151698,1.4521048,-0.3138961,1.0
272,3,0.030052267,1.4493728,-0.3068906,1.0
272,4,-0.005698366,1.451907,-0.32204005,1.0
272,5,-0.00409167,1.4641823,-0.33837786,1.0
272,6,0.0053828266,1.4592236,-0.3124762,1.0
272,7,0.120932564,1.4339025,-0.21091986,1.0
272,8,-0.02981109,1.3977472,-0.16915007,1.0
272,9,0.049650025,1.4143451,-0.28398865,1.0
272,10,0.00690069,1.3854874,-0.29772872,1.0
272,11,0.21063823,1.2600254,-0.08667198,1.0
272,12,-0.067092754,1.3286434,0.007783861,1.0
272,13,0.23915352,1.037736,-0.15158343,1.0
272,14,-0.10614422,1.0273019,-0.05152471,1.0
272,15,0.19229242,1.037011,-0.27006212,1.0
272,16,-0.23154451,1.0617707,-0.2678795,1.0
272,17,0.1884741,1.0473479,-0.2950133,1.0
272,18,-0.23853952,1.0790807,-0.33263034,1.0
272,19,0.16444689,1.0756243,-0.31439558,1.0
272,20,-0.23326874,1.145961,-0.35829762,1.0
272,21,0.19746085,1.0235626,-0.27759525,1.0
272,22,-0.23050593,1.0870864,-0.29441482,1.0
272,23,0.10522622,0.81168413,0.013487842,1.0
272,24,-0.102819934,0.8316511,-0.025534917,1.0
272,25,0.17443354,0.40272665,-0.051038895,1.0
272,26,-0.15364748,0.48988265,-0.028201323,1.0
272,27,0.31808048,0.07163241,0.14329988,1.0
272,28,-0.31172863,0.13841355,0.15578997,1.0
272,29,0.31073874,0.044492908,0.1669385,1.0
272,30,-0.32282257,0.10112172,0.13641484,1.0
272,31,0.3267969,-0.014562701,0.10156175,1.0
272,32,-0.33467823,0.07034754,0.045452125,1.0
273,0,0.0058880122,1.4365413,-0.31588754,1.0
273,1,0.017538387,1.4532399,-0.32336384,1.0
273,2,0.03484825,1.4537607,-0.31182575,1.0
273,3,0.029756203,1.4506819,-0.30411428,1.0
273,4,-0.005484447,1.4529716,-0.31909052,1.0
273,5,-0.0049174773,1.4658641,-0.33486307,1.0
273,6,0.005629206,1.4606941,-0.30935955,1.0
273,7,0.12107852,1.4350928,-0.2080612,1.0
273,8,-0.030191943,1.3989769,-0.16714558,1.0
273,9,0.050648797,1.415477,-0.2799576,1.0
273,10,0.0072342767,1.3866299,-0.29404712,1.0
273,11,0.21221384,1.263987,-0.08202018,1.0
273,12,-0.06567674,1.3279132,0.010900311,1.0
273,13,0.2500018,1.047245,-0.1419479,1.0
273,14,-0.106785744,1.0268576,-0.043251168,1.0
273,15,0.20225331,1.040112,-0.256446,1.0
273,16,-0.23298317,1.0590928,-0.2556865,1.0
273,17,0.19821276,1.0492291,-0.2819157,1.0
273,18,-0.23944333,1.0780855,-0.31871134,1.0
273,19,0.17234476,1.0774915,-0.2999197,1.0
273,20,-0.23452896,1.1441817,-0.34643957,1.0
273,21,0.20666103,1.0255558,-0.26469496,1.0
273,22,-0.23205699,1.0858375,-0.2816313,1.0
273,23,0.10528765,0.8123074,0.014331242,1.0
273,24,-0.10225457,0.8335733,-0.026546575,1.0
273,25,0.17235057,0.40169895,-0.04628035,1.0
273,26,-0.15640604,0.49061748,-0.025995698,1.0
273,27,0.30767998,0.07012847,0.1443289,1.0
273,28,-0.3184344,0.14027007,0.15481459,1.0
273,29,0.29982662,0.04213757,0.16831082,1.0
273,30,-0.3300058,0.102858424,0.1360405,1.0
273,31,0.31748226,-0.014646726,0.10161968,1.0
273,32,-0.34077755,0.07339347,0.045059495,1.0
274,0,0.0063764295,1.4417375,-0.30765748,1.0
274,1,0.017545078,1.4574971,-0.31469548,1.0
274,2,0.03514941,1.4582783,-0.30324724,1.0
274,3,0.03004345,1.4551859,-0.29551876,1.0
274,4,-0.0049777413,1.4577092,-0.31086528,1.0
274,5,-0.0043185214,1.4708475,-0.32615468,1.0
274,6,0.006196647,1.4654814,-0.30101225,1.0
274,7,0.1188123,1.4383738,-0.19953461,1.0
274,8,-0.0309934,1.4035215,-0.16125989,1.0
274,9,0.0504965,1.419897,-0.27190092,1.0
274,10,0.006127686,1.3910528,-0.28688484,1.0
274,11,0.21007334,1.2668906,-0.07370335,1.0
274,12,-0.068717524,1.3290895,0.013593029,1.0
274,13,0.25275272,1.0523032,-0.13190745,1.0
274,14,-0.11130716,1.0291983,-0.041198302,1.0
274,15,0.21041186,1.0425127,-0.24838541,1.0
274,16,-0.23561434,1.0580695,-0.25286084,1.0
274,17,0.20693624,1.051518,-0.27461922,1.0
274,18,-0.24110314,1.0768884,-0.31540206,1.0
274,19,0.18092419,1.079108,-0.29309475,1.0
274,20,-0.2356043,1.1433287,-0.3441082,1.0
274,21,0.21467277,1.0277257,-0.2572546,1.0
274,22,-0.23438334,1.0849714,-0.27875847,1.0
274,23,0.10546497,0.8132085,0.014742824,1.0
274,24,-0.10175905,0.83523464,-0.02703401,1.0
274,25,0.16933806,0.40057445,-0.04010872,1.0
274,26,-0.16441612,0.492242,-0.025685772,1.0
274,27,0.29737994,0.067971826,0.14829233,1.0
274,28,-0.3282007,0.14444557,0.15374692,1.0
274,29,0.28872186,0.039168723,0.17221305,1.0
274,30,-0.33987436,0.10689456,0.13540925,1.0
274,31,0.30817333,-0.014680204,0.10539426,1.0
274,32,-0.35154554,0.08059325,0.044233613,1.0
275,0,0.005108147,1.4458528,-0.30584213,1.0
275,1,0.015950061,1.4611694,-0.31267586,1.0
275,2,0.0329631,1.4622985,-0.3008499,1.0
275,3,0.027939241,1.4592669,-0.2938394,1.0
275,4,-0.0061234375,1.4620793,-0.3094052,1.0
275,5,-0.005604146,1.4748625,-0.32449403,1.0
275,6,0.0046916325,1.4691799,-0.30000398,1.0
275,7,0.11369702,1.4427718,-0.19734137,1.0
275,8,-0.03489103,1.4078649,-0.16320588,1.0
275,9,0.047899544,1.424348,-0.2704061,1.0
275,10,0.0032354197,1.3954021,-0.2865569,1.0
275,11,0.20505859,1.2708502,-0.07133999,1.0
275,12,-0.07275266,1.3330511,0.007206917,1.0
275,13,0.24640417,1.061013,-0.1296731,1.0
275,14,-0.111406855,1.034329,-0.053263035,1.0
275,15,0.21723504,1.0550904,-0.24708186,1.0
275,16,-0.23528281,1.0554824,-0.26495603,1.0
275,17,0.21706125,1.0664296,-0.27266908,1.0
275,18,-0.24135727,1.0719949,-0.3279752,1.0
275,19,0.19299628,1.0932258,-0.29205853,1.0
275,20,-0.23565191,1.137116,-0.3570507,1.0
275,21,0.22252767,1.0410017,-0.25646517,1.0
275,22,-0.2341618,1.0801303,-0.29112655,1.0
275,23,0.10553001,0.8165908,0.017336523,1.0
275,24,-0.10157502,0.83895355,-0.029141242,1.0
275,25,0.16777496,0.40313268,-0.023778623,1.0
275,26,-0.1717662,0.49612814,-0.026225857,1.0
275,27,0.28167218,0.0669592,0.16463782,1.0
275,28,-0.33695602,0.14766628,0.15238981,1.0
275,29,0.27130756,0.037517514,0.1890958,1.0
275,30,-0.34885818,0.10962272,0.13350084,1.0
275,31,0.2937397,-0.014625679,0.12106725,1.0
275,32,-0.3595781,0.08597404,0.039716326,1.0
276,0,0.0066914293,1.4524904,-0.29326683,1.0
276,1,0.016914424,1.4699649,-0.2980616,1.0
276,2,0.032953784,1.4700717,-0.28720653,1.0
276,3,0.029025678,1.4675968,-0.2795918,1.0
276,4,-0.0057857055,1.4692991,-0.29666597,1.0
276,5,-0.0051200977,1.4821392,-0.31180665,1.0
276,6,0.0058769453,1.4765496,-0.2868957,1.0
276,7,0.10995919,1.4517027,-0.17953414,1.0
276,8,-0.03797123,1.4157684,-0.1530655,1.0
276,9,0.04765436,1.4330966,-0.25518304,1.0
276,10,0.0036612614,1.4037944,-0.27440542,1.0
276,11,0.20155755,1.2805091,-0.051085424,1.0
276,12,-0.0771901,1.340573,0.010911674,1.0
276,13,0.23924091,1.0708239,-0.1036406,1.0
276,14,-0.11657957,1.037042,-0.05222759,1.0
276,15,0.22156541,1.0594323,-0.22312456,1.0
276,16,-0.23283873,1.0588413,-0.26525462,1.0
276,17,0.22390898,1.0691739,-0.24920186,1.0
276,18,-0.23877212,1.0767925,-0.32893193,1.0
276,19,0.20168412,1.0951502,-0.27072373,1.0
276,20,-0.23182175,1.1427304,-0.35675782,1.0
276,21,0.22931892,1.0446535,-0.23476888,1.0
276,22,-0.23126185,1.0826342,-0.29037547,1.0
276,23,0.105560735,0.82066363,0.020934584,1.0
276,24,-0.10281368,0.84345704,-0.034158252,1.0
276,25,0.16679575,0.4056893,-0.019392071,1.0
276,26,-0.17529011,0.49791524,-0.032539908,1.0
276,27,0.26733258,0.068716526,0.17642504,1.0
276,28,-0.35113987,0.15428846,0.15128063,1.0
276,29,0.25436422,0.039747626,0.20346406,1.0
276,30,-0.3636223,0.11662867,0.13332395,1.0
276,31,0.27819017,-0.01471194,0.13512096,1.0
276,32,-0.36815268,0.09275222,0.03694067,1.0
277,0,0.0061803507,1.4643656,-0.27416268,1.0
277,1,0.015596963,1.481786,-0.27667147,1.0
277,2,0.031831328,1.4819889,-0.2656796,1.0
277,3,0.027768657,1.4797887,-0.25827384,1.0
277,4,-0.0065727886,1.4828221,-0.2756953,1.0
277,5,-0.0062838374,1.4952906,-0.29174325,1.0
277,6,0.0053607523,1.4900842,-0.26732334,1.0
277,7,0.10225866,1.463583,-0.15535374,1.0
277,8,-0.043661207,1.4289377,-0.13825347,1.0
277,9,0.043882478,1.4453518,-0.23486847,1.0
277,10,-0.00057601975,1.4160296,-0.2560241,1.0
277,11,0.19049568,1.2896868,-0.026582738,1.0
277,12,-0.090592846,1.3518965,0.01852752,1.0
277,13,0.23033725,1.0796402,-0.07338315,1.0
277,14,-0.12988764,1.0473034,-0.053749625,1.0
277,15,0.2357916,1.06653,-0.19576333,1.0
277,16,-0.21594398,1.065985,-0.2669619,1.0
277,17,0.24334109,1.0756675,-0.2215979,1.0
277,18,-0.21401876,1.0831505,-0.33138928,1.0
277,19,0.22343425,1.1003326,-0.24432923,1.0
277,20,-0.20419377,1.1514223,-0.35760403,1.0
277,21,0.24661738,1.0511038,-0.20849289,1.0
277,22,-0.2119452,1.0898812,-0.29119653,1.0
277,23,0.10479701,0.828516,0.023572609,1.0
277,24,-0.10208288,0.84935635,-0.03724,1.0
277,25,0.16608083,0.41116652,-0.016869515,1.0
277,26,-0.17761363,0.50497645,-0.039058335,1.0
277,27,0.25323135,0.06740046,0.17420636,1.0
277,28,-0.36126482,0.1610712,0.14372043,1.0
277,29,0.2387763,0.03733969,0.20107412,1.0
277,30,-0.37451637,0.123826556,0.125354,1.0
277,31,0.26423037,-0.014919288,0.13129468,1.0
277,32,-0.37992856,0.103959136,0.027906068,1.0
278,0,0.004670349,1.4767121,-0.26546952,1.0
278,1,0.011919599,1.4921868,-0.26620466,1.0
278,2,0.029720234,1.4943013,-0.25375926,1.0
278,3,0.02452508,1.4901998,-0.24872866,1.0
278,4,-0.008554053,1.4958166,-0.26557568,1.0
278,5,-0.009688732,1.5090109,-0.28382376,1.0
278,6,0.002369482,1.5035284,-0.26026,1.0
278,7,0.09215486,1.4737538,-0.1435945,1.0
278,8,-0.05191287,1.4385078,-0.1338239,1.0
278,9,0.03907909,1.4581137,-0.2278755,1.0
278,10,-0.007146876,1.428052,-0.24826854,1.0
278,11,0.17797521,1.2956358,-0.018282756,1.0
278,12,-0.10686569,1.3615565,0.018550012,1.0
278,13,0.22157465,1.0858191,-0.06596104,1.0
278,14,-0.1474922,1.0574783,-0.06718318,1.0
278,15,0.23529533,1.0685875,-0.19270717,1.0
278,16,-0.19145592,1.0505097,-0.2828554,1.0
278,17,0.24178141,1.0776093,-0.21797362,1.0
278,18,-0.17899604,1.0576749,-0.35048985,1.0
278,19,0.2198504,1.1006436,-0.23888075,1.0
278,20,-0.16187412,1.1263174,-0.37253535,1.0
278,21,0.24323359,1.0534352,-0.20310245,1.0
278,22,-0.18223457,1.072462,-0.30729443,1.0
278,23,0.10555876,0.8353964,0.025310097,1.0
278,24,-0.10114841,0.85481685,-0.03752686,1.0
278,25,0.1616421,0.4170942,-0.013528604,1.0
278,26,-0.18772312,0.5157172,-0.045940954,1.0
278,27,0.2325923,0.06641258,0.17429057,1.0
278,28,-0.37266985,0.16561075,0.13758256,1.0
278,29,0.21778461,0.03418172,0.19897534,1.0
278,30,-0.3873833,0.1291753,0.117853,1.0
278,31,0.24108084,-0.014779792,0.12786938,1.0
278,32,-0.3980091,0.11423433,0.018745728,1.0
279,0,-0.0008545347,1.4784632,-0.2735278,1.0
279,1,0.0044807955,1.4926759,-0.2730787,1.0
279,2,0.022297759,1.4955832,-0.2600522,1.0
279,3,0.015667785,1.4899949,-0.25675866,1.0
279,4,-0.01526571,1.4975256,-0.27360043,1.0
279,5,-0.017677251,1.5125064,-0.29260254,1.0
279,6,-0.006614974,1.507401,-0.2705791,1.0
279,7,0.07676149,1.4741817,-0.14890558,1.0
279,8,-0.06390825,1.4371289,-0.14755966,1.0
279,9,0.031206528,1.4601047,-0.23787974,1.0
279,10,-0.016489023,1.4289043,-0.25706822,1.0
279,11,0.16426252,1.2954597,-0.020121437,1.0
279,12,-0.13067979,1.3604224,0.004500608,1.0
279,13,0.21673992,1.0892199,-0.066439725,1.0
279,14,-0.20780385,1.065872,-0.08513823,1.0
279,15,0.23376518,1.0567986,-0.19349265,1.0
279,16,-0.16560727,1.0416111,-0.29081053,1.0
279,17,0.23876415,1.0614688,-0.21993211,1.0
279,18,-0.12807758,1.0404143,-0.35963023,1.0
279,19,0.21241403,1.0831516,-0.23743936,1.0
279,20,-0.09490608,1.1127629,-0.374253,1.0
279,21,0.2400132,1.0401667,-0.20217545,1.0
279,22,-0.14554496,1.0638628,-0.31273204,1.0
279,23,0.10607259,0.83767825,0.02845871,1.0
279,24,-0.10154322,0.854058,-0.038698826,1.0
279,25,0.16053621,0.41629094,-0.013281919,1.0
279,26,-0.1973577,0.5209981,-0.047936045,1.0
279,27,0.21800928,0.066095255,0.17516258,1.0
279,28,-0.39267159,0.16135597,0.13031007,1.0
279,29,0.20357509,0.03161722,0.19821192,1.0
279,30,-0.41032812,0.12588835,0.10830623,1.0
279,31,0.22548082,-0.012341655,0.12778369,1.0
279,32,-0.42243207,0.11914945,0.005927318,1.0
280,0,-0.008501539,1.4765364,-0.26461497,1.0
280,1,-0.0049872193,1.4903574,-0.26364613,1.0
280,2,0.013177156,1.4929041,-0.25163567,1.0
280,3,0.0087129725,1.489005,-0.24632914,1.0
280,4,-0.025685243,1.4957576,-0.264694,1.0
280,5,-0.026254978,1.5100186,-0.28282154,1.0
280,6,-0.01640482,1.5041153,-0.25861767,1.0
280,7,0.067558914,1.4706197,-0.13529164,1.0
280,8,-0.07529088,1.4348855,-0.1417007,1.0
280,9,0.024130693,1.4580696,-0.22371918,1.0
280,10,-0.024164582,1.4272324,-0.24723956,1.0
280,11,0.16161998,1.2994226,-0.00025508367,1.0
280,12,-0.14724499,1.3562244,0.008137409,1.0
280,13,0.23369952,1.09961,-0.029747743,1.0
280,14,-0.24262357,1.0626572,-0.07794309,1.0
280,15,0.23417692,1.0302497,-0.13571438,1.0
280,16,-0.14914536,1.0150198,-0.26344088,1.0
280,17,0.23323932,1.0207977,-0.16066681,1.0
280,18,-0.093151316,1.0090913,-0.32855162,1.0
280,19,0.20127542,1.038893,-0.17735174,1.0
280,20,-0.05111244,1.0774543,-0.34016016,1.0
280,21,0.2405605,1.0072099,-0.14663565,1.0
280,22,-0.12264747,1.0347266,-0.2798602,1.0
280,23,0.105329275,0.8362175,0.03278577,1.0
280,24,-0.10147618,0.8500134,-0.04417094,1.0
280,25,0.15442006,0.41001114,-0.003726351,1.0
280,26,-0.19452724,0.5140581,-0.051732633,1.0
280,27,0.20547365,0.063543186,0.18390492,1.0
280,28,-0.40899938,0.15670106,0.12162688,1.0
280,29,0.18958117,0.029423513,0.20946547,1.0
280,30,-0.42757472,0.121995114,0.10275157,1.0
280,31,0.21785752,-0.013384117,0.13997805,1.0
280,32,-0.43457124,0.11571307,-0.0014069146,1.0
281,0,-0.010894081,1.4744327,-0.26264003,1.0
281,1,-0.009158672,1.4878048,-0.26182547,1.0
281,2,0.011056192,1.4884152,-0.2509802,1.0
281,3,0.0060454747,1.4861991,-0.245067,1.0
281,4,-0.02760755,1.4948149,-0.26362827,1.0
281,5,-0.027350351,1.5087135,-0.28104198,1.0
281,6,-0.019218655,1.5004051,-0.25670278,1.0
281,7,0.06296356,1.4625275,-0.13698693,1.0
281,8,-0.07574463,1.4288051,-0.14585051,1.0
281,9,0.022155408,1.4543462,-0.22194937,1.0
281,10,-0.025889914,1.4235322,-0.24658707,1.0
281,11,0.16206945,1.2965369,-0.0050407434,1.0
281,12,-0.15267862,1.3491088,0.005582736,1.0
281,13,0.26912355,1.1160794,-0.0183125,1.0
281,14,-0.26201078,1.0747573,-0.072080135,1.0
281,15,0.23538353,1.0101012,-0.079905614,1.0
281,16,-0.15189758,0.9960923,-0.22442642,1.0
281,17,0.22284856,0.98769504,-0.098308705,1.0
281,18,-0.088053055,0.982442,-0.28125665,1.0
281,19,0.18137102,1.0005813,-0.111696064,1.0
281,20,-0.04234575,1.0427436,-0.2925027,1.0
281,21,0.23707,0.9829519,-0.08936348,1.0
281,22,-0.12306728,1.0124547,-0.2393429,1.0
281,23,0.10327892,0.8300365,0.032189302,1.0
281,24,-0.10047173,0.84099406,-0.044580102,1.0
281,25,0.14300603,0.40050325,-0.00039232057,1.0
281,26,-0.19294581,0.5063233,-0.052805714,1.0
281,27,0.19570494,0.056056514,0.18251917,1.0
281,28,-0.41073328,0.1418621,0.09725647,1.0
281,29,0.17985715,0.023341112,0.2070014,1.0
281,30,-0.4302053,0.10695043,0.07799493,1.0
281,31,0.2112527,-0.013623905,0.14077498,1.0
281,32,-0.44535634,0.10555687,-0.024421655,1.0
282,0,-0.014830203,1.4730226,-0.2779069,1.0
282,1,-0.01576769,1.4877441,-0.27851543,1.0
282,2,0.0046899025,1.48682,-0.26837412,1.0
282,3,4.5956112e-05,1.4855947,-0.26196927,1.0
282,4,-0.031920172,1.4936627,-0.28145155,1.0
282,5,-0.032670546,1.50786,-0.2973811,1.0
282,6,-0.023919465,1.4983317,-0.2725674,1.0
282,7,0.054633744,1.462614,-0.15778169,1.0
282,8,-0.08000154,1.4267994,-0.1682523,1.0
282,9,0.017076088,1.4555668,-0.23787643,1.0
282,10,-0.029485824,1.4234176,-0.26211354,1.0
282,11,0.158868,1.3053772,-0.022661082,1.0
282,12,-0.15578671,1.3488781,-0.008905308,1.0
282,13,0.298459,1.1531518,-0.0026612782,1.0
282,14,-0.27470046,1.091371,-0.08244191,1.0
282,15,0.24960634,1.0162916,-0.003692239,1.0
282,16,-0.16291645,0.99851626,-0.22274728,1.0
282,17,0.23003599,0.9846274,-0.010916542,1.0
282,18,-0.097487725,0.9826018,-0.2765813,1.0
282,19,0.18274876,0.99151415,-0.024776265,1.0
282,20,-0.04927463,1.0375854,-0.28426874,1.0
282,21,0.2486393,0.98483425,-0.009787009,1.0
282,22,-0.13354367,1.0130322,-0.23638892,1.0
282,23,0.10147512,0.83192825,0.03179679,1.0
282,24,-0.09838074,0.8418562,-0.044205613,1.0
282,25,0.13341033,0.39903688,0.0052564987,1.0
282,26,-0.19184498,0.5093936,-0.054962814,1.0
282,27,0.18104665,0.05402012,0.17934227,1.0
282,28,-0.41262364,0.1375313,0.081716515,1.0
282,29,0.16313937,0.020579953,0.20337145,1.0
282,30,-0.4344401,0.10311456,0.06245775,1.0
282,31,0.19292979,-0.013570148,0.13842098,1.0
282,32,-0.45240876,0.10409172,-0.038266905,1.0
283,0,-0.014867389,1.4722235,-0.28518668,1.0
283,1,-0.016765123,1.4891247,-0.2855382,1.0
283,2,0.0029285667,1.4862814,-0.2750987,1.0
283,3,-0.0023133224,1.4856887,-0.26901758,1.0
283,4,-0.034813516,1.4935266,-0.2893845,1.0
283,5,-0.03300917,1.5080409,-0.30598772,1.0
283,6,-0.025561994,1.4979856,-0.28108695,1.0
283,7,0.050660186,1.46404,-0.16456376,1.0
283,8,-0.08355078,1.4265373,-0.17934331,1.0
283,9,0.015605293,1.457631,-0.24495266,1.0
283,10,-0.029639255,1.4220965,-0.27271432,1.0
283,11,0.15769373,1.3171644,-0.02939547,1.0
283,12,-0.15854804,1.3511279,-0.027120901,1.0
283,13,0.3245272,1.1862457,-0.026158806,1.0
283,14,-0.28561333,1.120666,-0.113121174,1.0
283,15,0.27959147,1.0387416,-0.0493259,1.0
283,16,-0.1731532,1.0259303,-0.24946442,1.0
283,17,0.2572397,1.0016655,-0.060290493,1.0
283,18,-0.10841635,1.0063367,-0.30089143,1.0
283,19,0.20575888,1.005567,-0.07516083,1.0
283,20,-0.05647218,1.0586234,-0.308366,1.0
283,21,0.27639446,1.0054281,-0.058775455,1.0
283,22,-0.14080985,1.0374146,-0.26000002,1.0
283,23,0.09990921,0.83335835,0.03346211,1.0
283,24,-0.097566836,0.8437683,-0.04708732,1.0
283,25,0.12669618,0.40177414,0.010860539,1.0
283,26,-0.1918698,0.51101923,-0.05492115,1.0
283,27,0.16999681,0.056054004,0.18094014,1.0
283,28,-0.4120154,0.13862307,0.07961684,1.0
283,29,0.15394798,0.022719195,0.20579566,1.0
283,30,-0.43169215,0.105897404,0.057838533,1.0
283,31,0.18667732,-0.01262242,0.14352974,1.0
283,32,-0.44466418,0.09999473,-0.037015177,1.0
284,0,-0.013965032,1.4818538,-0.27363974,1.0
284,1,-0.018950455,1.4981375,-0.26966062,1.0
284,2,0.0035253833,1.49665,-0.25980198,1.0
284,3,-0.0023353985,1.4950364,-0.25470954,1.0
284,4,-0.03456405,1.5023807,-0.27599812,1.0
284,5,-0.032384913,1.5159955,-0.2934811,1.0
284,6,-0.025639473,1.506393,-0.2681034,1.0
284,7,0.047824666,1.4749298,-0.14936732,1.0
284,8,-0.08233844,1.435033,-0.16470979,1.0
284,9,0.016980417,1.4674492,-0.2301923,1.0
284,10,-0.029277286,1.4304228,-0.25788596,1.0
284,11,0.15808499,1.3372532,-0.014177629,1.0
284,12,-0.156148,1.3680592,-0.023857115,1.0
284,13,0.34894916,1.239948,-0.005644398,1.0
284,14,-0.2904782,1.1677527,-0.13379978,1.0
284,15,0.3390272,1.0990058,-0.02075478,1.0
284,16,-0.17722611,1.106731,-0.28498954,1.0
284,17,0.3254192,1.0608749,-0.030134795,1.0
284,18,-0.113575004,1.0942053,-0.33921617,1.0
284,19,0.27059734,1.0598792,-0.04441746,1.0
284,20,-0.06347215,1.1450028,-0.3448863,1.0
284,21,0.3357055,1.0611874,-0.03144597,1.0
284,22,-0.14435434,1.1186559,-0.29445466,1.0
284,23,0.09947182,0.8419972,0.037758514,1.0
284,24,-0.09383763,0.85068494,-0.05185231,1.0
284,25,0.12925224,0.4077525,0.00840451,1.0
284,26,-0.17506805,0.51324993,-0.06999751,1.0
284,27,0.17391214,0.05411348,0.1787475,1.0
284,28,-0.41179356,0.15857899,0.078294866,1.0
284,29,0.15671885,0.021498214,0.20329027,1.0
284,30,-0.43368456,0.1268735,0.05948999,1.0
284,31,0.19433592,-0.014331501,0.1477429,1.0
284,32,-0.44106552,0.115384534,-0.030749358,1.0
285,0,-0.011598217,1.4953873,-0.23335278,1.0
285,1,-0.018861646,1.5121044,-0.23005965,1.0
285,2,0.0044781887,1.5102906,-0.2197494,1.0
285,3,-0.0019999482,1.5103127,-0.21463217,1.0
285,4,-0.033655785,1.5173746,-0.23760197,1.0
285,5,-0.030646063,1.5284023,-0.25467095,1.0
285,6,-0.024352012,1.520114,-0.22913739,1.0
285,7,0.04286863,1.4909407,-0.1092476,1.0
285,8,-0.08394547,1.448112,-0.12967828,1.0
285,9,0.018205553,1.4815837,-0.18880263,1.0
285,10,-0.027553584,1.4432194,-0.22050464,1.0
285,11,0.15044226,1.360167,0.021993328,1.0
285,12,-0.15763968,1.3841798,-0.007531296,1.0
285,13,0.34132442,1.3009549,0.026992576,1.0
285,14,-0.3013805,1.21853,-0.14496659,1.0
285,15,0.38250425,1.2005755,0.012626819,1.0
285,16,-0.18551178,1.2461226,-0.30026644,1.0
285,17,0.38520306,1.1745887,0.009219386,1.0
285,18,-0.12100612,1.2536947,-0.35693488,1.0
285,19,0.33874387,1.1685853,-0.00700415,1.0
285,20,-0.07433145,1.3119555,-0.35723847,1.0
285,21,0.38798457,1.1606356,0.00031135278,1.0
285,22,-0.15531646,1.2614787,-0.30734077,1.0
285,23,0.09858904,0.8534243,0.044732027,1.0
285,24,-0.09368976,0.8595399,-0.05771496,1.0
285,25,0.12853062,0.4153513,0.005208753,1.0
285,26,-0.15238072,0.5176451,-0.08710032,1.0
285,27,0.16161127,0.06056311,0.17565091,1.0
285,28,-0.41262126,0.18874253,0.0801637,1.0
285,29,0.14182596,0.028577913,0.20231305,1.0
285,30,-0.43517342,0.156665,0.064948484,1.0
285,31,0.18270339,-0.015270089,0.15161824,1.0
285,32,-0.43464646,0.13574342,-0.014826528,1.0
286,0,-0.015258606,1.536328,-0.22816579,1.0
286,1,-0.019194033,1.5553199,-0.22563107,1.0
286,2,0.0029832781,1.5542519,-0.21667689,1.0
286,3,-0.0028447444,1.553044,-0.20909378,1.0
286,4,-0.035880204,1.5608454,-0.23376678,1.0
286,5,-0.030538648,1.566985,-0.2530219,1.0
286,6,-0.023481598,1.5615656,-0.22621563,1.0
286,7,0.044630483,1.5317335,-0.106446,1.0
286,8,-0.08099044,1.4883201,-0.12455407,1.0
286,9,0.020076038,1.5214005,-0.18566027,1.0
286,10,-0.027095428,1.4848385,-0.2173271,1.0
286,11,0.15051019,1.3930699,0.016251754,1.0
286,12,-0.14553823,1.4319454,-0.008140489,1.0
286,13,0.3271701,1.3691919,0.020607872,1.0
286,14,-0.30300072,1.3151063,-0.16221441,1.0
286,15,0.43441314,1.3740265,0.017782765,1.0
286,16,-0.21692713,1.4351223,-0.3297011,1.0
286,17,0.45301443,1.3799976,0.021430578,1.0
286,18,-0.16251719,1.4621723,-0.38754234,1.0
286,19,0.42486042,1.3722787,0.0030547734,1.0
286,20,-0.118255705,1.5303619,-0.38048497,1.0
286,21,0.45029518,1.3394793,0.0059911786,1.0
286,22,-0.18997018,1.4571899,-0.33209217,1.0
286,23,0.0955536,0.88332903,0.04459553,1.0
286,24,-0.08922746,0.88529044,-0.05572716,1.0
286,25,0.12446377,0.4370994,-0.010056239,1.0
286,26,-0.104528725,0.5498005,-0.12185059,1.0
286,27,0.13948299,0.06113745,0.1308806,1.0
286,28,-0.40104076,0.29519525,0.09807301,1.0
286,29,0.112769656,0.032367207,0.15661068,1.0
286,30,-0.42868248,0.2707402,0.0903213,1.0
286,31,0.15190148,-0.015736768,0.10903315,1.0
286,32,-0.43460125,0.23899263,0.037849545,1.0
287,0,-0.014063488,1.5313804,-0.19613136,1.0
287,1,-0.020154309,1.5528318,-0.191458,1.0
287,2,0.0038916157,1.5466089,-0.18720222,1.0
287,3,-0.0011258358,1.5478374,-0.17831695,1.0
287,4,-0.034909975,1.5556375,-0.20668726,1.0
287,5,-0.025405496,1.5621501,-0.22683626,1.0
287,6,-0.018172776,1.5563332,-0.20457844,1.0
287,7,0.043245874,1.5338495,-0.0706467,1.0
287,8,-0.08703016,1.4860961,-0.097942,1.0
287,9,0.024983527,1.5150146,-0.15894432,1.0
287,10,-0.02338825,1.482134,-0.18977088,1.0
287,11,0.14873646,1.3920681,0.057108294,1.0
287,12,-0.14532839,1.4459387,0.0031488393,1.0
287,13,0.3340396,1.3697934,0.048917223,1.0
287,14,-0.28922498,1.3553932,-0.15778862,1.0
287,15,0.45288673,1.4919978,0.017238239,1.0
287,16,-0.23934436,1.5468072,-0.33232513,1.0
287,17,0.46297246,1.5298533,0.019425813,1.0
287,18,-0.19992574,1.597507,-0.39304635,1.0
287,19,0.44199482,1.5343717,0.00715171,1.0
287,20,-0.16348065,1.670475,-0.38388097,1.0
287,21,0.46334952,1.4736041,0.009135562,1.0
287,22,-0.22010931,1.5774192,-0.33481607,1.0
287,23,0.09530028,0.88882846,0.053362537,1.0
287,24,-0.08604466,0.8888325,-0.06531321,1.0
287,25,0.12839611,0.4414371,-0.010914419,1.0
287,26,-0.060358014,0.55800587,-0.16320895,1.0
287,27,0.122059375,0.07284545,0.12602793,1.0
287,28,-0.35603988,0.39941713,0.13117798,1.0
287,29,0.09007966,0.04354567,0.15253042,1.0
287,30,-0.38149893,0.38606814,0.13305724,1.0
287,31,0.1245447,-0.012013147,0.11622189,1.0
287,32,-0.38034782,0.33822984,0.108642116,1.0
288,0,-0.004358795,1.5184704,-0.19775465,1.0
288,1,-0.0120937135,1.5523556,-0.2075606,1.0
288,2,0.009507332,1.5331877,-0.19987448,1.0
288,3,0.00032209605,1.5400978,-0.18536757,1.0
288,4,-0.031495627,1.5453411,-0.21886054,1.0
288,5,-0.020293128,1.5533332,-0.2414745,1.0
288,6,-0.005469853,1.5434779,-0.2136218,1.0
288,7,0.034314614,1.5222899,-0.08126264,1.0
288,8,-0.08547294,1.4776976,-0.12359587,1.0
288,9,0.020117974,1.5025927,-0.16686293,1.0
288,10,-0.019217175,1.4740307,-0.19483748,1.0
288,11,0.14779226,1.3988012,0.035087787,1.0
288,12,-0.15285034,1.4462507,-0.053653907,1.0
288,13,0.3409374,1.439927,0.029032795,1.0
288,14,-0.23971502,1.4118046,-0.26479122,1.0
288,15,0.47075573,1.6039703,0.03566961,1.0
288,16,-0.23102011,1.6427058,-0.46957704,1.0
288,17,0.48306525,1.6503774,0.05532784,1.0
288,18,-0.20813121,1.6994243,-0.5352728,1.0
288,19,0.46319246,1.6458046,0.04346722,1.0
288,20,-0.17788848,1.7622021,-0.51702344,1.0
288,21,0.48209766,1.578289,0.03473301,1.0
288,22,-0.21294141,1.6608036,-0.46903884,1.0
288,23,0.09793387,0.8854094,0.059229337,1.0
288,24,-0.08663526,0.88478833,-0.07243831,1.0
288,25,0.12265469,0.4383144,-0.017517682,1.0
288,26,-0.047305312,0.55051535,-0.17061456,1.0
288,27,0.09342515,0.0752024,0.12549381,1.0
288,28,-0.28550893,0.42795664,0.18047112,1.0
288,29,0.06644208,0.043293703,0.15448505,1.0
288,30,-0.30003908,0.4217096,0.18154868,1.0
288,31,0.1156018,-0.0125806015,0.114314705,1.0
288,32,-0.30861953,0.35784066,0.16554347,1.0
289,0,-0.00069822895,1.482546,-0.25584728,1.0
289,1,-0.01066158,1.5111628,-0.27511355,1.0
289,2,0.014674174,1.4925053,-0.25799993,1.0
289,3,0.0028401874,1.5001582,-0.2519383,1.0
289,4,-0.03123199,1.5064156,-0.2823123,1.0
289,5,-0.022005878,1.517625,-0.30327034,1.0
289,6,-0.0007806346,1.5080352,-0.274646,1.0
289,7,0.0462031,1.4836766,-0.14505905,1.0
289,8,-0.07829717,1.4398407,-0.18233173,1.0
289,9,0.022409897,1.4653237,-0.2293008,1.0
289,10,-0.01689473,1.4366171,-0.2564116,1.0
289,11,0.15479511,1.3818276,-0.015398545,1.0
289,12,-0.13826029,1.4247022,-0.097043365,1.0
289,13,0.3222569,1.443726,-9.249663e-05,1.0
289,14,-0.21592171,1.4578364,-0.26918235,1.0
289,15,0.44752738,1.6241744,0.023883851,1.0
289,16,-0.25228953,1.7032098,-0.42000496,1.0
289,17,0.46030027,1.6840668,0.038561977,1.0
289,18,-0.24803978,1.7597317,-0.47487098,1.0
289,19,0.44229504,1.6786535,0.021628488,1.0
289,20,-0.22376603,1.8259181,-0.46693808,1.0
289,21,0.45999825,1.6092757,0.015279525,1.0
289,22,-0.24571991,1.7230488,-0.42642733,1.0
289,23,0.09754301,0.8711695,0.061166584,1.0
289,24,-0.084949516,0.87153995,-0.07610247,1.0
289,25,0.10928171,0.44093883,-0.019168582,1.0
289,26,-0.0041042147,0.5400211,-0.15662523,1.0
289,27,0.07593017,0.06856671,0.1375275,1.0
289,28,-0.2179813,0.4359841,0.18984807,1.0
289,29,0.047348164,0.04200124,0.16067204,1.0
289,30,-0.23049507,0.43232852,0.18940505,1.0
289,31,0.11516486,-0.013571476,0.1278504,1.0
289,32,-0.24215318,0.3718621,0.19570643,1.0
290,0,-0.0039850334,1.4650177,-0.25522423,1.0
290,1,-0.0141653195,1.4971526,-0.27455762,1.0
290,2,0.015229192,1.4740093,-0.25725037,1.0
290,3,0.00030972902,1.4817392,-0.25054663,1.0
290,4,-0.032884512,1.4913946,-0.28223962,1.0
290,5,-0.025157254,1.5046186,-0.30047187,1.0
290,6,-0.002064336,1.4888898,-0.27163756,1.0
290,7,0.04775781,1.4666129,-0.14387716,1.0
290,8,-0.08057694,1.4237045,-0.17907968,1.0
290,9,0.01981238,1.4487725,-0.22787634,1.0
290,10,-0.01792567,1.4204701,-0.25478315,1.0
290,11,0.14352359,1.373966,-0.017393133,1.0
290,12,-0.13680725,1.41074,-0.089350775,1.0
290,13,0.2979973,1.4572006,0.009890299,1.0
290,14,-0.18948653,1.4449205,-0.26357907,1.0
290,15,0.4228053,1.6395742,0.060441334,1.0
290,16,-0.2389703,1.6843673,-0.417515,1.0
290,17,0.4389336,1.695973,0.08085964,1.0
290,18,-0.24058002,1.7422467,-0.47195262,1.0
290,19,0.4207434,1.6899223,0.06807664,1.0
290,20,-0.21830165,1.8013506,-0.46705455,1.0
290,21,0.43731967,1.6208352,0.053582557,1.0
290,22,-0.23756489,1.704787,-0.42284763,1.0
290,23,0.09273704,0.8569284,0.05906066,1.0
290,24,-0.08081831,0.85675853,-0.07478267,1.0
290,25,0.097326435,0.43377385,-0.021938141,1.0
290,26,0.020229628,0.5280711,-0.15903246,1.0
290,27,0.051102597,0.07906253,0.14383951,1.0
290,28,-0.20571773,0.4467119,0.1852443,1.0
290,29,0.023050452,0.051095117,0.16893755,1.0
290,30,-0.21922481,0.44707605,0.18234701,1.0
290,31,0.08708512,-0.012705546,0.14854544,1.0
290,32,-0.23672865,0.3830602,0.20400885,1.0
291,0,-0.0021893987,1.4578555,-0.22743456,1.0
291,1,-0.011060227,1.4989711,-0.24593014,1.0
291,2,0.020316254,1.4691806,-0.22820474,1.0
291,3,-0.0028819079,1.4652452,-0.21179868,1.0
291,4,-0.03341667,1.4881061,-0.25398853,1.0
291,5,-0.022416912,1.4948218,-0.2744166,1.0
291,6,-0.0014035851,1.4787364,-0.24580713,1.0
291,7,0.028706253,1.4588441,-0.11671698,1.0
291,8,-0.09465133,1.4135822,-0.16103663,1.0
291,9,0.009543814,1.4406484,-0.19792208,1.0
291,10,-0.020250516,1.416825,-0.22374512,1.0
291,11,0.11293818,1.3815798,0.016551597,1.0
291,12,-0.1498495,1.4024875,-0.0868795,1.0
291,13,0.26797998,1.4692124,0.057872016,1.0
291,14,-0.1400582,1.422807,-0.2860586,1.0
291,15,0.4117025,1.6569759,0.13626942,1.0
291,16,-0.21091326,1.6631073,-0.4708596,1.0
291,17,0.4344895,1.7070613,0.16762586,1.0
291,18,-0.21553561,1.7287955,-0.5316819,1.0
291,19,0.4201146,1.6963344,0.15980998,1.0
291,20,-0.20328759,1.772012,-0.519876,1.0
291,21,0.43042856,1.6247969,0.13251919,1.0
291,22,-0.2099104,1.684599,-0.47205135,1.0
291,23,0.089056,0.84968203,0.06382251,1.0
291,24,-0.07095215,0.8427991,-0.08489843,1.0
291,25,0.09378823,0.42103663,-0.018914007,1.0
291,26,0.061372377,0.52503836,-0.16896999,1.0
291,27,0.026578728,0.08810276,0.13998099,1.0
291,28,-0.17129585,0.44952828,0.17663369,1.0
291,29,0.0038735308,0.056581866,0.16697155,1.0
291,30,-0.18407124,0.45739487,0.17077105,1.0
291,31,0.07433903,-0.0054440405,0.15195768,1.0
291,32,-0.20485623,0.38291648,0.19764902,1.0
292,0,0.012968135,1.4588255,-0.22615018,1.0
292,1,0.002273272,1.4977381,-0.24021031,1.0
292,2,0.034163944,1.4719957,-0.226792,1.0
292,3,0.011773231,1.467388,-0.20752823,1.0
292,4,-0.017809784,1.4903349,-0.25142762,1.0
292,5,-0.011025484,1.4986414,-0.27150688,1.0
292,6,0.01253278,1.4801823,-0.2413563,1.0
292,7,0.026634466,1.4632497,-0.11449599,1.0
292,8,-0.089318015,1.4142722,-0.17239192,1.0
292,9,0.018782606,1.4442159,-0.19121493,1.0
292,10,-0.007791362,1.4183795,-0.2257189,1.0
292,11,0.098850906,1.3820486,0.016612217,1.0
292,12,-0.14974478,1.4042916,-0.1017561,1.0
292,13,0.24785846,1.4720936,0.047814634,1.0
292,14,-0.11501406,1.4193716,-0.3164255,1.0
292,15,0.3656371,1.6627285,0.11510332,1.0
292,16,-0.16859208,1.6686162,-0.492289,1.0
292,17,0.38760415,1.7068202,0.14533578,1.0
292,18,-0.16728204,1.735418,-0.5541932,1.0
292,19,0.37401634,1.6996096,0.13947278,1.0
292,20,-0.15973681,1.7855774,-0.53946996,1.0
292,21,0.38680837,1.6291485,0.11290043,1.0
292,22,-0.16809112,1.6930922,-0.49118793,1.0
292,23,0.080864996,0.850086,0.06491138,1.0
292,24,-0.06759848,0.8439561,-0.08983268,1.0
292,25,0.09231276,0.4320963,-0.015850948,1.0
292,26,0.0813914,0.53296334,-0.15908094,1.0
292,27,0.022508502,0.08506214,0.1175613,1.0
292,28,-0.1440158,0.42522204,0.16520678,1.0
292,29,0.0010884227,0.05174511,0.14389399,1.0
292,30,-0.15868442,0.43162912,0.15757105,1.0
292,31,0.075318575,-0.008673028,0.12865265,1.0
292,32,-0.17315523,0.36141363,0.18376872,1.0
293,0,0.012159586,1.4593469,-0.22041015,1.0
293,1,-0.0013151462,1.4952345,-0.2281193,1.0
293,2,0.029386366,1.4766978,-0.22071907,1.0
293,3,0.012060224,1.4745687,-0.2037341,1.0
293,4,-0.014817306,1.4910234,-0.24598503,1.0
293,5,-0.013644875,1.5010096,-0.26248017,1.0
293,6,0.013216341,1.4793689,-0.23382093,1.0
293,7,0.018394664,1.4705606,-0.11194502,1.0
293,8,-0.087747216,1.4148419,-0.17375383,1.0
293,9,0.020836668,1.4527088,-0.18354477,1.0
293,10,-0.003590472,1.4209168,-0.22461246,1.0
293,11,0.08558375,1.3821242,0.018358186,1.0
293,12,-0.14207976,1.4044856,-0.10122018,1.0
293,13,0.22122425,1.4662653,0.055599913,1.0
293,14,-0.08897047,1.4077673,-0.320984,1.0
293,15,0.31997597,1.6545937,0.12484646,1.0
293,16,-0.110343486,1.6605898,-0.4726349,1.0
293,17,0.33284307,1.6971449,0.15760854,1.0
293,18,-0.101941444,1.7314866,-0.5317638,1.0
293,19,0.32365924,1.6948822,0.15001024,1.0
293,20,-0.09843829,1.7946488,-0.5152612,1.0
293,21,0.3355939,1.6283982,0.12483683,1.0
293,22,-0.11313128,1.6926614,-0.47045398,1.0
293,23,0.07139106,0.8506091,0.06719828,1.0
293,24,-0.062565275,0.84649223,-0.09076977,1.0
293,25,0.081307456,0.44412982,-0.008859243,1.0
293,26,0.099442706,0.53244495,-0.1590965,1.0
293,27,0.018823408,0.08110345,0.11872276,1.0
293,28,-0.13208939,0.39765802,0.14713015,1.0
293,29,-0.006660499,0.05249235,0.14454861,1.0
293,30,-0.14700666,0.39574584,0.13959184,1.0
293,31,0.06217405,-0.014439157,0.13511904,1.0
293,32,-0.15030105,0.3310839,0.16494282,1.0
294,0,0.012268509,1.4661342,-0.2142755,1.0
294,1,-0.008007018,1.5004085,-0.21622682,1.0
294,2,0.024146175,1.4891632,-0.2103371,1.0
294,3,0.014057354,1.4873828,-0.20190194,1.0
294,4,-0.018091539,1.4966705,-0.23959674,1.0
294,5,-0.014109523,1.5047643,-0.25772312,1.0
294,6,0.0060564615,1.4849238,-0.23076431,1.0
294,7,0.01659736,1.4854414,-0.10556099,1.0
294,8,-0.08992049,1.4233667,-0.16705972,1.0
294,9,0.023597308,1.4686354,-0.17970891,1.0
294,10,-0.005995617,1.4258682,-0.22269453,1.0
294,11,0.08750188,1.3844193,0.029252794,1.0
294,12,-0.13610867,1.4144738,-0.09746536,1.0
294,13,0.21816881,1.448551,0.041061345,1.0
294,14,-0.069557674,1.4122854,-0.310201,1.0
294,15,0.28191903,1.6425544,0.075224444,1.0
294,16,-0.04754529,1.6653687,-0.42456323,1.0
294,17,0.2814228,1.6884713,0.09911118,1.0
294,18,-0.031217713,1.7369317,-0.48618823,1.0
294,19,0.26913083,1.6935172,0.093369946,1.0
294,20,-0.027888667,1.8106496,-0.4665497,1.0
294,21,0.28940162,1.6253052,0.07541421,1.0
294,22,-0.0546556,1.706817,-0.42815387,1.0
294,23,0.07056843,0.8573683,0.068871364,1.0
294,24,-0.062464952,0.8559022,-0.08815391,1.0
294,25,0.07542274,0.44956222,0.005079185,1.0
294,26,0.09034424,0.5376172,-0.1594616,1.0
294,27,0.03717609,0.07731922,0.12503643,1.0
294,28,-0.14068972,0.37723237,0.1209881,1.0
294,29,0.0053009028,0.050982278,0.14542867,1.0
294,30,-0.14970653,0.3659842,0.10956977,1.0
294,31,0.07102177,-0.016693275,0.1386927,1.0
294,32,-0.14570804,0.3068341,0.12780634,1.0
295,0,0.010550771,1.4536909,-0.19802888,1.0
295,1,-0.00807984,1.4793688,-0.1852506,1.0
295,2,0.020485666,1.481491,-0.18643172,1.0
295,3,0.009815239,1.4731884,-0.17896342,1.0
295,4,-0.014611396,1.4798418,-0.2136827,1.0
295,5,-0.013452577,1.4862179,-0.2308146,1.0
295,6,0.0055592144,1.4725125,-0.20640811,1.0
295,7,0.012861004,1.471273,-0.07599614,1.0
295,8,-0.09377806,1.4086918,-0.14399946,1.0
295,9,0.021138616,1.4566631,-0.1546335,1.0
295,10,-0.0074868086,1.4111701,-0.20333236,1.0
295,11,0.08002567,1.3600732,0.053144682,1.0
295,12,-0.12886158,1.3982102,-0.091803536,1.0
295,13,0.21564671,1.4220068,0.06001007,1.0
295,14,-0.020969506,1.3959901,-0.2665006,1.0
295,15,0.24391237,1.605058,0.075755894,1.0
295,16,0.028653558,1.6319696,-0.31317234,1.0
295,17,0.23319022,1.6512365,0.09808713,1.0
295,18,0.05538383,1.694018,-0.3616039,1.0
295,19,0.21490258,1.6583418,0.08832352,1.0
295,20,0.053999472,1.7657394,-0.34198016,1.0
295,21,0.24861643,1.5930713,0.06871553,1.0
295,22,0.025902536,1.6703,-0.3106714,1.0
295,23,0.0665378,0.8350813,0.075796016,1.0
295,24,-0.06157116,0.8335195,-0.08976493,1.0
295,25,0.06397963,0.44269648,0.021662012,1.0
295,26,0.098310836,0.5209413,-0.15384361,1.0
295,27,0.029244062,0.075661965,0.13000698,1.0
295,28,-0.11331018,0.3142464,0.11308063,1.0
295,29,-0.007931315,0.052170098,0.15255134,1.0
295,30,-0.12527794,0.30234486,0.102536544,1.0
295,31,0.053790435,-0.017027961,0.14732309,1.0
295,32,-0.0951673,0.23754925,0.1064985,1.0
296,0,-0.0008554022,1.4666264,-0.14227185,1.0
296,1,-0.020869043,1.4805303,-0.1267178,1.0
296,2,0.0062185866,1.4859148,-0.12601897,1.0
296,3,-0.0044411914,1.4766443,-0.12042988,1.0
296,4,-0.02167998,1.486458,-0.15238845,1.0
296,5,-0.022072177,1.4930934,-0.16996816,1.0
296,6,-0.00275057,1.4843049,-0.14736395,1.0
296,7,0.0022814171,1.4712341,-0.015656373,1.0
296,8,-0.09519799,1.4191145,-0.085605204,1.0
296,9,0.009106705,1.452979,-0.09707585,1.0
296,10,-0.023165016,1.4134158,-0.14237534,1.0
296,11,0.07840319,1.3456857,0.0912213,1.0
296,12,-0.12185056,1.3948708,-0.0474078,1.0
296,13,0.21162051,1.3882962,0.070231095,1.0
296,14,0.01495567,1.3771956,-0.19645703,1.0
296,15,0.2090293,1.5854523,0.055088393,1.0
296,16,0.08568174,1.6026587,-0.2160764,1.0
296,17,0.19032007,1.6359458,0.06439903,1.0
296,18,0.121455655,1.6599175,-0.25611916,1.0
296,19,0.16470344,1.6504419,0.062309675,1.0
296,20,0.11553219,1.7218126,-0.23714398,1.0
296,21,0.20905477,1.5795767,0.04306813,1.0
296,22,0.09160992,1.6330209,-0.21145934,1.0
296,23,0.06485271,0.8296255,0.07757441,1.0
296,24,-0.06064424,0.8236968,-0.083734185,1.0
296,25,0.061256237,0.44031796,0.024083134,1.0
296,26,0.08793931,0.48583463,-0.12616467,1.0
296,27,0.03740207,0.06658355,0.13371389,1.0
296,28,-0.11367952,0.23210067,0.11525462,1.0
296,29,-0.0023096562,0.040168677,0.15546438,1.0
296,30,-0.1332026,0.21464801,0.105462044,1.0
296,31,0.05391186,-0.022292536,0.14621776,1.0
296,32,-0.09536626,0.1613448,0.07715522,1.0
297,0,-0.025232153,1.4642553,-0.1482786,1.0
297,1,-0.040073015,1.4775119,-0.13969682,1.0
297,2,-0.015740884,1.4820309,-0.13570742,1.0
297,3,-0.023335706,1.472886,-0.12732776,1.0
297,4,-0.046915676,1.4813677,-0.158583,1.0
297,5,-0.046577528,1.4898477,-0.18013729,1.0
297,6,-0.031337447,1.4815238,-0.15328589,1.0
297,7,-0.0080053285,1.4712169,-0.024133539,1.0
297,8,-0.11411877,1.4170896,-0.08643194,1.0
297,9,-0.008354884,1.4470457,-0.105399415,1.0
297,10,-0.041231483,1.4080527,-0.14783862,1.0
297,11,0.07189633,1.3327396,0.10075368,1.0
297,12,-0.14149384,1.3857774,-0.031541888,1.0
297,13,0.19822107,1.2939485,0.052367907,1.0
297,14,0.006389496,1.3169447,-0.18232997,1.0
297,15,0.1909033,1.4700124,-0.011222227,1.0
297,16,0.0823656,1.5087768,-0.2412439,1.0
297,17,0.17472427,1.5225073,-0.01615964,1.0
297,18,0.11921597,1.5611266,-0.28467566,1.0
297,19,0.15820433,1.5415387,-0.01534934,1.0
297,20,0.1184534,1.6262611,-0.27084377,1.0
297,21,0.1974745,1.4649401,-0.020109259,1.0
297,22,0.08459621,1.5410918,-0.23470533,1.0
297,23,0.071105726,0.8331679,0.070265435,1.0
297,24,-0.06535361,0.82647103,-0.07643661,1.0
297,25,0.05666565,0.43655884,0.014335377,1.0
297,26,0.042539325,0.46635503,-0.09583128,1.0
297,27,0.024131324,0.06964672,0.13461775,1.0
297,28,-0.12999566,0.16114506,0.10485406,1.0
297,29,-0.005480938,0.043310966,0.15681148,1.0
297,30,-0.14159538,0.13611397,0.09016912,1.0
297,31,0.03955455,-0.02039522,0.13588421,1.0
297,32,-0.110038064,0.09659132,0.033729374,1.0
298,0,-0.040604204,1.4643168,-0.15293755,1.0
298,1,-0.05407323,1.4772372,-0.14474036,1.0
298,2,-0.031343378,1.4810135,-0.1403119,1.0
298,3,-0.037508994,1.471212,-0.13319904,1.0
298,4,-0.061667014,1.4813069,-0.16188864,1.0
298,5,-0.061233744,1.4910797,-0.18346478,1.0
298,6,-0.048451915,1.4813454,-0.15700185,1.0
298,7,-0.016022874,1.4686083,-0.02793251,1.0
298,8,-0.12836795,1.4178013,-0.08511989,1.0
298,9,-0.021828836,1.4459305,-0.111887105,1.0
298,10,-0.057646338,1.4099269,-0.15190922,1.0
298,11,0.06762646,1.3208053,0.10069202,1.0
298,12,-0.15478933,1.3783695,-0.02079895,1.0
298,13,0.19200721,1.2428093,0.05043123,1.0
298,14,0.0029961234,1.2854315,-0.16060571,1.0
298,15,0.1935193,1.4010804,-0.023208117,1.0
298,16,0.09059873,1.4604144,-0.22377212,1.0
298,17,0.18180783,1.4508482,-0.03181476,1.0
298,18,0.13124055,1.5128682,-0.26693082,1.0
298,19,0.16843459,1.4696532,-0.03230503,1.0
298,20,0.12942827,1.5787165,-0.2559747,1.0
298,21,0.2029978,1.395244,-0.033114277,1.0
298,22,0.09290692,1.4934087,-0.21810055,1.0
298,23,0.0755012,0.834648,0.06236748,1.0
298,24,-0.06948921,0.82737696,-0.070796125,1.0
298,25,0.06296368,0.43742478,0.009592373,1.0
298,26,0.0032507963,0.4676506,-0.09032134,1.0
298,27,0.034484833,0.067792125,0.13292901,1.0
298,28,-0.12744251,0.14948392,0.108691834,1.0
298,29,0.0051117586,0.039641056,0.15579982,1.0
298,30,-0.13688648,0.12241676,0.09364535,1.0
298,31,0.04390698,-0.020103654,0.12730567,1.0
298,32,-0.114705674,0.08980715,0.03158483,1.0
299,0,-0.053353798,1.464186,-0.1490865,1.0
299,1,-0.06668621,1.4795244,-0.14082076,1.0
299,2,-0.044989914,1.4817336,-0.13683444,1.0
299,3,-0.050469205,1.4719534,-0.13066602,1.0
299,4,-0.072705016,1.4827087,-0.1572985,1.0
299,5,-0.07265468,1.4919708,-0.17822294,1.0
299,6,-0.061360516,1.4818426,-0.15235572,1.0
299,7,-0.02903773,1.4693569,-0.026821313,1.0
299,8,-0.140723,1.4178824,-0.081900395,1.0
299,9,-0.03329994,1.4469362,-0.10969935,1.0
299,10,-0.0697094,1.4129782,-0.14817396,1.0
299,11,0.058914516,1.3125647,0.1042846,1.0
299,12,-0.16163957,1.3694683,-0.014435329,1.0
299,13,0.17061578,1.1996503,0.06064004,1.0
299,14,0.0012085969,1.2400036,-0.1373691,1.0
299,15,0.18712673,1.3290653,-0.006747181,1.0
299,16,0.09224984,1.386875,-0.1921359,1.0
299,17,0.18101767,1.3728607,-0.014677301,1.0
299,18,0.13409963,1.43469,-0.23371853,1.0
299,19,0.17256832,1.3898538,-0.01677443,1.0
299,20,0.13028887,1.500857,-0.22519785,1.0
299,21,0.19904703,1.321033,-0.01789994,1.0
299,22,0.09323936,1.4183143,-0.18710983,1.0
299,23,0.076398574,0.83584523,0.060728915,1.0
299,24,-0.07065031,0.82935846,-0.07062411,1.0
299,25,0.06559453,0.4367296,0.014407838,1.0
299,26,-0.004773087,0.4717849,-0.09288208,1.0
299,27,0.030364592,0.06650775,0.14368758,1.0
299,28,-0.1290839,0.15222578,0.108781084,1.0
299,29,-0.001003989,0.035418168,0.16848785,1.0
299,30,-0.14059056,0.12359323,0.094283804,1.0
299,31,0.038291268,-0.022330957,0.13615243,1.0
299,32,-0.1173233,0.093453765,0.030089464,1.0
300,0,-0.061613973,1.4644238,-0.148514,1.0
300,1,-0.07329287,1.4794991,-0.13968734,1.0
300,2,-0.053883396,1.4846658,-0.13413139,1.0
300,3,-0.059909772,1.4757904,-0.12852147,1.0
300,4,-0.08198558,1.4834348,-0.15379888,1.0
300,5,-0.0829551,1.4930433,-0.17421228,1.0
300,6,-0.07176411,1.4828501,-0.1479351,1.0
300,7,-0.03411936,1.4705021,-0.024965586,1.0
300,8,-0.14569774,1.418863,-0.074500486,1.0
300,9,-0.041322924,1.4490638,-0.107252955,1.0
300,10,-0.07598703,1.4121988,-0.1447163,1.0
300,11,0.058198977,1.3064547,0.10661246,1.0
300,12,-0.17272885,1.3587117,-0.0086956415,1.0
300,13,0.1595529,1.1631324,0.062071484,1.0
300,14,-0.016328778,1.1761311,-0.13930683,1.0
300,15,0.18993627,1.2769179,-0.021505618,1.0
300,16,0.095785186,1.3048788,-0.22427085,1.0
300,17,0.18734255,1.319983,-0.032427497,1.0
300,18,0.14296007,1.3480924,-0.2715381,1.0
300,19,0.18307753,1.3397818,-0.036068305,1.0
300,20,0.14239965,1.418535,-0.26361156,1.0
300,21,0.20523521,1.2702655,-0.033100978,1.0
300,22,0.10025824,1.3382174,-0.22090298,1.0
300,23,0.07523569,0.84133685,0.06046121,1.0
300,24,-0.07279907,0.8335955,-0.06937379,1.0
300,25,0.06486912,0.43945748,0.017805226,1.0
300,26,-0.0037812712,0.47775057,-0.092541926,1.0
300,27,0.035344146,0.06832503,0.15324454,1.0
300,28,-0.13551462,0.1467743,0.09443539,1.0
300,29,0.0041737063,0.03671652,0.17843483,1.0
300,30,-0.14368328,0.11552881,0.08050336,1.0
300,31,0.043200877,-0.019454625,0.1381124,1.0
300,32,-0.11842101,0.09071759,-0.00040946808,1.0
301,0,-0.05847736,1.4703875,-0.13361794,1.0
301,1,-0.0690812,1.4850234,-0.125304,1.0
301,2,-0.048897248,1.4906033,-0.11841383,1.0
301,3,-0.055740498,1.4833506,-0.11379356,1.0
301,4,-0.078507945,1.4903646,-0.1380971,1.0
301,5,-0.08014308,1.4984115,-0.15850827,1.0
301,6,-0.06811021,1.4895629,-0.13252835,1.0
301,7,-0.028389087,1.4780505,-0.009586355,1.0
301,8,-0.14211382,1.4247608,-0.05755449,1.0
301,9,-0.038448576,1.4564697,-0.09259375,1.0
301,10,-0.07231995,1.419016,-0.13064003,1.0
301,11,0.06122655,1.3105545,0.11710805,1.0
301,12,-0.17831172,1.3579695,0.010638727,1.0
301,13,0.16356942,1.1477878,0.068824016,1.0
301,14,-0.043673605,1.1353636,-0.12886584,1.0
301,15,0.1988889,1.2456645,-0.025186457,1.0
301,16,0.07645394,1.235675,-0.23870103,1.0
301,17,0.19543232,1.2838544,-0.03686224,1.0
301,18,0.124106,1.2710322,-0.28902924,1.0
301,19,0.1913225,1.3047842,-0.04131565,1.0
301,20,0.13031727,1.3430312,-0.28245407,1.0
301,21,0.21320908,1.2381146,-0.03469415,1.0
301,22,0.08236921,1.2678388,-0.23807666,1.0
301,23,0.07410679,0.8524293,0.060361903,1.0
301,24,-0.07246833,0.84301966,-0.069442585,1.0
301,25,0.070162885,0.447873,0.016272878,1.0
301,26,0.022523157,0.4933284,-0.10351605,1.0
301,27,0.039467562,0.07469317,0.15428574,1.0
301,28,-0.1297043,0.16348009,0.085862964,1.0
301,29,0.008097683,0.04042414,0.17977443,1.0
301,30,-0.13964783,0.13213268,0.07127026,1.0
301,31,0.047196362,-0.021162253,0.13908166,1.0
301,32,-0.114194,0.09950726,-0.0047417423,1.0
302,0,-0.054487355,1.4751515,-0.12276807,1.0
302,1,-0.06421974,1.4867623,-0.114038825,1.0
302,2,-0.042317376,1.4923831,-0.108869426,1.0
302,3,-0.049498063,1.4890869,-0.104131415,1.0
302,4,-0.0752334,1.49551,-0.12906967,1.0
302,5,-0.07450486,1.501558,-0.14989495,1.0
302,6,-0.063250676,1.4942429,-0.12311897,1.0
302,7,-0.024579817,1.4824257,-0.0010370594,1.0
302,8,-0.13593577,1.4288845,-0.04755863,1.0
302,9,-0.034896024,1.4623519,-0.08054645,1.0
302,10,-0.06686022,1.4256754,-0.12323696,1.0
302,11,0.067714706,1.3139634,0.12698252,1.0
302,12,-0.17872697,1.3639433,0.019335132,1.0
302,13,0.17312157,1.1449554,0.06919609,1.0
302,14,-0.105065346,1.1438701,-0.14837022,1.0
302,15,0.251649,1.2408217,-0.043223597,1.0
302,16,0.047207754,1.2253485,-0.28637835,1.0
302,17,0.25477636,1.2785897,-0.056839243,1.0
302,18,0.10396353,1.2474271,-0.34121397,1.0
302,19,0.25541672,1.2964718,-0.065200865,1.0
302,20,0.12689343,1.3216805,-0.33147588,1.0
302,21,0.2660122,1.23109,-0.05457185,1.0
302,22,0.060508702,1.251952,-0.28551307,1.0
302,23,0.07126663,0.856656,0.064710334,1.0
302,24,-0.06796038,0.84817684,-0.07500078,1.0
302,25,0.063677296,0.44188184,0.020707952,1.0
302,26,0.08979492,0.49968258,-0.13598132,1.0
302,27,0.03906409,0.070926815,0.15079774,1.0
302,28,-0.117036134,0.18545955,0.04122486,1.0
302,29,0.009173356,0.03737537,0.17729707,1.0
302,30,-0.1339127,0.15630317,0.027699832,1.0
302,31,0.055492617,-0.021939114,0.14255592,1.0
302,32,-0.107800536,0.11844498,-0.033988196,1.0
303,0,-0.050820976,1.4786491,-0.12874414,1.0
303,1,-0.058735307,1.4933584,-0.123737216,1.0
303,2,-0.0344369,1.4953755,-0.117564954,1.0
303,3,-0.04288446,1.4961495,-0.11233846,1.0
303,4,-0.068883926,1.5033034,-0.13714065,1.0
303,5,-0.06782867,1.5058706,-0.15831888,1.0
303,6,-0.058075197,1.4990838,-0.13111624,1.0
303,7,-0.016472312,1.4857398,-0.010681974,1.0
303,8,-0.12921719,1.4329718,-0.05457996,1.0
303,9,-0.028799055,1.4664835,-0.08760802,1.0
303,10,-0.06219033,1.4316977,-0.13153261,1.0
303,11,0.07498358,1.3137863,0.11692543,1.0
303,12,-0.18377459,1.3760933,0.020703433,1.0
303,13,0.1799288,1.146642,0.05253039,1.0
303,14,-0.18850923,1.1571742,-0.15486622,1.0
303,15,0.2752999,1.2506882,-0.04982223,1.0
303,16,-0.0031255009,1.2108554,-0.29817498,1.0
303,17,0.2800868,1.2852265,-0.057748646,1.0
303,18,0.0629001,1.21979,-0.3543759,1.0
303,19,0.28292897,1.3026603,-0.06816356,1.0
303,20,0.105522305,1.2901416,-0.34160906,1.0
303,21,0.29001585,1.2355294,-0.05988024,1.0
303,22,0.015106985,1.2306315,-0.29820165,1.0
303,23,0.068673834,0.8575938,0.065435305,1.0
303,24,-0.06523943,0.850297,-0.07581469,1.0
303,25,0.06394114,0.4340899,0.020614201,1.0
303,26,0.13586496,0.5259796,-0.16337726,1.0
303,27,0.04612933,0.08107211,0.16896458,1.0
303,28,-0.106964275,0.23157817,0.048971135,1.0
303,29,0.016514312,0.050524678,0.1999053,1.0
303,30,-0.12710032,0.20363781,0.037116993,1.0
303,31,0.06333027,-0.020999542,0.17480937,1.0
303,32,-0.09867408,0.14928606,-0.004805892,1.0
304,0,-0.05596206,1.4786834,-0.12841494,1.0
304,1,-0.06488143,1.4958084,-0.11850284,1.0
304,2,-0.03635826,1.4943707,-0.11293063,1.0
304,3,-0.043812543,1.4965752,-0.10904012,1.0
304,4,-0.072140165,1.5091834,-0.13446076,1.0
304,5,-0.06901332,1.5065773,-0.15558659,1.0
304,6,-0.06298176,1.4990867,-0.12899065,1.0
304,7,-0.01632448,1.4829195,-0.0053505576,1.0
304,8,-0.12703016,1.4341531,-0.0458901,1.0
304,9,-0.02758752,1.4678566,-0.08674784,1.0
304,10,-0.06496526,1.4334753,-0.12826838,1.0
304,11,0.08491805,1.3118844,0.12178397,1.0
304,12,-0.1883052,1.3842542,0.034953307,1.0
304,13,0.19759019,1.1617464,0.06871416,1.0
304,14,-0.25670093,1.1837271,-0.13453054,1.0
304,15,0.28620917,1.2793717,-0.0065887826,1.0
304,16,-0.08200839,1.1990753,-0.28339493,1.0
304,17,0.27941602,1.3124328,-0.011333955,1.0
304,18,-0.016822014,1.20179,-0.34171054,1.0
304,19,0.28144073,1.3280519,-0.019933125,1.0
304,20,0.035823807,1.265938,-0.32690153,1.0
304,21,0.29402584,1.2656918,-0.012093888,1.0
304,22,-0.058707662,1.2187241,-0.28638688,1.0
304,23,0.06683892,0.8576118,0.06878397,1.0
304,24,-0.06367252,0.85143095,-0.08228752,1.0
304,25,0.069474384,0.43155992,0.019475441,1.0
304,26,0.15872732,0.5674599,-0.23125581,1.0
304,27,0.041470688,0.070811056,0.15987091,1.0
304,28,-0.10502067,0.3391244,0.007604218,1.0
304,29,0.007546558,0.03978201,0.18849233,1.0
304,30,-0.12631878,0.3188246,0.0012516286,1.0
304,31,0.063108,-0.02029499,0.17087145,1.0
304,32,-0.10134634,0.2625966,-0.018874276,1.0
305,0,-0.055901185,1.4636638,-0.13324377,1.0
305,1,-0.06450486,1.4831203,-0.123486355,1.0
305,2,-0.035079934,1.4782389,-0.119127646,1.0
305,3,-0.041777976,1.4831516,-0.11358264,1.0
305,4,-0.07195325,1.4985263,-0.14112575,1.0
305,5,-0.06813237,1.4929397,-0.16075912,1.0
305,6,-0.06605888,1.4827789,-0.13535981,1.0
305,7,-0.016833857,1.4703887,-0.011963058,1.0
305,8,-0.12466912,1.4201691,-0.0506779,1.0
305,9,-0.02436677,1.4545665,-0.095035106,1.0
305,10,-0.06456668,1.4201607,-0.13397594,1.0
305,11,0.09219049,1.3068736,0.116470024,1.0
305,12,-0.1887764,1.3778287,0.035819415,1.0
305,13,0.22332436,1.1813037,0.06779273,1.0
305,14,-0.2844117,1.192941,-0.12944956,1.0
305,15,0.29450482,1.3019878,0.014125707,1.0
305,16,-0.13804418,1.1937091,-0.27352425,1.0
305,17,0.27476543,1.3297311,0.01297639,1.0
305,18,-0.07857334,1.1994839,-0.3318378,1.0
305,19,0.27295417,1.3477194,0.004989041,1.0
305,20,-0.023746703,1.2574121,-0.3164439,1.0
305,21,0.29391685,1.2908413,0.013097546,1.0
305,22,-0.11680885,1.2174473,-0.28118202,1.0
305,23,0.06211516,0.8498592,0.06773168,1.0
305,24,-0.06003557,0.8480813,-0.084387355,1.0
305,25,0.072674975,0.42370835,0.01983078,1.0
305,26,0.17266405,0.61428714,-0.24729173,1.0
305,27,0.037138842,0.0686271,0.14584427,1.0
305,28,-0.09894791,0.4156245,-0.010593218,1.0
305,29,0.0008725892,0.03673619,0.17094964,1.0
305,30,-0.117719874,0.39863178,-0.017095167,1.0
305,31,0.059024602,-0.016058192,0.16067064,1.0
305,32,-0.09700898,0.34337002,-0.022767134,1.0
306,0,-0.056881033,1.447671,-0.15729505,1.0
306,1,-0.06375842,1.4670365,-0.14930272,1.0
306,2,-0.030621642,1.4618322,-0.14231236,1.0
306,3,-0.038682267,1.4654433,-0.13781166,1.0
306,4,-0.07074023,1.485245,-0.1649051,1.0
306,5,-0.06507743,1.4796141,-0.18675157,1.0
306,6,-0.067259744,1.4658637,-0.15899548,1.0
306,7,-0.013342008,1.4541744,-0.034094285,1.0
306,8,-0.122880414,1.4067805,-0.071014315,1.0
306,9,-0.021635214,1.4345227,-0.11719287,1.0
306,10,-0.06541553,1.4038386,-0.1522601,1.0
306,11,0.09182201,1.2928891,0.10070175,1.0
306,12,-0.18259813,1.3769693,0.019836817,1.0
306,13,0.24293889,1.2058747,0.065595835,1.0
306,14,-0.2894846,1.2145585,-0.14134009,1.0
306,15,0.29667303,1.3526429,0.047327768,1.0
306,16,-0.16681243,1.1834874,-0.28488937,1.0
306,17,0.27315554,1.3816392,0.051399954,1.0
306,18,-0.118491374,1.1827404,-0.34321645,1.0
306,19,0.26425558,1.3996698,0.046220932,1.0
306,20,-0.062300403,1.2290242,-0.32704574,1.0
306,21,0.29453903,1.3382326,0.050326377,1.0
306,22,-0.1465641,1.2055554,-0.29557693,1.0
306,23,0.05797719,0.8363163,0.06931168,1.0
306,24,-0.054766946,0.83366764,-0.08734926,1.0
306,25,0.07298565,0.41200835,0.030742666,1.0
306,26,0.18788281,0.6256283,-0.23767337,1.0
306,27,0.03581734,0.06403287,0.1461092,1.0
306,28,-0.09459012,0.44043782,-0.00354744,1.0
306,29,-0.0009318036,0.035130467,0.16624992,1.0
306,30,-0.114657626,0.42606947,-0.0074541345,1.0
306,31,0.05738886,-0.0132127665,0.16211393,1.0
306,32,-0.09378182,0.37262988,-0.010881337,1.0
307,0,-0.05216985,1.449077,-0.18166392,1.0
307,1,-0.056521643,1.4699688,-0.17601761,1.0
307,2,-0.02266355,1.4626136,-0.16607268,1.0
307,3,-0.030637477,1.4666235,-0.16034582,1.0
307,4,-0.06445397,1.4888403,-0.18887486,1.0
307,5,-0.058769293,1.4841926,-0.21138044,1.0
307,6,-0.056400545,1.4719768,-0.18429665,1.0
307,7,-0.0012869695,1.4556729,-0.055135015,1.0
307,8,-0.11534407,1.411955,-0.0913161,1.0
307,9,-0.017378967,1.4358932,-0.13833466,1.0
307,10,-0.0620621,1.4063896,-0.1726277,1.0
307,11,0.09264757,1.3005707,0.07596606,1.0
307,12,-0.18232426,1.3941538,0.013353813,1.0
307,13,0.25472885,1.259529,0.058915887,1.0
307,14,-0.31189206,1.2641681,-0.14439723,1.0
307,15,0.29623693,1.4160066,0.07898845,1.0
307,16,-0.21845944,1.2057557,-0.2879964,1.0
307,17,0.2702132,1.4438672,0.0873268,1.0
307,18,-0.18131807,1.1941277,-0.34238523,1.0
307,19,0.25523782,1.4592879,0.08373441,1.0
307,20,-0.120716825,1.2322638,-0.33145344,1.0
307,21,0.29453105,1.3975964,0.08227437,1.0
307,22,-0.19763637,1.2201145,-0.2999911,1.0
307,23,0.05964709,0.836654,0.06600216,1.0
307,24,-0.0539675,0.8374406,-0.08387193,1.0
307,25,0.07407105,0.41389877,0.029123316,1.0
307,26,0.18213107,0.631258,-0.23486058,1.0
307,27,0.037538987,0.064727105,0.14561467,1.0
307,28,-0.09673512,0.43557927,-0.0014297862,1.0
307,29,0.002915416,0.037358582,0.16413176,1.0
307,30,-0.11789638,0.42093137,-0.008848442,1.0
307,31,0.055898484,-0.013778689,0.15962557,1.0
307,32,-0.103215314,0.36496812,-0.007883853,1.0
308,0,-0.051395573,1.4618925,-0.19651777,1.0
308,1,-0.055128396,1.485863,-0.18954994,1.0
308,2,-0.020992605,1.4765536,-0.180291,1.0
308,3,-0.027875472,1.480033,-0.1725784,1.0
308,4,-0.06240939,1.5002778,-0.20207414,1.0
308,5,-0.05882378,1.4992836,-0.22346732,1.0
308,6,-0.05042111,1.4895353,-0.19900897,1.0
308,7,0.006768781,1.471598,-0.06757998,1.0
308,8,-0.11325627,1.4258249,-0.10171598,1.0
308,9,-0.016183393,1.4507352,-0.1498652,1.0
308,10,-0.060484033,1.4187464,-0.18406036,1.0
308,11,0.093007565,1.3232148,0.05683696,1.0
308,12,-0.18151003,1.4199277,0.014168069,1.0
308,13,0.25670525,1.3254598,0.04120691,1.0
308,14,-0.33531114,1.3182162,-0.13418102,1.0
308,15,0.26501223,1.4967481,0.07471046,1.0
308,16,-0.28375593,1.2526639,-0.27284783,1.0
308,17,0.23109272,1.5229605,0.08097388,1.0
308,18,-0.25885567,1.2356193,-0.32300285,1.0
308,19,0.20848016,1.5414113,0.0798268,1.0
308,20,-0.19876248,1.2713358,-0.32028276,1.0
308,21,0.26071557,1.479365,0.07588475,1.0
308,22,-0.26592714,1.2640694,-0.28563133,1.0
308,23,0.06257499,0.8467865,0.06322104,1.0
308,24,-0.05461987,0.8529685,-0.080646746,1.0
308,25,0.079902634,0.4261205,0.023481984,1.0
308,26,0.16716945,0.64120674,-0.23119822,1.0
308,27,0.0406323,0.06755503,0.13132893,1.0
308,28,-0.11744779,0.435728,-0.0030625516,1.0
308,29,0.006763868,0.040691994,0.14715724,1.0
308,30,-0.14072293,0.42211482,-0.016296236,1.0
308,31,0.056701154,-0.013651906,0.1397671,1.0
308,32,-0.122996084,0.3635032,-0.013710882,1.0
309,0,-0.046245556,1.4657818,-0.19733326,1.0
309,1,-0.050185807,1.4905903,-0.19013314,1.0
309,2,-0.01549704,1.4805801,-0.18241,1.0
309,3,-0.023670346,1.484642,-0.1725942,1.0
309,4,-0.057061523,1.5025032,-0.20521103,1.0
309,5,-0.055287957,1.5018176,-0.2254631,1.0
309,6,-0.04518383,1.4915125,-0.20046107,1.0
309,7,0.01221502,1.4766681,-0.07107151,1.0
309,8,-0.107203566,1.4293188,-0.103488415,1.0
309,9,-0.0121632535,1.4546882,-0.15086356,1.0
309,10,-0.05449169,1.4226527,-0.18481433,1.0
309,11,0.10139951,1.3387426,0.04917293,1.0
309,12,-0.17497006,1.435668,0.013151586,1.0
309,13,0.26484814,1.362574,0.008306355,1.0
309,14,-0.3283909,1.3615171,-0.10274278,1.0
309,15,0.23702651,1.5321304,0.030656684,1.0
309,16,-0.33563966,1.2871041,-0.19137546,1.0
309,17,0.19703972,1.5566405,0.03902441,1.0
309,18,-0.32400846,1.2654301,-0.2361464,1.0
309,19,0.16750076,1.5738683,0.036301613,1.0
309,20,-0.2715287,1.2937229,-0.2370312,1.0
309,21,0.2272572,1.5165622,0.030684901,1.0
309,22,-0.32419562,1.2941121,-0.2074154,1.0
309,23,0.064294726,0.85050184,0.0662729,1.0
309,24,-0.058790267,0.8586678,-0.08185891,1.0
309,25,0.08760041,0.43195906,0.014706334,1.0
309,26,0.16572703,0.6294928,-0.22542019,1.0
309,27,0.045833185,0.06936739,0.11946247,1.0
309,28,-0.12292857,0.41412273,0.00030632503,1.0
309,29,0.010327676,0.042708475,0.13349214,1.0
309,30,-0.14784934,0.4011741,-0.014402872,1.0
309,31,0.068799235,-0.014430953,0.12655276,1.0
309,32,-0.1268963,0.33939493,-0.0101909535,1.0
310,0,-0.0457372,1.4687554,-0.19177806,1.0
310,1,-0.051236674,1.4925774,-0.18320957,1.0
310,2,-0.015397064,1.4824486,-0.17848246,1.0
310,3,-0.02205477,1.487425,-0.16784441,1.0
310,4,-0.05269345,1.5039146,-0.19837633,1.0
310,5,-0.052476604,1.5023229,-0.22134048,1.0
310,6,-0.042883478,1.4938359,-0.19419593,1.0
310,7,0.013788732,1.4839289,-0.06924287,1.0
310,8,-0.10482863,1.4340637,-0.10126053,1.0
310,9,-0.009653432,1.4581755,-0.14369237,1.0
310,10,-0.051730666,1.4273676,-0.179716,1.0
310,11,0.10317573,1.3567946,0.04834628,1.0
310,12,-0.16781121,1.4505007,0.01728016,1.0
310,13,0.25559485,1.4062117,-0.0023537236,1.0
310,14,-0.33435607,1.4192827,-0.07401444,1.0
310,15,0.1970468,1.5743943,0.023913113,1.0
310,16,-0.4084344,1.3741574,-0.12595336,1.0
310,17,0.1523987,1.5988443,0.031238256,1.0
310,18,-0.41115075,1.3607507,-0.16334648,1.0
310,19,0.12038778,1.6118548,0.029394548,1.0
310,20,-0.37144798,1.3869474,-0.16792648,1.0
310,21,0.18602036,1.5575964,0.023128022,1.0
310,22,-0.40656278,1.379364,-0.14225668,1.0
310,23,0.066538274,0.8536531,0.06555815,1.0
310,24,-0.05888859,0.8613927,-0.08233877,1.0
310,25,0.089649454,0.43330908,0.005450272,1.0
310,26,0.16018823,0.6029824,-0.20998433,1.0
310,27,0.045641966,0.067181624,0.11044691,1.0
310,28,-0.1395065,0.40608835,0.022809323,1.0
310,29,0.010702059,0.04330781,0.12697504,1.0
310,30,-0.16656595,0.39404038,0.011979323,1.0
310,31,0.0726104,-0.01228941,0.12207847,1.0
310,32,-0.13817613,0.33385333,0.02321992,1.0
311,0,-0.05275148,1.4762417,-0.1977785,1.0
311,1,-0.057606827,1.4946334,-0.1934289,1.0
311,2,-0.023664817,1.490826,-0.18869288,1.0
311,3,-0.027326323,1.4928217,-0.17745817,1.0
311,4,-0.058460332,1.5087614,-0.2034426,1.0
311,5,-0.061135404,1.5052269,-0.22554469,1.0
311,6,-0.05088432,1.5023835,-0.19761546,1.0
311,7,0.016476683,1.4912957,-0.08780037,1.0
311,8,-0.103018396,1.4413245,-0.10648023,1.0
311,9,-0.0154431015,1.4623284,-0.15169376,1.0
311,10,-0.056395505,1.4331189,-0.18712455,1.0
311,11,0.1025601,1.3722353,0.015812455,1.0
311,12,-0.16190547,1.4585221,0.018752154,1.0
311,13,0.2490036,1.4353874,-0.078050375,1.0
311,14,-0.34419566,1.4513353,-0.0753317,1.0
311,15,0.16797835,1.6044253,-0.09334781,1.0
311,16,-0.48363078,1.4625345,-0.1335136,1.0
311,17,0.1306974,1.6285216,-0.09372811,1.0
311,18,-0.49575233,1.4609308,-0.17175823,1.0
311,19,0.091443345,1.6413686,-0.098774016,1.0
311,20,-0.46986642,1.4905996,-0.18439014,1.0
311,21,0.16066028,1.5873847,-0.09416165,1.0
311,22,-0.48791105,1.4676211,-0.15139374,1.0
311,23,0.07014212,0.8601532,0.05717665,1.0
311,24,-0.065142095,0.863951,-0.07343724,1.0
311,25,0.09741799,0.44628906,-0.0019377265,1.0
311,26,0.1346704,0.55727047,-0.18177526,1.0
311,27,0.054688796,0.06667501,0.09809579,1.0
311,28,-0.15006264,0.31169438,0.022200575,1.0
311,29,0.023202589,0.041775793,0.11741504,1.0
311,30,-0.18104157,0.29419917,0.010811459,1.0
311,31,0.08510553,-0.013471143,0.101540945,1.0
311,32,-0.14827485,0.23724478,0.0067465464,1.0
312,0,-0.057418257,1.4904531,-0.20904422,1.0
312,1,-0.06328359,1.5036613,-0.21029419,1.0
312,2,-0.028622542,1.5046824,-0.20103818,1.0
312,3,-0.030557588,1.5051028,-0.19080274,1.0
312,4,-0.06592833,1.5196564,-0.21269532,1.0
312,5,-0.068591475,1.518885,-0.23420939,1.0
312,6,-0.060675055,1.514594,-0.20802033,1.0
312,7,0.021657132,1.4987413,-0.1079849,1.0
312,8,-0.1038218,1.4516422,-0.11113695,1.0
312,9,-0.019285474,1.4718293,-0.16649978,1.0
312,10,-0.06314671,1.4414191,-0.1955269,1.0
312,11,0.10887292,1.3758194,-0.010283734,1.0
312,12,-0.16291644,1.4647487,0.023907777,1.0
312,13,0.2433639,1.4303845,-0.12391955,1.0
312,14,-0.36408088,1.465911,-0.06833789,1.0
312,15,0.1515595,1.5959022,-0.15023361,1.0
312,16,-0.54255843,1.5317887,-0.13523956,1.0
312,17,0.1177801,1.618608,-0.15354836,1.0
312,18,-0.5593267,1.5451952,-0.17524594,1.0
312,19,0.076805696,1.6371344,-0.15966797,1.0
312,20,-0.54321223,1.5787919,-0.19153094,1.0
312,21,0.14702211,1.5810268,-0.15093066,1.0
312,22,-0.55186284,1.5428432,-0.15594769,1.0
312,23,0.07516356,0.87014586,0.048756585,1.0
312,24,-0.0721451,0.8717389,-0.06587403,1.0
312,25,0.11497904,0.4652952,-0.013685441,1.0
312,26,0.098750845,0.5474572,-0.14450581,1.0
312,27,0.07495002,0.07123972,0.09813637,1.0
312,28,-0.15492995,0.26947674,0.045525234,1.0
312,29,0.043749213,0.042747937,0.118734226,1.0
312,30,-0.17974234,0.24670622,0.03403689,1.0
312,31,0.1027322,-0.014225761,0.09130851,1.0
312,32,-0.14626065,0.19026387,0.012645652,1.0
313,0,-0.058690846,1.5033069,-0.21117195,1.0
313,1,-0.06916183,1.5152687,-0.2160667,1.0
313,2,-0.03172279,1.5200411,-0.20671555,1.0
313,3,-0.031042501,1.5129946,-0.19347824,1.0
313,4,-0.07133198,1.5259901,-0.21387829,1.0
313,5,-0.0742581,1.5324757,-0.23472404,1.0
313,6,-0.06330099,1.5254209,-0.21253504,1.0
313,7,0.016163178,1.5048419,-0.11799001,1.0
313,8,-0.1069314,1.4579494,-0.11207702,1.0
313,9,-0.023381827,1.4814895,-0.16918509,1.0
313,10,-0.0695904,1.4482414,-0.19551465,1.0
313,11,0.1082418,1.3815298,-0.03034241,1.0
313,12,-0.1630235,1.4754775,0.027206236,1.0
313,13,0.23407827,1.4485886,-0.15526932,1.0
313,14,-0.38936296,1.5030146,-0.06941742,1.0
313,15,0.14133221,1.6027621,-0.16825429,1.0
313,16,-0.58738047,1.6214228,-0.1429658,1.0
313,17,0.11787525,1.6151674,-0.16960126,1.0
313,18,-0.60187864,1.6463057,-0.18533942,1.0
313,19,0.07364172,1.6395285,-0.17703117,1.0
313,20,-0.5941837,1.6788516,-0.20041895,1.0
313,21,0.1450134,1.577755,-0.16857013,1.0
313,22,-0.59591246,1.635801,-0.16410244,1.0
313,23,0.08407287,0.8617576,0.03875253,1.0
313,24,-0.0807023,0.86383283,-0.0600383,1.0
313,25,0.12291643,0.46716157,-0.027166113,1.0
313,26,0.043701258,0.515635,-0.11174227,1.0
313,27,0.087510504,0.073107384,0.10738783,1.0
313,28,-0.17679943,0.20235099,0.0824863,1.0
313,29,0.06019573,0.044301104,0.1372646,1.0
313,30,-0.1981264,0.16877747,0.073071286,1.0
313,31,0.10689257,-0.01934237,0.09775006,1.0
313,32,-0.1684995,0.1198467,0.029914435,1.0
314,0,-0.056423713,1.4994332,-0.21472467,1.0
314,1,-0.066008925,1.5124207,-0.22143608,1.0
314,2,-0.030925242,1.5183612,-0.21156129,1.0
314,3,-0.029391143,1.509122,-0.19923924,1.0
314,4,-0.07104125,1.5206434,-0.21878505,1.0
314,5,-0.07372657,1.5293099,-0.23879667,1.0
314,6,-0.062144525,1.5225874,-0.21764085,1.0
314,7,0.020346824,1.501767,-0.12205039,1.0
314,8,-0.10697893,1.4546922,-0.112508744,1.0
314,9,-0.020442924,1.4791019,-0.1742133,1.0
314,10,-0.06806329,1.4459336,-0.19898672,1.0
314,11,0.114086494,1.381041,-0.029707974,1.0
314,12,-0.16182649,1.471033,0.027472747,1.0
314,13,0.23540963,1.442688,-0.13997258,1.0
314,14,-0.38305667,1.5001669,-0.067293234,1.0
314,15,0.14664294,1.5795505,-0.15042643,1.0
314,16,-0.57593405,1.6476012,-0.15161933,1.0
314,17,0.12715854,1.589857,-0.15290454,1.0
314,18,-0.58804226,1.681863,-0.19688317,1.0
314,19,0.0810737,1.6134799,-0.16437875,1.0
314,20,-0.5810791,1.7188696,-0.21123561,1.0
314,21,0.1523936,1.5540323,-0.15311675,1.0
314,22,-0.5825708,1.6650194,-0.17267421,1.0
314,23,0.091715164,0.85866284,0.035115458,1.0
314,24,-0.08833241,0.862091,-0.057297662,1.0
314,25,0.1427905,0.4668351,-0.032559153,1.0
314,26,-0.00619452,0.5071212,-0.09501269,1.0
314,27,0.12554072,0.07411149,0.10564564,1.0
314,28,-0.1893748,0.17691931,0.103347965,1.0
314,29,0.10063595,0.045219164,0.13577,1.0
314,30,-0.20636551,0.13917667,0.09318778,1.0
314,31,0.1412088,-0.019336734,0.0857979,1.0
314,32,-0.17502742,0.092079446,0.03633025,1.0
315,0,-0.05255317,1.5018643,-0.2280082,1.0
315,1,-0.062555686,1.513665,-0.23324162,1.0
315,2,-0.027105603,1.519904,-0.22330855,1.0
315,3,-0.025022851,1.508722,-0.21138746,1.0
315,4,-0.06809975,1.5203967,-0.2297367,1.0
315,5,-0.0718176,1.5306253,-0.24984361,1.0
315,6,-0.061136156,1.520607,-0.22834589,1.0
315,7,0.02722915,1.5000328,-0.13279638,1.0
315,8,-0.10418536,1.4547449,-0.118463784,1.0
315,9,-0.015709136,1.4771303,-0.18569705,1.0
315,10,-0.06630698,1.443757,-0.2067607,1.0
315,11,0.12398772,1.3763328,-0.04152973,1.0
315,12,-0.1536866,1.4718418,0.024364756,1.0
315,13,0.23768073,1.4415205,-0.15246597,1.0
315,14,-0.3733522,1.5048525,-0.07135764,1.0
315,15,0.13661972,1.5672052,-0.15670134,1.0
315,16,-0.55309945,1.6583241,-0.15595526,1.0
315,17,0.11767383,1.5702276,-0.15914072,1.0
315,18,-0.5623531,1.6969472,-0.20379564,1.0
315,19,0.06794441,1.5963091,-0.16829023,1.0
315,20,-0.5548289,1.7293814,-0.21641396,1.0
315,21,0.1411922,1.5389621,-0.15809691,1.0
315,22,-0.55843097,1.6780978,-0.17845318,1.0
315,23,0.09273345,0.85725534,0.0313134,1.0
315,24,-0.09084608,0.8612538,-0.054876156,1.0
315,25,0.14659752,0.4636508,-0.030302372,1.0
315,26,-0.022155304,0.5106001,-0.068143055,1.0
315,27,0.1437524,0.07124826,0.11010149,1.0
315,28,-0.18989235,0.16157787,0.12065483,1.0
315,29,0.119274855,0.042290296,0.13906746,1.0
315,30,-0.2055076,0.12188085,0.10903257,1.0
315,31,0.15880045,-0.019734392,0.085528746,1.0
315,32,-0.17096944,0.08048898,0.039297644,1.0
316,0,-0.03900056,1.4961202,-0.2461707,1.0
316,1,-0.047382236,1.5051316,-0.25362593,1.0
316,2,-0.0143035,1.5138769,-0.24370337,1.0
316,3,-0.01046947,1.5023171,-0.23182857,1.0
316,4,-0.056282338,1.5130585,-0.24996528,1.0
316,5,-0.05851215,1.5214828,-0.26891232,1.0
316,6,-0.050436586,1.5129476,-0.24613644,1.0
316,7,0.04587131,1.4922506,-0.15653893,1.0
316,8,-0.09029465,1.4501317,-0.13452475,1.0
316,9,-0.000984292,1.4702682,-0.20490852,1.0
316,10,-0.052149445,1.4386011,-0.2249858,1.0
316,11,0.14254457,1.3693669,-0.06112187,1.0
316,12,-0.13571419,1.4664721,0.015158363,1.0
316,13,0.2507398,1.4235859,-0.1737544,1.0
316,14,-0.3650656,1.4969823,-0.07466754,1.0
316,15,0.14840382,1.5249029,-0.18316649,1.0
316,16,-0.534444,1.6525186,-0.15898384,1.0
316,17,0.1313874,1.5207262,-0.1880524,1.0
316,18,-0.53672665,1.6916376,-0.20866956,1.0
316,19,0.07958904,1.5474753,-0.19925739,1.0
316,20,-0.525809,1.7240669,-0.2207714,1.0
316,21,0.15269104,1.4965549,-0.18408471,1.0
316,22,-0.5353909,1.6718099,-0.18171665,1.0
316,23,0.094241835,0.8552216,0.027597079,1.0
316,24,-0.093750834,0.8629844,-0.052149512,1.0
316,25,0.15395243,0.46374008,-0.0291466,1.0
316,26,-0.026810322,0.51247454,-0.049617182,1.0
316,27,0.16809705,0.06903476,0.099648744,1.0
316,28,-0.1646396,0.14917603,0.12720479,1.0
316,29,0.14518347,0.038945504,0.12816653,1.0
316,30,-0.17575155,0.107001685,0.11621995,1.0
316,31,0.1810572,-0.01930365,0.06738764,1.0
316,32,-0.13460124,0.065800905,0.039065972,1.0
317,0,-0.020542618,1.5051739,-0.24176006,1.0
317,1,-0.02730054,1.5158482,-0.25039604,1.0
317,2,0.004262972,1.5232365,-0.2398803,1.0
317,3,0.007981573,1.5130471,-0.22775015,1.0
317,4,-0.038447503,1.5230521,-0.2464144,1.0
317,5,-0.041393522,1.5319587,-0.2642905,1.0
317,6,-0.032893054,1.5218432,-0.24182467,1.0
317,7,0.06900737,1.4998173,-0.15119888,1.0
317,8,-0.070966065,1.4621136,-0.12613109,1.0
317,9,0.016985277,1.4802763,-0.2008473,1.0
317,10,-0.035499517,1.4494166,-0.21970065,1.0
317,11,0.16251631,1.3753903,-0.05502989,1.0
317,12,-0.11948011,1.4775808,0.024849651,1.0
317,13,0.2699836,1.4220619,-0.16419923,1.0
317,14,-0.34589326,1.5128497,-0.055352326,1.0
317,15,0.15718102,1.4965651,-0.17263006,1.0
317,16,-0.51691735,1.6654122,-0.13350533,1.0
317,17,0.1377325,1.4884703,-0.17635809,1.0
317,18,-0.5181781,1.7043762,-0.18151906,1.0
317,19,0.084028736,1.5131056,-0.18946676,1.0
317,20,-0.5049584,1.7340802,-0.19400035,1.0
317,21,0.16011027,1.4695983,-0.17421724,1.0
317,22,-0.51653254,1.6827557,-0.1551522,1.0
317,23,0.09602973,0.86474395,0.026136715,1.0
317,24,-0.097186126,0.87500936,-0.050048023,1.0
317,25,0.15763776,0.47103512,-0.03326983,1.0
317,26,-0.04122281,0.5207446,-0.039934892,1.0
317,27,0.17325594,0.06975181,0.086172596,1.0
317,28,-0.15495916,0.14242843,0.1322532,1.0
317,29,0.14983007,0.038804475,0.114015386,1.0
317,30,-0.16177456,0.10133458,0.11910209,1.0
317,31,0.18423893,-0.018843474,0.046729796,1.0
317,32,-0.11825495,0.0557177,0.038003244,1.0
318,0,-0.011441226,1.5076551,-0.23791777,1.0
318,1,-0.01859067,1.5192984,-0.24882287,1.0
318,2,0.013024261,1.5260828,-0.23763357,1.0
318,3,0.016874053,1.5164042,-0.22549419,1.0
318,4,-0.02945978,1.5253955,-0.2429833,1.0
318,5,-0.033695117,1.5349723,-0.26040035,1.0
318,6,-0.024643024,1.523545,-0.23819022,1.0
318,7,0.08117517,1.5009835,-0.154965,1.0
318,8,-0.05623337,1.4659042,-0.12269868,1.0
318,9,0.026097776,1.4829497,-0.19929591,1.0
318,10,-0.026373236,1.45194,-0.21599789,1.0
318,11,0.17422861,1.3745357,-0.0632848,1.0
318,12,-0.10272057,1.4813027,0.028768323,1.0
318,13,0.2780604,1.4180549,-0.17981355,1.0
318,14,-0.32017735,1.5225805,-0.04861644,1.0
318,15,0.16061106,1.4780056,-0.19001402,1.0
318,16,-0.5005225,1.6722734,-0.12391028,1.0
318,17,0.14132254,1.4675514,-0.19263335,1.0
318,18,-0.5038417,1.7096485,-0.17108381,1.0
318,19,0.087853566,1.489865,-0.20696346,1.0
318,20,-0.49148026,1.7362378,-0.18572491,1.0
318,21,0.16286574,1.4510463,-0.19093971,1.0
318,22,-0.5011362,1.6879942,-0.1452122,1.0
318,23,0.095779456,0.8675441,0.022425245,1.0
318,24,-0.0974412,0.8786333,-0.045602538,1.0
318,25,0.16098875,0.47506428,-0.040004004,1.0
318,26,-0.05585992,0.52551895,-0.030809887,1.0
318,27,0.18804553,0.06787252,0.068088524,1.0
318,28,-0.14817657,0.13630208,0.13296038,1.0
318,29,0.16504613,0.03600817,0.09509142,1.0
318,30,-0.15318793,0.09546879,0.117433235,1.0
318,31,0.20105162,-0.019720176,0.024035115,1.0
318,32,-0.11158087,0.048780918,0.035495028,1.0
319,0,-0.005184497,1.5085373,-0.23558213,1.0
319,1,-0.01371279,1.5216671,-0.24836174,1.0
319,2,0.019207342,1.5288109,-0.23602444,1.0
319,3,0.022612758,1.5170734,-0.2235979,1.0
319,4,-0.021738915,1.5264478,-0.2401672,1.0
319,5,-0.027196854,1.536915,-0.25649968,1.0
319,6,-0.018406985,1.5249087,-0.23590277,1.0
319,7,0.08674447,1.4979689,-0.15974215,1.0
319,8,-0.045533314,1.465679,-0.11998381,1.0
319,9,0.03197575,1.4831958,-0.1987176,1.0
319,10,-0.020445747,1.4507788,-0.21405633,1.0
319,11,0.1809925,1.366291,-0.07168983,1.0
319,12,-0.090555504,1.4812212,0.03014975,1.0
319,13,0.2784571,1.4083403,-0.19875766,1.0
319,14,-0.30505532,1.5216726,-0.047291696,1.0
319,15,0.15912163,1.4706239,-0.20952578,1.0
319,16,-0.48783642,1.6740373,-0.12271533,1.0
319,17,0.1439061,1.460298,-0.21330284,1.0
319,18,-0.48867184,1.7100523,-0.16942325,1.0
319,19,0.091339275,1.4854853,-0.2255457,1.0
319,20,-0.4774054,1.7333384,-0.18564193,1.0
319,21,0.1635576,1.4415838,-0.21224226,1.0
319,22,-0.48778418,1.6894749,-0.14289173,1.0
319,23,0.09508794,0.8630296,0.020350497,1.0
319,24,-0.097111836,0.8735993,-0.043054186,1.0
319,25,0.15546101,0.4721629,-0.042324726,1.0
319,26,-0.059487816,0.52237993,-0.034608014,1.0
319,27,0.17750911,0.06493115,0.062212974,1.0
319,28,-0.13288277,0.1188784,0.11556514,1.0
319,29,0.15585318,0.03168229,0.09023021,1.0
319,30,-0.13485119,0.07705416,0.096669585,1.0
319,31,0.19251221,-0.0203831,0.0149666015,1.0
319,32,-0.09808665,0.03341601,0.0058726305,1.0
320,0,-0.0035866154,1.520092,-0.23203821,1.0
320,1,-0.013758691,1.5302002,-0.24402942,1.0
320,2,0.02199993,1.5410198,-0.2323641,1.0
320,3,0.027089432,1.5255165,-0.21899714,1.0
320,4,-0.01863968,1.5371598,-0.23315114,1.0
320,5,-0.02608281,1.5480744,-0.25072584,1.0
320,6,-0.017396847,1.5364035,-0.23023085,1.0
320,7,0.09259163,1.5063245,-0.16041987,1.0
320,8,-0.03923427,1.4772947,-0.111371666,1.0
320,9,0.03359826,1.4919282,-0.19395065,1.0
320,10,-0.019590478,1.4602115,-0.208535,1.0
320,11,0.18409388,1.3721999,-0.0763222,1.0
320,12,-0.08081288,1.4904214,0.039530158,1.0
320,13,0.275877,1.4070835,-0.22594517,1.0
320,14,-0.28472295,1.5321323,-0.036750026,1.0
320,15,0.1580998,1.4684441,-0.25485015,1.0
320,16,-0.47610068,1.6842618,-0.109433606,1.0
320,17,0.1466383,1.4556793,-0.26193327,1.0
320,18,-0.47809327,1.7191564,-0.15451847,1.0
320,19,0.09387988,1.4811478,-0.27351937,1.0
320,20,-0.47122014,1.7388803,-0.17528713,1.0
320,21,0.16304195,1.434716,-0.2571775,1.0
320,22,-0.4771167,1.6995273,-0.13061914,1.0
320,23,0.09355261,0.8676189,0.015850574,1.0
320,24,-0.093075365,0.87954307,-0.039626405,1.0
320,25,0.12719004,0.4702744,-0.053081837,1.0
320,26,-0.055209387,0.52744913,-0.032915633,1.0
320,27,0.14651555,0.060472716,0.05164049,1.0
320,28,-0.12752827,0.114121445,0.10655867,1.0
320,29,0.12754759,0.025574332,0.08248552,1.0
320,30,-0.13143438,0.07022205,0.08814858,1.0
320,31,0.16284153,-0.022910649,0.006965087,1.0
320,32,-0.099793516,0.030735053,-0.0024074903,1.0
321,0,-0.0017927977,1.5218939,-0.22464293,1.0
321,1,-0.009158782,1.5291296,-0.23587024,1.0
321,2,0.026525097,1.543045,-0.2269615,1.0
321,3,0.033076685,1.5255731,-0.21305361,1.0
321,4,-0.013725774,1.5394524,-0.22372392,1.0
321,5,-0.019836426,1.5479836,-0.2422771,1.0
321,6,-0.012385914,1.5408632,-0.22143662,1.0
321,7,0.103447214,1.5019833,-0.15915015,1.0
321,8,-0.025017684,1.4782366,-0.100244164,1.0
321,9,0.037013877,1.4897432,-0.18828894,1.0
321,10,-0.011988049,1.4626787,-0.20316306,1.0
321,11,0.18731792,1.3543191,-0.086003065,1.0
321,12,-0.06133265,1.4882225,0.0426093,1.0
321,13,0.24976547,1.3657941,-0.25296682,1.0
321,14,-0.2649177,1.5373132,-0.034728464,1.0
321,15,0.17644532,1.4287989,-0.3036839,1.0
321,16,-0.4506726,1.6927335,-0.10837632,1.0
321,17,0.1850023,1.4169406,-0.31211194,1.0
321,18,-0.45249954,1.7246904,-0.15295699,1.0
321,19,0.14113046,1.4346328,-0.3286913,1.0
321,20,-0.4443678,1.7421248,-0.17730755,1.0
321,21,0.19142099,1.389135,-0.30677542,1.0
321,22,-0.44829944,1.705593,-0.13129145,1.0
321,23,0.09022708,0.86044055,0.010116298,1.0
321,24,-0.08871045,0.87192076,-0.034312665,1.0
321,25,0.09879369,0.4610651,-0.06217212,1.0
321,26,-0.049465183,0.5228879,-0.029886995,1.0
321,27,0.117860936,0.054566383,0.052008636,1.0
321,28,-0.11097336,0.12146378,0.10899012,1.0
321,29,0.09883081,0.021856831,0.085091874,1.0
321,30,-0.118348,0.078478694,0.09203024,1.0
321,31,0.12804244,-0.025501797,0.013175109,1.0
321,32,-0.09541773,0.043771096,0.007091851,1.0
322,0,-0.0050941305,1.5203774,-0.1894463,1.0
322,1,-0.007442748,1.5267161,-0.201624,1.0
322,2,0.025587702,1.5409207,-0.19583102,1.0
322,3,0.030579116,1.5245467,-0.18298897,1.0
322,4,-0.011574019,1.5386207,-0.18969008,1.0
322,5,-0.017006535,1.5450307,-0.2074958,1.0
322,6,-0.009977214,1.5406834,-0.18683879,1.0
322,7,0.10841655,1.4990476,-0.1320916,1.0
322,8,-0.018805368,1.4784485,-0.066104725,1.0
322,9,0.03766095,1.4866388,-0.15875663,1.0
322,10,-0.009272381,1.4615607,-0.17439114,1.0
322,11,0.18705568,1.3411124,-0.07371321,1.0
322,12,-0.050459944,1.4848692,0.07209714,1.0
322,13,0.21167195,1.3278141,-0.24331616,1.0
322,14,-0.249271,1.529924,-0.005867837,1.0
322,15,0.148011,1.3939927,-0.29525185,1.0
322,16,-0.42577943,1.6964293,-0.08347058,1.0
322,17,0.16399823,1.3888574,-0.3019414,1.0
322,18,-0.425795,1.73088,-0.12730426,1.0
322,19,0.12789607,1.4015547,-0.31944695,1.0
322,20,-0.41483077,1.749774,-0.15306373,1.0
322,21,0.16756429,1.3539485,-0.29658806,1.0
322,22,-0.42167017,1.7099609,-0.10713635,1.0
322,23,0.08880123,0.8582995,0.0049682613,1.0
322,24,-0.08741941,0.87257314,-0.025846604,1.0
322,25,0.08455309,0.45878273,-0.07649184,1.0
322,26,-0.058329593,0.5232115,-0.035081137,1.0
322,27,0.09833531,0.054219306,0.032785915,1.0
322,28,-0.109053105,0.13315965,0.10926517,1.0
322,29,0.07862822,0.02249057,0.06587355,1.0
322,30,-0.11609624,0.088986054,0.09086689,1.0
322,31,0.09772934,-0.027338557,-0.0065141115,1.0
322,32,-0.10198098,0.056660034,0.008817182,1.0
323,0,-0.005308482,1.5358647,-0.18545449,1.0
323,1,-0.006866201,1.5417875,-0.19947687,1.0
323,2,0.023874352,1.5558312,-0.19368462,1.0
323,3,0.030382823,1.537123,-0.18206546,1.0
323,4,-0.011402926,1.5536689,-0.18290368,1.0
323,5,-0.018024463,1.5606326,-0.2054397,1.0
323,6,-0.009141842,1.5565817,-0.18235369,1.0
323,7,0.11239455,1.5100733,-0.1353509,1.0
323,8,-0.012595814,1.4937568,-0.06389073,1.0
323,9,0.035289805,1.4981722,-0.15645781,1.0
323,10,-0.0065725883,1.478708,-0.17044535,1.0
323,11,0.1842356,1.3411185,-0.0868745,1.0
323,12,-0.038829148,1.4903796,0.07863024,1.0
323,13,0.18857332,1.3188514,-0.28412807,1.0
323,14,-0.23520923,1.5413201,0.0011185128,1.0
323,15,0.15370564,1.4016249,-0.35999078,1.0
323,16,-0.40633988,1.7135447,-0.07218227,1.0
323,17,0.17813607,1.402797,-0.3682948,1.0
323,18,-0.4067324,1.7498821,-0.114598475,1.0
323,19,0.15461168,1.4107867,-0.3859001,1.0
323,20,-0.3973607,1.7694434,-0.14233948,1.0
323,21,0.17856245,1.3611138,-0.35897693,1.0
323,22,-0.4038043,1.7252777,-0.0951894,1.0
323,23,0.084156506,0.86301994,-0.0032746345,1.0
323,24,-0.08244975,0.87506914,-0.018954763,1.0
323,25,0.07353311,0.45800692,-0.09331288,1.0
323,26,-0.065119185,0.5333325,-0.025232315,1.0
323,27,0.08054381,0.055875402,0.011879935,1.0
323,28,-0.10805421,0.147468,0.13363624,1.0
323,29,0.060108818,0.02422766,0.04916329,1.0
323,30,-0.11888537,0.1042112,0.11651413,1.0
323,31,0.06941784,-0.025479805,-0.02203597,1.0
323,32,-0.11376002,0.07160961,0.052518606,1.0
324,0,-0.003531611,1.5225805,-0.1750462,1.0
324,1,-0.0023829052,1.5299836,-0.18958619,1.0
324,2,0.02651753,1.5407,-0.1848142,1.0
324,3,0.029732358,1.5242451,-0.17331396,1.0
324,4,-0.008491527,1.5395821,-0.1739039,1.0
324,5,-0.015012686,1.5484437,-0.19614086,1.0
324,6,-0.003980007,1.5438449,-0.17372625,1.0
324,7,0.114709646,1.4960042,-0.12463887,1.0
324,8,-0.009658713,1.4805464,-0.054266114,1.0
324,9,0.038800083,1.4852551,-0.14929777,1.0
324,10,-0.0044170627,1.4652103,-0.16216883,1.0
324,11,0.18867575,1.3231348,-0.076635644,1.0
324,12,-0.03628833,1.4744452,0.083969705,1.0
324,13,0.18957981,1.2869732,-0.26621842,1.0
324,14,-0.22428657,1.5253472,0.0014787652,1.0
324,15,0.15829782,1.3676918,-0.34538934,1.0
324,16,-0.3774106,1.7007126,-0.08079007,1.0
324,17,0.18225333,1.3738596,-0.3532766,1.0
324,18,-0.37463868,1.7402103,-0.122977376,1.0
324,19,0.16114514,1.3817223,-0.3711459,1.0
324,20,-0.36160338,1.7619641,-0.14952624,1.0
324,21,0.18229401,1.3296616,-0.34586537,1.0
324,22,-0.37365186,1.7138368,-0.103435464,1.0
324,23,0.08591376,0.84909993,-0.0016721413,1.0
324,24,-0.08375598,0.8627228,-0.017022185,1.0
324,25,0.071793035,0.44549528,-0.08825103,1.0
324,26,-0.07956847,0.5200649,-0.02247424,1.0
324,27,0.081619,0.053531792,0.022117104,1.0
324,28,-0.114766486,0.14198487,0.1449875,1.0
324,29,0.061593868,0.024940437,0.058017366,1.0
324,30,-0.122824,0.097520545,0.12545432,1.0
324,31,0.06842968,-0.024097286,-0.014114773,1.0
324,32,-0.12457978,0.06882133,0.062324166,1.0
325,0,-0.004556434,1.5203967,-0.17004995,1.0
325,1,-0.0020419732,1.5264758,-0.18521205,1.0
325,2,0.026777318,1.5373107,-0.18175232,1.0
325,3,0.030070562,1.5218239,-0.16902377,1.0
325,4,-0.00877793,1.535716,-0.16964045,1.0
325,5,-0.014860199,1.5457808,-0.19204946,1.0
325,6,-0.0033129118,1.540599,-0.17012587,1.0
325,7,0.11561028,1.4926639,-0.12251106,1.0
325,8,-0.008956588,1.4748964,-0.04866096,1.0
325,9,0.038204905,1.4830686,-0.14601372,1.0
325,10,-0.0046799397,1.462636,-0.15863664,1.0
325,11,0.1883792,1.3142847,-0.07596685,1.0
325,12,-0.032420717,1.4677644,0.091780655,1.0
325,13,0.17816277,1.2626506,-0.26620585,1.0
325,14,-0.21182472,1.5180271,0.011534527,1.0
325,15,0.14758915,1.3338392,-0.34686965,1.0
325,16,-0.35793233,1.703908,-0.073710464,1.0
325,17,0.1727221,1.3387016,-0.35422572,1.0
325,18,-0.3545828,1.7476517,-0.1154455,1.0
325,19,0.15356468,1.346599,-0.37327018,1.0
325,20,-0.33964574,1.7703993,-0.1404093,1.0
325,21,0.17268345,1.2943735,-0.34750283,1.0
325,22,-0.35473168,1.7182035,-0.09746107,1.0
325,23,0.085749656,0.8416718,-0.005098477,1.0
325,24,-0.083236575,0.85505784,-0.013334216,1.0
325,25,0.06777556,0.43746018,-0.08865496,1.0
325,26,-0.08731272,0.5166237,-0.01851403,1.0
325,27,0.08083146,0.053294282,0.032201774,1.0
325,28,-0.1182719,0.13578501,0.14268328,1.0
325,29,0.060904145,0.025648346,0.06850057,1.0
325,30,-0.1259699,0.09099739,0.121124804,1.0
325,31,0.06132628,-0.024999138,-0.0015422236,1.0
325,32,-0.13760008,0.06612188,0.0588457,1.0
326,0,-0.0059882305,1.5129706,-0.170116,1.0
326,1,-0.0022021746,1.5174565,-0.18470177,1.0
326,2,0.027658394,1.5313795,-0.18028016,1.0
326,3,0.031151816,1.5152671,-0.16674253,1.0
326,4,-0.010033838,1.5268382,-0.16747206,1.0
326,5,-0.015283606,1.5384436,-0.1910366,1.0
326,6,-0.0032158084,1.5304375,-0.17057896,1.0
326,7,0.11499206,1.4823854,-0.12566061,1.0
326,8,-0.009814696,1.4606419,-0.04879223,1.0
326,9,0.037327103,1.475871,-0.14464812,1.0
326,10,-0.003975019,1.4545866,-0.15627481,1.0
326,11,0.186747,1.3035774,-0.08240035,1.0
326,12,-0.026070934,1.4546357,0.090618104,1.0
326,13,0.15649022,1.2550279,-0.28243887,1.0
326,14,-0.20544836,1.5081817,0.010327252,1.0
326,15,0.111277774,1.3148668,-0.36180437,1.0
326,16,-0.3437524,1.6980624,-0.075867325,1.0
326,17,0.12907563,1.3151659,-0.36952987,1.0
326,18,-0.34153578,1.7443128,-0.11779935,1.0
326,19,0.109481946,1.3235574,-0.38463828,1.0
326,20,-0.32607555,1.7646074,-0.14115006,1.0
326,21,0.13335799,1.2739897,-0.3598539,1.0
326,22,-0.34026617,1.7146295,-0.10004748,1.0
326,23,0.0845645,0.827509,-0.0048701316,1.0
326,24,-0.082234666,0.8408929,-0.015795441,1.0
326,25,0.07141053,0.43204877,-0.086748995,1.0
326,26,-0.09399627,0.50808126,-0.019863676,1.0
326,27,0.086521074,0.056136414,0.07060838,1.0
326,28,-0.12282617,0.12913354,0.13945617,1.0
326,29,0.06635346,0.027776247,0.10971287,1.0
326,30,-0.12782459,0.0822313,0.12071526,1.0
326,31,0.0694323,-0.0254419,0.047699764,1.0
326,32,-0.137852,0.057781763,0.056582734,1.0
327,0,-0.007522345,1.5119507,-0.1700883,1.0
327,1,-0.0014255866,1.5163094,-0.18514174,1.0
327,2,0.027434418,1.5318642,-0.18020922,1.0
327,3,0.030038685,1.5163561,-0.16690533,1.0
327,4,-0.011101576,1.525595,-0.1665073,1.0
327,5,-0.016008507,1.5384985,-0.1914758,1.0
327,6,-0.0026641525,1.5282432,-0.17171822,1.0
327,7,0.11681309,1.4818655,-0.12661324,1.0
327,8,-0.010757557,1.4579626,-0.04773054,1.0
327,9,0.03675905,1.4761697,-0.14490156,1.0
327,10,-0.0031798175,1.453993,-0.15533681,1.0
327,11,0.1908157,1.2994691,-0.08276646,1.0
327,12,-0.023097303,1.4541095,0.09063801,1.0
327,13,0.15631983,1.2450052,-0.28367427,1.0
327,14,-0.19863792,1.5050097,0.008683851,1.0
327,15,0.11552034,1.3047031,-0.3671981,1.0
327,16,-0.33375287,1.6905981,-0.08919825,1.0
327,17,0.13069123,1.307555,-0.3761267,1.0
327,18,-0.33413652,1.7363335,-0.13239375,1.0
327,19,0.11362952,1.316786,-0.38957557,1.0
327,20,-0.31737038,1.7557986,-0.15488192,1.0
327,21,0.13617602,1.2652738,-0.36499757,1.0
327,22,-0.32947448,1.7082908,-0.11285804,1.0
327,23,0.08518776,0.82672924,-0.0039761066,1.0
327,24,-0.08271027,0.84195846,-0.017523704,1.0
327,25,0.07487985,0.43439266,-0.0838214,1.0
327,26,-0.100433916,0.51185495,-0.023460314,1.0
327,27,0.08970791,0.058852553,0.09567512,1.0
327,28,-0.12563865,0.13285802,0.14116907,1.0
327,29,0.06857755,0.029827133,0.1359854,1.0
327,30,-0.12783769,0.08675351,0.124499306,1.0
327,31,0.0740591,-0.02658353,0.075497046,1.0
327,32,-0.13704328,0.059111245,0.056668527,1.0
328,0,-0.009209572,1.5161569,-0.15077576,1.0
328,1,-0.0029895324,1.5196968,-0.16397738,1.0
328,2,0.025023645,1.5345302,-0.15876377,1.0
328,3,0.027670655,1.5201685,-0.14698392,1.0
328,4,-0.012935264,1.5300654,-0.14635317,1.0
328,5,-0.01696863,1.5432242,-0.17097571,1.0
328,6,-0.004324518,1.5330869,-0.15069862,1.0
328,7,0.1196758,1.4862236,-0.102585405,1.0
328,8,-0.009863213,1.4650601,-0.020660318,1.0
328,9,0.035666995,1.4800533,-0.12567912,1.0
328,10,-0.006499853,1.4577981,-0.13422485,1.0
328,11,0.19190007,1.3011826,-0.060095716,1.0
328,12,-0.019845124,1.4623545,0.12187477,1.0
328,13,0.15820374,1.2411706,-0.26122257,1.0
328,14,-0.19075586,1.5055428,0.037924234,1.0
328,15,0.13263774,1.3222247,-0.35605475,1.0
328,16,-0.31980535,1.693532,-0.07194927,1.0
328,17,0.15418576,1.331666,-0.3703069,1.0
328,18,-0.3184958,1.7394571,-0.11596122,1.0
328,19,0.13817368,1.3436488,-0.38221014,1.0
328,20,-0.3040716,1.7613181,-0.13879567,1.0
328,21,0.15546708,1.2853485,-0.35544756,1.0
328,22,-0.31513974,1.7109969,-0.09573777,1.0
328,23,0.08495639,0.83208877,-0.0073086023,1.0
328,24,-0.08132655,0.8491136,-0.014597478,1.0
328,25,0.082923666,0.4350617,-0.08133339,1.0
328,26,-0.09732928,0.5184517,-0.027239148,1.0
328,27,0.102357484,0.06104885,0.09627617,1.0
328,28,-0.124357365,0.13415048,0.1396813,1.0
328,29,0.08303242,0.034245916,0.13417497,1.0
328,30,-0.12736416,0.088163674,0.120962635,1.0
328,31,0.080697194,-0.024625484,0.07677879,1.0
328,32,-0.13594936,0.05651208,0.05315559,1.0
329,0,-0.009624635,1.5099385,-0.13741364,1.0
329,1,-0.003330795,1.5163205,-0.14923678,1.0
329,2,0.023203958,1.5262799,-0.144927,1.0
329,3,0.024155222,1.5162491,-0.13385302,1.0
329,4,-0.012075717,1.5226259,-0.13617626,1.0
329,5,-0.014981919,1.5382184,-0.15801345,1.0
329,6,-0.005447382,1.5268147,-0.13507889,1.0
329,7,0.11891429,1.4818029,-0.087150745,1.0
329,8,-0.006439131,1.4621314,-0.0058839805,1.0
329,9,0.03808345,1.4748907,-0.11401183,1.0
329,10,-0.0077899513,1.4514279,-0.12102304,1.0
329,11,0.19788243,1.2974188,-0.045513332,1.0
329,12,-0.01415606,1.4597474,0.13684358,1.0
329,13,0.16208816,1.2349976,-0.22002997,1.0
329,14,-0.17613013,1.502989,0.056747206,1.0
329,15,0.13681647,1.3210258,-0.2898057,1.0
329,16,-0.29750583,1.6995151,-0.048797693,1.0
329,17,0.16029838,1.3371888,-0.30038548,1.0
329,18,-0.29352158,1.7494382,-0.0934888,1.0
329,19,0.14526086,1.3472443,-0.3142243,1.0
329,20,-0.27942175,1.7746438,-0.11330568,1.0
329,21,0.16140255,1.2866664,-0.2915041,1.0
329,22,-0.2934936,1.7183497,-0.0734749,1.0
329,23,0.08785918,0.83074504,-0.007304257,1.0
329,24,-0.08350525,0.84992486,-0.011428778,1.0
329,25,0.0941039,0.4299675,-0.07855028,1.0
329,26,-0.094941184,0.5106791,-0.026010282,1.0
329,27,0.13338089,0.06019258,0.09505489,1.0
329,28,-0.104430206,0.12825972,0.13963404,1.0
329,29,0.11218392,0.038165852,0.12810315,1.0
329,30,-0.10628931,0.08209781,0.11920725,1.0
329,31,0.11204348,-0.019898163,0.07101293,1.0
329,32,-0.11438166,0.052061923,0.05044782,1.0
330,0,-0.0051957923,1.5127486,-0.10408302,1.0
330,1,0.005439132,1.519834,-0.1139517,1.0
330,2,0.02660144,1.5245731,-0.111584045,1.0
330,3,0.028543882,1.5180246,-0.10038971,1.0
330,4,-0.0034619642,1.5233282,-0.105695575,1.0
330,5,-0.0072492724,1.5406591,-0.12653542,1.0
330,6,0.00065328553,1.5282035,-0.1017502,1.0
330,7,0.12127209,1.4833645,-0.04944762,1.0
330,8,-0.00464887,1.464002,0.025662508,1.0
330,9,0.04220834,1.4757295,-0.082208075,1.0
330,10,-0.001866397,1.4551942,-0.088481046,1.0
330,11,0.19409727,1.295886,-0.012025499,1.0
330,12,-0.009503179,1.460624,0.17121121,1.0
330,13,0.143452,1.2240815,-0.16222458,1.0
330,14,-0.162367,1.5015533,0.09812768,1.0
330,15,0.1272367,1.3195633,-0.20978338,1.0
330,16,-0.27021477,1.7099379,-0.00691883,1.0
330,17,0.14763099,1.3435966,-0.21496916,1.0
330,18,-0.2654476,1.7667232,-0.051383115,1.0
330,19,0.14144096,1.3544761,-0.22843699,1.0
330,20,-0.24891268,1.7988107,-0.062797405,1.0
330,21,0.1499337,1.2911546,-0.21076216,1.0
330,22,-0.26485592,1.7327752,-0.0277449,1.0
330,23,0.08506392,0.83691555,-0.009957522,1.0
330,24,-0.08224445,0.8564865,-0.008919044,1.0
330,25,0.09347526,0.43209323,-0.07348674,1.0
330,26,-0.089640185,0.5099816,-0.02847021,1.0
330,27,0.1492937,0.0661144,0.098882556,1.0
330,28,-0.09209443,0.10919911,0.101988405,1.0
330,29,0.12872212,0.045124028,0.12652938,1.0
330,30,-0.09273572,0.06400488,0.074383035,1.0
330,31,0.118403584,-0.011020031,0.07180992,1.0
330,32,-0.10984709,0.03921541,0.0009983378,1.0
331,0,-0.00039238564,1.4971288,-0.10144447,1.0
331,1,0.0118340235,1.5062804,-0.11248371,1.0
331,2,0.03403132,1.5111799,-0.111805245,1.0
331,3,0.033575792,1.5053717,-0.09861852,1.0
331,4,0.003030966,1.5138316,-0.1040788,1.0
331,5,0.0038236394,1.5278406,-0.1263053,1.0
331,6,0.011022636,1.5172526,-0.100107506,1.0
331,7,0.12285666,1.4710903,-0.04588223,1.0
331,8,0.0036772846,1.4520321,0.023360569,1.0
331,9,0.04850743,1.4603605,-0.08183684,1.0
331,10,0.004519734,1.4441444,-0.08837971,1.0
331,11,0.19063193,1.2828523,-0.01466476,1.0
331,12,-0.0022646557,1.4512761,0.1789264,1.0
331,13,0.1362514,1.211156,-0.14740147,1.0
331,14,-0.13725637,1.4968208,0.11738065,1.0
331,15,0.12508519,1.31397,-0.17913006,1.0
331,16,-0.23453803,1.714592,0.009188145,1.0
331,17,0.13817051,1.3449997,-0.18148369,1.0
331,18,-0.23017585,1.7773314,-0.03346387,1.0
331,19,0.13788381,1.3620542,-0.19092412,1.0
331,20,-0.20761415,1.8123169,-0.04359433,1.0
331,21,0.1433921,1.2941691,-0.17965306,1.0
331,22,-0.23237205,1.740399,-0.01029897,1.0
331,23,0.08290908,0.82943165,-0.018576268,1.0
331,24,-0.083710015,0.8453241,0.001573598,1.0
331,25,0.077738635,0.4206919,-0.095485985,1.0
331,26,-0.07634716,0.5026814,-0.020525336,1.0
331,27,0.17326379,0.112334184,0.1378453,1.0
331,28,-0.064750746,0.09919054,0.099251814,1.0
331,29,0.15222879,0.09285629,0.17401226,1.0
331,30,-0.06530629,0.05699719,0.0676043,1.0
331,31,0.12594636,0.02460971,0.14754617,1.0
331,32,-0.09802588,0.02828627,0.003994313,1.0
332,0,-0.0020867134,1.4902588,-0.105116434,1.0
332,1,0.009150242,1.5016093,-0.116717845,1.0
332,2,0.032771893,1.5047501,-0.11868417,1.0
332,3,0.031673133,1.4991348,-0.103753686,1.0
332,4,0.004294593,1.5104604,-0.10645361,1.0
332,5,0.0037781568,1.5216717,-0.13208342,1.0
332,6,0.010378245,1.5129877,-0.10231365,1.0
332,7,0.12123003,1.464509,-0.053306244,1.0
332,8,0.005945893,1.4499571,0.015893508,1.0
332,9,0.046917487,1.4507939,-0.0880048,1.0
332,10,0.00391156,1.4385241,-0.094288535,1.0
332,11,0.18600594,1.2735966,-0.024074873,1.0
332,12,-0.0014006332,1.4488531,0.1809907,1.0
332,13,0.11652555,1.1900053,-0.14717,1.0
332,14,-0.12913606,1.4994633,0.12499252,1.0
332,15,0.10542609,1.3094662,-0.1687228,1.0
332,16,-0.20276126,1.7305461,0.021373695,1.0
332,17,0.11533084,1.3469783,-0.16792393,1.0
332,18,-0.1925609,1.798018,-0.019798843,1.0
332,19,0.12349874,1.364302,-0.17713758,1.0
332,20,-0.16795045,1.8376703,-0.026353013,1.0
332,21,0.12390692,1.2905749,-0.16703646,1.0
332,22,-0.20236707,1.7602185,0.0040116385,1.0
332,23,0.07840897,0.8281234,-0.02763642,1.0
332,24,-0.07946794,0.84218097,0.0099729,1.0
332,25,0.035493627,0.41604415,-0.11532114,1.0
332,26,-0.07658686,0.5039512,-0.012907975,1.0
332,27,0.19596441,0.17754234,0.16457047,1.0
332,28,-0.058242716,0.097903684,0.103191495,1.0
332,29,0.18033624,0.16291386,0.20783693,1.0
332,30,-0.05817723,0.056642134,0.07315421,1.0
332,31,0.14685318,0.09015371,0.20443,1.0
332,32,-0.10076638,0.026733957,0.021171924,1.0
333,0,-0.0022769663,1.4862603,-0.10319385,1.0
333,1,0.006728553,1.5032302,-0.117613524,1.0
333,2,0.030890765,1.5038803,-0.12292771,1.0
333,3,0.028887484,1.4954492,-0.10814383,1.0
333,4,0.0075945547,1.5088475,-0.10540433,1.0
333,5,0.0037154397,1.5176017,-0.13403267,1.0
333,6,0.0136397965,1.5128894,-0.104516156,1.0
333,7,0.11346285,1.4645334,-0.06340567,1.0
333,8,0.005194058,1.4518738,0.0034439499,1.0
333,9,0.04416325,1.447408,-0.089525685,1.0
333,10,0.0041736453,1.4362117,-0.09911855,1.0
333,11,0.17259671,1.2724551,-0.037792526,1.0
333,12,0.0015805252,1.4545857,0.16969366,1.0
333,13,0.09082971,1.175239,-0.15718232,1.0
333,14,-0.12597956,1.5030961,0.1007146,1.0
333,15,0.072588176,1.3149241,-0.16579743,1.0
333,16,-0.1646702,1.744886,-0.0018140357,1.0
333,17,0.08494609,1.3577948,-0.16229336,1.0
333,18,-0.14556094,1.8124974,-0.043065913,1.0
333,19,0.0983327,1.3765984,-0.1726243,1.0
333,20,-0.11828174,1.8556668,-0.046742126,1.0
333,21,0.09568199,1.2952998,-0.16265272,1.0
333,22,-0.16487959,1.7754908,-0.019885022,1.0
333,23,0.06926151,0.8344209,-0.031625822,1.0
333,24,-0.06925782,0.8451784,0.015061712,1.0
333,25,-0.020570485,0.43930334,-0.12582767,1.0
333,26,-0.049693104,0.50674933,-0.0021154573,1.0
333,27,0.18775354,0.26428965,0.1449038,1.0
333,28,-0.04165482,0.094362214,0.09877225,1.0
333,29,0.17867173,0.25738847,0.1917695,1.0
333,30,-0.042510834,0.048752077,0.06774922,1.0
333,31,0.13980748,0.18968311,0.19602215,1.0
333,32,-0.092411034,0.026252992,0.024132747,1.0
334,0,-0.012863701,1.4832511,-0.10159039,1.0
334,1,-0.0022771535,1.504615,-0.11934407,1.0
334,2,0.022213886,1.5012753,-0.122091815,1.0
334,3,0.022803534,1.496713,-0.10965052,1.0
334,4,0.00093577255,1.5032946,-0.1080181,1.0
334,5,0.001182571,1.5219886,-0.1353888,1.0
334,6,0.0042104665,1.5108403,-0.11330033,1.0
334,7,0.107804395,1.468381,-0.06908316,1.0
334,8,-0.0050759115,1.4546463,-0.00046491995,1.0
334,9,0.03577575,1.4542948,-0.09223924,1.0
334,10,-0.00086438283,1.4360921,-0.09977904,1.0
334,11,0.14779937,1.2790807,-0.036663495,1.0
334,12,-0.009473176,1.4608294,0.16709176,1.0
334,13,0.06465946,1.1617996,-0.14578333,1.0
334,14,-0.12793379,1.5038137,0.093023516,1.0
334,15,0.01126308,1.2948219,-0.13462783,1.0
334,16,-0.11947328,1.7328211,-0.011537565,1.0
334,17,0.008629981,1.3416457,-0.13829876,1.0
334,18,-0.09734161,1.7968056,-0.054134287,1.0
334,19,0.024895426,1.366835,-0.14266911,1.0
334,20,-0.058480266,1.8402693,-0.052328672,1.0
334,21,0.032311395,1.2834554,-0.13604385,1.0
334,22,-0.12435695,1.766734,-0.022736987,1.0
334,23,0.06573495,0.84364516,-0.03639761,1.0
334,24,-0.063599765,0.85230374,0.014761766,1.0
334,25,-0.053323608,0.4777794,-0.13560785,1.0
334,26,-0.032557335,0.5099336,-0.003930173,1.0
334,27,0.19305973,0.33654067,0.12882894,1.0
334,28,-0.044773057,0.0921487,0.09086732,1.0
334,29,0.18926652,0.33514997,0.17839968,1.0
334,30,-0.040905796,0.04453711,0.057823252,1.0
334,31,0.15873964,0.27518556,0.19439322,1.0
334,32,-0.09194233,0.026294537,0.01150323,1.0
335,0,-0.020118173,1.4874156,-0.10084836,1.0
335,1,-0.009613313,1.5095598,-0.11990659,1.0
335,2,0.016190102,1.5030342,-0.11961074,1.0
335,3,0.016715284,1.5011643,-0.108194195,1.0
335,4,-0.007539249,1.5033296,-0.108753055,1.0
335,5,-0.003887304,1.5297256,-0.13289036,1.0
335,6,-0.0053109676,1.5140656,-0.11323286,1.0
335,7,0.10384417,1.4707061,-0.06417801,1.0
335,8,-0.008141043,1.4584066,0.004168003,1.0
335,9,0.02934626,1.461776,-0.092167035,1.0
335,10,-0.0037960126,1.438106,-0.0978216,1.0
335,11,0.13366169,1.2883742,-0.037617497,1.0
335,12,-0.015263258,1.4594506,0.16700503,1.0
335,13,0.047733985,1.1767625,-0.1338453,1.0
335,14,-0.11498837,1.4875106,0.068659,1.0
335,15,-0.032042835,1.2965827,-0.10588804,1.0
335,16,-0.06442605,1.7005239,-0.06242667,1.0
335,17,-0.04506184,1.3416427,-0.109456845,1.0
335,18,-0.03759231,1.7577294,-0.112032466,1.0
335,19,-0.03140913,1.3652506,-0.10843621,1.0
335,20,0.008591241,1.8005674,-0.104879804,1.0
335,21,-0.011440873,1.2854139,-0.106048636,1.0
335,22,-0.068140045,1.736554,-0.06778999,1.0
335,23,0.061567344,0.84657264,-0.03828973,1.0
335,24,-0.056921028,0.8526731,0.018349348,1.0
335,25,-0.06916612,0.4979411,-0.13683365,1.0
335,26,-0.023510404,0.50327563,0.0024067382,1.0
335,27,0.19960819,0.3894853,0.12717454,1.0
335,28,-0.040447958,0.08947451,0.08935637,1.0
335,29,0.19992962,0.3908516,0.17578544,1.0
335,30,-0.034649108,0.04714029,0.05536924,1.0
335,31,0.17210877,0.33389717,0.20775412,1.0
335,32,-0.08699571,0.0260363,0.015047341,1.0
336,0,-0.027935246,1.4945742,-0.10002338,1.0
336,1,-0.018310018,1.5136944,-0.116995886,1.0
336,2,0.006402003,1.5085025,-0.112852626,1.0
336,3,0.0062370514,1.5066931,-0.106356986,1.0
336,4,-0.017555583,1.5082525,-0.10632045,1.0
336,5,-0.011571563,1.5355904,-0.1294369,1.0
336,6,-0.016451227,1.5158077,-0.11020477,1.0
336,7,0.09052823,1.473893,-0.05239822,1.0
336,8,-0.022725366,1.4626664,0.0061867973,1.0
336,9,0.018147726,1.4687281,-0.08901305,1.0
336,10,-0.011729753,1.4419823,-0.09596188,1.0
336,11,0.115524486,1.2961384,-0.03145381,1.0
336,12,-0.03722484,1.4588194,0.16064726,1.0
336,13,0.02365993,1.1754981,-0.12495135,1.0
336,14,-0.11817525,1.4704103,0.03830683,1.0
336,15,-0.06651383,1.284679,-0.09526938,1.0
336,16,-0.03355038,1.6669843,-0.09903173,1.0
336,17,-0.08627603,1.3303442,-0.096001424,1.0
336,18,-0.002369077,1.7174742,-0.15188822,1.0
336,19,-0.07521908,1.3502232,-0.09253147,1.0
336,20,0.044627234,1.7581141,-0.13848811,1.0
336,21,-0.048185527,1.2754989,-0.09630269,1.0
336,22,-0.03503802,1.7009616,-0.09967357,1.0
336,23,0.057692807,0.853866,-0.0357134,1.0
336,24,-0.052028067,0.8545092,0.018336548,1.0
336,25,-0.09619084,0.5265359,-0.13551356,1.0
336,26,-0.01437028,0.5009663,0.006821,1.0
336,27,0.1885381,0.42372975,0.112266764,1.0
336,28,-0.043960758,0.0871892,0.08875525,1.0
336,29,0.19205485,0.42498216,0.15638787,1.0
336,30,-0.038454514,0.049229696,0.055575382,1.0
336,31,0.16577706,0.367864,0.19417596,1.0
336,32,-0.0909979,0.023121558,0.019162081,1.0
337,0,-0.0389451,1.4953897,-0.10364567,1.0
337,1,-0.027482945,1.5101516,-0.118760526,1.0
337,2,-0.004584432,1.5056331,-0.113730386,1.0
337,3,-0.005125654,1.5053135,-0.1078278,1.0
337,4,-0.027836127,1.508079,-0.107274964,1.0
337,5,-0.023764472,1.5350994,-0.12974213,1.0
337,6,-0.02824703,1.513266,-0.10963841,1.0
337,7,0.08106943,1.4716481,-0.046278015,1.0
337,8,-0.03603551,1.4620509,0.006472918,1.0
337,9,0.0069494485,1.4666042,-0.090868026,1.0
337,10,-0.022547163,1.4402692,-0.09562475,1.0
337,11,0.10636526,1.2961117,-0.028025325,1.0
337,12,-0.05778881,1.4545636,0.16004542,1.0
337,13,0.019183964,1.175584,-0.1136569,1.0
337,14,-0.1202335,1.4620929,0.035832748,1.0
337,15,-0.069787614,1.2767304,-0.07686329,1.0
337,16,-0.018911267,1.6357967,-0.095763475,1.0
337,17,-0.091718875,1.3230497,-0.073949754,1.0
337,18,0.016706262,1.6799467,-0.1478713,1.0
337,19,-0.08363348,1.3392245,-0.06868662,1.0
337,20,0.063224144,1.7176498,-0.13273734,1.0
337,21,-0.053981923,1.2682524,-0.078209005,1.0
337,22,-0.01780417,1.6674702,-0.09468562,1.0
337,23,0.056527656,0.85707235,-0.032986715,1.0
337,24,-0.050185222,0.85314,0.019777505,1.0
337,25,-0.10198009,0.5342171,-0.130237,1.0
337,26,-0.014913495,0.49792302,0.011396086,1.0
337,27,0.18536939,0.43163812,0.11640689,1.0
337,28,-0.044893153,0.0826048,0.08764066,1.0
337,29,0.18881881,0.4317826,0.15546301,1.0
337,30,-0.040392756,0.048072238,0.055399004,1.0
337,31,0.16398613,0.37637603,0.19727287,1.0
337,32,-0.096831195,0.02347792,0.020743564,1.0
338,0,-0.070910186,1.5141268,-0.09369944,1.0
338,1,-0.057358693,1.5300273,-0.118046746,1.0
338,2,-0.029202066,1.523798,-0.10592676,1.0
338,3,-0.03177191,1.5173635,-0.10060599,1.0
338,4,-0.056637634,1.5260344,-0.10518239,1.0
338,5,-0.040161576,1.5490589,-0.124361455,1.0
338,6,-0.060291663,1.523458,-0.110080674,1.0
338,7,0.06230595,1.4785014,-0.047121983,1.0
338,8,-0.047848195,1.476552,0.0101296855,1.0
338,9,-0.014165247,1.4850379,-0.089647196,1.0
338,10,-0.046440333,1.4549799,-0.08944088,1.0
338,11,0.08372378,1.3141241,-0.032272786,1.0
338,12,-0.06552914,1.4725251,0.16772014,1.0
338,13,0.010807822,1.1920607,-0.11290573,1.0
338,14,-0.13273834,1.5044931,0.113731086,1.0
338,15,-0.094871774,1.2819365,-0.038262315,1.0
338,16,-0.024270043,1.6449636,0.0887721,1.0
338,17,-0.12003958,1.3215053,-0.03784596,1.0
338,18,0.01379292,1.6860226,0.05623915,1.0
338,19,-0.11727007,1.3337148,-0.033034693,1.0
338,20,0.06855932,1.7186986,0.06861543,1.0
338,21,-0.08309425,1.2765254,-0.048490033,1.0
338,22,-0.022669047,1.673272,0.08932932,1.0
338,23,0.0550397,0.8566628,-0.04312957,1.0
338,24,-0.056207597,0.8457683,0.023624314,1.0
338,25,-0.09753135,0.5349652,-0.1308535,1.0
338,26,-0.014936079,0.4935418,0.011117991,1.0
338,27,0.17833115,0.40117377,0.088565,1.0
338,28,-0.040568434,0.08197916,0.09982205,1.0
338,29,0.1851609,0.39986047,0.119360685,1.0
338,30,-0.041304376,0.051479362,0.061591085,1.0
338,31,0.15501976,0.34738904,0.17083946,1.0
338,32,-0.10283514,0.021102525,0.03883233,1.0
339,0,-0.06908094,1.5206956,-0.089242004,1.0
339,1,-0.05851722,1.535046,-0.112546295,1.0
339,2,-0.024980456,1.5293007,-0.100181095,1.0
339,3,-0.030395158,1.5162946,-0.09229377,1.0
339,4,-0.058785256,1.5334795,-0.10128182,1.0
339,5,-0.040332865,1.5500329,-0.12256851,1.0
339,6,-0.062433407,1.5202779,-0.10552685,1.0
339,7,0.05388926,1.4765918,-0.037944004,1.0
339,8,-0.053569097,1.4750565,0.0074136956,1.0
339,9,-0.011074908,1.4893456,-0.08376149,1.0
339,10,-0.051914867,1.4567752,-0.0845203,1.0
339,11,0.0800181,1.32727,-0.023079447,1.0
339,12,-0.08230197,1.4799612,0.17205337,1.0
339,13,0.01895327,1.2103937,-0.08364593,1.0
339,14,-0.15081021,1.5178725,0.13934417,1.0
339,15,-0.08150374,1.2754941,0.016756967,1.0
339,16,-0.036444426,1.6423904,0.17282943,1.0
339,17,-0.1116311,1.30771,0.03137064,1.0
339,18,0.009031063,1.6836585,0.14247069,1.0
339,19,-0.11517312,1.3114388,0.026472893,1.0
339,20,0.063561976,1.7171443,0.1588256,1.0
339,21,-0.08060735,1.2690197,0.0074780174,1.0
339,22,-0.031146485,1.664183,0.16707098,1.0
339,23,0.057950675,0.86120886,-0.042903416,1.0
339,24,-0.062278226,0.84189194,0.023022113,1.0
339,25,-0.090488896,0.54357815,-0.12854943,1.0
339,26,-0.022509951,0.49351808,0.0076703294,1.0
339,27,0.17607789,0.3612391,0.06388615,1.0
339,28,-0.035662968,0.08166672,0.1007661,1.0
339,29,0.18357164,0.35736546,0.08262189,1.0
339,30,-0.04228866,0.05227659,0.063498005,1.0
339,31,0.14451195,0.3086269,0.12219372,1.0
339,32,-0.10711267,0.024911888,0.043101385,1.0
340,0,-0.06258791,1.5176982,-0.0950665,1.0
340,1,-0.054166533,1.5297023,-0.114026144,1.0
340,2,-0.023924258,1.5287561,-0.10283545,1.0
340,3,-0.028836869,1.5131204,-0.09369454,1.0
340,4,-0.060098417,1.5331198,-0.10155968,1.0
340,5,-0.04542231,1.5435246,-0.12912348,1.0
340,6,-0.0611016,1.5196639,-0.1042145,1.0
340,7,0.051060133,1.4770609,-0.028098196,1.0
340,8,-0.06464418,1.4691458,0.0044569364,1.0
340,9,-0.009134203,1.4877521,-0.08351404,1.0
340,10,-0.053209674,1.4536412,-0.08959143,1.0
340,11,0.090903014,1.3430161,-0.011473439,1.0
340,12,-0.10207011,1.4742,0.1701697,1.0
340,13,0.077972785,1.2543309,-0.061815795,1.0
340,14,-0.17853634,1.5220343,0.12836006,1.0
340,15,-0.04526507,1.2761778,0.039243877,1.0
340,16,-0.067741156,1.642919,0.16450144,1.0
340,17,-0.08162568,1.2928253,0.058150306,1.0
340,18,-0.016290795,1.6768047,0.13896187,1.0
340,19,-0.104103446,1.2846441,0.048950147,1.0
340,20,0.032038778,1.7120469,0.15466692,1.0
340,21,-0.046179302,1.2605313,0.036225908,1.0
340,22,-0.05681791,1.6571361,0.15490547,1.0
340,23,0.057270918,0.86054754,-0.039269872,1.0
340,24,-0.060128786,0.8412375,0.021737369,1.0
340,25,-0.1032529,0.52653337,-0.13324839,1.0
340,26,-0.025672533,0.48990762,0.009126297,1.0
340,27,0.15373564,0.35449663,0.047851272,1.0
340,28,-0.029094957,0.08018705,0.09132473,1.0
340,29,0.16485155,0.35554498,0.06217912,1.0
340,30,-0.037100065,0.050468687,0.058826197,1.0
340,31,0.1165108,0.305433,0.09265375,1.0
340,32,-0.10340247,0.024213351,0.04862838,1.0
341,0,-0.063987814,1.4997424,-0.10713877,1.0
341,1,-0.061253343,1.5160747,-0.11109947,1.0
341,2,-0.033404868,1.5145588,-0.1096479,1.0
341,3,-0.034234524,1.500427,-0.0998516,1.0
341,4,-0.061030563,1.513355,-0.10783639,1.0
341,5,-0.06329643,1.5261837,-0.13449126,1.0
341,6,-0.056453213,1.5154899,-0.107130125,1.0
341,7,0.034724057,1.484121,-0.026834477,1.0
341,8,-0.0812985,1.4573925,-0.0026704418,1.0
341,9,-0.024933303,1.4783778,-0.08812485,1.0
341,10,-0.059024666,1.4424455,-0.101857446,1.0
341,11,0.09419994,1.3507547,-0.01336567,1.0
341,12,-0.12565872,1.4530885,0.14957295,1.0
341,13,0.11671359,1.2830449,-0.07731513,1.0
341,14,-0.18178223,1.4907389,0.096881665,1.0
341,15,-0.024739826,1.2462308,-0.035474766,1.0
341,16,-0.080240354,1.605389,0.10551476,1.0
341,17,-0.048544694,1.2339371,-0.024983833,1.0
341,18,-0.027653724,1.6227734,0.08212565,1.0
341,19,-0.09499046,1.2156042,-0.037149042,1.0
341,20,0.010412525,1.663974,0.09588559,1.0
341,21,-0.019462489,1.2108526,-0.032973908,1.0
341,22,-0.061645873,1.6207116,0.0990075,1.0
341,23,0.06057766,0.8539802,-0.031863507,1.0
341,24,-0.056408875,0.8414856,0.01791848,1.0
341,25,-0.115803756,0.50726587,-0.143503,1.0
341,26,-0.039696965,0.47844633,0.007140454,1.0
341,27,0.13857885,0.2950327,0.009086172,1.0
341,28,-0.033731926,0.07581257,0.09093609,1.0
341,29,0.1461877,0.28568113,0.023089122,1.0
341,30,-0.03976419,0.042819656,0.060397733,1.0
341,31,0.10381254,0.2323482,0.034025762,1.0
341,32,-0.099829845,0.023409046,0.05212476,1.0
342,0,-0.068002656,1.49539,-0.12693803,1.0
342,1,-0.065167174,1.5164044,-0.122643635,1.0
342,2,-0.037695922,1.5079283,-0.12774843,1.0
342,3,-0.040686533,1.4971374,-0.11961307,1.0
342,4,-0.065855086,1.5079571,-0.12891652,1.0
342,5,-0.070845485,1.5248461,-0.15455139,1.0
342,6,-0.057343423,1.5107507,-0.12685882,1.0
342,7,0.02305894,1.4837947,-0.04350958,1.0
342,8,-0.09026835,1.4510239,-0.027777232,1.0
342,9,-0.03358988,1.4762448,-0.10272773,1.0
342,10,-0.066146895,1.4405534,-0.12108802,1.0
342,11,0.08416483,1.3601354,-0.030766327,1.0
342,12,-0.13733467,1.4445527,0.13033107,1.0
342,13,0.13526411,1.3142773,-0.11074641,1.0
342,14,-0.19120279,1.4867828,0.08455734,1.0
342,15,0.027471162,1.2512289,-0.086956024,1.0
342,16,-0.09198657,1.5752536,0.117927454,1.0
342,17,0.005279358,1.2311343,-0.08251398,1.0
342,18,-0.040311813,1.5859566,0.101162866,1.0
342,19,-0.04333925,1.20221,-0.091133356,1.0
342,20,-0.007793881,1.6309541,0.11008334,1.0
342,21,0.031552766,1.2153285,-0.08583138,1.0
342,22,-0.072342865,1.5919155,0.11360521,1.0
342,23,0.063827105,0.84684294,-0.033152018,1.0
342,24,-0.059374467,0.8421491,0.01650007,1.0
342,25,-0.100294895,0.48496693,-0.13971902,1.0
342,26,-0.051499013,0.47364783,0.0071222987,1.0
342,27,0.102420874,0.18771435,-0.0013083541,1.0
342,28,-0.039898694,0.07235076,0.111229375,1.0
342,29,0.1007527,0.16850223,0.013096321,1.0
342,30,-0.04214874,0.03922115,0.08442664,1.0
342,31,0.053688973,0.11376614,0.0018753111,1.0
342,32,-0.10802113,0.017752372,0.07690395,1.0
343,0,-0.07048762,1.5020045,-0.15352155,1.0
343,1,-0.06701222,1.5214492,-0.14699782,1.0
343,2,-0.040701523,1.5133216,-0.14943933,1.0
343,3,-0.040123973,1.5013363,-0.14224213,1.0
343,4,-0.070079155,1.5158669,-0.15524794,1.0
343,5,-0.075408004,1.5312389,-0.18152353,1.0
343,6,-0.06398534,1.5140605,-0.14969303,1.0
343,7,0.020959798,1.491926,-0.060465552,1.0
343,8,-0.0950578,1.4565588,-0.04561793,1.0
343,9,-0.039329745,1.4821529,-0.12158963,1.0
343,10,-0.07201767,1.4441023,-0.14002424,1.0
343,11,0.07541093,1.3816696,-0.049277335,1.0
343,12,-0.14270547,1.4484973,0.11861834,1.0
343,13,0.16806799,1.3979881,-0.12704211,1.0
343,14,-0.19650584,1.4921318,0.066073544,1.0
343,15,0.11699981,1.3176752,-0.09444551,1.0
343,16,-0.100047365,1.5669546,0.10112129,1.0
343,17,0.11499485,1.2877544,-0.08359364,1.0
343,18,-0.045864645,1.5722018,0.08245622,1.0
343,19,0.061774332,1.2486384,-0.09443997,1.0
343,20,-0.013671692,1.6108018,0.09116997,1.0
343,21,0.12699725,1.2696439,-0.09460086,1.0
343,22,-0.07488739,1.5806956,0.09716345,1.0
343,23,0.0626126,0.8494679,-0.038089786,1.0
343,24,-0.058294207,0.84235746,0.01950278,1.0
343,25,-0.09594849,0.45836663,-0.13230617,1.0
343,26,-0.046424665,0.4796951,0.013012218,1.0
343,27,0.097354524,0.13110688,-0.03842229,1.0
343,28,-0.02950534,0.07206386,0.091112934,1.0
343,29,0.09498085,0.107783586,-0.029994616,1.0
343,30,-0.03425775,0.041938946,0.06248987,1.0
343,31,0.030523524,0.054689564,-0.050137386,1.0
343,32,-0.10493592,0.023923181,0.05695572,1.0
344,0,-0.06922018,1.4887387,-0.17869996,1.0
344,1,-0.06504828,1.5056092,-0.17680345,1.0
344,2,-0.039032616,1.5027667,-0.17420898,1.0
344,3,-0.03870552,1.4920545,-0.16979666,1.0
344,4,-0.07330595,1.5096,-0.1812765,1.0
344,5,-0.0742965,1.5214077,-0.21124955,1.0
344,6,-0.0642908,1.507811,-0.17730452,1.0
344,7,0.02525422,1.4748012,-0.084881276,1.0
344,8,-0.09535898,1.4474779,-0.070706874,1.0
344,9,-0.0386592,1.4702969,-0.14570685,1.0
344,10,-0.07554299,1.4365817,-0.16621661,1.0
344,11,0.06730983,1.3648427,-0.06482445,1.0
344,12,-0.14683028,1.4389861,0.10631419,1.0
344,13,0.17320578,1.4205865,-0.1279944,1.0
344,14,-0.22630452,1.4826082,0.06176257,1.0
344,15,0.19331811,1.3940072,-0.083997026,1.0
344,16,-0.12711625,1.5376499,0.09448473,1.0
344,17,0.20418294,1.3831346,-0.069578156,1.0
344,18,-0.069560945,1.5390877,0.07217779,1.0
344,19,0.16511738,1.3523493,-0.08709265,1.0
344,20,-0.029417556,1.5747429,0.077554196,1.0
344,21,0.2107133,1.3579022,-0.08768925,1.0
344,22,-0.09958661,1.5506694,0.09166386,1.0
344,23,0.06071138,0.8379619,-0.039993428,1.0
344,24,-0.058862157,0.82616097,0.023520665,1.0
344,25,-0.0697998,0.44359538,-0.1324566,1.0
344,26,-0.036659934,0.48300365,0.01966778,1.0
344,27,0.08962323,0.07043137,-0.1207721,1.0
344,28,-0.02314087,0.06582178,0.073982894,1.0
344,29,0.08032733,0.046183005,-0.11528881,1.0
344,30,-0.031012587,0.0380551,0.04107892,1.0
344,31,-0.00075013004,0.006809853,-0.15892921,1.0
344,32,-0.10670652,0.035619803,0.029453427,1.0
345,0,-0.06734192,1.5096205,-0.18153149,1.0
345,1,-0.062519535,1.526999,-0.18085492,1.0
345,2,-0.04126081,1.5248886,-0.18352236,1.0
345,3,-0.041649144,1.5123544,-0.17916447,1.0
345,4,-0.06962292,1.5378622,-0.18425901,1.0
345,5,-0.07199456,1.5458019,-0.21205059,1.0
345,6,-0.060458235,1.541095,-0.183491,1.0
345,7,0.01547168,1.4942142,-0.10541326,1.0
345,8,-0.09212937,1.4770948,-0.08836559,1.0
345,9,-0.042400368,1.4899292,-0.15827653,1.0
345,10,-0.08065808,1.4672375,-0.1783321,1.0
345,11,0.05534311,1.3691269,-0.10007377,1.0
345,12,-0.14755808,1.4489032,0.085767165,1.0
345,13,0.14813301,1.4337598,-0.22742659,1.0
345,14,-0.252275,1.4716017,0.053438842,1.0
345,15,0.21901542,1.485278,-0.26530737,1.0
345,16,-0.16294387,1.5242203,0.084174015,1.0
345,17,0.24834087,1.4896959,-0.2703721,1.0
345,18,-0.10167592,1.5290474,0.059721358,1.0
345,19,0.22179385,1.4744161,-0.28730404,1.0
345,20,-0.06416182,1.5691552,0.059242286,1.0
345,21,0.24325018,1.4575143,-0.2773934,1.0
345,22,-0.133869,1.5377078,0.07991358,1.0
345,23,0.05568382,0.8537216,-0.050417844,1.0
345,24,-0.05918888,0.8415033,0.032448575,1.0
345,25,-0.046199873,0.4308116,-0.10989595,1.0
345,26,-0.03532821,0.5052481,0.06959546,1.0
345,27,0.08941489,0.048818335,-0.07250526,1.0
345,28,-0.013431166,0.10163316,0.18498789,1.0
345,29,0.07182008,0.019054638,-0.05423682,1.0
345,30,-0.028864406,0.074049994,0.15568659,1.0
345,31,-0.012687265,-0.019245807,-0.1013981,1.0
345,32,-0.110059254,0.07647853,0.14763665,1.0
346,0,-0.06644938,1.5475844,-0.17328462,1.0
346,1,-0.058038738,1.5666252,-0.17297563,1.0
346,2,-0.042549875,1.5635492,-0.17528902,1.0
346,3,-0.044956997,1.5577278,-0.17175132,1.0
346,4,-0.067884505,1.5737854,-0.17803638,1.0
346,5,-0.071951486,1.5878977,-0.2069852,1.0
346,6,-0.05947999,1.5799657,-0.17798583,1.0
346,7,0.011311396,1.5344872,-0.0961377,1.0
346,8,-0.09240978,1.5127702,-0.086138315,1.0
346,9,-0.04303152,1.5307858,-0.15027884,1.0
346,10,-0.078246325,1.5074886,-0.17137483,1.0
346,11,0.060774278,1.4060333,-0.09032595,1.0
346,12,-0.14838226,1.4855976,0.084825,1.0
346,13,0.15052058,1.5037895,-0.19847679,1.0
346,14,-0.2660906,1.4802123,0.016295254,1.0
346,15,0.2850309,1.6215019,-0.21305412,1.0
346,16,-0.16224729,1.5190055,-0.004947532,1.0
346,17,0.32824335,1.6506804,-0.2163119,1.0
346,18,-0.10472183,1.5212405,-0.036792204,1.0
346,19,0.31514832,1.6390938,-0.22834599,1.0
346,20,-0.06075183,1.563063,-0.037614964,1.0
346,21,0.31749967,1.5994499,-0.22545297,1.0
346,22,-0.1323927,1.533033,-0.0147127705,1.0
346,23,0.057495434,0.8926998,-0.045564022,1.0
346,24,-0.060023695,0.88055235,0.026424197,1.0
346,25,0.0069245687,0.45665106,-0.09337049,1.0
346,26,-0.038540438,0.5517049,0.07835732,1.0
346,27,0.10629181,0.052818976,-0.05181974,1.0
346,28,-0.009088049,0.15193506,0.21429825,1.0
346,29,0.08059419,0.024420772,-0.03400605,1.0
346,30,-0.01860552,0.124391764,0.18382287,1.0
346,31,0.0041264193,-0.013650785,-0.089949235,1.0
346,32,-0.10311835,0.12811354,0.1674235,1.0
347,0,-0.06356705,1.5643809,-0.16795579,1.0
347,1,-0.052766323,1.5823798,-0.1734756,1.0
347,2,-0.0377902,1.5788476,-0.17186673,1.0
347,3,-0.040027015,1.5740776,-0.1697985,1.0
347,4,-0.06629976,1.5912076,-0.17440647,1.0
347,5,-0.07071688,1.6026025,-0.20371835,1.0
347,6,-0.0566985,1.597898,-0.17465602,1.0
347,7,0.017076638,1.5517415,-0.089312375,1.0
347,8,-0.08953524,1.5236175,-0.0825314,1.0
347,9,-0.035896454,1.5452111,-0.14674075,1.0
347,10,-0.0720009,1.5198977,-0.16587494,1.0
347,11,0.06767772,1.4249706,-0.07778756,1.0
347,12,-0.15050723,1.4943296,0.08962048,1.0
347,13,0.17778905,1.551907,-0.13906476,1.0
347,14,-0.28271776,1.4527202,-0.032721337,1.0
347,15,0.34547246,1.7021389,-0.101522565,1.0
347,16,-0.17422207,1.4751639,-0.13479118,1.0
347,17,0.39286804,1.7420429,-0.09555433,1.0
347,18,-0.12278599,1.4734358,-0.17928788,1.0
347,19,0.3829504,1.7312053,-0.10656102,1.0
347,20,-0.06860764,1.518785,-0.18058456,1.0
347,21,0.38181868,1.6823345,-0.106258295,1.0
347,22,-0.14497024,1.4894066,-0.14944553,1.0
347,23,0.060415752,0.9046561,-0.042049184,1.0
347,24,-0.06278217,0.8907443,0.02259566,1.0
347,25,0.032599173,0.46650386,-0.09479203,1.0
347,26,-0.037998572,0.562772,0.07762523,1.0
347,27,0.11033768,0.05761316,-0.042422563,1.0
347,28,-0.006201355,0.16428056,0.23213968,1.0
347,29,0.08378051,0.029864684,-0.028280664,1.0
347,30,-0.012416952,0.13498142,0.20117417,1.0
347,31,0.007414032,-0.012715557,-0.090373755,1.0
347,32,-0.101599,0.13373582,0.17983435,1.0
348,0,-0.06013152,1.5635132,-0.16485043,1.0
348,1,-0.048567902,1.5807033,-0.16998704,1.0
348,2,-0.033432864,1.5773354,-0.16636647,1.0
348,3,-0.036271706,1.5732651,-0.16602051,1.0
348,4,-0.06333099,1.5918729,-0.17174843,1.0
348,5,-0.06644784,1.6008239,-0.20119734,1.0
348,6,-0.054728515,1.5978539,-0.17189635,1.0
348,7,0.016912704,1.5518273,-0.0811004,1.0
348,8,-0.09430624,1.5222288,-0.081589215,1.0
348,9,-0.03234684,1.544806,-0.14279082,1.0
348,10,-0.068810746,1.5199417,-0.16476154,1.0
348,11,0.07023494,1.4296885,-0.060154498,1.0
348,12,-0.16029124,1.4916519,0.08025043,1.0
348,13,0.18565588,1.5706929,-0.09744573,1.0
348,14,-0.29351187,1.4308927,-0.08733174,1.0
348,15,0.3715948,1.7357028,-0.043095507,1.0
348,16,-0.17728925,1.4411551,-0.23726562,1.0
348,17,0.41905102,1.7778656,-0.034506783,1.0
348,18,-0.12822716,1.43844,-0.2897316,1.0
348,19,0.41066605,1.7670449,-0.04814668,1.0
348,20,-0.06946708,1.4831994,-0.29026207,1.0
348,21,0.4069085,1.7163361,-0.04827153,1.0
348,22,-0.14758553,1.4540405,-0.25311348,1.0
348,23,0.0646594,0.9054207,-0.035722997,1.0
348,24,-0.06528451,0.8908896,0.013400497,1.0
348,25,0.040646035,0.46916726,-0.097538464,1.0
348,26,-0.037875816,0.56304586,0.06757967,1.0
348,27,0.113697164,0.056468025,-0.046514697,1.0
348,28,-0.0019901467,0.1690721,0.22946966,1.0
348,29,0.0871874,0.028472876,-0.033929285,1.0
348,30,-0.0051288465,0.13791224,0.1985049,1.0
348,31,0.020536993,-0.0122012375,-0.102289625,1.0
348,32,-0.09196996,0.13489002,0.16986327,1.0
349,0,-0.05878905,1.5384154,-0.16229549,1.0
349,1,-0.04835338,1.555161,-0.1675942,1.0
349,2,-0.03340775,1.5518523,-0.16467012,1.0
349,3,-0.03652191,1.5486144,-0.16528043,1.0
349,4,-0.063192636,1.5662909,-0.17115794,1.0
349,5,-0.064967655,1.5738795,-0.20051807,1.0
349,6,-0.055230036,1.5713614,-0.17073436,1.0
349,7,0.014302699,1.531602,-0.08017158,1.0
349,8,-0.09607227,1.498753,-0.08419983,1.0
349,9,-0.030461276,1.5203733,-0.14016682,1.0
349,10,-0.06646999,1.4960116,-0.16437286,1.0
349,11,0.07212497,1.4159129,-0.05356189,1.0
349,12,-0.1603225,1.4660715,0.07566385,1.0
349,13,0.19409283,1.5577843,-0.08813373,1.0
349,14,-0.29598185,1.396674,-0.09655053,1.0
349,15,0.383523,1.7190149,-0.03613911,1.0
349,16,-0.17980303,1.4015262,-0.25072485,1.0
349,17,0.43040222,1.7614249,-0.027658598,1.0
349,18,-0.13187525,1.4011674,-0.30449605,1.0
349,19,0.4232175,1.7497047,-0.04295439,1.0
349,20,-0.07092938,1.4471099,-0.30419227,1.0
349,21,0.41836277,1.7007031,-0.041765526,1.0
349,22,-0.15128165,1.4159975,-0.26756677,1.0
349,23,0.064781584,0.894431,-0.0334339,1.0
349,24,-0.065741085,0.87880456,0.01081264,1.0
349,25,0.03678607,0.45942563,-0.09807985,1.0
349,26,-0.03481285,0.5516513,0.055235658,1.0
349,27,0.116645664,0.054920476,-0.048872963,1.0
349,28,0.020378374,0.16046038,0.20865223,1.0
349,29,0.089451574,0.028149325,-0.036880627,1.0
349,30,0.019676067,0.12837848,0.17837997,1.0
349,31,0.02487645,-0.012008244,-0.10331838,1.0
349,32,-0.066262506,0.12465751,0.15153335,1.0
350,0,-0.05384512,1.5378684,-0.16537617,1.0
350,1,-0.04685775,1.5565141,-0.16954014,1.0
350,2,-0.031898297,1.5534725,-0.16500455,1.0
350,3,-0.036078088,1.5502663,-0.16664506,1.0
350,4,-0.061295222,1.5655724,-0.17487052,1.0
350,5,-0.06223911,1.5728676,-0.20251863,1.0
350,6,-0.053889655,1.5703933,-0.17278253,1.0
350,7,0.0142153725,1.5351639,-0.08048499,1.0
350,8,-0.09651529,1.4973911,-0.08830263,1.0
350,9,-0.024673967,1.5225347,-0.14163718,1.0
350,10,-0.06056044,1.4949743,-0.16611831,1.0
350,11,0.079857215,1.4238445,-0.04592051,1.0
350,12,-0.15934594,1.4599918,0.06542234,1.0
350,13,0.20779972,1.5723883,-0.07747064,1.0
350,14,-0.30794886,1.3836757,-0.108108334,1.0
350,15,0.39024517,1.7320151,-0.030343374,1.0
350,16,-0.19135456,1.404146,-0.2643285,1.0
350,17,0.4341512,1.7747558,-0.022235276,1.0
350,18,-0.14023887,1.4092172,-0.31960213,1.0
350,19,0.425699,1.7625257,-0.036714714,1.0
350,20,-0.080407396,1.4588358,-0.3168806,1.0
350,21,0.42382947,1.7127634,-0.036218654,1.0
350,22,-0.1613709,1.4204254,-0.27820176,1.0
350,23,0.06716112,0.90441567,-0.02406564,1.0
350,24,-0.06896798,0.89090586,0.0021979306,1.0
350,25,0.049138054,0.46889055,-0.09372252,1.0
350,26,-0.030268725,0.56531173,0.021995187,1.0
350,27,0.112063706,0.06091779,-0.043895632,1.0
350,28,0.05049674,0.1913489,0.19815916,1.0
350,29,0.082287036,0.032788537,-0.031042635,1.0
350,30,0.05536783,0.16083351,0.17222808,1.0
350,31,0.029401813,-0.012191365,-0.09740396,1.0
350,32,-0.010516007,0.14304283,0.14753354,1.0
351,0,-0.04576127,1.5465009,-0.17430308,1.0
351,1,-0.04282904,1.5684369,-0.17484182,1.0
351,2,-0.026182735,1.5666184,-0.16851057,1.0
351,3,-0.032779552,1.5613389,-0.16916637,1.0
351,4,-0.056810673,1.5738388,-0.18293439,1.0
351,5,-0.057915807,1.5817789,-0.20760317,1.0
351,6,-0.05022703,1.5786601,-0.17831525,1.0
351,7,0.013053138,1.5447274,-0.079475924,1.0
351,8,-0.099169545,1.5031903,-0.09466089,1.0
351,9,-0.015632955,1.5344553,-0.14452502,1.0
351,10,-0.05202443,1.500311,-0.17109941,1.0
351,11,0.08579613,1.4337949,-0.032105166,1.0
351,12,-0.16403739,1.4641894,0.041875973,1.0
351,13,0.2172133,1.5799767,-0.05958892,1.0
351,14,-0.31435835,1.3700752,-0.141147,1.0
351,15,0.3804545,1.7432982,-0.023525259,1.0
351,16,-0.19879517,1.4201586,-0.30509725,1.0
351,17,0.42084813,1.7840356,-0.017174924,1.0
351,18,-0.14563979,1.4324183,-0.36460543,1.0
351,19,0.4089621,1.7766224,-0.028252956,1.0
351,20,-0.09147343,1.4878078,-0.35940552,1.0
351,21,0.41345087,1.7225864,-0.03146437,1.0
351,22,-0.16756688,1.4414572,-0.31460983,1.0
351,23,0.06975477,0.91804206,-0.0056431107,1.0
351,24,-0.0723529,0.90702915,-0.013813129,1.0
351,25,0.04839421,0.48307994,-0.07224363,1.0
351,26,-0.009634522,0.58001286,-0.0075200526,1.0
351,27,0.08955912,0.06066161,-0.0305208,1.0
351,28,0.052800316,0.20477653,0.15369138,1.0
351,29,0.05755382,0.0315279,-0.020425528,1.0
351,30,0.06112771,0.17520049,0.12795094,1.0
351,31,0.025127683,-0.013950834,-0.09324309,1.0
351,32,0.029013675,0.15494284,0.0801971,1.0
352,0,-0.040122766,1.532459,-0.18256615,1.0
352,1,-0.039201904,1.5553124,-0.18408433,1.0
352,2,-0.022772903,1.5535342,-0.1781487,1.0
352,3,-0.029711928,1.5466733,-0.17846043,1.0
352,4,-0.05259436,1.5594305,-0.19461244,1.0
352,5,-0.055208676,1.5667322,-0.21769342,1.0
352,6,-0.04521004,1.5633063,-0.18913831,1.0
352,7,0.01033995,1.5333259,-0.089848116,1.0
352,8,-0.09981284,1.4883068,-0.10928124,1.0
352,9,-0.01352196,1.5214921,-0.15282625,1.0
352,10,-0.048424896,1.4879493,-0.18231335,1.0
352,11,0.082922235,1.4318576,-0.037680887,1.0
352,12,-0.16710116,1.4496965,0.028637888,1.0
352,13,0.21502726,1.5732422,-0.06361292,1.0
352,14,-0.31656733,1.3529071,-0.15229976,1.0
352,15,0.37283808,1.726294,-0.028678993,1.0
352,16,-0.19806191,1.4023658,-0.30041996,1.0
352,17,0.4106827,1.7662535,-0.019109594,1.0
352,18,-0.14245531,1.4166809,-0.35681897,1.0
352,19,0.39825228,1.7582842,-0.031241372,1.0
352,20,-0.08906698,1.472619,-0.35013092,1.0
352,21,0.4015338,1.7062275,-0.03635185,1.0
352,22,-0.1684523,1.4250906,-0.31010413,1.0
352,23,0.07038068,0.9166647,-0.0029390864,1.0
352,24,-0.070676655,0.90531737,-0.016094923,1.0
352,25,0.0405268,0.48669747,-0.07864139,1.0
352,26,-0.0010375557,0.58887124,-0.0012303302,1.0
352,27,0.07125047,0.06693287,-0.04054742,1.0
352,28,0.04316382,0.22697704,0.19254664,1.0
352,29,0.040543407,0.03663836,-0.029627195,1.0
352,30,0.04830565,0.19804683,0.16933776,1.0
352,31,0.011967133,-0.015277671,-0.10132269,1.0
352,32,0.014848779,0.1671212,0.1379134,1.0
353,0,-0.03798168,1.5221068,-0.18021347,1.0
353,1,-0.039461702,1.5451903,-0.18177815,1.0
353,2,-0.019833444,1.5417312,-0.17729318,1.0
353,3,-0.027139716,1.53572,-0.17535631,1.0
353,4,-0.05128339,1.5486785,-0.1927929,1.0
353,5,-0.05367501,1.5565081,-0.21699068,1.0
353,6,-0.04273179,1.5536447,-0.18671383,1.0
353,7,0.011247837,1.5242937,-0.08594058,1.0
353,8,-0.09774843,1.4779475,-0.10802776,1.0
353,9,-0.012670776,1.5096543,-0.14961407,1.0
353,10,-0.046025295,1.4759175,-0.18071465,1.0
353,11,0.080431625,1.4219918,-0.037417132,1.0
353,12,-0.1653993,1.4386433,0.030593282,1.0
353,13,0.20921926,1.560472,-0.064488426,1.0
353,14,-0.30846906,1.3370197,-0.14991882,1.0
353,15,0.35593772,1.7095678,-0.034198295,1.0
353,16,-0.19415778,1.387384,-0.30179876,1.0
353,17,0.3897973,1.745709,-0.026096879,1.0
353,18,-0.14234886,1.4009192,-0.35941306,1.0
353,19,0.37538865,1.7395321,-0.038669165,1.0
353,20,-0.086945176,1.4569347,-0.3513279,1.0
353,21,0.38314438,1.6888572,-0.042998068,1.0
353,22,-0.16485032,1.4093028,-0.3108818,1.0
353,23,0.06646521,0.90519464,-0.0046001654,1.0
353,24,-0.0687045,0.8942313,-0.014352046,1.0
353,25,0.013565648,0.47247097,-0.07816796,1.0
353,26,0.018511752,0.5802126,-0.0016240412,1.0
353,27,0.07119011,0.06748241,-0.036236405,1.0
353,28,0.048003532,0.20701477,0.15536946,1.0
353,29,0.041918114,0.037496943,-0.025481772,1.0
353,30,0.051234443,0.1789842,0.1293059,1.0
353,31,0.008710026,-0.016828671,-0.091953255,1.0
353,32,0.016954701,0.14989421,0.094139226,1.0
354,0,-0.03686648,1.5009639,-0.1674276,1.0
354,1,-0.04640866,1.5232415,-0.1701025,1.0
354,2,-0.018503912,1.5198436,-0.16722704,1.0
354,3,-0.029193874,1.5119164,-0.16501558,1.0
354,4,-0.053038005,1.5223767,-0.18236889,1.0
354,5,-0.05443026,1.5329494,-0.20761798,1.0
354,6,-0.041369982,1.5293986,-0.17620194,1.0
354,7,0.010092001,1.5029074,-0.07310182,1.0
354,8,-0.0992497,1.4542013,-0.10004498,1.0
354,9,-0.014533123,1.4865752,-0.13809326,1.0
354,10,-0.04513731,1.4508692,-0.17186421,1.0
354,11,0.07321791,1.4035574,-0.030948905,1.0
354,12,-0.17165029,1.4175906,0.03853694,1.0
354,13,0.19776489,1.542821,-0.05593983,1.0
354,14,-0.30656764,1.315403,-0.14086433,1.0
354,15,0.3439537,1.7031401,-0.026145695,1.0
354,16,-0.19689032,1.3677238,-0.2889544,1.0
354,17,0.37774283,1.7396232,-0.017675348,1.0
354,18,-0.1502867,1.3803229,-0.34835806,1.0
354,19,0.36175185,1.7331251,-0.033755258,1.0
354,20,-0.09485994,1.43553,-0.33881542,1.0
354,21,0.3723879,1.6828637,-0.03761919,1.0
354,22,-0.16997193,1.3896075,-0.29759455,1.0
354,23,0.066812195,0.8838527,-0.0059799813,1.0
354,24,-0.06954767,0.86986375,-0.012683843,1.0
354,25,-0.011110536,0.47589022,-0.09251327,1.0
354,26,0.02885276,0.55365646,-0.020814046,1.0
354,27,0.06955746,0.07619647,-0.037872996,1.0
354,28,0.06078304,0.16122116,0.09031153,1.0
354,29,0.038880184,0.04770254,-0.026283842,1.0
354,30,0.06455893,0.13370441,0.060893733,1.0
354,31,-0.0004218868,-0.02079736,-0.08602667,1.0
354,32,0.026593875,0.09951076,0.019098192,1.0
355,0,-0.045194253,1.4854879,-0.16243169,1.0
355,1,-0.053901296,1.5046214,-0.16287129,1.0
355,2,-0.026064087,1.5045887,-0.15777618,1.0
355,3,-0.034664992,1.4936436,-0.15328164,1.0
355,4,-0.060665827,1.5037798,-0.1722197,1.0
355,5,-0.059470244,1.5152022,-0.19663304,1.0
355,6,-0.047396123,1.5117302,-0.16656679,1.0
355,7,0.0019751834,1.4832742,-0.055450547,1.0
355,8,-0.10486295,1.4289621,-0.089005224,1.0
355,9,-0.02166537,1.4656509,-0.12935184,1.0
355,10,-0.05232516,1.4312649,-0.16143626,1.0
355,11,0.07052626,1.3828092,-0.016640471,1.0
355,12,-0.17816432,1.3873997,0.045098912,1.0
355,13,0.20734213,1.5291877,-0.043227732,1.0
355,14,-0.30073085,1.2934928,-0.13064969,1.0
355,15,0.33923134,1.6918284,-0.012456927,1.0
355,16,-0.20758086,1.3424934,-0.2706669,1.0
355,17,0.36834735,1.7316213,-0.0001839567,1.0
355,18,-0.16365191,1.3529088,-0.32358333,1.0
355,19,0.35140616,1.7271622,-0.015508849,1.0
355,20,-0.11284202,1.4054478,-0.31700587,1.0
355,21,0.3632204,1.6751634,-0.0222649,1.0
355,22,-0.18576539,1.3595449,-0.27556753,1.0
355,23,0.06862952,0.8561998,-0.0015903655,1.0
355,24,-0.06737156,0.83707154,-0.012651642,1.0
355,25,-0.023057481,0.48349452,-0.10668201,1.0
355,26,0.025499368,0.5025525,-0.025075287,1.0
355,27,0.06795829,0.12098604,0.0015224135,1.0
355,28,0.05526848,0.09292117,0.07890283,1.0
355,29,0.044610493,0.092379525,0.022196244,1.0
355,30,0.058303993,0.06410019,0.046439994,1.0
355,31,0.009658946,0.01710091,-0.016930694,1.0
355,32,0.017685544,0.025372483,0.0069637606,1.0
356,0,-0.04598185,1.4920081,-0.16077496,1.0
356,1,-0.05453075,1.5102531,-0.15961409,1.0
356,2,-0.027151983,1.5111175,-0.1542272,1.0
356,3,-0.0346687,1.4998158,-0.14796677,1.0
356,4,-0.06121016,1.510326,-0.16889535,1.0
356,5,-0.060700722,1.5215985,-0.19288376,1.0
356,6,-0.04823523,1.5171486,-0.16304158,1.0
356,7,-0.0012546107,1.4891504,-0.05042418,1.0
356,8,-0.107553154,1.434243,-0.085775666,1.0
356,9,-0.022484405,1.4727384,-0.12545802,1.0
356,10,-0.053924695,1.4367802,-0.15903695,1.0
356,11,0.07086912,1.3890791,-0.008325355,1.0
356,12,-0.1832441,1.3846033,0.047222447,1.0
356,13,0.20842804,1.5354193,-0.031608906,1.0
356,14,-0.28086418,1.2776047,-0.122079596,1.0
356,15,0.3359092,1.7024785,-0.0024986453,1.0
356,16,-0.20605811,1.3341511,-0.25558606,1.0
356,17,0.36322913,1.7442514,0.009601628,1.0
356,18,-0.16601445,1.3491282,-0.3050303,1.0
356,19,0.34814605,1.7410148,-0.0057473816,1.0
356,20,-0.12331124,1.4027877,-0.30188778,1.0
356,21,0.35931307,1.6874921,-0.01296924,1.0
356,22,-0.18849213,1.3511578,-0.25954986,1.0
356,23,0.07121578,0.85637796,-0.000121515244,1.0
356,24,-0.06924547,0.8340902,-0.013088085,1.0
356,25,-0.023280302,0.48373666,-0.111099206,1.0
356,26,0.021524344,0.493132,-0.022113357,1.0
356,27,0.07217507,0.12340861,0.0042661848,1.0
356,28,0.052508257,0.08803276,0.08583751,1.0
356,29,0.049895816,0.094749376,0.026313636,1.0
356,30,0.054408375,0.057738025,0.054408398,1.0
356,31,0.021215025,0.022532953,-0.0118721165,1.0
356,32,0.013657044,0.023943461,0.012990535,1.0
357,0,-0.05224485,1.4942998,-0.1661745,1.0
357,1,-0.060582552,1.5131571,-0.16539074,1.0
357,2,-0.032244295,1.5128387,-0.15864718,1.0
357,3,-0.039697,1.5028608,-0.15229475,1.0
357,4,-0.06761248,1.5139365,-0.1733428,1.0
357,5,-0.067901954,1.5234874,-0.19870475,1.0
357,6,-0.055585243,1.517609,-0.1678019,1.0
357,7,-0.005320281,1.4927611,-0.0549337,1.0
357,8,-0.11432352,1.4363486,-0.08780719,1.0
357,9,-0.027466532,1.4756883,-0.12991092,1.0
357,10,-0.061309528,1.4385245,-0.16352612,1.0
357,11,0.06787586,1.3918084,-0.009987051,1.0
357,12,-0.18450278,1.3808647,0.04777284,1.0
357,13,0.20541908,1.5319557,-0.03502674,1.0
357,14,-0.2408846,1.258414,-0.11731915,1.0
357,15,0.33343303,1.698453,-0.009516871,1.0
357,16,-0.19562492,1.3281176,-0.2460642,1.0
357,17,0.3625864,1.7408812,0.0030186754,1.0
357,18,-0.16526203,1.3491981,-0.29657763,1.0
357,19,0.34883502,1.7363102,-0.013603782,1.0
357,20,-0.1337736,1.4046736,-0.29610285,1.0
357,21,0.3577923,1.6828142,-0.020028196,1.0
357,22,-0.18461351,1.3471113,-0.25326106,1.0
357,23,0.07124369,0.8511836,-0.0019579083,1.0
357,24,-0.069861114,0.8270001,-0.010730508,1.0
357,25,-0.02138289,0.4713302,-0.109061815,1.0
357,26,0.01731942,0.48635983,-0.019883458,1.0
357,27,0.07574412,0.110812396,0.0032734498,1.0
357,28,0.049492065,0.08279925,0.08191686,1.0
357,29,0.052539475,0.084459536,0.023637298,1.0
357,30,0.05152205,0.05072285,0.050878275,1.0
357,31,0.022288408,0.015430728,-0.015752742,1.0
357,32,0.00750954,0.02584482,0.008565814,1.0
358,0,-0.057351556,1.5017036,-0.15696919,1.0
358,1,-0.064624846,1.5185155,-0.15417944,1.0
358,2,-0.03944824,1.5187881,-0.14989509,1.0
358,3,-0.045179807,1.5119451,-0.143068,1.0
358,4,-0.07044248,1.5195107,-0.16822922,1.0
358,5,-0.07591241,1.5300671,-0.19099374,1.0
358,6,-0.061880186,1.5231438,-0.15814416,1.0
358,7,-0.008829175,1.5018406,-0.049302764,1.0
358,8,-0.12203057,1.4443834,-0.07828998,1.0
358,9,-0.030834258,1.4887238,-0.12272198,1.0
358,10,-0.064287454,1.4503989,-0.15966049,1.0
358,11,0.06568499,1.4030094,-0.0028359648,1.0
358,12,-0.18862173,1.3838754,0.056421798,1.0
358,13,0.19660196,1.5387807,-0.010990944,1.0
358,14,-0.1991837,1.2354734,-0.12299476,1.0
358,15,0.33285293,1.7086294,0.023877142,1.0
358,16,-0.18353531,1.3214955,-0.28113255,1.0
358,17,0.36241597,1.7538277,0.034527004,1.0
358,18,-0.1655257,1.3550808,-0.33339363,1.0
358,19,0.35366443,1.7496308,0.014236899,1.0
358,20,-0.14161338,1.4156961,-0.33072168,1.0
358,21,0.35810825,1.6953098,0.0152155245,1.0
358,22,-0.1748452,1.3455372,-0.2908961,1.0
358,23,0.07106707,0.8555961,-0.0023037326,1.0
358,24,-0.07352756,0.83421063,-0.01437284,1.0
358,25,-0.00972452,0.46743253,-0.102242224,1.0
358,26,0.019269643,0.49703783,-0.02660055,1.0
358,27,0.02879902,0.07417711,-0.00083708856,1.0
358,28,0.050331995,0.102066524,0.089853205,1.0
358,29,0.0005958453,0.04612642,0.015520874,1.0
358,30,0.048364792,0.06456135,0.064310044,1.0
358,31,-0.034106456,-0.020998556,-0.037177682,1.0
358,32,0.0032168431,0.049469516,0.016374182,1.0
359,0,-0.05888589,1.5413586,-0.1490066,1.0
359,1,-0.06554735,1.5578783,-0.14296967,1.0
359,2,-0.044414308,1.559506,-0.13766755,1.0
359,3,-0.046860736,1.552855,-0.12941603,1.0
359,4,-0.0697969,1.5598838,-0.1625697,1.0
359,5,-0.076687336,1.5698785,-0.1798893,1.0
359,6,-0.06523684,1.5617955,-0.1481827,1.0
359,7,-0.017604804,1.542615,-0.039097045,1.0
359,8,-0.12712274,1.4826244,-0.07297319,1.0
359,9,-0.03311833,1.5320091,-0.11200355,1.0
359,10,-0.06272475,1.4925746,-0.15371622,1.0
359,11,0.06455375,1.4442917,0.017188864,1.0
359,12,-0.19162895,1.4139043,0.04886193,1.0
359,13,0.1970523,1.5732657,0.018484782,1.0
359,14,-0.16855174,1.2386113,-0.14297087,1.0
359,15,0.32777193,1.7449725,0.054241247,1.0
359,16,-0.18865624,1.3265901,-0.3192835,1.0
359,17,0.35370222,1.792512,0.06279889,1.0
359,18,-0.17955402,1.3642483,-0.3665735,1.0
359,19,0.34756514,1.7905182,0.045797,1.0
359,20,-0.16536425,1.4243755,-0.36927807,1.0
359,21,0.35096875,1.7355235,0.044606347,1.0
359,22,-0.18292947,1.3508381,-0.32657453,1.0
359,23,0.07418128,0.8941384,0.00888398,1.0
359,24,-0.07443503,0.87431544,-0.026712883,1.0
359,25,0.0104547525,0.48293263,-0.07881557,1.0
359,26,0.020458497,0.53986293,-0.03402667,1.0
359,27,0.01372553,0.07082907,-0.00017336197,1.0
359,28,0.044990987,0.1723614,0.110001,1.0
359,29,-0.015007665,0.035917968,0.014306754,1.0
359,30,0.039336707,0.13847521,0.0853017,1.0
359,31,-0.025766246,-0.02286791,-0.044081703,1.0
359,32,0.0038063033,0.11789107,0.042322278,1.0
360,0,-0.06071871,1.5699718,-0.14530635,1.0
360,1,-0.06803143,1.5884129,-0.13935497,1.0
360,2,-0.048126202,1.5910522,-0.13173653,1.0
360,3,-0.04988393,1.5831292,-0.12548144,1.0
360,4,-0.07246245,1.5910299,-0.15944624,1.0
360,5,-0.08012279,1.598367,-0.17546825,1.0
360,6,-0.06816172,1.5893593,-0.14503917,1.0
360,7,-0.023232503,1.5724674,-0.03766436,1.0
360,8,-0.13086478,1.5100102,-0.07151198,1.0
360,9,-0.037269816,1.5644673,-0.10947977,1.0
360,10,-0.06497764,1.5220575,-0.15042706,1.0
360,11,0.061184105,1.4756926,0.026058022,1.0
360,12,-0.19260974,1.4395725,0.045615807,1.0
360,13,0.18998349,1.5973647,0.03938552,1.0
360,14,-0.15194905,1.250426,-0.13667849,1.0
360,15,0.3191809,1.7598658,0.08103856,1.0
360,16,-0.18184455,1.3382503,-0.30058435,1.0
360,17,0.34338915,1.80735,0.09351365,1.0
360,18,-0.17377663,1.3779184,-0.34529278,1.0
360,19,0.33671397,1.8034158,0.075831994,1.0
360,20,-0.16632698,1.4389136,-0.35222805,1.0
360,21,0.33939305,1.7519151,0.07257068,1.0
360,22,-0.1782516,1.3642846,-0.30923754,1.0
360,23,0.075797394,0.92357343,0.013625665,1.0
360,24,-0.07297092,0.90606904,-0.033197906,1.0
360,25,0.022923244,0.50525117,-0.08040595,1.0
360,26,0.021515548,0.587099,-0.042892374,1.0
360,27,0.0009456398,0.08059356,-0.018613484,1.0
360,28,0.048906296,0.24995486,0.14311115,1.0
360,29,-0.031485707,0.04159125,-0.0068861675,1.0
360,30,0.0442938,0.22084141,0.121124774,1.0
360,31,-0.03135148,-0.021431178,-0.0689886,1.0
360,32,0.020627808,0.18334898,0.09234705,1.0
361,0,-0.06303256,1.5594602,-0.1396508,1.0
361,1,-0.06880027,1.5749254,-0.13063675,1.0
361,2,-0.050900195,1.5773864,-0.12294207,1.0
361,3,-0.05270507,1.5687532,-0.117230415,1.0
361,4,-0.07585088,1.5784773,-0.15180044,1.0
361,5,-0.081348866,1.5859588,-0.16927858,1.0
361,6,-0.069767565,1.5751257,-0.14080603,1.0
361,7,-0.03369563,1.5614492,-0.027394556,1.0
361,8,-0.13824996,1.5007958,-0.068513155,1.0
361,9,-0.045763545,1.5486686,-0.1019442,1.0
361,10,-0.072573334,1.5079405,-0.14284718,1.0
361,11,0.05254693,1.4583257,0.044796024,1.0
361,12,-0.19924904,1.4200511,0.043719817,1.0
361,13,0.18438122,1.5537312,0.043707766,1.0
361,14,-0.13028635,1.2174517,-0.13038431,1.0
361,15,0.27804205,1.7340913,0.06946316,1.0
361,16,-0.16741784,1.3182244,-0.28316593,1.0
361,17,0.29462487,1.7848893,0.07583763,1.0
361,18,-0.15848897,1.3680605,-0.32504162,1.0
361,19,0.28444356,1.7907301,0.06661166,1.0
361,20,-0.16200499,1.4266948,-0.33360276,1.0
361,21,0.2967749,1.7285383,0.059666112,1.0
361,22,-0.16767262,1.3474813,-0.29434204,1.0
361,23,0.07793556,0.91439044,0.017891224,1.0
361,24,-0.070369616,0.8930352,-0.037772797,1.0
361,25,0.04376144,0.49209395,-0.06525929,1.0
361,26,0.015397113,0.570001,-0.045300636,1.0
361,27,0.007948139,0.08413709,0.015253539,1.0
361,28,0.046344496,0.22966136,0.14015779,1.0
361,29,-0.025174346,0.046820823,0.027052749,1.0
361,30,0.043592338,0.19877079,0.117057666,1.0
361,31,-0.020982578,-0.017078806,-0.026305048,1.0
361,32,0.019841101,0.16253474,0.08052654,1.0
362,0,-0.06988494,1.5593084,-0.13397151,1.0
362,1,-0.07331863,1.5700787,-0.124063194,1.0
362,2,-0.058074977,1.5738758,-0.11748085,1.0
362,3,-0.058872662,1.5662814,-0.11081053,1.0
362,4,-0.08122298,1.5764563,-0.1432174,1.0
362,5,-0.08735752,1.5844964,-0.15846497,1.0
362,6,-0.076840855,1.5732157,-0.13181892,1.0
362,7,-0.034394562,1.5533314,-0.020977667,1.0
362,8,-0.1408285,1.4967932,-0.054553155,1.0
362,9,-0.05145578,1.544352,-0.09510782,1.0
362,10,-0.0789181,1.5049804,-0.132466,1.0
362,11,0.057373863,1.4424453,0.050862808,1.0
362,12,-0.20419273,1.4079185,0.06069676,1.0
362,13,0.18936163,1.5240734,0.03819845,1.0
362,14,-0.122028895,1.1886514,-0.09302728,1.0
362,15,0.22659148,1.7229097,0.06289696,1.0
362,16,-0.13195951,1.2986529,-0.22879754,1.0
362,17,0.23074289,1.7761768,0.06750318,1.0
362,18,-0.10871181,1.3536916,-0.26635504,1.0
362,19,0.21519737,1.7892917,0.069964446,1.0
362,20,-0.118093714,1.4129753,-0.27430436,1.0
362,21,0.24202037,1.717816,0.0583739,1.0
362,22,-0.13030726,1.329576,-0.23873991,1.0
362,23,0.080202885,0.9097247,0.018928656,1.0
362,24,-0.072966374,0.8881899,-0.038984325,1.0
362,25,0.06487841,0.48437962,-0.05489212,1.0
362,26,0.011469766,0.56471616,-0.045428906,1.0
362,27,0.014671398,0.088256165,0.054565474,1.0
362,28,0.04517199,0.23016638,0.15767236,1.0
362,29,-0.01830522,0.049280286,0.06910371,1.0
362,30,0.042865183,0.19782534,0.13952927,1.0
362,31,-0.01483483,-0.015459487,0.019943187,1.0
362,32,0.02121089,0.16192442,0.096550755,1.0
363,0,-0.06785246,1.5521722,-0.12843636,1.0
363,1,-0.07316074,1.5631714,-0.12193492,1.0
363,2,-0.05705304,1.5653632,-0.11516259,1.0
363,3,-0.059874944,1.5596024,-0.10794537,1.0
363,4,-0.079066396,1.5695804,-0.13800478,1.0
363,5,-0.08584439,1.5788528,-0.1523936,1.0
363,6,-0.07699175,1.5672538,-0.12692632,1.0
363,7,-0.033153325,1.5431386,-0.021327669,1.0
363,8,-0.13815188,1.4896584,-0.055195194,1.0
363,9,-0.047373157,1.535871,-0.09241334,1.0
363,10,-0.076422244,1.4975011,-0.12669906,1.0
363,11,0.061414797,1.4228876,0.06682722,1.0
363,12,-0.20572768,1.3948538,0.067801476,1.0
363,13,0.19735526,1.4549159,0.0676946,1.0
363,14,-0.13593885,1.1650193,-0.055835146,1.0
363,15,0.18212871,1.621723,0.10447453,1.0
363,16,-0.09298855,1.2618959,-0.16217077,1.0
363,17,0.168312,1.6691222,0.10845228,1.0
363,18,-0.049671937,1.3152797,-0.19592364,1.0
363,19,0.148774,1.6843526,0.11645472,1.0
363,20,-0.052946176,1.379293,-0.20139721,1.0
363,21,0.19263147,1.6167622,0.10333117,1.0
363,22,-0.088690855,1.2965052,-0.1676974,1.0
363,23,0.0805605,0.9045503,0.023402618,1.0
363,24,-0.07423945,0.88437366,-0.041277144,1.0
363,25,0.08248277,0.47512913,-0.0518845,1.0
363,26,-0.00024705473,0.5579395,-0.050996892,1.0
363,27,0.03679995,0.086808816,0.056764707,1.0
363,28,0.03926629,0.22092241,0.15295477,1.0
363,29,0.005405099,0.046100993,0.07147495,1.0
363,30,0.041414436,0.18736175,0.13664003,1.0
363,31,0.014299078,-0.013564472,0.023343382,1.0
363,32,0.027158272,0.15302953,0.09155512,1.0
364,0,-0.07017513,1.5454788,-0.12228432,1.0
364,1,-0.07656333,1.5574021,-0.118184894,1.0
364,2,-0.058877133,1.5591214,-0.10906492,1.0
364,3,-0.061579105,1.5543134,-0.10326389,1.0
364,4,-0.07983581,1.5657434,-0.12950508,1.0
364,5,-0.08697279,1.575464,-0.14655672,1.0
364,6,-0.08137558,1.5624245,-0.120039634,1.0
364,7,-0.028536005,1.5397238,-0.018736532,1.0
364,8,-0.13535894,1.4902439,-0.046986997,1.0
364,9,-0.044257246,1.5293624,-0.089423925,1.0
364,10,-0.07761955,1.4932389,-0.11848024,1.0
364,11,0.06750727,1.4107263,0.069636464,1.0
364,12,-0.20103718,1.3981793,0.08842023,1.0
364,13,0.20500086,1.3983346,0.0703974,1.0
364,14,-0.14845702,1.1549852,-0.016710803,1.0
364,15,0.15654556,1.5302894,0.11285193,1.0
364,16,-0.08911896,1.2252244,-0.11600401,1.0
364,17,0.13567147,1.570593,0.11568554,1.0
364,18,-0.04069432,1.2716179,-0.15048166,1.0
364,19,0.11235753,1.5847645,0.12721229,1.0
364,20,-0.03982869,1.3348409,-0.15509708,1.0
364,21,0.16581322,1.5213877,0.11607825,1.0
364,22,-0.084099405,1.2601689,-0.119227275,1.0
364,23,0.0799349,0.9123616,0.018822532,1.0
364,24,-0.075443454,0.8942128,-0.035250343,1.0
364,25,0.08494104,0.47595537,-0.054643072,1.0
364,26,-0.028578926,0.56987643,-0.06854385,1.0
364,27,0.041577954,0.09068333,0.05550556,1.0
364,28,0.02946275,0.24236563,0.15581645,1.0
364,29,0.008921828,0.049978875,0.072515756,1.0
364,30,0.03348466,0.20840928,0.14272156,1.0
364,31,0.010792188,-0.013409105,0.026626809,1.0
364,32,0.021432217,0.17013812,0.103193976,1.0
365,0,-0.07236232,1.5162368,-0.1189963,1.0
365,1,-0.07286176,1.5245255,-0.11330922,1.0
365,2,-0.05973186,1.526687,-0.106180735,1.0
365,3,-0.06383108,1.523188,-0.104527175,1.0
365,4,-0.079600774,1.5339276,-0.12800658,1.0
365,5,-0.082901835,1.5411289,-0.14127153,1.0
365,6,-0.079210214,1.5290017,-0.11798184,1.0
365,7,-0.023530068,1.5101463,-0.017001666,1.0
365,8,-0.127078,1.4666562,-0.03750902,1.0
365,9,-0.043732323,1.5053071,-0.09060645,1.0
365,10,-0.07453056,1.468035,-0.115765594,1.0
365,11,0.078758046,1.3828456,0.080908015,1.0
365,12,-0.20591195,1.3773042,0.09184523,1.0
365,13,0.2003225,1.3328683,0.10937498,1.0
365,14,-0.20339431,1.1322008,-0.010097571,1.0
365,15,0.15174882,1.4320391,0.16993596,1.0
365,16,-0.104626164,1.1746438,-0.13185886,1.0
365,17,0.12033926,1.4688997,0.17663883,1.0
365,18,-0.04158519,1.2128277,-0.16801038,1.0
365,19,0.09970224,1.4761033,0.18613498,1.0
365,20,-0.026321225,1.2781159,-0.1687806,1.0
365,21,0.1564527,1.4269059,0.17564078,1.0
365,22,-0.08866923,1.2069975,-0.1344614,1.0
365,23,0.08595651,0.89272904,0.02172764,1.0
365,24,-0.076981165,0.87685156,-0.037387706,1.0
365,25,0.08151741,0.45729876,-0.057698093,1.0
365,26,-0.04313012,0.5529457,-0.08811146,1.0
365,27,0.03600547,0.08969576,0.0736601,1.0
365,28,-0.002531355,0.3101654,0.2210833,1.0
365,29,0.004544637,0.050111227,0.0895625,1.0
365,30,-0.0013095429,0.2835014,0.21587013,1.0
365,31,0.0065358575,-0.009044086,0.05128909,1.0
365,32,-0.021308381,0.23710796,0.20126614,1.0
366,0,-0.07229394,1.4792794,-0.12463116,1.0
366,1,-0.068834394,1.4866067,-0.117996216,1.0
366,2,-0.060783647,1.4903276,-0.110549346,1.0
366,3,-0.05676327,1.4803785,-0.10538469,1.0
366,4,-0.080490164,1.4938467,-0.13200907,1.0
366,5,-0.08459996,1.5053804,-0.14581479,1.0
366,6,-0.08085713,1.489733,-0.12280951,1.0
366,7,-0.020316621,1.4737973,-0.013677107,1.0
366,8,-0.12903014,1.4347144,-0.031892207,1.0
366,9,-0.041935485,1.4667902,-0.0937931,1.0
366,10,-0.07723851,1.431969,-0.122360244,1.0
366,11,0.087476194,1.3386902,0.09337047,1.0
366,12,-0.20416562,1.3554146,0.09788641,1.0
366,13,0.20197807,1.2331313,0.091056235,1.0
366,14,-0.21408895,1.1083606,0.0059327316,1.0
366,15,0.16414963,1.3260003,0.07565531,1.0
366,16,-0.10937479,1.1061696,-0.12757841,1.0
366,17,0.13422857,1.3602675,0.06437002,1.0
366,18,-0.049309194,1.1360832,-0.17195015,1.0
366,19,0.11031006,1.3754665,0.07330759,1.0
366,20,-0.024331529,1.1993936,-0.17011185,1.0
366,21,0.1635751,1.3192406,0.077370465,1.0
366,22,-0.08727433,1.1407292,-0.13157536,1.0
366,23,0.08568696,0.866437,0.018311275,1.0
366,24,-0.07597472,0.8580187,-0.03974805,1.0
366,25,0.07973581,0.43902418,-0.055481926,1.0
366,26,-0.051243443,0.5332056,-0.09698647,1.0
366,27,0.028986353,0.08315845,0.0743786,1.0
366,28,-0.025963534,0.3190736,0.22900753,1.0
366,29,0.00046834117,0.044722524,0.09201317,1.0
366,30,-0.030373495,0.2974142,0.22550502,1.0
366,31,-0.0016349051,-0.011121505,0.051237024,1.0
366,32,-0.044945065,0.25256065,0.2105515,1.0
367,0,-0.07026342,1.4583815,-0.1318259,1.0
367,1,-0.06439681,1.4672518,-0.12467654,1.0
367,2,-0.05961938,1.4725024,-0.11497605,1.0
367,3,-0.052601296,1.4592259,-0.10946904,1.0
367,4,-0.07911272,1.4754179,-0.13741933,1.0
367,5,-0.082733676,1.4867376,-0.1520831,1.0
367,6,-0.07890449,1.4706205,-0.12894866,1.0
367,7,-0.020576572,1.4560815,-0.015122792,1.0
367,8,-0.13134696,1.4179538,-0.036357153,1.0
367,9,-0.039686263,1.4459549,-0.09897608,1.0
367,10,-0.07818686,1.4127592,-0.13010663,1.0
367,11,0.087675214,1.313055,0.10196248,1.0
367,12,-0.20412631,1.345156,0.08713122,1.0
367,13,0.19173443,1.1708204,0.08411318,1.0
367,14,-0.21342726,1.0873355,0.007419614,1.0
367,15,0.17998695,1.2581153,0.022613121,1.0
367,16,-0.09976721,1.0499158,-0.1184455,1.0
367,17,0.15553324,1.2907732,0.0025064042,1.0
367,18,-0.04196368,1.072174,-0.16514437,1.0
367,19,0.13337445,1.3108388,0.0069216806,1.0
367,20,-0.0103874095,1.1342936,-0.16372558,1.0
367,21,0.17777711,1.2503242,0.020390144,1.0
367,22,-0.07466553,1.0831923,-0.12510705,1.0
367,23,0.08412486,0.8502132,0.02228693,1.0
367,24,-0.07701294,0.8456656,-0.04555992,1.0
367,25,0.07886854,0.43063864,-0.04948588,1.0
367,26,-0.04904555,0.51641816,-0.094857104,1.0
367,27,0.023967255,0.079934664,0.095043086,1.0
367,28,-0.06216418,0.30529132,0.23597406,1.0
367,29,-0.0026234936,0.04224928,0.11388151,1.0
367,30,-0.071059965,0.28202978,0.23122483,1.0
367,31,-0.0014806362,-0.013045534,0.06980583,1.0
367,32,-0.07761877,0.24021217,0.20765193,1.0
368,0,-0.06367674,1.4497149,-0.17201951,1.0
368,1,-0.060409185,1.4622471,-0.16348587,1.0
368,2,-0.05291811,1.4663292,-0.15349029,1.0
368,3,-0.04371977,1.4535747,-0.14664626,1.0
368,4,-0.07691582,1.4690471,-0.17797846,1.0
368,5,-0.0773997,1.479504,-0.190803,1.0
368,6,-0.0713486,1.4660838,-0.1684681,1.0
368,7,-0.018714897,1.4524448,-0.04419362,1.0
368,8,-0.13237916,1.4109093,-0.07147693,1.0
368,9,-0.036460336,1.44127,-0.13383141,1.0
368,10,-0.07605133,1.4075395,-0.16924192,1.0
368,11,0.08366592,1.3042978,0.09197593,1.0
368,12,-0.20527019,1.3440164,0.04649782,1.0
368,13,0.16938505,1.1322478,0.07321839,1.0
368,14,-0.22064063,1.0738192,-0.023787085,1.0
368,15,0.21105799,1.2011311,-0.028682074,1.0
368,16,-0.106924936,1.0292766,-0.14954104,1.0
368,17,0.2029449,1.2267747,-0.05163192,1.0
368,18,-0.05124491,1.0426291,-0.20129514,1.0
368,19,0.18422292,1.2440984,-0.058476944,1.0
368,20,-0.017115701,1.1096613,-0.20222402,1.0
368,21,0.2127341,1.1866847,-0.03715759,1.0
368,22,-0.080302104,1.056887,-0.15759015,1.0
368,23,0.083406456,0.84200406,0.033159394,1.0
368,24,-0.07662631,0.8407752,-0.05851675,1.0
368,25,0.08140542,0.42688158,-0.038231645,1.0
368,26,-0.01390024,0.51705074,-0.12709647,1.0
368,27,0.01780817,0.076958366,0.107399724,1.0
368,28,-0.09698677,0.3548946,0.21699351,1.0
368,29,-0.010522539,0.038545437,0.12927663,1.0
368,30,-0.114470504,0.33894002,0.21675353,1.0
368,31,0.0044971746,-0.015540857,0.08667899,1.0
368,32,-0.10912933,0.29464892,0.20080867,1.0
369,0,-0.062822215,1.4370313,-0.20422916,1.0
369,1,-0.055748563,1.4557945,-0.19261143,1.0
369,2,-0.046893626,1.4584461,-0.18132944,1.0
369,3,-0.036467813,1.443922,-0.17334257,1.0
369,4,-0.074055575,1.4580039,-0.20770432,1.0
369,5,-0.07417693,1.4659885,-0.22290008,1.0
369,6,-0.0664625,1.4510357,-0.20062733,1.0
369,7,-0.015736705,1.4452518,-0.06203948,1.0
369,8,-0.13429523,1.4000729,-0.09337405,1.0
369,9,-0.035262678,1.428634,-0.1559126,1.0
369,10,-0.07505174,1.3946736,-0.20361178,1.0
369,11,0.07937798,1.2943075,0.08548397,1.0
369,12,-0.20130447,1.3416535,0.015327569,1.0
369,13,0.1518753,1.1035151,0.07011716,1.0
369,14,-0.2144118,1.0777287,-0.04961042,1.0
369,15,0.26108345,1.1340021,-0.04003312,1.0
369,16,-0.21699253,1.0192064,-0.17262363,1.0
369,17,0.2730734,1.151592,-0.056135334,1.0
369,18,-0.20615174,1.0311692,-0.23000573,1.0
369,19,0.26146993,1.1584761,-0.0741913,1.0
369,20,-0.17432722,1.0885913,-0.23896125,1.0
369,21,0.2678535,1.112343,-0.054781754,1.0
369,22,-0.20185427,1.0444102,-0.19279814,1.0
369,23,0.07873912,0.83167493,0.043664616,1.0
369,24,-0.072556905,0.8273581,-0.06813946,1.0
369,25,0.08314502,0.42801246,-0.007662038,1.0
369,26,0.030575946,0.5166231,-0.13816698,1.0
369,27,0.014289166,0.07032443,0.117893256,1.0
369,28,-0.12658015,0.39656195,0.19533303,1.0
369,29,-0.017378723,0.028800517,0.14009011,1.0
369,30,-0.15457836,0.38669515,0.19057168,1.0
369,31,0.017360628,-0.020398607,0.09461372,1.0
369,32,-0.14469029,0.33891776,0.1875421,1.0
370,0,-0.05304464,1.4652282,-0.203905,1.0
370,1,-0.04009154,1.4843744,-0.19116794,1.0
370,2,-0.036105007,1.4875553,-0.18012102,1.0
370,3,-0.02429638,1.4732063,-0.16854654,1.0
370,4,-0.061706807,1.4860667,-0.20587271,1.0
370,5,-0.06676008,1.4931847,-0.21977025,1.0
370,6,-0.055521615,1.4756436,-0.19751868,1.0
370,7,-0.005016757,1.4764087,-0.06040682,1.0
370,8,-0.1253443,1.4305431,-0.09001785,1.0
370,9,-0.029535607,1.4594599,-0.15235832,1.0
370,10,-0.06586394,1.4219446,-0.20537563,1.0
370,11,0.08531687,1.3274593,0.08181654,1.0
370,12,-0.1966602,1.3703771,0.020822834,1.0
370,13,0.15459204,1.136858,0.08135295,1.0
370,14,-0.18922801,1.1041069,-0.041539647,1.0
370,15,0.3147831,1.1170098,-0.0040849387,1.0
370,16,-0.2490586,1.0239089,-0.15595326,1.0
370,17,0.3370578,1.120616,-0.010980668,1.0
370,18,-0.25900272,1.031392,-0.21073413,1.0
370,19,0.33025813,1.1162206,-0.033814408,1.0
370,20,-0.23242721,1.0818031,-0.226715,1.0
370,21,0.32108194,1.0865703,-0.0186051,1.0
370,22,-0.23888949,1.0466301,-0.1802235,1.0
370,23,0.07530227,0.8579638,0.04210202,1.0
370,24,-0.06808096,0.8592996,-0.066877,1.0
370,25,0.08147569,0.44700417,-0.010374511,1.0
370,26,0.05710031,0.55923676,-0.1498803,1.0
370,27,0.012767702,0.07299606,0.1194827,1.0
370,28,-0.12692304,0.45183197,0.1638544,1.0
370,29,-0.020352013,0.029617928,0.1416574,1.0
370,30,-0.16087328,0.4418437,0.15358888,1.0
370,31,0.02401609,-0.022875976,0.101272464,1.0
370,32,-0.15560932,0.39028186,0.16133389,1.0
371,0,-0.028439319,1.4812607,-0.20089959,1.0
371,1,-0.013735518,1.5039355,-0.18618414,1.0
371,2,-0.016069323,1.509063,-0.16857238,1.0
371,3,-0.0002587214,1.4935945,-0.1633649,1.0
371,4,-0.038286626,1.5093037,-0.20081468,1.0
371,5,-0.04253475,1.5136731,-0.21408166,1.0
371,6,-0.030403106,1.4975088,-0.19217736,1.0
371,7,0.013645228,1.4944003,-0.05582955,1.0
371,8,-0.10298993,1.4547058,-0.08744691,1.0
371,9,-0.011636453,1.4769152,-0.14412224,1.0
371,10,-0.0394216,1.4415569,-0.1992958,1.0
371,11,0.09159221,1.3438599,0.08204533,1.0
371,12,-0.17600273,1.3839511,0.025504384,1.0
371,13,0.1583184,1.1364261,0.10555106,1.0
371,14,-0.16395883,1.1127735,-0.033446148,1.0
371,15,0.34042,1.071473,0.044702332,1.0
371,16,-0.25152168,1.0350268,-0.14780316,1.0
371,17,0.36408794,1.0647902,0.04212196,1.0
371,18,-0.27213147,1.04803,-0.19896352,1.0
371,19,0.36231926,1.0586985,0.0139473155,1.0
371,20,-0.25060597,1.092743,-0.21603674,1.0
371,21,0.34505072,1.0397775,0.0289782,1.0
371,22,-0.24428031,1.0586296,-0.17352751,1.0
371,23,0.068740115,0.87061775,0.043067977,1.0
371,24,-0.06490096,0.88259244,-0.070260994,1.0
371,25,0.06636363,0.4511657,-0.0062328284,1.0
371,26,0.08242042,0.60128593,-0.1627343,1.0
371,27,0.003978565,0.07481057,0.1265314,1.0
371,28,-0.12422552,0.48798987,0.12875241,1.0
371,29,-0.027255397,0.030487474,0.14613247,1.0
371,30,-0.16364083,0.47533116,0.11636874,1.0
371,31,0.016431004,-0.024116755,0.11236051,1.0
371,32,-0.15839896,0.4156881,0.13379596,1.0
372,0,-0.014501792,1.4838388,-0.18463945,1.0
372,1,0.002097716,1.5091892,-0.16815707,1.0
372,2,-0.004098339,1.5161676,-0.14733532,1.0
372,3,0.013677499,1.5004469,-0.1449114,1.0
372,4,-0.024810446,1.5141271,-0.18277796,1.0
372,5,-0.028725702,1.517788,-0.19488007,1.0
372,6,-0.016406445,1.5019125,-0.17364675,1.0
372,7,0.026350323,1.4959576,-0.040709797,1.0
372,8,-0.088121004,1.4577531,-0.06960982,1.0
372,9,0.00092820916,1.4819456,-0.12561592,1.0
372,10,-0.020927848,1.4460227,-0.1815486,1.0
372,11,0.10420722,1.3483123,0.0876126,1.0
372,12,-0.1611648,1.3832384,0.03329426,1.0
372,13,0.17864576,1.1504974,0.11112908,1.0
372,14,-0.15262955,1.11808,-0.03185671,1.0
372,15,0.3447823,1.0468563,0.0668142,1.0
372,16,-0.25338086,1.0357107,-0.14038469,1.0
372,17,0.3623155,1.0288601,0.066054694,1.0
372,18,-0.27875564,1.0469737,-0.19002953,1.0
372,19,0.3564526,1.0217202,0.03793986,1.0
372,20,-0.2578398,1.0846913,-0.20679417,1.0
372,21,0.34414378,1.0143938,0.049422435,1.0
372,22,-0.24760586,1.0569305,-0.16691527,1.0
372,23,0.06437597,0.8677753,0.045009196,1.0
372,24,-0.06216114,0.8871291,-0.07263449,1.0
372,25,0.061620027,0.45014983,-0.0052523934,1.0
372,26,0.09551076,0.6214849,-0.16358942,1.0
372,27,0.0036102007,0.072307065,0.12412878,1.0
372,28,-0.13816458,0.50366724,0.10453857,1.0
372,29,-0.025494294,0.028882792,0.140814,1.0
372,30,-0.17968142,0.4885652,0.08759673,1.0
372,31,0.02313393,-0.024941143,0.109865025,1.0
372,32,-0.17183827,0.42753738,0.10613523,1.0
373,0,-0.0029166415,1.4780763,-0.18292549,1.0
373,1,0.011157991,1.5052471,-0.16477554,1.0
373,2,0.008678628,1.5090135,-0.14689109,1.0
373,3,0.024531204,1.4970162,-0.14297923,1.0
373,4,-0.012055261,1.509908,-0.18068622,1.0
373,5,-0.015718639,1.5124264,-0.19434215,1.0
373,6,-0.0042484477,1.4972396,-0.17230624,1.0
373,7,0.03299153,1.4908082,-0.040308595,1.0
373,8,-0.07845007,1.452084,-0.07317964,1.0
373,9,0.0125046,1.4772627,-0.12341367,1.0
373,10,-0.009091577,1.440423,-0.17979997,1.0
373,11,0.11158599,1.3413551,0.0874888,1.0
373,12,-0.1542718,1.3800521,0.034432385,1.0
373,13,0.19194883,1.1401262,0.104964145,1.0
373,14,-0.15629384,1.1066612,-0.023656541,1.0
373,15,0.34029832,1.0242244,0.06250011,1.0
373,16,-0.27601844,1.0156494,-0.11940372,1.0
373,17,0.35665423,1.0017117,0.06363488,1.0
373,18,-0.30462834,1.0217855,-0.1664043,1.0
373,19,0.34973413,0.9950495,0.036852784,1.0
373,20,-0.28689235,1.0583037,-0.18410134,1.0
373,21,0.34012473,0.9903353,0.04547458,1.0
373,22,-0.27386904,1.0329835,-0.14624089,1.0
373,23,0.064362936,0.8613214,0.048005156,1.0
373,24,-0.06416964,0.87851626,-0.07429003,1.0
373,25,0.057592012,0.4415522,0.0008696986,1.0
373,26,0.098828636,0.6042302,-0.16503704,1.0
373,27,0.00065615214,0.071438625,0.1411545,1.0
373,28,-0.14261472,0.45884243,0.0893348,1.0
373,29,-0.027696773,0.029452996,0.16006693,1.0
373,30,-0.18236086,0.440446,0.07175906,1.0
373,31,0.021816812,-0.023935055,0.13027646,1.0
373,32,-0.17157206,0.38195688,0.080940045,1.0
374,0,0.003344133,1.4801046,-0.17915839,1.0
374,1,0.0145440195,1.507528,-0.16225527,1.0
374,2,0.017820507,1.5096921,-0.14654532,1.0
374,3,0.030842334,1.5002819,-0.14240256,1.0
374,4,-0.0047246376,1.5123905,-0.1776717,1.0
374,5,-0.0081696855,1.5145527,-0.19406584,1.0
374,6,0.0028876904,1.4994746,-0.1723513,1.0
374,7,0.037841156,1.4948664,-0.041301697,1.0
374,8,-0.07381244,1.4531776,-0.07389647,1.0
374,9,0.020056263,1.4801248,-0.12092661,1.0
374,10,-0.0037345751,1.4417429,-0.17736113,1.0
374,11,0.11666414,1.3417917,0.09006441,1.0
374,12,-0.15087426,1.3867234,0.037434153,1.0
374,13,0.19499718,1.1344689,0.0958776,1.0
374,14,-0.16888987,1.1060672,-0.015757672,1.0
374,15,0.3260288,1.0273528,0.042553365,1.0
374,16,-0.3096552,1.0139594,-0.10647726,1.0
374,17,0.34147376,1.0071088,0.042679355,1.0
374,18,-0.3429113,1.0164543,-0.15192313,1.0
374,19,0.33332625,1.0028411,0.01644266,1.0
374,20,-0.32686833,1.0537062,-0.17248505,1.0
374,21,0.32619312,0.99389154,0.02471777,1.0
374,22,-0.31135556,1.0284444,-0.13474226,1.0
374,23,0.06667264,0.8632355,0.051607877,1.0
374,24,-0.06472519,0.8774633,-0.07618514,1.0
374,25,0.05541567,0.4412145,0.0032139893,1.0
374,26,0.10179587,0.59734464,-0.17181788,1.0
374,27,-0.0014882535,0.07458529,0.14883925,1.0
374,28,-0.15445898,0.4368827,0.074705645,1.0
374,29,-0.029590063,0.034020673,0.16905102,1.0
374,30,-0.19341631,0.4165501,0.056676168,1.0
374,31,0.02063794,-0.023187032,0.13814785,1.0
374,32,-0.17663494,0.35628724,0.05847772,1.0
375,0,0.010972823,1.4889603,-0.20609397,1.0
375,1,0.0169424,1.517439,-0.19122285,1.0
375,2,0.028579546,1.5152984,-0.17924675,1.0
375,3,0.036723744,1.5124532,-0.17222586,1.0
375,4,0.003061377,1.5256203,-0.20917132,1.0
375,5,0.0017134985,1.5240946,-0.22762702,1.0
375,6,0.010958453,1.5099617,-0.20361647,1.0
375,7,0.03901904,1.5073959,-0.06875993,1.0
375,8,-0.07162842,1.4635736,-0.111858316,1.0
375,9,0.028387683,1.4881661,-0.14822197,1.0
375,10,0.0005504056,1.4513233,-0.20403513,1.0
375,11,0.11255503,1.345607,0.07358451,1.0
375,12,-0.15065731,1.4028344,0.01598118,1.0
375,13,0.19117883,1.1253176,0.08317872,1.0
375,14,-0.19282797,1.1080599,-0.029216807,1.0
375,15,0.3230255,1.0294441,0.037933264,1.0
375,16,-0.35139963,1.0068691,-0.10968523,1.0
375,17,0.34167236,1.0125527,0.043394446,1.0
375,18,-0.3842185,1.0050493,-0.15128717,1.0
375,19,0.33828318,1.0118926,0.016035963,1.0
375,20,-0.37128216,1.0417963,-0.1746297,1.0
375,21,0.326924,0.9980734,0.022438375,1.0
375,22,-0.35721385,1.0174484,-0.13940938,1.0
375,23,0.06621458,0.8743728,0.057718407,1.0
375,24,-0.0651889,0.88389796,-0.07983644,1.0
375,25,0.056773562,0.4443791,0.021948801,1.0
375,26,0.1057553,0.5977164,-0.17298838,1.0
375,27,-0.0017758119,0.07739646,0.1631702,1.0
375,28,-0.1625785,0.39012283,0.06057782,1.0
375,29,-0.032285526,0.03686095,0.18690233,1.0
375,30,-0.19801347,0.36683783,0.046016198,1.0
375,31,0.017729279,-0.022862222,0.15505262,1.0
375,32,-0.17588028,0.30704483,0.037144475,1.0
376,0,0.012346045,1.4903102,-0.22129841,1.0
376,1,0.017812654,1.5148717,-0.21027982,1.0
376,2,0.034671832,1.5126724,-0.20187138,1.0
376,3,0.033638142,1.5121953,-0.19212571,1.0
376,4,0.005142495,1.5257337,-0.22860834,1.0
376,5,0.00503261,1.523489,-0.24748461,1.0
376,6,0.014042057,1.5121213,-0.22004688,1.0
376,7,0.03997638,1.5091048,-0.083372064,1.0
376,8,-0.07768102,1.4645277,-0.13669448,1.0
376,9,0.031407695,1.4835849,-0.16418718,1.0
376,10,-0.0025790082,1.4496047,-0.21989451,1.0
376,11,0.1103324,1.343767,0.067277566,1.0
376,12,-0.1546058,1.4072814,-0.0064662904,1.0
376,13,0.18073417,1.1190076,0.07776011,1.0
376,14,-0.21989803,1.1092074,-0.05879769,1.0
376,15,0.31714448,1.0321609,0.032005794,1.0
376,16,-0.37246388,1.008014,-0.14280936,1.0
376,17,0.34430763,1.021211,0.039801206,1.0
376,18,-0.396477,0.9982753,-0.18262559,1.0
376,19,0.34344357,1.021755,0.010136703,1.0
376,20,-0.38263085,1.0374489,-0.20951854,1.0
376,21,0.32837954,1.0008813,0.015805528,1.0
376,22,-0.37652338,1.0127466,-0.16927814,1.0
376,23,0.07142812,0.87535864,0.06735121,1.0
376,24,-0.06829059,0.8825519,-0.080351345,1.0
376,25,0.06323843,0.44124272,0.030778619,1.0
376,26,0.10326635,0.55870855,-0.1569241,1.0
376,27,0.012418162,0.07383517,0.16325185,1.0
376,28,-0.17751843,0.3056494,0.064354405,1.0
376,29,-0.015404863,0.036613304,0.1907905,1.0
376,30,-0.21013224,0.27743042,0.051831763,1.0
376,31,0.04263418,-0.02230401,0.15282016,1.0
376,32,-0.17669724,0.22616774,0.0251946,1.0
377,0,0.015157133,1.4665364,-0.21336906,1.0
377,1,0.01857318,1.4900721,-0.20073831,1.0
377,2,0.033191264,1.4887788,-0.19383124,1.0
377,3,0.03206172,1.483869,-0.1860524,1.0
377,4,0.006939113,1.498399,-0.22473344,1.0
377,5,0.006044249,1.5016032,-0.23972651,1.0
377,6,0.016501129,1.4879076,-0.21285082,1.0
377,7,0.036594503,1.4828063,-0.071131356,1.0
377,8,-0.07766305,1.444093,-0.13277407,1.0
377,9,0.03346978,1.4568927,-0.1564608,1.0
377,10,-0.0017410214,1.4254695,-0.2096301,1.0
377,11,0.1046014,1.3211831,0.07832837,1.0
377,12,-0.15853904,1.3818707,-0.004903463,1.0
377,13,0.16696814,1.1042823,0.10818832,1.0
377,14,-0.22858457,1.0926517,-0.057885867,1.0
377,15,0.3106545,1.0260899,0.075619094,1.0
377,16,-0.3698979,0.9915388,-0.15582785,1.0
377,17,0.34222856,1.0250823,0.08392174,1.0
377,18,-0.38559425,0.9868493,-0.19710718,1.0
377,19,0.34313586,1.0273345,0.054502025,1.0
377,20,-0.37189546,1.023707,-0.22121589,1.0
377,21,0.3262156,1.0004102,0.05784416,1.0
377,22,-0.3686305,0.9984979,-0.17960227,1.0
377,23,0.08041796,0.85002744,0.06755508,1.0
377,24,-0.07647906,0.8578784,-0.075986974,1.0
377,25,0.06913984,0.42783937,0.0304295,1.0
377,26,0.0242492,0.50266033,-0.13833196,1.0
377,27,0.020315196,0.067204855,0.17153406,1.0
377,28,-0.1918527,0.21408033,0.09278861,1.0
377,29,-0.0042769895,0.031037224,0.19858617,1.0
377,30,-0.21764514,0.18161842,0.081967995,1.0
377,31,0.04194656,-0.02279453,0.15346922,1.0
377,32,-0.19284175,0.14241153,0.035425715,1.0
378,0,0.021312326,1.4558337,-0.20577101,1.0
378,1,0.025939574,1.4769546,-0.19381577,1.0
378,2,0.036956318,1.4757665,-0.18762381,1.0
378,3,0.035958897,1.4703149,-0.18050824,1.0
378,4,0.01384303,1.4852729,-0.21931548,1.0
378,5,0.013294881,1.4917847,-0.23313528,1.0
378,6,0.021106131,1.4768718,-0.20557365,1.0
378,7,0.042307325,1.4664469,-0.06667959,1.0
378,8,-0.07118946,1.4328836,-0.13187772,1.0
378,9,0.041121095,1.4405832,-0.15248159,1.0
378,10,0.007126232,1.4124771,-0.20146307,1.0
378,11,0.10806006,1.3025084,0.078871384,1.0
378,12,-0.14875306,1.3684628,-0.002667741,1.0
378,13,0.16359033,1.1004752,0.11496027,1.0
378,14,-0.23816228,1.0932691,-0.05533233,1.0
378,15,0.3069114,1.0282873,0.09223935,1.0
378,16,-0.399159,0.984202,-0.16129956,1.0
378,17,0.34350693,1.0289136,0.09756349,1.0
378,18,-0.41912568,0.9830357,-0.20203784,1.0
378,19,0.34521,1.0354618,0.06994598,1.0
378,20,-0.40533057,1.0123631,-0.22894625,1.0
378,21,0.32593435,1.0063211,0.07175468,1.0
378,22,-0.39824146,0.99188775,-0.18600202,1.0
378,23,0.08231565,0.83266735,0.06565974,1.0
378,24,-0.07815067,0.8436118,-0.07295651,1.0
378,25,0.07546855,0.41984448,0.03363591,1.0
378,26,-0.03343933,0.48375726,-0.10029993,1.0
378,27,0.025898442,0.06431521,0.17931572,1.0
378,28,-0.19820173,0.14942393,0.10518392,1.0
378,29,0.0015429258,0.02881882,0.2030695,1.0
378,30,-0.21699911,0.11256114,0.0901598,1.0
378,31,0.04386807,-0.021288458,0.15526158,1.0
378,32,-0.18923055,0.08427183,0.023262031,1.0
379,0,0.024052065,1.4322445,-0.20745222,1.0
379,1,0.028062576,1.4510982,-0.19770841,1.0
379,2,0.03827775,1.4487659,-0.19287965,1.0
379,3,0.03681872,1.4465501,-0.18622892,1.0
379,4,0.018272618,1.4610076,-0.22217792,1.0
379,5,0.017818995,1.4687383,-0.2362791,1.0
379,6,0.021412807,1.4531219,-0.20859936,1.0
379,7,0.047416836,1.4398478,-0.07657948,1.0
379,8,-0.065063186,1.4080544,-0.13900745,1.0
379,9,0.046560086,1.4161267,-0.15791628,1.0
379,10,0.013229061,1.3888603,-0.20454308,1.0
379,11,0.10934667,1.2776556,0.07450047,1.0
379,12,-0.13274042,1.340418,-0.012243122,1.0
379,13,0.16029492,1.0966946,0.12299556,1.0
379,14,-0.23011401,1.0791276,-0.06666456,1.0
379,15,0.30336452,1.0330883,0.12212517,1.0
379,16,-0.4021424,0.9732998,-0.17513074,1.0
379,17,0.33827707,1.0364766,0.1296181,1.0
379,18,-0.4238835,0.97508895,-0.21500617,1.0
379,19,0.34559712,1.0431811,0.10024354,1.0
379,20,-0.41072997,1.0003479,-0.2426334,1.0
379,21,0.32573223,1.0125201,0.1002065,1.0
379,22,-0.40313077,0.98027515,-0.1962581,1.0
379,23,0.08055784,0.8067475,0.06622969,1.0
379,24,-0.075664595,0.8190509,-0.07519944,1.0
379,25,0.087823845,0.4053219,0.048832785,1.0
379,26,-0.05647074,0.4640141,-0.07089088,1.0
379,27,0.04353182,0.059835937,0.18702637,1.0
379,28,-0.20776382,0.11962607,0.119900346,1.0
379,29,0.019870406,0.024191435,0.21181059,1.0
379,30,-0.22234064,0.08392469,0.1038335,1.0
379,31,0.06580842,-0.016413746,0.16388217,1.0
379,32,-0.18872663,0.061536215,0.033948824,1.0
380,0,0.027229656,1.4363198,-0.2052661,1.0
380,1,0.030954018,1.4551007,-0.19605999,1.0
380,2,0.04203724,1.4534789,-0.19088547,1.0
380,3,0.039625086,1.450718,-0.18381913,1.0
380,4,0.020943549,1.465528,-0.21889749,1.0
380,5,0.020403873,1.4739636,-0.2335563,1.0
380,6,0.023695137,1.4596336,-0.20656052,1.0
380,7,0.051937707,1.4422486,-0.07412319,1.0
380,8,-0.061414253,1.4103731,-0.13415828,1.0
380,9,0.05068325,1.4203835,-0.15617049,1.0
380,10,0.015925255,1.3921274,-0.20102605,1.0
380,11,0.11267847,1.2762176,0.07954806,1.0
380,12,-0.12593406,1.3453166,-0.01253942,1.0
380,13,0.16235192,1.10207,0.12647599,1.0
380,14,-0.22468859,1.0865318,-0.07319531,1.0
380,15,0.30355966,1.0425615,0.12237963,1.0
380,16,-0.37912303,0.97755295,-0.1905441,1.0
380,17,0.33911175,1.0448558,0.12706828,1.0
380,18,-0.3957541,0.97703856,-0.2344621,1.0
380,19,0.34515217,1.0537035,0.09904227,1.0
380,20,-0.3793498,1.00201,-0.26045513,1.0
380,21,0.32758462,1.0203172,0.099405386,1.0
380,22,-0.376972,0.9845776,-0.21108955,1.0
380,23,0.08057514,0.8050485,0.068708785,1.0
380,24,-0.07552698,0.81847906,-0.07846259,1.0
380,25,0.0983278,0.40473238,0.060753815,1.0
380,26,-0.060313065,0.4648652,-0.06872839,1.0
380,27,0.04936788,0.059007313,0.20538047,1.0
380,28,-0.21270637,0.10124726,0.1016518,1.0
380,29,0.025995048,0.023889845,0.22983979,1.0
380,30,-0.2249272,0.06538066,0.08237742,1.0
380,31,0.07277571,-0.013634834,0.17938302,1.0
380,32,-0.18551621,0.04681988,-0.0013789302,1.0
381,0,0.036377132,1.4422638,-0.20438851,1.0
381,1,0.039877683,1.4610544,-0.19470839,1.0
381,2,0.052048326,1.4579397,-0.18999776,1.0
381,3,0.049876384,1.4565983,-0.18278985,1.0
381,4,0.029924693,1.4705904,-0.2181002,1.0
381,5,0.029110141,1.4803286,-0.23269367,1.0
381,6,0.031885553,1.4643582,-0.20533071,1.0
381,7,0.06339353,1.448059,-0.07076273,1.0
381,8,-0.054028448,1.4164078,-0.1302316,1.0
381,9,0.059907738,1.4261863,-0.15513964,1.0
381,10,0.02340581,1.3981612,-0.19936633,1.0
381,11,0.12147461,1.2818029,0.084355146,1.0
381,12,-0.11874906,1.3550689,-0.006311556,1.0
381,13,0.1662402,1.1075355,0.13131514,1.0
381,14,-0.21829946,1.0962946,-0.06696692,1.0
381,15,0.3134909,1.0486121,0.12289963,1.0
381,16,-0.3671387,0.9895386,-0.18661737,1.0
381,17,0.3495276,1.0495145,0.12726897,1.0
381,18,-0.38394865,0.98968506,-0.23248316,1.0
381,19,0.35574478,1.0584515,0.09710495,1.0
381,20,-0.36560962,1.015627,-0.25815886,1.0
381,21,0.33694524,1.0256729,0.10030443,1.0
381,22,-0.36525297,0.9968944,-0.2087335,1.0
381,23,0.0811825,0.80917674,0.067055345,1.0
381,24,-0.077441856,0.824658,-0.07873538,1.0
381,25,0.1067544,0.40781358,0.057576027,1.0
381,26,-0.060117718,0.47139016,-0.064153254,1.0
381,27,0.057319876,0.061112877,0.20625465,1.0
381,28,-0.20677614,0.11189043,0.11221302,1.0
381,29,0.032919094,0.026182435,0.23082851,1.0
381,30,-0.21778597,0.07658378,0.092561334,1.0
381,31,0.07688515,-0.013198291,0.18045577,1.0
381,32,-0.17809002,0.055841215,0.011786089,1.0
382,0,0.039592925,1.4485029,-0.20445178,1.0
382,1,0.043433253,1.4672815,-0.19496393,1.0
382,2,0.05582232,1.4644988,-0.18985851,1.0
382,3,0.05311776,1.4628061,-0.1825837,1.0
382,4,0.033726573,1.4775436,-0.21750621,1.0
382,5,0.032767117,1.4872385,-0.23095119,1.0
382,6,0.034769543,1.4698584,-0.2033216,1.0
382,7,0.07377269,1.45193,-0.06987451,1.0
382,8,-0.047147818,1.4225662,-0.12207383,1.0
382,9,0.06565642,1.4313406,-0.15442634,1.0
382,10,0.02731588,1.4036132,-0.19631283,1.0
382,11,0.13507673,1.2841737,0.087431386,1.0
382,12,-0.106701896,1.3630196,0.0045481925,1.0
382,13,0.19567151,1.1136485,0.14665017,1.0
382,14,-0.20834327,1.1066908,-0.04695037,1.0
382,15,0.3535689,1.0451458,0.1584904,1.0
382,16,-0.36552045,0.9999629,-0.16253135,1.0
382,17,0.3943656,1.0450919,0.16577233,1.0
382,18,-0.3822746,1.0009158,-0.20633003,1.0
382,19,0.39979514,1.0533768,0.1346319,1.0
382,20,-0.3655349,1.0230898,-0.23280457,1.0
382,21,0.3783024,1.0213763,0.13502531,1.0
382,22,-0.3625817,1.007798,-0.18511036,1.0
382,23,0.0814819,0.81204736,0.066171065,1.0
382,24,-0.07899384,0.83033186,-0.07860584,1.0
382,25,0.10190088,0.41087723,0.052729405,1.0
382,26,-0.058147233,0.4737575,-0.06579509,1.0
382,27,0.03978614,0.06214487,0.20548585,1.0
382,28,-0.20431149,0.098468326,0.1031265,1.0
382,29,0.014776701,0.02777479,0.2302859,1.0
382,30,-0.21520847,0.061995216,0.08311504,1.0
382,31,0.0534142,-0.012927929,0.17745782,1.0
382,32,-0.17503762,0.03896524,-0.0030178046,1.0
383,0,0.04303411,1.4551018,-0.20484065,1.0
383,1,0.049210217,1.4728802,-0.19531773,1.0
383,2,0.060525566,1.4700717,-0.18999502,1.0
383,3,0.05907946,1.4694455,-0.18257257,1.0
383,4,0.03691156,1.4828768,-0.21756217,1.0
383,5,0.036661327,1.4929336,-0.23085594,1.0
383,6,0.03842295,1.4750257,-0.2028804,1.0
383,7,0.08551541,1.4578451,-0.06832652,1.0
383,8,-0.042444266,1.4286655,-0.11434186,1.0
383,9,0.070355415,1.4387146,-0.15564209,1.0
383,10,0.030530082,1.4118912,-0.19559355,1.0
383,11,0.15006971,1.2904855,0.08569141,1.0
383,12,-0.10103084,1.3723291,0.019582838,1.0
383,13,0.21850106,1.1168293,0.13785139,1.0
383,14,-0.20639516,1.1128131,-0.019622639,1.0
383,15,0.3696504,1.035258,0.14054327,1.0
383,16,-0.3674295,1.0059665,-0.1313848,1.0
383,17,0.41156766,1.0314373,0.14546515,1.0
383,18,-0.3839119,1.0058471,-0.17206673,1.0
383,19,0.41245493,1.04017,0.11362371,1.0
383,20,-0.36737826,1.0292116,-0.20093548,1.0
383,21,0.3925143,1.0108281,0.11851837,1.0
383,22,-0.36341634,1.0129848,-0.15503159,1.0
383,23,0.084390245,0.81582767,0.06144332,1.0
383,24,-0.081705,0.8375499,-0.07561263,1.0
383,25,0.09485577,0.41043547,0.0425213,1.0
383,26,-0.053395506,0.47872603,-0.06569622,1.0
383,27,0.0053757997,0.06827705,0.2011547,1.0
383,28,-0.19939332,0.110563606,0.10921701,1.0
383,29,-0.021917945,0.035981543,0.22669016,1.0
383,30,-0.21231252,0.07414232,0.08893786,1.0
383,31,0.0027344273,-0.011829684,0.17391893,1.0
383,32,-0.17130558,0.04703354,0.005961315,1.0
384,0,0.0533832,1.4579196,-0.19482772,1.0
384,1,0.058518004,1.4743431,-0.18355611,1.0
384,2,0.06970463,1.4740349,-0.17810749,1.0
384,3,0.06864984,1.471559,-0.1697125,1.0
384,4,0.04658847,1.4856589,-0.20557621,1.0
384,5,0.045670424,1.4943602,-0.21991713,1.0
384,6,0.047072466,1.4786109,-0.19029482,1.0
384,7,0.09236759,1.4591506,-0.05914945,1.0
384,8,-0.032703295,1.4298674,-0.10453415,1.0
384,9,0.08032523,1.4420657,-0.1453161,1.0
384,10,0.041340366,1.4139645,-0.1839021,1.0
384,11,0.1621313,1.2936234,0.09599653,1.0
384,12,-0.09286426,1.3749429,0.028576137,1.0
384,13,0.24870753,1.1255796,0.15471701,1.0
384,14,-0.19627975,1.1160684,-0.0022389349,1.0
384,15,0.39040422,1.0179421,0.16184224,1.0
384,16,-0.36399752,1.0027744,-0.10439472,1.0
384,17,0.4333373,1.0066985,0.16492745,1.0
384,18,-0.3795604,1.0034245,-0.14343923,1.0
384,19,0.4284076,1.0132891,0.13618231,1.0
384,20,-0.36619577,1.0253702,-0.17388824,1.0
384,21,0.41095445,0.99114364,0.1396182,1.0
384,22,-0.35881874,1.0105591,-0.12932837,1.0
384,23,0.08233262,0.8170579,0.06298999,1.0
384,24,-0.07954282,0.8400833,-0.07880428,1.0
384,25,0.07823214,0.40302655,0.0454811,1.0
384,26,-0.043231416,0.4839756,-0.072682515,1.0
384,27,-0.03551306,0.06694812,0.20860486,1.0
384,28,-0.1706899,0.09563611,0.06405373,1.0
384,29,-0.06388344,0.034912772,0.23126434,1.0
384,30,-0.1830958,0.05730602,0.039699744,1.0
384,31,-0.042169794,-0.010825977,0.17941932,1.0
384,32,-0.13519529,0.036206476,-0.054266088,1.0
385,0,0.061636947,1.4541566,-0.18973465,1.0
385,1,0.06570856,1.4709773,-0.1774112,1.0
385,2,0.077318646,1.4700987,-0.17071562,1.0
385,3,0.07735071,1.4674635,-0.16296971,1.0
385,4,0.05383708,1.4826541,-0.19679616,1.0
385,5,0.051581092,1.4906466,-0.21304245,1.0
385,6,0.05420345,1.4761347,-0.1837484,1.0
385,7,0.09902818,1.4563605,-0.053151753,1.0
385,8,-0.024239624,1.427038,-0.09683027,1.0
385,9,0.08749661,1.4396145,-0.13877687,1.0
385,10,0.04763141,1.4095181,-0.17536423,1.0
385,11,0.17065908,1.2923174,0.1006477,1.0
385,12,-0.08698335,1.3733071,0.03569724,1.0
385,13,0.2685871,1.1242605,0.15806755,1.0
385,14,-0.1797926,1.1165924,-0.0018230155,1.0
385,15,0.39994293,0.988479,0.16308859,1.0
385,16,-0.33044448,0.99706084,-0.10716121,1.0
385,17,0.43987462,0.96872365,0.1661018,1.0
385,18,-0.34267256,0.9936396,-0.14885592,1.0
385,19,0.431294,0.97074145,0.13927174,1.0
385,20,-0.32929444,1.0171791,-0.17631522,1.0
385,21,0.41826293,0.9570241,0.14267851,1.0
385,22,-0.32452065,1.003373,-0.13105583,1.0
385,23,0.08039173,0.8148109,0.06239468,1.0
385,24,-0.07782943,0.837362,-0.07923136,1.0
385,25,0.0618916,0.39324585,0.04672851,1.0
385,26,-0.04352093,0.48572472,-0.08729402,1.0
385,27,-0.045419354,0.06904077,0.22637613,1.0
385,28,-0.16006808,0.08561933,0.03160059,1.0
385,29,-0.072065905,0.038467713,0.25000137,1.0
385,30,-0.17060867,0.04590155,0.0054379366,1.0
385,31,-0.05316081,-0.005731198,0.20170501,1.0
385,32,-0.12304838,0.027506731,-0.092291884,1.0
386,0,0.0664227,1.4523144,-0.17579556,1.0
386,1,0.070187405,1.4673176,-0.16434652,1.0
386,2,0.082495786,1.4681984,-0.15702553,1.0
386,3,0.082321756,1.4649256,-0.15013209,1.0
386,4,0.057969473,1.4804752,-0.18289325,1.0
386,5,0.05527803,1.4881047,-0.19910744,1.0
386,6,0.060040787,1.47246,-0.17004402,1.0
386,7,0.10657556,1.4555573,-0.044048533,1.0
386,8,-0.018951645,1.4268246,-0.08198168,1.0
386,9,0.09184935,1.4403051,-0.12695368,1.0
386,10,0.051218346,1.4088787,-0.16268995,1.0
386,11,0.17939042,1.2940872,0.100504875,1.0
386,12,-0.0850922,1.3750407,0.051522803,1.0
386,13,0.27748618,1.1220678,0.15124771,1.0
386,14,-0.16428241,1.1156226,0.0058496837,1.0
386,15,0.39655277,0.9710502,0.14920326,1.0
386,16,-0.30625013,0.99535596,-0.108038075,1.0
386,17,0.43287233,0.94692945,0.15099521,1.0
386,18,-0.31664142,0.989229,-0.15011758,1.0
386,19,0.42033863,0.9483734,0.123750046,1.0
386,20,-0.30331168,1.0123228,-0.17696598,1.0
386,21,0.4111572,0.9391738,0.12960489,1.0
386,22,-0.29985255,0.9991105,-0.13117784,1.0
386,23,0.082113564,0.8146615,0.056910478,1.0
386,24,-0.07968308,0.8379526,-0.073421806,1.0
386,25,0.04145598,0.39089298,0.035173517,1.0
386,26,-0.042823885,0.4865621,-0.08809872,1.0
386,27,-0.06556993,0.06738848,0.21783938,1.0
386,28,-0.15835059,0.095161445,0.037332103,1.0
386,29,-0.09312314,0.03808896,0.24167417,1.0
386,30,-0.16992866,0.054692227,0.011835132,1.0
386,31,-0.079507716,-0.011056291,0.19249737,1.0
386,32,-0.13063666,0.03504192,-0.08338692,1.0
387,0,0.06927522,1.454863,-0.18603349,1.0
387,1,0.07577124,1.4705136,-0.17798586,1.0
387,2,0.09098226,1.4699496,-0.17054947,1.0
387,3,0.08834045,1.4693056,-0.16267572,1.0
387,4,0.06301426,1.4824456,-0.19230092,1.0
387,5,0.061476246,1.4890523,-0.2081462,1.0
387,6,0.06614556,1.4748262,-0.18004057,1.0
387,7,0.12378181,1.4549727,-0.05987442,1.0
387,8,-0.0105892895,1.4282106,-0.08662864,1.0
387,9,0.09754001,1.439758,-0.13867882,1.0
387,10,0.05563125,1.4102869,-0.17284702,1.0
387,11,0.19608313,1.2928351,0.06878756,1.0
387,12,-0.076455526,1.3743898,0.054719903,1.0
387,13,0.30140707,1.1269532,0.09587738,1.0
387,14,-0.1527244,1.1122981,0.01865448,1.0
387,15,0.40380567,0.97424847,0.08311738,1.0
387,16,-0.30885464,1.0000204,-0.08761797,1.0
387,17,0.4406608,0.9485073,0.085814975,1.0
387,18,-0.32207063,0.98870033,-0.12610829,1.0
387,19,0.421971,0.9492223,0.058131367,1.0
387,20,-0.31150007,1.013258,-0.15921782,1.0
387,21,0.4165442,0.94053674,0.06642936,1.0
387,22,-0.30321223,1.0016557,-0.111383624,1.0
387,23,0.087011866,0.8153293,0.050025027,1.0
387,24,-0.08436507,0.83997184,-0.061807424,1.0
387,25,0.042016365,0.3930859,0.018617995,1.0
387,26,-0.043886185,0.48542333,-0.085572615,1.0
387,27,-0.05114743,0.06485597,0.20188352,1.0
387,28,-0.15566403,0.10410317,0.03718512,1.0
387,29,-0.07880754,0.03793135,0.22703792,1.0
387,30,-0.16654493,0.063742965,0.013057794,1.0
387,31,-0.068772875,-0.013427074,0.17544733,1.0
387,32,-0.13561581,0.0446781,-0.07921369,1.0
388,0,0.068718106,1.4574338,-0.20946349,1.0
388,1,0.07787329,1.4717733,-0.2026124,1.0
388,2,0.09284902,1.4717261,-0.19303077,1.0
388,3,0.08928924,1.4707841,-0.18600993,1.0
388,4,0.0633662,1.4844505,-0.21291673,1.0
388,5,0.0628048,1.4896172,-0.22947825,1.0
388,6,0.06700181,1.4768248,-0.20067051,1.0
388,7,0.13565084,1.4486696,-0.08336098,1.0
388,8,-0.0056483857,1.4255133,-0.09980168,1.0
388,9,0.099305354,1.4379737,-0.16274346,1.0
388,10,0.05613479,1.409497,-0.19453785,1.0
388,11,0.20641525,1.2806454,0.03412243,1.0
388,12,-0.07053781,1.362084,0.050007388,1.0
388,13,0.31275067,1.1203686,0.049506575,1.0
388,14,-0.15186246,1.0998559,0.015612565,1.0
388,15,0.40886304,0.9740238,0.035285685,1.0
388,16,-0.31316695,0.9925422,-0.09133761,1.0
388,17,0.4453627,0.949728,0.039577927,1.0
388,18,-0.3256201,0.9787466,-0.12854111,1.0
388,19,0.42517582,0.9498267,0.012135263,1.0
388,20,-0.3164834,1.0028946,-0.16157438,1.0
388,21,0.4204872,0.9391483,0.020578498,1.0
388,22,-0.3057762,0.9927711,-0.11314832,1.0
388,23,0.08859641,0.8049871,0.043541856,1.0
388,24,-0.086186685,0.82947564,-0.053437136,1.0
388,25,0.03648149,0.3894437,0.0134823695,1.0
388,26,-0.047180943,0.47808263,-0.08281874,1.0
388,27,-0.051186904,0.06461303,0.20482022,1.0
388,28,-0.158797,0.098509386,0.04755614,1.0
388,29,-0.07703816,0.038985137,0.2328475,1.0
388,30,-0.16931532,0.05833142,0.024691045,1.0
388,31,-0.07383079,-0.013297045,0.18055882,1.0
388,32,-0.14605542,0.038243957,-0.06589665,1.0
389,0,0.07193274,1.4604857,-0.2198008,1.0
389,1,0.07976346,1.473954,-0.21239725,1.0
389,2,0.09513593,1.4742285,-0.20225918,1.0
389,3,0.09188818,1.4726037,-0.19494088,1.0
389,4,0.065803654,1.4862989,-0.22207396,1.0
389,5,0.06477221,1.4921393,-0.23830773,1.0
389,6,0.06883463,1.4785013,-0.20880245,1.0
389,7,0.1411011,1.4474089,-0.091593444,1.0
389,8,-0.0023284813,1.4259928,-0.105613254,1.0
389,9,0.10283908,1.4395659,-0.17249449,1.0
389,10,0.05852794,1.4108131,-0.20322728,1.0
389,11,0.2133905,1.2774873,0.028500628,1.0
389,12,-0.06646165,1.35695,0.04713887,1.0
389,13,0.3199144,1.1168703,0.047917057,1.0
389,14,-0.14763424,1.0914928,0.0134135,1.0
389,15,0.41504982,0.9742064,0.035358224,1.0
389,16,-0.31294474,0.9870886,-0.09569275,1.0
389,17,0.45011666,0.9512348,0.040041752,1.0
389,18,-0.32518974,0.9743417,-0.1328519,1.0
389,19,0.4306533,0.9520219,0.011958851,1.0
389,20,-0.3181773,0.998519,-0.16590126,1.0
389,21,0.42566153,0.9399734,0.020496389,1.0
389,22,-0.3057763,0.9872416,-0.1160724,1.0
389,23,0.08861463,0.80053043,0.042643916,1.0
389,24,-0.085833944,0.8265689,-0.052787088,1.0
389,25,0.02834888,0.38573462,0.013511568,1.0
389,26,-0.05028226,0.47698367,-0.0805988,1.0
389,27,-0.058647472,0.062578,0.20462129,1.0
389,28,-0.16347696,0.09760377,0.0532748,1.0
389,29,-0.083974466,0.03708817,0.23341872,1.0
389,30,-0.17401767,0.057897538,0.031532723,1.0
389,31,-0.079158716,-0.013358359,0.1806079,1.0
389,32,-0.15038657,0.03816349,-0.058710046,1.0
390,0,0.07262092,1.4562213,-0.22062048,1.0
390,1,0.08044112,1.4694625,-0.21427153,1.0
390,2,0.0955405,1.4702691,-0.20372796,1.0
390,3,0.09263079,1.4684902,-0.19639292,1.0
390,4,0.066835284,1.4812768,-0.22227907,1.0
390,5,0.065208696,1.4880531,-0.2386958,1.0
390,6,0.06937646,1.4740885,-0.21001434,1.0
390,7,0.14351127,1.4415041,-0.09538744,1.0
390,8,-0.00017678452,1.4213097,-0.10553224,1.0
390,9,0.10351318,1.4352802,-0.1746789,1.0
390,10,0.0586318,1.4064257,-0.20439911,1.0
390,11,0.21608149,1.2696631,0.022093564,1.0
390,12,-0.06536054,1.3490775,0.047945365,1.0
390,13,0.32474136,1.106495,0.034421477,1.0
390,14,-0.14911425,1.0780283,0.015510168,1.0
390,15,0.4249939,0.9653179,0.014831383,1.0
390,16,-0.31514212,0.9783636,-0.09559614,1.0
390,17,0.4637346,0.94429743,0.018290766,1.0
390,18,-0.32623202,0.9661737,-0.13220721,1.0
390,19,0.44543236,0.9460469,-0.01050842,1.0
390,20,-0.3198943,0.9914266,-0.16653019,1.0
390,21,0.43807942,0.9318321,-0.0007955964,1.0
390,22,-0.308325,0.97841096,-0.11554343,1.0
390,23,0.088638134,0.7978635,0.039598882,1.0
390,24,-0.08563375,0.8228445,-0.049177125,1.0
390,25,0.01694254,0.3848859,0.013188768,1.0
390,26,-0.059459563,0.47683322,-0.07606123,1.0
390,27,-0.07037912,0.06157806,0.2029638,1.0
390,28,-0.16428109,0.094669804,0.050509837,1.0
390,29,-0.09603381,0.03625642,0.23209272,1.0
390,30,-0.17418456,0.054337036,0.029021055,1.0
390,31,-0.093233004,-0.013368243,0.17574722,1.0
390,32,-0.15460746,0.038564913,-0.06456997,1.0
391,0,0.07071623,1.4492964,-0.2192282,1.0
391,1,0.07996635,1.4615161,-0.21436067,1.0
391,2,0.094138265,1.4615815,-0.2039979,1.0
391,3,0.09213904,1.4603115,-0.19585744,1.0
391,4,0.0657279,1.47269,-0.22157419,1.0
391,5,0.06443591,1.4805399,-0.23678713,1.0
391,6,0.0684491,1.4662024,-0.20929821,1.0
391,7,0.14492309,1.4314352,-0.09823361,1.0
391,8,0.0021300188,1.4131279,-0.10260622,1.0
391,9,0.10152253,1.426601,-0.17523278,1.0
391,10,0.056887336,1.3989944,-0.20399559,1.0
391,11,0.21798941,1.2564263,0.011989526,1.0
391,12,-0.0639015,1.3371964,0.054160826,1.0
391,13,0.3257016,1.0858411,0.008651983,1.0
391,14,-0.15232313,1.0682017,0.026134435,1.0
391,15,0.4267868,0.94406825,-0.023427634,1.0
391,16,-0.3378119,0.97056746,-0.08497759,1.0
391,17,0.4688701,0.9237707,-0.021718392,1.0
391,18,-0.353177,0.9592491,-0.119478494,1.0
391,19,0.45214128,0.9259443,-0.051263317,1.0
391,20,-0.34954023,0.98395747,-0.15637761,1.0
391,21,0.44162947,0.9102594,-0.03927963,1.0
391,22,-0.3330427,0.9694795,-0.106183454,1.0
391,23,0.08885818,0.7911052,0.03338804,1.0
391,24,-0.08498374,0.81551737,-0.043150052,1.0
391,25,0.005113379,0.37956035,0.0123763215,1.0
391,26,-0.06730615,0.47087404,-0.06865007,1.0
391,27,-0.080098115,0.058931742,0.20387204,1.0
391,28,-0.15526587,0.084703505,0.05052453,1.0
391,29,-0.10490305,0.03474363,0.23302616,1.0
391,30,-0.16446717,0.043378673,0.028875608,1.0
391,31,-0.10614681,-0.012731094,0.17572899,1.0
391,32,-0.15446998,0.032929204,-0.06383343,1.0
392,0,0.0688199,1.4432737,-0.22465333,1.0
392,1,0.0788901,1.4554148,-0.22031571,1.0
392,2,0.09299554,1.4547713,-0.20995204,1.0
392,3,0.090953484,1.4543642,-0.20188032,1.0
392,4,0.06473157,1.4671874,-0.22615552,1.0
392,5,0.06434279,1.4746773,-0.24193871,1.0
392,6,0.06709045,1.460174,-0.2147821,1.0
392,7,0.14407171,1.423677,-0.10491383,1.0
392,8,0.0026504912,1.4064527,-0.10759716,1.0
392,9,0.100012876,1.4189916,-0.18071698,1.0
392,10,0.055287503,1.3920624,-0.20914942,1.0
392,11,0.21731839,1.244943,0.004085183,1.0
392,12,-0.06347601,1.3287424,0.051826358,1.0
392,13,0.32551304,1.0709691,-0.0024004336,1.0
392,14,-0.16171905,1.06281,0.025161795,1.0
392,15,0.4379383,0.9343651,-0.03467257,1.0
392,16,-0.351371,0.9634077,-0.087049685,1.0
392,17,0.48312762,0.9168735,-0.03185554,1.0
392,18,-0.36833757,0.952252,-0.121750124,1.0
392,19,0.46959686,0.9185035,-0.06186909,1.0
392,20,-0.36363152,0.9761784,-0.15894425,1.0
392,21,0.45479292,0.90059566,-0.050266664,1.0
392,22,-0.34713885,0.96195006,-0.10934064,1.0
392,23,0.08756292,0.78656805,0.031208621,1.0
392,24,-0.08391753,0.80879974,-0.040649146,1.0
392,25,0.0047928244,0.38176063,0.01295707,1.0
392,26,-0.07294818,0.46809176,-0.071558475,1.0
392,27,-0.07136375,0.0764745,0.21463227,1.0
392,28,-0.15202737,0.07484994,0.036238436,1.0
392,29,-0.09511169,0.05432142,0.24508469,1.0
392,30,-0.15996557,0.03341257,0.013730008,1.0
392,31,-0.09803807,0.01075455,0.1916403,1.0
392,32,-0.15593013,0.027801894,-0.07955227,1.0
393,0,0.06776802,1.4211107,-0.2551208,1.0
393,1,0.077996686,1.4329044,-0.25160012,1.0
393,2,0.09127065,1.4331992,-0.24164857,1.0
393,3,0.08917291,1.4310973,-0.23362327,1.0
393,4,0.06284193,1.4453474,-0.2587761,1.0
393,5,0.063992426,1.4522352,-0.27313015,1.0
393,6,0.067503564,1.4372389,-0.24599436,1.0
393,7,0.14197938,1.4041435,-0.13528126,1.0
393,8,0.0019455189,1.3879656,-0.13875018,1.0
393,9,0.09799091,1.3964394,-0.20956275,1.0
393,10,0.054293796,1.3711689,-0.23735912,1.0
393,11,0.21460743,1.2262343,-0.02059927,1.0
393,12,-0.066670276,1.3157262,0.032367807,1.0
393,13,0.3178596,1.0457373,-0.016905826,1.0
393,14,-0.16840151,1.0529277,0.018606395,1.0
393,15,0.44169006,0.924535,-0.040628806,1.0
393,16,-0.3577287,0.94849485,-0.08682899,1.0
393,17,0.4898358,0.9131854,-0.036573045,1.0
393,18,-0.3750256,0.9374849,-0.120368995,1.0
393,19,0.47894865,0.91584545,-0.06645195,1.0
393,20,-0.3688023,0.959885,-0.15700966,1.0
393,21,0.46006167,0.8931905,-0.057150323,1.0
393,22,-0.35343486,0.9474061,-0.11115401,1.0
393,23,0.08695849,0.7781721,0.026893072,1.0
393,24,-0.08426702,0.8005081,-0.035425834,1.0
393,25,-0.0060217986,0.3725085,0.0036377872,1.0
393,26,-0.06975089,0.4611096,-0.06219531,1.0
393,27,-0.0720306,0.06560521,0.20387495,1.0
393,28,-0.11982039,0.07231413,0.060275942,1.0
393,29,-0.09601673,0.04352202,0.23199616,1.0
393,30,-0.12513526,0.03239795,0.039885785,1.0
393,31,-0.107191645,-0.00083230156,0.17898038,1.0
393,32,-0.13129805,0.028193213,-0.049470015,1.0
394,0,0.06451233,1.415339,-0.25676656,1.0
394,1,0.07591206,1.4269284,-0.2554061,1.0
394,2,0.08734588,1.4272376,-0.24476908,1.0
394,3,0.085647635,1.424481,-0.23758335,1.0
394,4,0.060192335,1.4402926,-0.26224557,1.0
394,5,0.061561637,1.4468267,-0.27585915,1.0
394,6,0.063926235,1.4321431,-0.24888813,1.0
394,7,0.14029363,1.3974345,-0.13745895,1.0
394,8,-0.00096118794,1.3833039,-0.14220418,1.0
394,9,0.09580401,1.3893951,-0.21316628,1.0
394,10,0.05131215,1.3657131,-0.2408433,1.0
394,11,0.21370335,1.2179589,-0.020847159,1.0
394,12,-0.07261409,1.3101791,0.03196779,1.0
394,13,0.31231043,1.0309377,-0.012466788,1.0
394,14,-0.1994905,1.0543706,0.020687249,1.0
394,15,0.43543792,0.9245898,-0.035226535,1.0
394,16,-0.38879055,0.9583615,-0.086251274,1.0
394,17,0.48272464,0.91878444,-0.031014541,1.0
394,18,-0.40358737,0.9510047,-0.11924073,1.0
394,19,0.47425994,0.9231186,-0.062142413,1.0
394,20,-0.3945046,0.9751717,-0.15513052,1.0
394,21,0.4545118,0.8961874,-0.052610587,1.0
394,22,-0.3826985,0.95886445,-0.110483415,1.0
394,23,0.08844693,0.7771188,0.026343938,1.0
394,24,-0.086787246,0.80078363,-0.035677753,1.0
394,25,-0.0063688643,0.37350082,-0.0005371268,1.0
394,26,-0.07407231,0.46313888,-0.064124174,1.0
394,27,-0.07347285,0.06343491,0.19515651,1.0
394,28,-0.10058388,0.079469286,0.07498583,1.0
394,29,-0.09763538,0.041319925,0.22254835,1.0
394,30,-0.10288959,0.039418794,0.05647054,1.0
394,31,-0.10848992,-0.00401177,0.16617091,1.0
394,32,-0.107694775,0.031837113,-0.028478757,1.0
395,0,0.049749587,1.39852,-0.25130862,1.0
395,1,0.063039996,1.4093786,-0.24962437,1.0
395,2,0.07206116,1.4093819,-0.2406998,1.0
395,3,0.07039796,1.4062586,-0.23248725,1.0
395,4,0.04691991,1.4234897,-0.2567454,1.0
395,5,0.046316847,1.4308507,-0.27122977,1.0
395,6,0.048640564,1.416727,-0.24392413,1.0
395,7,0.12643687,1.3814559,-0.1323065,1.0
395,8,-0.013829604,1.3685992,-0.1372567,1.0
395,9,0.0831097,1.372769,-0.20969355,1.0
395,10,0.038275033,1.3503557,-0.23592506,1.0
395,11,0.20246826,1.200172,-0.012090127,1.0
395,12,-0.08750592,1.2966247,0.034515053,1.0
395,13,0.28435102,1.0120102,-0.0033539415,1.0
395,14,-0.22083418,1.0435234,0.026291296,1.0
395,15,0.42621937,0.93989396,-0.03638676,1.0
395,16,-0.39403906,0.9455948,-0.08333476,1.0
395,17,0.47571892,0.945448,-0.033494197,1.0
395,18,-0.40385517,0.93913704,-0.11708819,1.0
395,19,0.47578162,0.95146954,-0.06549975,1.0
395,20,-0.39105016,0.96778387,-0.15224132,1.0
395,21,0.44725,0.91421777,-0.05357416,1.0
395,22,-0.3852955,0.9482371,-0.1062351,1.0
395,23,0.090755105,0.76572037,0.026962016,1.0
395,24,-0.08830335,0.7909262,-0.0370026,1.0
395,25,-0.0019755175,0.36277738,-0.007531963,1.0
395,26,-0.08287612,0.4580089,-0.06885454,1.0
395,27,-0.06603739,0.06464315,0.20205176,1.0
395,28,-0.09999573,0.083290085,0.084347606,1.0
395,29,-0.089469336,0.042794198,0.23012494,1.0
395,30,-0.10140312,0.043886732,0.06704341,1.0
395,31,-0.099654235,-0.0033759316,0.17443052,1.0
395,32,-0.10203175,0.036753915,-0.018062651,1.0
396,0,0.038349718,1.3727355,-0.21905126,1.0
396,1,0.052004848,1.3811339,-0.21245632,1.0
396,2,0.0597615,1.3818619,-0.20561878,1.0
396,3,0.05943846,1.3774359,-0.19580467,1.0
396,4,0.03988577,1.3991671,-0.22045338,1.0
396,5,0.036666967,1.4037589,-0.23749219,1.0
396,6,0.03741715,1.3901204,-0.20785949,1.0
396,7,0.11295001,1.3562417,-0.09989381,1.0
396,8,-0.021049153,1.3436478,-0.1051785,1.0
396,9,0.0729281,1.3451793,-0.17672655,1.0
396,10,0.03051355,1.3248762,-0.20191947,1.0
396,11,0.19045447,1.1723505,0.014505053,1.0
396,12,-0.09822127,1.2717279,0.06402566,1.0
396,13,0.2536767,0.9824933,0.01269693,1.0
396,14,-0.22643366,1.014757,0.06688978,1.0
396,15,0.3996895,0.9416372,-0.028298644,1.0
396,16,-0.40017205,0.9169329,-0.031175137,1.0
396,17,0.44945282,0.95569885,-0.026938217,1.0
396,18,-0.4083534,0.91476077,-0.061749972,1.0
396,19,0.4572851,0.9632668,-0.05276599,1.0
396,20,-0.40066522,0.94261116,-0.0959522,1.0
396,21,0.420216,0.91735107,-0.044175915,1.0
396,22,-0.3931932,0.92211837,-0.053495023,1.0
396,23,0.0904645,0.7389143,0.026329875,1.0
396,24,-0.08735669,0.7614671,-0.03750088,1.0
396,25,0.0072390456,0.32700717,-0.024960158,1.0
396,26,-0.082508974,0.4365977,-0.08132112,1.0
396,27,-0.058971208,0.07250996,0.23115042,1.0
396,28,-0.10469173,0.08759579,0.107771784,1.0
396,29,-0.08039832,0.052439127,0.26389974,1.0
396,30,-0.10962186,0.049988948,0.093349114,1.0
396,31,-0.09563154,1.6986392e-05,0.2254915,1.0
396,32,-0.11375095,0.04017567,0.02000413,1.0
397,0,0.03429974,1.3225609,-0.19570994,1.0
397,1,0.04845861,1.333634,-0.18199275,1.0
397,2,0.055491142,1.3383164,-0.17756628,1.0
397,3,0.05352345,1.329332,-0.16692843,1.0
397,4,0.03677288,1.355784,-0.19149528,1.0
397,5,0.036275934,1.3535212,-0.21067433,1.0
397,6,0.036527086,1.3399308,-0.17741229,1.0
397,7,0.10149106,1.3104519,-0.07138773,1.0
397,8,-0.023197884,1.2952701,-0.08183635,1.0
397,9,0.06928344,1.2984669,-0.15055284,1.0
397,10,0.030916123,1.2761892,-0.17689736,1.0
397,11,0.18557975,1.1241531,0.031216934,1.0
397,12,-0.10141592,1.2271513,0.0815467,1.0
397,13,0.24241284,0.94497097,0.026832134,1.0
397,14,-0.21768661,0.95831037,0.095543645,1.0
397,15,0.3855468,0.9251213,-0.0154851,1.0
397,16,-0.39172897,0.8665827,0.0037831347,1.0
397,17,0.43394879,0.9459744,-0.017109027,1.0
397,18,-0.40082604,0.8700504,-0.02836377,1.0
397,19,0.44298655,0.95682263,-0.03274076,1.0
397,20,-0.3978407,0.8958753,-0.061154373,1.0
397,21,0.40337408,0.90675646,-0.031850755,1.0
397,22,-0.38773224,0.8762864,-0.023612699,1.0
397,23,0.08803431,0.6896233,0.020053238,1.0
397,24,-0.088167734,0.70821804,-0.032786172,1.0
397,25,0.0074107395,0.2801138,-0.053208146,1.0
397,26,-0.07169289,0.3938443,-0.07882932,1.0
397,27,-0.025490273,0.15350111,0.27104834,1.0
397,28,-0.09613944,0.07671717,0.14540249,1.0
397,29,-0.04699499,0.14475498,0.3113107,1.0
397,30,-0.1035099,0.042109504,0.13453655,1.0
397,31,-0.084832974,0.08428315,0.30728766,1.0
397,32,-0.11201734,0.03378097,0.06794222,1.0
398,0,0.028071322,1.3383926,-0.19620903,1.0
398,1,0.04377212,1.3494804,-0.18589948,1.0
398,2,0.050444435,1.352887,-0.18029568,1.0
398,3,0.049598332,1.347289,-0.17059837,1.0
398,4,0.02941295,1.3699346,-0.19476683,1.0
398,5,0.03074681,1.3705931,-0.2137944,1.0
398,6,0.030776218,1.3570595,-0.18257329,1.0
398,7,0.098129034,1.3274368,-0.074522726,1.0
398,8,-0.030371735,1.3097416,-0.0823544,1.0
398,9,0.062204186,1.316253,-0.15225649,1.0
398,10,0.021911738,1.2946407,-0.1800573,1.0
398,11,0.18129303,1.1428239,0.030633133,1.0
398,12,-0.1037215,1.2418271,0.07738696,1.0
398,13,0.24402659,0.9676339,0.015407259,1.0
398,14,-0.20202447,0.968132,0.08346083,1.0
398,15,0.37824297,0.9513355,-0.037978295,1.0
398,16,-0.37421334,0.87449926,-0.014910972,1.0
398,17,0.42286366,0.9699338,-0.042430684,1.0
398,18,-0.3857922,0.87530494,-0.04527116,1.0
398,19,0.42957166,0.98420197,-0.061596844,1.0
398,20,-0.382141,0.90220505,-0.08002071,1.0
398,21,0.39674407,0.932609,-0.054422893,1.0
398,22,-0.3728182,0.8806784,-0.04151145,1.0
398,23,0.09111242,0.70660716,0.021843499,1.0
398,24,-0.0907696,0.7249101,-0.036129028,1.0
398,25,0.022345053,0.29933298,-0.05019205,1.0
398,26,-0.06797834,0.40471742,-0.07696229,1.0
398,27,-0.019102965,0.10939115,0.25183588,1.0
398,28,-0.09768548,0.07689161,0.12735742,1.0
398,29,-0.041377686,0.09538346,0.2905138,1.0
398,30,-0.10429923,0.039407413,0.11546904,1.0
398,31,-0.06802146,0.035854623,0.27226156,1.0
398,32,-0.109106205,0.030771472,0.042137608,1.0
399,0,0.026197676,1.3433186,-0.20090662,1.0
399,1,0.041062545,1.357606,-0.18861213,1.0
399,2,0.048428256,1.3590013,-0.18573938,1.0
399,3,0.046948068,1.3521835,-0.17251271,1.0
399,4,0.027725033,1.3746552,-0.19812995,1.0
399,5,0.02701601,1.375706,-0.21649702,1.0
399,6,0.029503964,1.3626726,-0.1808443,1.0
399,7,0.09454798,1.331821,-0.08179824,1.0
399,8,-0.02862256,1.3134518,-0.08720991,1.0
399,9,0.058338415,1.3177774,-0.15733837,1.0
399,10,0.022755286,1.2954053,-0.18447062,1.0
399,11,0.18083528,1.1443452,0.0076203197,1.0
399,12,-0.1016248,1.2377453,0.075027436,1.0
399,13,0.2510514,0.96979254,-0.026554525,1.0
399,14,-0.17781067,0.95121235,0.07854945,1.0
399,15,0.37849393,0.9622996,-0.09288347,1.0
399,16,-0.34764665,0.8668587,-0.022242606,1.0
399,17,0.42509452,0.9818552,-0.09877463,1.0
399,18,-0.35712716,0.8712124,-0.054230135,1.0
399,19,0.43015075,0.9963925,-0.110523134,1.0
399,20,-0.36064574,0.9019424,-0.0889913,1.0
399,21,0.3958466,0.94248986,-0.10507252,1.0
399,22,-0.34555638,0.87858534,-0.052331276,1.0
399,23,0.087072924,0.70826715,0.012110561,1.0
399,24,-0.08703131,0.7224075,-0.027258843,1.0
399,25,0.020415459,0.3113796,-0.06482317,1.0
399,26,-0.06006189,0.40749952,-0.056025915,1.0
399,27,0.002497205,0.23409276,0.2973728,1.0
399,28,-0.08376236,0.076931,0.15139088,1.0
399,29,-0.016899299,0.23128705,0.34204078,1.0
399,30,-0.09242739,0.04052194,0.139805,1.0
399,31,-0.059668455,0.16469795,0.35266405,1.0
399,32,-0.11028529,0.031510554,0.074721985,1.0
400,0,0.025987448,1.3127539,-0.26466513,1.0
400,1,0.033418454,1.3329223,-0.2488607,1.0
400,2,0.045928378,1.3376744,-0.24224657,1.0
400,3,0.040357318,1.3245113,-0.23516166,1.0
400,4,0.019376345,1.3452383,-0.25894,1.0
400,5,0.022081848,1.3492379,-0.27083665,1.0
400,6,0.026902601,1.3403021,-0.23241688,1.0
400,7,0.099631876,1.298952,-0.14185902,1.0
400,8,-0.029952258,1.2863336,-0.13785356,1.0
400,9,0.0641052,1.2817413,-0.21594846,1.0
400,10,0.023144681,1.2626959,-0.24031898,1.0
400,11,0.18089905,1.1221812,-0.046889532,1.0
400,12,-0.09856143,1.2037133,0.034912687,1.0
400,13,0.2716708,0.9559022,-0.053991552,1.0
400,14,-0.15015534,0.9138223,0.05030053,1.0
400,15,0.3965884,0.9441729,-0.11497485,1.0
400,16,-0.3184837,0.83802426,-0.059486434,1.0
400,17,0.44960317,0.95724094,-0.121776976,1.0
400,18,-0.32650277,0.83374643,-0.089095,1.0
400,19,0.44523516,0.96166134,-0.13612323,1.0
400,20,-0.33374593,0.8731603,-0.123816974,1.0
400,21,0.413487,0.90616244,-0.12596521,1.0
400,22,-0.3165807,0.8568343,-0.079186246,1.0
400,23,0.09026609,0.67000735,0.007789474,1.0
400,24,-0.09301161,0.6928826,-0.0204098,1.0
400,25,0.02033068,0.29065314,-0.10159505,1.0
400,26,-0.061275374,0.37543622,-0.044245847,1.0
400,27,0.06823373,0.25571474,0.29369235,1.0
400,28,-0.0654445,0.09071885,0.23354833,1.0
400,29,0.0639318,0.24885885,0.34191746,1.0
400,30,-0.06558558,0.054631907,0.23010701,1.0
400,31,0.028537106,0.17668979,0.36641395,1.0
400,32,-0.08858145,0.024506561,0.18710835,1.0
401,0,0.022210848,1.335502,-0.26162216,1.0
401,1,0.024782158,1.3584096,-0.24147171,1.0
401,2,0.040143795,1.3663777,-0.23506804,1.0
401,3,0.036564253,1.3499068,-0.22982444,1.0
401,4,0.013865497,1.3648692,-0.24974576,1.0
401,5,0.013983637,1.3743525,-0.25966132,1.0
401,6,0.021077614,1.3677006,-0.21721959,1.0
401,7,0.10628567,1.3203423,-0.14504017,1.0
401,8,-0.02314318,1.3125663,-0.1208542,1.0
401,9,0.06552525,1.3012046,-0.21125822,1.0
401,10,0.020258091,1.2875093,-0.2283902,1.0
401,11,0.18342583,1.1449907,-0.05729408,1.0
401,12,-0.08265161,1.2266196,0.0656511,1.0
401,13,0.28209385,0.9772139,-0.053219352,1.0
401,14,-0.10148028,0.9369939,0.0916777,1.0
401,15,0.3949119,0.9534802,-0.09874373,1.0
401,16,-0.26618764,0.86534125,-0.033614833,1.0
401,17,0.44660965,0.9581483,-0.107058264,1.0
401,18,-0.2745027,0.85915446,-0.057007544,1.0
401,19,0.4442232,0.9557381,-0.12444273,1.0
401,20,-0.28669295,0.903565,-0.091890134,1.0
401,21,0.41065353,0.90128285,-0.10549964,1.0
401,22,-0.2693058,0.8902514,-0.041561037,1.0
401,23,0.08937052,0.68775773,-0.007063715,1.0
401,24,-0.09084616,0.716212,-0.0050833076,1.0
401,25,0.012197254,0.31762823,-0.15340194,1.0
401,26,-0.06370877,0.39164582,-0.023765605,1.0
401,27,0.14696085,0.2989345,0.27032247,1.0
401,28,-0.042020086,0.10003686,0.26180243,1.0
401,29,0.15782666,0.28733805,0.32453328,1.0
401,30,-0.037956137,0.06149875,0.2593745,1.0
401,31,0.13016614,0.21096408,0.35956928,1.0
401,32,-0.0746764,0.016766839,0.22918746,1.0
402,0,0.00072605954,1.4083517,-0.23412427,1.0
402,1,0.004815018,1.4286073,-0.21836536,1.0
402,2,0.023156527,1.4399109,-0.2081832,1.0
402,3,0.020999394,1.4234607,-0.2052329,1.0
402,4,-0.0015847739,1.4349602,-0.21437411,1.0
402,5,-0.0061107203,1.4454381,-0.22771315,1.0
402,6,-0.0012381263,1.439623,-0.18603213,1.0
402,7,0.11085549,1.3868405,-0.13390729,1.0
402,8,-0.022219097,1.3765687,-0.075053334,1.0
402,9,0.052905098,1.3729934,-0.18977305,1.0
402,10,0.004947662,1.3576589,-0.19352446,1.0
402,11,0.18900949,1.2115506,-0.058931712,1.0
402,12,-0.065171495,1.2831817,0.11656789,1.0
402,13,0.29353413,1.048817,-0.062631674,1.0
402,14,-0.084067754,0.9922933,0.15075852,1.0
402,15,0.39810637,0.9591363,-0.08818992,1.0
402,16,-0.24406862,0.9161295,0.024696628,1.0
402,17,0.44935143,0.94516116,-0.09565129,1.0
402,18,-0.2509769,0.90597004,0.0030830353,1.0
402,19,0.44199577,0.9315835,-0.11829144,1.0
402,20,-0.2640006,0.9473787,-0.036334127,1.0
402,21,0.41094333,0.89627546,-0.096190184,1.0
402,22,-0.24879277,0.9402284,0.016940333,1.0
402,23,0.08587684,0.7469178,-0.020893618,1.0
402,24,-0.081468396,0.7711688,0.009224936,1.0
402,25,0.0039796717,0.38538998,-0.16958718,1.0
402,26,-0.06565331,0.43639424,0.012697456,1.0
402,27,0.20864423,0.36077094,0.25555372,1.0
402,28,-0.049803667,0.10266939,0.2293901,1.0
402,29,0.22715,0.34693393,0.30706692,1.0
402,30,-0.044395305,0.05897315,0.22060663,1.0
402,31,0.20876287,0.27709156,0.33976942,1.0
402,32,-0.089480065,0.012043424,0.18606658,1.0
403,0,-0.02507633,1.4460827,-0.23031375,1.0
403,1,-0.0143252,1.4669137,-0.22020097,1.0
403,2,0.003487852,1.4748703,-0.21148986,1.0
403,3,-0.0006178748,1.461316,-0.20376718,1.0
403,4,-0.019198973,1.4737959,-0.2104037,1.0
403,5,-0.026417084,1.4816641,-0.22089784,1.0
403,6,-0.019763166,1.4766147,-0.18497518,1.0
403,7,0.09750635,1.4251639,-0.13990977,1.0
403,8,-0.021186044,1.4117155,-0.06859573,1.0
403,9,0.029051987,1.4107727,-0.19316758,1.0
403,10,-0.012653014,1.3905758,-0.1887669,1.0
403,11,0.17226806,1.2535831,-0.084286064,1.0
403,12,-0.057422087,1.3127259,0.13518508,1.0
403,13,0.2846393,1.0913342,-0.1088251,1.0
403,14,-0.06315197,1.0304134,0.1741165,1.0
403,15,0.37826896,0.9600917,-0.123041295,1.0
403,16,-0.22041328,0.95975035,0.05997484,1.0
403,17,0.42719233,0.93603945,-0.13119437,1.0
403,18,-0.21982895,0.9483792,0.044382624,1.0
403,19,0.41421992,0.92101425,-0.14750798,1.0
403,20,-0.24058177,0.99121135,-0.0011981083,1.0
403,21,0.39404258,0.89673257,-0.13146703,1.0
403,22,-0.22274789,0.98745483,0.051507175,1.0
403,23,0.07590685,0.778746,-0.035500158,1.0
403,24,-0.07037967,0.7988289,0.027829276,1.0
403,25,0.0020360902,0.40796533,-0.17644514,1.0
403,26,-0.08149229,0.4595758,0.02213018,1.0
403,27,0.21514153,0.35472235,0.22384767,1.0
403,28,-0.07911634,0.096917376,0.20426358,1.0
403,29,0.23314509,0.33910885,0.2723201,1.0
403,30,-0.07350304,0.055190194,0.19271937,1.0
403,31,0.20385489,0.26942223,0.31093818,1.0
403,32,-0.14357424,0.009767212,0.1694768,1.0
404,0,-0.036975805,1.5089082,-0.216871,1.0
404,1,-0.017125785,1.520744,-0.21962431,1.0
404,2,-0.005399032,1.524916,-0.20809954,1.0
404,3,-0.0053381687,1.5217692,-0.19880158,1.0
404,4,-0.018827239,1.534525,-0.19732699,1.0
404,5,-0.033377577,1.5399878,-0.21797611,1.0
404,6,-0.02497978,1.5348039,-0.18836465,1.0
404,7,0.09075084,1.4917544,-0.14616391,1.0
404,8,-0.023079475,1.4694,-0.07209905,1.0
404,9,0.010888029,1.4736924,-0.1894981,1.0
404,10,-0.02306734,1.4523344,-0.18126683,1.0
404,11,0.15153076,1.3151081,-0.09892407,1.0
404,12,-0.054279678,1.3625021,0.14689164,1.0
404,13,0.25619683,1.151636,-0.14308986,1.0
404,14,-0.05297982,1.0887451,0.1753067,1.0
404,15,0.3605581,0.9897789,-0.14634301,1.0
404,16,-0.20618355,1.0191437,0.07652885,1.0
404,17,0.4013958,0.96717155,-0.14843014,1.0
404,18,-0.2081133,1.0070138,0.0606639,1.0
404,19,0.3986021,0.9478492,-0.16503756,1.0
404,20,-0.23177062,1.0516676,0.006237168,1.0
404,21,0.3795896,0.9368901,-0.15385146,1.0
404,22,-0.21086904,1.0405527,0.060416333,1.0
404,23,0.06789273,0.84546876,-0.045017954,1.0
404,24,-0.052596595,0.8530801,0.040523663,1.0
404,25,0.0066540875,0.4641999,-0.16958335,1.0
404,26,-0.1111957,0.5100703,0.026167426,1.0
404,27,0.24503282,0.37686908,0.18155795,1.0
404,28,-0.103429966,0.08106194,0.10443678,1.0
404,29,0.25580925,0.36074248,0.22752042,1.0
404,30,-0.101842865,0.0381878,0.087109774,1.0
404,31,0.22574286,0.30404827,0.25839654,1.0
404,32,-0.18611299,0.014267333,0.06481173,1.0
405,0,-0.031652614,1.5102006,-0.22875442,1.0
405,1,-0.012750354,1.5266013,-0.23018901,1.0
405,2,-0.00080606807,1.5292491,-0.21763776,1.0
405,3,0.00036724843,1.524504,-0.21006444,1.0
405,4,-0.014951645,1.5384244,-0.21119621,1.0
405,5,-0.027249675,1.5432504,-0.23397474,1.0
405,6,-0.019444449,1.5384816,-0.20097913,1.0
405,7,0.0914054,1.4957463,-0.15497364,1.0
405,8,-0.022293657,1.4743165,-0.08910815,1.0
405,9,0.012416137,1.4775847,-0.1984584,1.0
405,10,-0.019767169,1.4561654,-0.19454491,1.0
405,11,0.14413802,1.3228916,-0.10948077,1.0
405,12,-0.054227475,1.3732121,0.13838334,1.0
405,13,0.24707635,1.1565838,-0.1552679,1.0
405,14,-0.05456625,1.0956028,0.17222652,1.0
405,15,0.3553238,0.98848456,-0.16547005,1.0
405,16,-0.19502297,1.026133,0.08323247,1.0
405,17,0.3985174,0.96540135,-0.16920722,1.0
405,18,-0.19350794,1.0116755,0.06617788,1.0
405,19,0.3923271,0.9436932,-0.18568751,1.0
405,20,-0.214268,1.0591679,0.012390055,1.0
405,21,0.37458235,0.93904686,-0.17352125,1.0
405,22,-0.19668542,1.0471764,0.06560198,1.0
405,23,0.06780655,0.8542214,-0.049434934,1.0
405,24,-0.054119684,0.8607964,0.04307597,1.0
405,25,0.0076008523,0.46409944,-0.1715583,1.0
405,26,-0.123011425,0.5212397,0.027271625,1.0
405,27,0.28793412,0.36635858,0.14775889,1.0
405,28,-0.10332035,0.08047377,0.08661611,1.0
405,29,0.30149797,0.34797475,0.18907893,1.0
405,30,-0.10199549,0.03850917,0.065843165,1.0
405,31,0.26089856,0.29134825,0.21303712,1.0
405,32,-0.18729244,0.01352749,0.043716818,1.0
406,0,-0.028924465,1.4929895,-0.23206261,1.0
406,1,-0.012982374,1.512547,-0.23219405,1.0
406,2,0.002189931,1.5136535,-0.22011349,1.0
406,3,0.004241756,1.5083163,-0.2127088,1.0
406,4,-0.013861372,1.5230851,-0.21450916,1.0
406,5,-0.02307849,1.5284171,-0.24007745,1.0
406,6,-0.018703027,1.5202328,-0.20423314,1.0
406,7,0.09447625,1.4800218,-0.15502128,1.0
406,8,-0.018545289,1.4610503,-0.09214082,1.0
406,9,0.0136537645,1.4655914,-0.19996524,1.0
406,10,-0.019790461,1.4404215,-0.19745703,1.0
406,11,0.14256647,1.311809,-0.10973166,1.0
406,12,-0.05237321,1.3655167,0.1416186,1.0
406,13,0.2419005,1.1427181,-0.15517345,1.0
406,14,-0.04645756,1.0853778,0.1773321,1.0
406,15,0.3476582,0.9736699,-0.16763918,1.0
406,16,-0.18901804,1.013248,0.08744963,1.0
406,17,0.3905888,0.9498487,-0.17184088,1.0
406,18,-0.18830474,0.99790424,0.06758971,1.0
406,19,0.3817067,0.9259228,-0.19075774,1.0
406,20,-0.20842902,1.043568,0.016388586,1.0
406,21,0.36606544,0.92628604,-0.17587978,1.0
406,22,-0.1912916,1.0322541,0.069684796,1.0
406,23,0.06694932,0.8422283,-0.05522492,1.0
406,24,-0.05575403,0.8490006,0.044472903,1.0
406,25,0.0075832484,0.4454045,-0.17383946,1.0
406,26,-0.13703167,0.5174954,0.02269117,1.0
406,27,0.31015924,0.3078347,0.10902868,1.0
406,28,-0.104141995,0.0783197,0.07804101,1.0
406,29,0.32463264,0.28655067,0.14630207,1.0
406,30,-0.10183344,0.04025172,0.05449458,1.0
406,31,0.2772604,0.23197255,0.16066924,1.0
406,32,-0.19007996,0.016237266,0.03441204,1.0
407,0,-0.026762057,1.4704059,-0.23250431,1.0
407,1,-0.010028359,1.4924469,-0.23129404,1.0
407,2,0.008312015,1.4932339,-0.21975124,1.0
407,3,0.008672022,1.4866387,-0.2111568,1.0
407,4,-0.0125351185,1.5038112,-0.21477164,1.0
407,5,-0.018183671,1.5083153,-0.24131335,1.0
407,6,-0.014845038,1.4984212,-0.20579094,1.0
407,7,0.09936742,1.4594045,-0.15235224,1.0
407,8,-0.01383047,1.4436816,-0.08928364,1.0
407,9,0.01656789,1.4489032,-0.19786367,1.0
407,10,-0.019764239,1.4203877,-0.19784296,1.0
407,11,0.14372373,1.2930044,-0.107388556,1.0
407,12,-0.048657235,1.3491639,0.14605162,1.0
407,13,0.24207655,1.1187923,-0.15245031,1.0
407,14,-0.04396254,1.0629735,0.18449923,1.0
407,15,0.34620768,0.94575566,-0.16586252,1.0
407,16,-0.1872067,0.978383,0.09391685,1.0
407,17,0.38934994,0.91951966,-0.17360006,1.0
407,18,-0.18535551,0.9581992,0.074667156,1.0
407,19,0.3746386,0.89676845,-0.19334345,1.0
407,20,-0.20343113,1.0003287,0.024675135,1.0
407,21,0.3635837,0.9020331,-0.17632602,1.0
407,22,-0.18753454,0.99291056,0.0743617,1.0
407,23,0.066715516,0.82521,-0.060589086,1.0
407,24,-0.056568228,0.8320925,0.046726152,1.0
407,25,0.008631226,0.41926667,-0.17171258,1.0
407,26,-0.1449566,0.5071947,0.02580186,1.0
407,27,0.3182788,0.21236664,0.047865685,1.0
407,28,-0.11427642,0.07673217,0.09532518,1.0
407,29,0.33234397,0.18756762,0.07725487,1.0
407,30,-0.114376746,0.03768318,0.071045235,1.0
407,31,0.27489427,0.13828152,0.072570145,1.0
407,32,-0.2068029,0.02035109,0.051769294,1.0
408,0,-0.029238416,1.4580625,-0.18071362,1.0
408,1,-0.009951169,1.4770832,-0.1885283,1.0
408,2,0.008748753,1.4798232,-0.1754813,1.0
408,3,0.00550742,1.4762944,-0.16619495,1.0
408,4,-0.013735881,1.4931314,-0.16845138,1.0
408,5,-0.016166177,1.4940343,-0.19046764,1.0
408,6,-0.010814941,1.4863985,-0.16102816,1.0
408,7,0.09590806,1.4452002,-0.12745185,1.0
408,8,-0.00062853325,1.4297384,-0.05227437,1.0
408,9,0.015559889,1.4370321,-0.15642895,1.0
408,10,-0.019311896,1.4075347,-0.15393837,1.0
408,11,0.14607072,1.2694883,-0.09659535,1.0
408,12,-0.036371462,1.3289113,0.16125734,1.0
408,13,0.24535856,1.0907508,-0.15055548,1.0
408,14,-0.046608843,1.0427752,0.1940859,1.0
408,15,0.3433123,0.9283546,-0.16241106,1.0
408,16,-0.1965037,0.9472669,0.100407735,1.0
408,17,0.38304877,0.90414625,-0.17095545,1.0
408,18,-0.19375022,0.918757,0.088412575,1.0
408,19,0.36600763,0.88469666,-0.19327107,1.0
408,20,-0.20931429,0.95865566,0.03457515,1.0
408,21,0.35894215,0.89058477,-0.17305432,1.0
408,22,-0.19625306,0.9562855,0.07884003,1.0
408,23,0.06527031,0.8071529,-0.06134065,1.0
408,24,-0.053862203,0.8160182,0.049969994,1.0
408,25,0.010765934,0.4002373,-0.17287523,1.0
408,26,-0.14448301,0.49041396,0.026876923,1.0
408,27,0.306376,0.1566522,0.014809542,1.0
408,28,-0.12444613,0.07278298,0.10470091,1.0
408,29,0.3177463,0.13423043,0.03798177,1.0
408,30,-0.12349385,0.027627226,0.08066642,1.0
408,31,0.26010633,0.08743424,0.024398014,1.0
408,32,-0.22143234,0.015841298,0.056551732,1.0
409,0,-0.023935689,1.4381785,-0.13369854,1.0
409,1,-0.0033296132,1.459676,-0.13711962,1.0
409,2,0.016372379,1.4595582,-0.12604396,1.0
409,3,0.012384965,1.456779,-0.11811372,1.0
409,4,-0.011734114,1.4739426,-0.12412012,1.0
409,5,-0.010581332,1.4754722,-0.14734007,1.0
409,6,-0.006850006,1.4657847,-0.117500186,1.0
409,7,0.09171755,1.4292271,-0.062153257,1.0
409,8,-0.0060983864,1.4170469,-0.0031415168,1.0
409,9,0.017722126,1.4207234,-0.1064178,1.0
409,10,-0.018300354,1.3935934,-0.10991552,1.0
409,11,0.14199363,1.2512488,-0.025442708,1.0
409,12,-0.046769407,1.3235581,0.1862273,1.0
409,13,0.23531382,1.0551931,-0.08493381,1.0
409,14,-0.05603844,1.0305997,0.20413235,1.0
409,15,0.344415,0.9054391,-0.12312449,1.0
409,16,-0.18201508,0.91789454,0.09865946,1.0
409,17,0.3813992,0.88386637,-0.13432686,1.0
409,18,-0.18156643,0.89026845,0.07614474,1.0
409,19,0.36840355,0.86721283,-0.16157383,1.0
409,20,-0.18615773,0.92977214,0.032048296,1.0
409,21,0.3612985,0.87233007,-0.13628125,1.0
409,22,-0.17997965,0.92766505,0.074877985,1.0
409,23,0.06838509,0.79091436,-0.05432966,1.0
409,24,-0.060941733,0.8020114,0.040557668,1.0
409,25,0.009466953,0.38043603,-0.16860472,1.0
409,26,-0.14796378,0.4731535,0.013909381,1.0
409,27,0.26778162,0.09534529,-0.02237882,1.0
409,28,-0.15154827,0.07120654,0.10644705,1.0
409,29,0.27105048,0.0729222,-0.0037814565,1.0
409,30,-0.15348555,0.026698947,0.0833942,1.0
409,31,0.1992429,0.027373707,-0.033917673,1.0
409,32,-0.24644811,0.025083505,0.051168777,1.0
410,0,-0.023839673,1.4246882,-0.10744028,1.0
410,1,-0.0003606216,1.4465615,-0.108220726,1.0
410,2,0.01770549,1.444365,-0.09940747,1.0
410,3,0.013667534,1.4436463,-0.09226915,1.0
410,4,-0.012243748,1.4609213,-0.100809075,1.0
410,5,-0.010141761,1.4634956,-0.12436222,1.0
410,6,-0.007899741,1.4534345,-0.094018556,1.0
410,7,0.09039933,1.4237559,-0.023379393,1.0
410,8,-0.02034108,1.4139042,0.025314141,1.0
410,9,0.017631812,1.4110768,-0.07694379,1.0
410,10,-0.019270731,1.3869559,-0.086001776,1.0
410,11,0.1377783,1.250246,0.021622498,1.0
410,12,-0.06645366,1.3300457,0.20080976,1.0
410,13,0.20687005,1.0407474,-0.046300497,1.0
410,14,-0.067297824,1.0317148,0.20669,1.0
410,15,0.30619305,0.9097857,-0.113780476,1.0
410,16,-0.16768743,0.91420645,0.08862084,1.0
410,17,0.3358871,0.891447,-0.13044108,1.0
410,18,-0.16586506,0.8914203,0.056428373,1.0
410,19,0.32495573,0.88062674,-0.1592085,1.0
410,20,-0.16110758,0.93309873,0.021224603,1.0
410,21,0.3230715,0.8800271,-0.12922731,1.0
410,22,-0.16046278,0.9257496,0.0635262,1.0
410,23,0.07293862,0.7929303,-0.044385616,1.0
410,24,-0.07084517,0.8069299,0.028849179,1.0
410,25,0.023408491,0.38081613,-0.1656049,1.0
410,26,-0.15136248,0.47720236,-0.012751295,1.0
410,27,0.20117846,0.06357811,-0.028625082,1.0
410,28,-0.17705715,0.09172132,0.09033955,1.0
410,29,0.1930422,0.04050999,-0.01324161,1.0
410,30,-0.18005304,0.047438905,0.06906198,1.0
410,31,0.1167761,-0.007738847,-0.058971792,1.0
410,32,-0.26661363,0.053992905,0.023483358,1.0
411,0,-0.023467213,1.4153584,-0.11712081,1.0
411,1,-0.0014116056,1.4360251,-0.11864677,1.0
411,2,0.01752068,1.43271,-0.11131031,1.0
411,3,0.013573225,1.4326253,-0.10202345,1.0
411,4,-0.014306364,1.4496702,-0.112214625,1.0
411,5,-0.014183982,1.4549059,-0.13425139,1.0
411,6,-0.0078977235,1.4436276,-0.104410715,1.0
411,7,0.08897609,1.4176189,-0.031489626,1.0
411,8,-0.02492871,1.4075174,0.014803405,1.0
411,9,0.017296705,1.4025502,-0.08616785,1.0
411,10,-0.02141495,1.3781375,-0.0948793,1.0
411,11,0.13787396,1.2475351,0.016547099,1.0
411,12,-0.07711853,1.3270749,0.19536395,1.0
411,13,0.19115825,1.0376158,-0.049514286,1.0
411,14,-0.06844134,1.0220819,0.19114612,1.0
411,15,0.2735703,0.91781956,-0.12662314,1.0
411,16,-0.15895107,0.91251224,0.049986288,1.0
411,17,0.29861367,0.9007237,-0.14440559,1.0
411,18,-0.15494797,0.8924287,0.010586796,1.0
411,19,0.28746197,0.89522696,-0.1697115,1.0
411,20,-0.14955056,0.9392435,-0.022881921,1.0
411,21,0.28975564,0.8881314,-0.1387942,1.0
411,22,-0.15092854,0.92605007,0.025455065,1.0
411,23,0.07730554,0.788602,-0.04093825,1.0
411,24,-0.07552297,0.8045389,0.02640239,1.0
411,25,0.03585323,0.3739931,-0.16368522,1.0
411,26,-0.15468884,0.47965622,-0.020501766,1.0
411,27,0.18671374,0.063370645,-0.004751499,1.0
411,28,-0.19343688,0.10823403,0.094640896,1.0
411,29,0.17468008,0.040446416,0.012903295,1.0
411,30,-0.19879606,0.065836266,0.07549088,1.0
411,31,0.102126524,-0.013547132,-0.030994216,1.0
411,32,-0.28137022,0.0743097,0.027625129,1.0
412,0,-0.039379366,1.4371156,-0.091375925,1.0
412,1,-0.017927157,1.4566666,-0.09680514,1.0
412,2,0.0012358613,1.4531237,-0.08855001,1.0
412,3,-0.0037101693,1.455273,-0.08011295,1.0
412,4,-0.030527895,1.4697785,-0.08916634,1.0
412,5,-0.028569423,1.4745908,-0.10835494,1.0
412,6,-0.02422489,1.4626426,-0.080365166,1.0
412,7,0.07481908,1.4385103,-0.017223438,1.0
412,8,-0.034502584,1.4255768,0.036281176,1.0
412,9,0.0038964855,1.4242526,-0.064284794,1.0
412,10,-0.032599866,1.3976115,-0.07311607,1.0
412,11,0.1333992,1.267385,0.025344346,1.0
412,12,-0.07794488,1.3450828,0.2074985,1.0
412,13,0.1796312,1.0564684,-0.04349194,1.0
412,14,-0.06941057,1.042276,0.19474258,1.0
412,15,0.2552101,0.9374817,-0.10960485,1.0
412,16,-0.15901287,0.93666744,0.055078037,1.0
412,17,0.27864885,0.92052794,-0.124425106,1.0
412,18,-0.15514255,0.9152796,0.016444596,1.0
412,19,0.26724643,0.91369694,-0.14995705,1.0
412,20,-0.14925218,0.9609571,-0.018174218,1.0
412,21,0.27096736,0.9087463,-0.120694496,1.0
412,22,-0.15258199,0.9493631,0.030711878,1.0
412,23,0.07696096,0.8063128,-0.039848514,1.0
412,24,-0.07493357,0.82448816,0.027015446,1.0
412,25,0.043308944,0.3948347,-0.16739817,1.0
412,26,-0.15718582,0.49841762,-0.021634959,1.0
412,27,0.1848706,0.058128614,-0.049891103,1.0
412,28,-0.20848441,0.13250376,0.085428216,1.0
412,29,0.17046058,0.032643728,-0.037074585,1.0
412,30,-0.21419041,0.090053774,0.06422943,1.0
412,31,0.105866544,-0.015697856,-0.08967162,1.0
412,32,-0.29596308,0.09856514,0.01611384,1.0
413,0,-0.058758616,1.4827124,-0.110138685,1.0
413,1,-0.03656408,1.5043153,-0.11688951,1.0
413,2,-0.018192563,1.499171,-0.107448116,1.0
413,3,-0.0235795,1.5027128,-0.098699026,1.0
413,4,-0.04789621,1.51569,-0.1067061,1.0
413,5,-0.046468675,1.5218914,-0.12386476,1.0
413,6,-0.044305786,1.5070618,-0.097285174,1.0
413,7,0.0652751,1.4844053,-0.03970949,1.0
413,8,-0.041006733,1.4709738,0.027122349,1.0
413,9,-0.012371229,1.4702246,-0.08231695,1.0
413,10,-0.048496466,1.4444889,-0.08578831,1.0
413,11,0.12164441,1.3136271,-0.0038637621,1.0
413,12,-0.06703292,1.3911791,0.21466403,1.0
413,13,0.15652305,1.101816,-0.082643546,1.0
413,14,-0.05394692,1.0898098,0.21569413,1.0
413,15,0.22632323,0.95994294,-0.12856719,1.0
413,16,-0.14220017,0.98575985,0.08692974,1.0
413,17,0.25090823,0.9361999,-0.14322619,1.0
413,18,-0.13799115,0.9668321,0.05165451,1.0
413,19,0.23784311,0.9260741,-0.16155961,1.0
413,20,-0.13544972,1.0074284,0.015345585,1.0
413,21,0.24419862,0.9276827,-0.13684185,1.0
413,22,-0.13650931,1.0000684,0.060716078,1.0
413,23,0.07013509,0.85129046,-0.04838604,1.0
413,24,-0.06996795,0.8705057,0.03470257,1.0
413,25,0.03808838,0.4326152,-0.16377224,1.0
413,26,-0.16271108,0.54553497,-0.011660582,1.0
413,27,0.12081424,0.06343529,-0.059116386,1.0
413,28,-0.22980432,0.17614283,0.07786118,1.0
413,29,0.0980594,0.032752533,-0.046359204,1.0
413,30,-0.24019115,0.13519138,0.054700326,1.0
413,31,0.01861126,-0.018371416,-0.10019664,1.0
413,32,-0.3297048,0.14613992,0.010514581,1.0
414,0,-0.06750683,1.4789091,-0.11880292,1.0
414,1,-0.04987834,1.5010799,-0.1296235,1.0
414,2,-0.029512709,1.4963264,-0.12048071,1.0
414,3,-0.035845242,1.4987265,-0.11009081,1.0
414,4,-0.054688785,1.5110978,-0.115100205,1.0
414,5,-0.0548743,1.5170346,-0.13151838,1.0
414,6,-0.052063778,1.5018346,-0.105800174,1.0
414,7,0.05677726,1.478912,-0.06968571,1.0
414,8,-0.035519652,1.4609277,0.011922129,1.0
414,9,-0.018827973,1.464373,-0.09622042,1.0
414,10,-0.054276645,1.4359828,-0.093609326,1.0
414,11,0.111333996,1.3066776,-0.05450474,1.0
414,12,-0.049783424,1.3770763,0.21367724,1.0
414,13,0.14654881,1.1104529,-0.15075195,1.0
414,14,-0.03391265,1.0887148,0.23590855,1.0
414,15,0.20001052,0.9475602,-0.18071154,1.0
414,16,-0.12640062,0.9929755,0.13650507,1.0
414,17,0.2227114,0.91894704,-0.19366625,1.0
414,18,-0.11806052,0.9736848,0.10981724,1.0
414,19,0.20666142,0.90570056,-0.2058619,1.0
414,20,-0.1225594,1.0100266,0.0701306,1.0
414,21,0.21565145,0.91321254,-0.18453659,1.0
414,22,-0.12256373,1.0069554,0.11144366,1.0
414,23,0.06299185,0.841851,-0.061729033,1.0
414,24,-0.06332198,0.86090493,0.050049223,1.0
414,25,0.030288951,0.42336783,-0.15978819,1.0
414,26,-0.18131518,0.5568841,0.002499991,1.0
414,27,0.13056114,0.06911182,-0.034280684,1.0
414,28,-0.22224699,0.17451626,0.085185826,1.0
414,29,0.110723324,0.03737294,-0.017185315,1.0
414,30,-0.23096451,0.1330196,0.061768148,1.0
414,31,0.019990403,-0.01901851,-0.0596181,1.0
414,32,-0.33075947,0.1412563,0.026701488,1.0
415,0,-0.08660164,1.504875,-0.13936426,1.0
415,1,-0.06881617,1.5260943,-0.15304285,1.0
415,2,-0.04765048,1.5236865,-0.14389652,1.0
415,3,-0.05412092,1.5255597,-0.13300672,1.0
415,4,-0.07124095,1.539979,-0.13543545,1.0
415,5,-0.07117486,1.5445176,-0.15330909,1.0
415,6,-0.07003125,1.5268428,-0.12712228,1.0
415,7,0.041197136,1.5102885,-0.09915924,1.0
415,8,-0.046934463,1.4890213,-0.012816249,1.0
415,9,-0.03520548,1.4907997,-0.1177941,1.0
415,10,-0.06924834,1.4611219,-0.11261205,1.0
415,11,0.091759935,1.3413856,-0.08692087,1.0
415,12,-0.051596746,1.4060048,0.2069881,1.0
415,13,0.13057794,1.1455529,-0.17788827,1.0
415,14,-0.021370402,1.1305387,0.2435578,1.0
415,15,0.19577254,0.9605925,-0.19085452,1.0
415,16,-0.112591594,1.0317236,0.16351752,1.0
415,17,0.21939097,0.92737395,-0.20149112,1.0
415,18,-0.103093185,1.0116944,0.14341551,1.0
415,19,0.20205599,0.90906596,-0.2122929,1.0
415,20,-0.113070995,1.0457752,0.10079492,1.0
415,21,0.21086074,0.92291754,-0.19285332,1.0
415,22,-0.11096852,1.0461361,0.14070526,1.0
415,23,0.05700479,0.8668083,-0.071806386,1.0
415,24,-0.056186207,0.8869683,0.06083321,1.0
415,25,0.025751876,0.43965015,-0.16164435,1.0
415,26,-0.19446522,0.5968981,0.016560085,1.0
415,27,0.13904485,0.076455705,-0.049330432,1.0
415,28,-0.21603525,0.21249187,0.11624652,1.0
415,29,0.11953471,0.041286,-0.031810157,1.0
415,30,-0.22234489,0.17221904,0.09746544,1.0
415,31,0.018073533,-0.019765535,-0.06912033,1.0
415,32,-0.33052912,0.17126134,0.08132159,1.0
416,0,-0.096436635,1.5278829,-0.16133629,1.0
416,1,-0.07561816,1.5467311,-0.18012938,1.0
416,2,-0.057363123,1.5485369,-0.1684798,1.0
416,3,-0.061501,1.5497136,-0.1603616,1.0
416,4,-0.079588294,1.5641161,-0.15953445,1.0
416,5,-0.07795226,1.5673637,-0.17978668,1.0
416,6,-0.08063673,1.5451922,-0.15237907,1.0
416,7,0.039265975,1.5339367,-0.12922774,1.0
416,8,-0.05296579,1.5082282,-0.040905982,1.0
416,9,-0.042140722,1.5143756,-0.1416055,1.0
416,10,-0.076409325,1.4844629,-0.13488382,1.0
416,11,0.07917218,1.3648772,-0.12013279,1.0
416,12,-0.050598994,1.4309937,0.19659522,1.0
416,13,0.12808877,1.1811193,-0.21371749,1.0
416,14,-0.006291212,1.1769041,0.24249227,1.0
416,15,0.1986306,0.9852257,-0.21610996,1.0
416,16,-0.085327774,1.0801301,0.17842112,1.0
416,17,0.22211233,0.9521566,-0.22668828,1.0
416,18,-0.073163934,1.0592594,0.16643895,1.0
416,19,0.20318261,0.9266403,-0.2346236,1.0
416,20,-0.08195832,1.0922909,0.122349635,1.0
416,21,0.21332002,0.9478011,-0.21915355,1.0
416,22,-0.08295699,1.0946475,0.15987885,1.0
416,23,0.05149405,0.88474566,-0.08159587,1.0
416,24,-0.050021496,0.903725,0.067028545,1.0
416,25,0.016815087,0.45099795,-0.15782069,1.0
416,26,-0.1837627,0.63941306,0.02043964,1.0
416,27,0.0915277,0.09212093,-0.06690305,1.0
416,28,-0.11129168,0.2507512,0.13470249,1.0
416,29,0.06697876,0.054036144,-0.04857918,1.0
416,30,-0.10979455,0.2189751,0.117994875,1.0
416,31,-0.059242155,-0.018148195,-0.0849292,1.0
416,32,-0.21609816,0.19743535,0.11754874,1.0
417,0,-0.10854183,1.5082128,-0.15550417,1.0
417,1,-0.08950436,1.5260695,-0.17523322,1.0
417,2,-0.0712758,1.5302331,-0.16238427,1.0
417,3,-0.07419062,1.5291643,-0.1563762,1.0
417,4,-0.092479505,1.54234,-0.1519771,1.0
417,5,-0.09178663,1.547822,-0.17451549,1.0
417,6,-0.09516439,1.526578,-0.14734846,1.0
417,7,0.02710411,1.5087321,-0.13084933,1.0
417,8,-0.05936365,1.4823251,-0.039138474,1.0
417,9,-0.052612502,1.4932736,-0.13856466,1.0
417,10,-0.08586383,1.4628576,-0.1298548,1.0
417,11,0.07056111,1.3371089,-0.11495721,1.0
417,12,-0.05676585,1.3993434,0.19020903,1.0
417,13,0.11597554,1.1497086,-0.20107341,1.0
417,14,-0.017907007,1.1513499,0.23355882,1.0
417,15,0.18582551,0.9563196,-0.20979382,1.0
417,16,-0.08246355,1.0591704,0.15963215,1.0
417,17,0.20849545,0.9253157,-0.22321297,1.0
417,18,-0.06395008,1.040911,0.1457748,1.0
417,19,0.19169238,0.89712673,-0.23376285,1.0
417,20,-0.06957993,1.0761871,0.10243991,1.0
417,21,0.20142218,0.91967845,-0.21771228,1.0
417,22,-0.0772814,1.0781204,0.14575279,1.0
417,23,0.049682964,0.85673916,-0.07820064,1.0
417,24,-0.04733818,0.86962134,0.06317506,1.0
417,25,0.020156497,0.42596117,-0.1451917,1.0
417,26,-0.15481031,0.612131,0.022106368,1.0
417,27,0.10845895,0.08899773,-0.05919884,1.0
417,28,0.01926251,0.23771265,0.15911879,1.0
417,29,0.086935155,0.048501007,-0.04087936,1.0
417,30,0.029788874,0.20937452,0.145142,1.0
417,31,-0.029313844,-0.015162028,-0.07618342,1.0
417,32,-0.061841283,0.17967573,0.15359645,1.0
418,0,-0.11743835,1.4911745,-0.16894251,1.0
418,1,-0.10158086,1.5125465,-0.18596247,1.0
418,2,-0.07697239,1.5129081,-0.1760141,1.0
418,3,-0.0808509,1.5136337,-0.16661735,1.0
418,4,-0.09963111,1.5266869,-0.15993144,1.0
418,5,-0.09856936,1.5344989,-0.185764,1.0
418,6,-0.10695816,1.5152258,-0.15742597,1.0
418,7,0.021086698,1.4878175,-0.14608361,1.0
418,8,-0.062444873,1.4621234,-0.053960506,1.0
418,9,-0.055877537,1.4773042,-0.1514635,1.0
418,10,-0.08865683,1.443457,-0.14313307,1.0
418,11,0.06845181,1.3156697,-0.12346311,1.0
418,12,-0.0670436,1.3858738,0.1685793,1.0
418,13,0.100192405,1.13978,-0.19912323,1.0
418,14,-0.03277695,1.1478717,0.21499358,1.0
418,15,0.16261107,0.9644829,-0.20871523,1.0
418,16,-0.056343473,1.0456927,0.14787334,1.0
418,17,0.18697761,0.92926,-0.21650736,1.0
418,18,-0.036381777,1.0208468,0.13581699,1.0
418,19,0.17350627,0.8951464,-0.23190075,1.0
418,20,-0.037680544,1.058198,0.09381292,1.0
418,21,0.18417153,0.91931444,-0.2143313,1.0
418,22,-0.05467619,1.0654122,0.1376889,1.0
418,23,0.0485625,0.83839595,-0.07515471,1.0
418,24,-0.048144024,0.84939927,0.053837784,1.0
418,25,0.01727189,0.4003949,-0.1426779,1.0
418,26,-0.14890762,0.6334397,0.0038694022,1.0
418,27,0.13615932,0.09656226,-0.017690573,1.0
418,28,0.06616061,0.30668393,0.1610627,1.0
418,29,0.11741648,0.05824296,0.0026709698,1.0
418,30,0.084344536,0.2869641,0.14947595,1.0
418,31,0.0168093,-0.011308083,-0.018141998,1.0
418,32,0.0036402447,0.24139133,0.17547171,1.0
419,0,-0.12975201,1.4791182,-0.17544581,1.0
419,1,-0.09977499,1.5009326,-0.18554957,1.0
419,2,-0.07820092,1.5078721,-0.18228328,1.0
419,3,-0.08049606,1.5028218,-0.17123781,1.0
419,4,-0.103838526,1.5190009,-0.16362195,1.0
419,5,-0.10362842,1.5243053,-0.1848871,1.0
419,6,-0.11217301,1.502321,-0.15506722,1.0
419,7,0.021996856,1.4703271,-0.14768806,1.0
419,8,-0.06289041,1.447262,-0.053146154,1.0
419,9,-0.05556515,1.4671208,-0.15158123,1.0
419,10,-0.09218093,1.4332024,-0.14056017,1.0
419,11,0.071858734,1.296685,-0.117758945,1.0
419,12,-0.071730986,1.3831991,0.16858816,1.0
419,13,0.09749229,1.1320336,-0.19468915,1.0
419,14,-0.008745983,1.1474143,0.21748224,1.0
419,15,0.15526633,0.9821475,-0.20509887,1.0
419,16,-0.0104092425,1.0230614,0.15184009,1.0
419,17,0.17611143,0.9512777,-0.21008177,1.0
419,18,0.0128933685,0.9930274,0.15009694,1.0
419,19,0.16671446,0.91417104,-0.22247347,1.0
419,20,0.006073649,1.0310142,0.1119833,1.0
419,21,0.1784018,0.93734586,-0.21344697,1.0
419,22,-0.008166191,1.0466247,0.14763916,1.0
419,23,0.04384806,0.8197525,-0.070219174,1.0
419,24,-0.045116458,0.83501494,0.043234557,1.0
419,25,-0.0035471977,0.3868232,-0.15105313,1.0
419,26,-0.08405213,0.62379867,0.011757776,1.0
419,27,0.11694787,0.08373373,-0.012969097,1.0
419,28,0.17291547,0.28090167,0.15690777,1.0
419,29,0.10492556,0.046779178,-0.00083351694,1.0
419,30,0.1991438,0.2646039,0.14562736,1.0
419,31,0.00990998,-0.017958915,-0.025411477,1.0
419,32,0.11726665,0.21089226,0.16188115,1.0
420,0,-0.13945,1.3766282,-0.116219915,1.0
420,1,-0.12151663,1.3893152,-0.1260458,1.0
420,2,-0.091144055,1.3969777,-0.12686919,1.0
420,3,-0.09971354,1.3934978,-0.118755944,1.0
420,4,-0.11817827,1.4079891,-0.10402326,1.0
420,5,-0.114493996,1.4115665,-0.1220485,1.0
420,6,-0.11788521,1.3991938,-0.09269737,1.0
420,7,-0.0008470593,1.359908,-0.12136717,1.0
420,8,-0.055155516,1.3444477,-0.0062455167,1.0
420,9,-0.07078961,1.3584857,-0.09679924,1.0
420,10,-0.10018766,1.3281827,-0.0834774,1.0
420,11,0.061005224,1.1850349,-0.09367791,1.0
420,12,-0.0507062,1.2730511,0.17740524,1.0
420,13,0.09595707,1.0116541,-0.17973639,1.0
420,14,0.018740403,1.0560392,0.21440789,1.0
420,15,0.12893774,0.92246747,-0.1771447,1.0
420,16,0.048199985,0.9397709,0.16241008,1.0
420,17,0.1495358,0.90613043,-0.17334172,1.0
420,18,0.09514148,0.89399326,0.16188452,1.0
420,19,0.1543179,0.87546307,-0.18486688,1.0
420,20,0.07859616,0.93484485,0.13045849,1.0
420,21,0.15825813,0.86853534,-0.18237165,1.0
420,22,0.047001217,0.957662,0.16986167,1.0
420,23,0.04532662,0.7059753,-0.057061177,1.0
420,24,-0.030221332,0.72083634,0.052355513,1.0
420,25,-0.01658691,0.28077656,-0.14496867,1.0
420,26,-0.00139115,0.459028,0.036019664,1.0
420,27,0.22894959,0.07598171,0.017538473,1.0
420,28,0.120296404,0.14608224,0.17012644,1.0
420,29,0.24222127,0.06311063,0.034753673,1.0
420,30,0.14201118,0.12042504,0.16100763,1.0
420,31,0.1600873,3.5608187e-05,0.042285107,1.0
420,32,0.05315545,0.079539396,0.19073525,1.0
421,0,-0.14485638,1.3715892,-0.07747092,1.0
421,1,-0.12607695,1.394999,-0.078933805,1.0
421,2,-0.098917186,1.3944179,-0.088883415,1.0
421,3,-0.107168965,1.3928962,-0.08225023,1.0
421,4,-0.111602165,1.3999516,-0.06458951,1.0
421,5,-0.11720887,1.4026738,-0.07428536,1.0
421,6,-0.1129436,1.3841664,-0.049531877,1.0
421,7,-0.024595244,1.3646781,-0.08921831,1.0
421,8,-0.048911683,1.3318939,0.0131540755,1.0
421,9,-0.0865246,1.3522512,-0.058901377,1.0
421,10,-0.09483725,1.3243951,-0.040302332,1.0
421,11,0.06175262,1.1854439,-0.083041266,1.0
421,12,-0.023896378,1.2583289,0.20146854,1.0
421,13,0.07930893,1.0467037,-0.1198788,1.0
421,14,0.036808826,1.0523194,0.2816233,1.0
421,15,0.08243167,0.9524415,-0.058913134,1.0
421,16,0.013814153,1.0084894,0.2684743,1.0
421,17,0.1099255,0.9483233,-0.04754597,1.0
421,18,0.05983832,0.98352087,0.27682164,1.0
421,19,0.119803324,0.93152434,-0.047784876,1.0
421,20,0.030459557,1.0310485,0.24247658,1.0
421,21,0.11475891,0.912328,-0.064827,1.0
421,22,0.0032122561,1.0282165,0.27926287,1.0
421,23,0.044184335,0.71222204,-0.056288067,1.0
421,24,-0.033359732,0.72967553,0.0552108,1.0
421,25,-0.0037279162,0.3070998,-0.11602971,1.0
421,26,-0.039725456,0.42163077,0.028506126,1.0
421,27,0.29496518,0.12764326,0.01111625,1.0
421,28,0.07208757,0.066770986,0.096372396,1.0
421,29,0.3021566,0.11273788,0.03479147,1.0
421,30,0.09003647,0.036101863,0.083491385,1.0
421,31,0.22909847,0.06476187,0.04556649,1.0
421,32,0.01830266,0.019130178,0.08278692,1.0
422,0,-0.12668175,1.3983972,-0.08008578,1.0
422,1,-0.113040075,1.4343591,-0.093960196,1.0
422,2,-0.088466056,1.4357276,-0.08846784,1.0
422,3,-0.09423364,1.4282514,-0.08512279,1.0
422,4,-0.10284236,1.4407128,-0.08338491,1.0
422,5,-0.10697963,1.4385569,-0.097904466,1.0
422,6,-0.091000475,1.4301809,-0.07265547,1.0
422,7,-0.007036345,1.3948439,-0.08534075,1.0
422,8,-0.052284166,1.3633945,0.007997285,1.0
422,9,-0.08089912,1.385748,-0.07300835,1.0
422,10,-0.09450428,1.3586856,-0.06856279,1.0
422,11,0.065823674,1.2285887,-0.066312596,1.0
422,12,-0.041535728,1.2906287,0.20639335,1.0
422,13,0.085076526,1.0765787,-0.16719817,1.0
422,14,-0.058859624,1.1377838,0.321711,1.0
422,15,0.08377239,1.0233632,-0.18169376,1.0
422,16,-0.15734707,1.1659139,0.36151072,1.0
422,17,0.10102769,1.0281724,-0.18968727,1.0
422,18,-0.13193159,1.186278,0.35839674,1.0
422,19,0.0908384,1.026488,-0.1956596,1.0
422,20,-0.1423598,1.2377087,0.32473108,1.0
422,21,0.10141577,1.0037653,-0.19520395,1.0
422,22,-0.158183,1.1946712,0.3389659,1.0
422,23,0.06015053,0.76110965,-0.05680157,1.0
422,24,-0.05896984,0.75881916,0.041242927,1.0
422,25,0.09284485,0.391715,-0.11788426,1.0
422,26,-0.082805276,0.4680858,0.008093571,1.0
422,27,0.34935528,0.16359924,0.035473175,1.0
422,28,-0.062025197,0.06369833,0.07251718,1.0
422,29,0.35135704,0.14450632,0.055303372,1.0
422,30,-0.06995221,0.023436824,0.044964913,1.0
422,31,0.29078808,0.09261242,0.056090213,1.0
422,32,-0.15151364,0.0027093068,0.036405016,1.0
423,0,-0.14213295,1.3808697,-0.074193306,1.0
423,1,-0.1211282,1.4086262,-0.09571351,1.0
423,2,-0.101489276,1.4172006,-0.08937612,1.0
423,3,-0.105826594,1.4272163,-0.08788038,1.0
423,4,-0.11074192,1.4227344,-0.08185956,1.0
423,5,-0.1300667,1.4379792,-0.09828858,1.0
423,6,-0.12040078,1.4235864,-0.063146666,1.0
423,7,-0.012107618,1.3667897,-0.09781923,1.0
423,8,-0.044504013,1.3489736,0.020070862,1.0
423,9,-0.09153445,1.3607457,-0.075135,1.0
423,10,-0.11741826,1.3459588,-0.06860243,1.0
423,11,0.053169336,1.1914591,-0.083600104,1.0
423,12,-0.044437047,1.3087541,0.1998075,1.0
423,13,0.050590742,1.0588783,-0.23676908,1.0
423,14,-0.08512543,1.1304787,0.21500891,1.0
423,15,0.016537273,1.089042,-0.23550707,1.0
423,16,-0.1811456,1.1496928,0.12552999,1.0
423,17,0.019929664,1.1320935,-0.25301203,1.0
423,18,-0.16668157,1.1552072,0.093853764,1.0
423,19,0.0067228787,1.1388369,-0.26088437,1.0
423,20,-0.162604,1.1991316,0.06331657,1.0
423,21,0.024663577,1.0956389,-0.2508048,1.0
423,22,-0.17672805,1.1669891,0.10600162,1.0
423,23,0.015510072,0.74451655,-0.04960824,1.0
423,24,-0.024066646,0.7487494,0.038523935,1.0
423,25,-0.06718143,0.38386512,-0.109945856,1.0
423,26,0.06704217,0.5016246,0.033387702,1.0
423,27,-0.044445015,0.030947601,0.027868629,1.0
423,28,0.09215757,0.20352481,0.18013667,1.0
423,29,-0.07851402,-0.0022095428,0.043189794,1.0
423,30,0.0757966,0.17092189,0.17523246,1.0
423,31,-0.1447471,-0.025953468,0.013459038,1.0
423,32,0.008252497,0.18315154,0.1642326,1.0
424,0,-0.13343652,1.366176,-0.06162873,1.0
424,1,-0.12178835,1.3768218,-0.09050718,1.0
424,2,-0.109381475,1.3855251,-0.101910606,1.0
424,3,-0.124458395,1.4026145,-0.09777244,1.0
424,4,-0.08817127,1.4015564,-0.081593126,1.0
424,5,-0.11661479,1.4103847,-0.09450296,1.0
424,6,-0.113231845,1.4018494,-0.06425944,1.0
424,7,-0.015937863,1.3602217,-0.109385595,1.0
424,8,-0.053710505,1.3283521,-0.0010957951,1.0
424,9,-0.09215877,1.3409017,-0.060807995,1.0
424,10,-0.10550351,1.3249598,-0.07253614,1.0
424,11,0.033677064,1.2006471,-0.101693586,1.0
424,12,-0.013167188,1.2696177,0.13483053,1.0
424,13,-0.03272058,1.1271597,-0.13215123,1.0
424,14,-0.061754726,1.0792872,0.1572422,1.0
424,15,-0.10672497,1.1521367,0.052421585,1.0
424,16,-0.1751414,1.1334095,0.087525085,1.0
424,17,-0.102672055,1.1580712,0.04569029,1.0
424,18,-0.16609412,1.1339895,0.03958962,1.0
424,19,-0.115861386,1.16651,0.022691596,1.0
424,20,-0.16746865,1.1633799,0.018230326,1.0
424,21,-0.05890259,1.1407473,0.039054915,1.0
424,22,-0.1749334,1.1273358,0.05792161,1.0
424,23,-0.0019770311,0.73332864,-0.053546686,1.0
424,24,-0.016988663,0.76048696,0.035188153,1.0
424,25,-0.103017695,0.40321812,-0.053946152,1.0
424,26,0.0074052415,0.677554,0.027196791,1.0
424,27,-0.09584673,0.051040914,0.028377302,1.0
424,28,0.009851562,0.45390072,0.20814689,1.0
424,29,-0.15606008,0.030261647,0.05361952,1.0
424,30,0.007765386,0.4141182,0.21019316,1.0
424,31,-0.19981432,-0.0010745553,0.025646452,1.0
424,32,-0.040790062,0.43834764,0.21240956,1.0
425,0,-0.12650311,1.3796245,-0.057813425,1.0
425,1,-0.12519781,1.3965749,-0.10254994,1.0
425,2,-0.10695128,1.3989067,-0.09735247,1.0
425,3,-0.11315809,1.4091605,-0.095876746,1.0
425,4,-0.10600535,1.410921,-0.076322064,1.0
425,5,-0.12507373,1.4138311,-0.09444099,1.0
425,6,-0.116691284,1.4119554,-0.0650678,1.0
425,7,-0.009757459,1.3619642,-0.11316887,1.0
425,8,-0.034802053,1.3385296,0.009833335,1.0
425,9,-0.08100447,1.347108,-0.07154092,1.0
425,10,-0.09931935,1.3305454,-0.061305635,1.0
425,11,0.045119155,1.1964968,-0.09225047,1.0
425,12,-0.012016823,1.2900758,0.1626844,1.0
425,13,0.00045786984,1.0819932,-0.123023205,1.0
425,14,-0.06282645,1.0916846,0.11606629,1.0
425,15,-0.08849325,1.1489742,0.06368502,1.0
425,16,-0.15658908,1.1364273,-0.039487973,1.0
425,17,-0.103975914,1.1772677,0.07390021,1.0
425,18,-0.14633925,1.1514205,-0.10101869,1.0
425,19,-0.103483364,1.1852392,0.062540516,1.0
425,20,-0.13740763,1.1778557,-0.12454683,1.0
425,21,-0.055316724,1.137586,0.07094772,1.0
425,22,-0.15749817,1.1454898,-0.06790611,1.0
425,23,0.009054112,0.7465194,-0.054795522,1.0
425,24,-0.019643402,0.77249885,0.05127859,1.0
425,25,-0.08661857,0.3978145,-0.08446694,1.0
425,26,-0.09997594,0.59366184,0.029687684,1.0
425,27,-0.047847833,0.052908916,0.029968739,1.0
425,28,-0.089859545,0.31747565,0.21014746,1.0
425,29,-0.08289854,0.02921521,0.047376625,1.0
425,30,-0.08393034,0.2702428,0.20032361,1.0
425,31,-0.14127883,-0.007325691,0.01461797,1.0
425,32,-0.16000788,0.28643957,0.18661597,1.0
426,0,-0.119385555,1.4136825,-0.042784378,1.0
426,1,-0.11068168,1.4283168,-0.09694904,1.0
426,2,-0.10476387,1.4251833,-0.09882078,1.0
426,3,-0.106663294,1.4396918,-0.090995975,1.0
426,4,-0.09066031,1.429837,-0.06574075,1.0
426,5,-0.109983675,1.4450696,-0.08584991,1.0
426,6,-0.10164682,1.4440384,-0.058997773,1.0
426,7,0.000385941,1.4041141,-0.11259554,1.0
426,8,-0.027599445,1.3715844,0.012263308,1.0
426,9,-0.07595233,1.3785233,-0.055595808,1.0
426,10,-0.08419753,1.3639119,-0.06044714,1.0
426,11,0.049744572,1.2546759,-0.08195184,1.0
426,12,0.018998018,1.3363748,0.14610158,1.0
426,13,-0.04009351,1.1298269,-0.117932394,1.0
426,14,-0.03167412,1.1349767,0.110256225,1.0
426,15,-0.12529263,1.176975,0.077215,1.0
426,16,-0.13652004,1.172652,-0.031703696,1.0
426,17,-0.13345413,1.1919041,0.07442753,1.0
426,18,-0.13861804,1.1773999,-0.09400343,1.0
426,19,-0.13411964,1.1957384,0.06027815,1.0
426,20,-0.12357479,1.2051475,-0.12429658,1.0
426,21,-0.072459765,1.1535627,0.07665264,1.0
426,22,-0.14058478,1.1657299,-0.060811225,1.0
426,23,0.005134292,0.7847,-0.055710804,1.0
426,24,-0.015827302,0.8185784,0.04300821,1.0
426,25,-0.067520194,0.44463506,-0.095003255,1.0
426,26,-0.10387706,0.6073085,0.04419729,1.0
426,27,-0.059065584,0.058893837,-0.012318458,1.0
426,28,-0.10444167,0.40584248,0.26029298,1.0
426,29,-0.09795341,0.03421208,0.011337519,1.0
426,30,-0.10738033,0.35706735,0.24999923,1.0
426,31,-0.14807622,-0.006109585,-0.035186492,1.0
426,32,-0.16643666,0.36701554,0.25097874,1.0
427,0,-0.108958445,1.3864015,-0.05586563,1.0
427,1,-0.10994081,1.409843,-0.09147227,1.0
427,2,-0.092523426,1.4188691,-0.07571837,1.0
427,3,-0.09840803,1.4186215,-0.08145818,1.0
427,4,-0.099589646,1.4191597,-0.07014896,1.0
427,5,-0.10784009,1.4244949,-0.079370424,1.0
427,6,-0.10590752,1.422012,-0.056373633,1.0
427,7,-0.007467808,1.3772101,-0.08679065,1.0
427,8,-0.031861626,1.3598471,0.029007517,1.0
427,9,-0.06090391,1.3690115,-0.059751775,1.0
427,10,-0.08132781,1.3455094,-0.05327998,1.0
427,11,0.07741313,1.2154487,-0.053538397,1.0
427,12,-0.03700947,1.3130308,0.15224706,1.0
427,13,-0.05200003,1.0787178,-0.09382299,1.0
427,14,-0.16330925,1.1171402,0.06690356,1.0
427,15,-0.16022256,1.1048783,0.02081862,1.0
427,16,-0.19811168,1.1255119,-0.115833044,1.0
427,17,-0.17728612,1.1299956,0.025138253,1.0
427,18,-0.1737583,1.136798,-0.18183777,1.0
427,19,-0.18284069,1.1354587,0.00951336,1.0
427,20,-0.14547364,1.1670644,-0.19739692,1.0
427,21,-0.1417399,1.0914315,0.019458478,1.0
427,22,-0.18116915,1.1389792,-0.1392412,1.0
427,23,0.042749505,0.7603362,-0.024021294,1.0
427,24,-0.046825178,0.7864534,0.019663094,1.0
427,25,-0.07639471,0.40478376,-0.06776989,1.0
427,26,-0.10721836,0.50288814,-0.006647774,1.0
427,27,-0.1020355,0.043231845,0.0740922,1.0
427,28,-0.17221703,0.1894028,0.14426473,1.0
427,29,-0.13324143,0.018181885,0.08982929,1.0
427,30,-0.17791052,0.13716753,0.12878236,1.0
427,31,-0.16664907,-0.015695589,0.031231135,1.0
427,32,-0.21654148,0.14527082,0.058483288,1.0
